year,sector,source,statistical_regime,current_revenue_m_eur,social_contributions_m_eur,capital_revenue_m_eur,total_revenue_m_eur,current_expenditure_m_eur,compensation_m_eur,interest_m_eur,subsidies_m_eur,capital_expenditure_m_eur,gfcf_m_eur,total_expenditure_m_eur,balance_m_eur,current_transfers_received_m_eur,current_transfers_paid_m_eur,capital_transfers_received_m_eur,capital_transfers_paid_m_eur,primary_balance_m_eur,nominal_gdp_m_eur,current_revenue_pct_gdp,social_contributions_pct_gdp,capital_revenue_pct_gdp,total_revenue_pct_gdp,current_expenditure_pct_gdp,compensation_pct_gdp,interest_pct_gdp,subsidies_pct_gdp,capital_expenditure_pct_gdp,gfcf_pct_gdp,total_expenditure_pct_gdp,balance_pct_gdp,current_transfers_received_pct_gdp,current_transfers_paid_pct_gdp,capital_transfers_received_pct_gdp,capital_transfers_paid_pct_gdp,primary_balance_pct_gdp,account_identity_error_m_eur,tax_revenue_m_eur,sales_other_current_revenue_m_eur,primary_expenditure_m_eur,current_primary_expenditure_m_eur,intermediate_consumption_m_eur,social_transfers_m_eur,other_current_expenditure_m_eur,tax_revenue_pct_gdp,sales_other_current_revenue_pct_gdp,primary_expenditure_pct_gdp,current_primary_expenditure_pct_gdp,intermediate_consumption_pct_gdp,social_transfers_pct_gdp,other_current_expenditure_pct_gdp,account_identity_error_pct_gdp
1977,central_government,Banco de Portugal / INE long series,historical_long_series,709.7059064,0,4.330762862,714.0366693,729.0589181,310.9275147,51.25931365,118.6317488,140.9710498,64.76560489,870.0299679,-155.9932986,98.35981784,162.3636137,4.330762862,76.20544488,-104.733985,3602.601334,19.69981801,0,0.120212104,19.82003011,20.23701349,8.63063897,1.422841688,3.292946897,3.913034963,1.797745542,24.15004846,-4.330018343,2.730244307,4.506843767,0.120212104,2.11528942,-2.907176655,2.842170943e-14,,,,,,,,,,,,,,,
1978,central_government,Banco de Portugal / INE long series,historical_long_series,817.455155,0,4.501735817,821.9568908,946.5822243,390.4589938,102.5646776,182.7820524,189.5365469,89.38349578,1136.118771,-314.1618804,62.65183408,167.0957542,4.501735817,100.1530511,-211.5972029,4456.083151,18.34470155,0,0.1010245021,18.44572605,21.24247219,8.762381234,2.301677821,4.101854614,4.2534338,2.00587585,25.49590599,-7.05017994,1.405984403,3.749834744,0.1010245021,2.24755795,-4.748502119,1.136868377e-13,,,,,,,,,,,,,,,
1979,central_government,Banco de Portugal / INE long series,historical_long_series,1045.327884,0,3.876058699,1049.203943,1197.300347,480.791293,140.9505114,229.2990507,249.0624994,116.6928552,1446.362846,-397.1589032,54.20441735,209.7610658,3.876058699,132.3696442,-256.2083917,5665.868483,18.44956139,0,0.0684106719,18.51797206,21.13180618,8.485747497,2.487712375,4.047023884,4.395839757,2.059575784,25.52764594,-7.00967388,0.956683296,3.702187342,0.0684106719,2.336263973,-4.521961505,-1.136868377e-13,,,,,,,,,,,,,,,
1980,central_government,Banco de Portugal / INE long series,historical_long_series,1425.794364,0,10.91149829,1436.705863,1721.964787,634.3412376,192.2446096,439.3001306,344.9719127,153.8603017,2066.936699,-630.2308367,72.60463782,271.771386,10.91149829,191.111611,-437.9862271,7363.833272,19.36212176,0,0.1481768786,19.51029864,23.38408167,8.614280283,2.610659455,5.965644717,4.684678481,2.089405015,28.06876015,-8.558461516,0.9859625434,3.690623836,0.1481768786,2.595273466,-5.947802061,-1.136868377e-13,,,,,,,,,,,,,,,
1981,central_government,Banco de Portugal / INE long series,historical_long_series,1823.179,0,8.225177323,1831.404177,2423.855772,774.1060195,401.8760659,676.9804852,423.0823665,245.2321854,2846.938138,-1015.533961,80.48007302,332.0762313,8.225177323,177.8501811,-613.6578952,8847.305645,20.60716644,0,0.09296816062,20.7001346,27.3965416,8.749624468,4.542355402,7.651826583,4.782047591,2.771829021,32.17858919,-11.47845459,0.9096562982,3.753416516,0.09296816062,2.01021857,-6.936099189,1.136868377e-13,,,,,,,,,,,,,,,
1982,central_government,Banco de Portugal / INE long series,historical_long_series,2389.824153,0,9.457208128,2399.281361,2716.02263,937.8949781,531.4621951,550.1257106,511.8132251,215.1781157,3227.835855,-828.5544937,111.0226255,403.2256711,9.457208128,296.6351094,-297.0922986,10698.31816,22.33831634,0,0.08839901738,22.42671536,25.38737949,8.766751598,4.967717235,5.142170035,4.784053134,2.011326571,30.17143262,-7.744717267,1.037757747,3.769056642,0.08839901738,2.772726563,-2.777000031,0,,,,,,,,,,,,,,,
1983,central_government,Banco de Portugal / INE long series,historical_long_series,3302.867683,0,31.12849034,3333.996174,3644.810658,1182.270728,772.0899292,781.66705,578.2835335,264.3658152,4223.094191,-889.0980178,139.4547042,526.7166379,31.12849034,313.9177183,-117.0080886,13668.75365,24.16363459,0,0.2277346651,24.39136925,26.66527434,8.649440602,5.648575936,5.71864173,4.230696877,1.934088668,30.89597121,-6.504601962,1.020244477,3.853435738,0.2277346651,2.296608209,-0.8560260257,0,,,,,,,,,,,,,,,
1984,central_government,Banco de Portugal / INE long series,historical_long_series,3893.835829,0,56.30704502,3950.142874,5173.854685,1447.047615,1077.601327,1422.442076,587.6178211,303.1927855,5761.472506,-1811.329632,169.4997905,775.5769994,56.30704502,284.4250357,-733.7283049,16785.04216,23.19824872,0,0.3354596579,23.53370838,30.82419833,8.621054397,6.420009654,8.474462336,3.500842092,1.80632722,34.32504042,-10.79133204,1.009826421,4.620643737,0.3354596579,1.694514872,-4.371322382,4.547473509e-13,,,,,,,,,,,,,,,
1985,central_government,Banco de Portugal / INE long series,historical_long_series,4800.235208,0,60.35086442,4860.586073,6256.052977,1808.221267,1518.736302,1408.759889,757.6217665,338.8909777,7013.674743,-2153.088671,198.0795233,948.6807294,60.35086442,418.7307888,-634.3523683,20605.41146,23.29599298,0,0.2928884217,23.58888141,30.36121355,8.775467892,7.37057013,6.83684425,3.676809696,1.644669792,34.03802325,-10.44914184,0.9612985585,4.604036814,0.2928884217,2.032139905,-3.078571712,-4.547473509e-13,,,,,,,,,,,,,,,
1986,central_government,Banco de Portugal / INE long series,historical_long_series,5914.89325,0.009975957941,163.900001,6078.793251,6780.112073,2238.964097,1946.772778,760.5969613,1096.397682,435.9144462,7876.509754,-1797.716503,438.9426482,1166.463822,163.900001,660.4832354,149.0562744,25181.81629,23.48874753,3.961572044e-05,0.6508664789,24.13961401,26.92463481,8.891193832,7.730867208,3.020421373,4.353926139,1.731068328,31.27856095,-7.13894694,1.74309368,4.632167151,0.6508664789,2.622857811,0.5919202677,9.094947018e-13,,,,,,,,,,,,,,,
1987,central_government,Banco de Portugal / INE long series,historical_long_series,6593.472946,0.009975957941,135.4784968,6728.951443,7495.308523,2631.687633,2194.924731,610.4947078,1049.301184,562.4993765,8544.609707,-1815.658264,640.4919145,1379.304875,135.4784968,486.8018076,379.2664678,29670.65301,22.22220369,3.362230666e-05,0.4566077355,22.67881142,25.26169047,8.869665363,7.397628663,2.057570852,3.536495081,1.895810572,28.79818555,-6.119374127,2.158671447,4.648717623,0.4566077355,1.640684509,1.278254536,6.821210263e-13,,,,,,,,,,,,,,,
1988,central_government,Banco de Portugal / INE long series,historical_long_series,8115.267714,0.009975957941,167.9552279,8283.222942,8463.130864,3309.284624,2282.994483,639.1458335,1250.695823,680.1308846,9713.826687,-1430.603745,673.4918846,1408.77368,167.9552279,570.5649385,852.3907383,35416.43021,22.91385006,2.816759872e-05,0.4742296921,23.38807975,23.89605845,9.343924853,6.446145109,1.804659108,3.531400019,1.920382378,27.42745847,-4.03937872,1.901636841,3.977740479,0.4742296921,1.611017641,2.406766389,2.273736754e-13,,,,,,,,,,,,,,,
1989,central_government,Banco de Portugal / INE long series,historical_long_series,9842.753305,0.01496393691,352.8197045,10195.57301,9826.583774,4113.86309,2563.613192,539.8838798,1481.704093,685.0240919,11308.28787,-1112.714857,906.2609112,1664.638222,352.8197045,796.6800012,1450.898335,41841.30823,23.52400946,3.576354934e-05,0.8432329663,24.36724242,23.48536456,9.832061339,6.126991007,1.290313097,3.54124705,1.637195683,27.02661161,-2.659369184,2.165947839,3.97845644,0.8432329663,1.904051367,3.467621823,4.547473509e-13,,,,,,,,,,,,,,,
1990,central_government,Banco de Portugal / INE long series,historical_long_series,11506.16356,0.1795672429,555.7007612,12061.86432,12381.39974,5007.227582,3665.15747,573.1636755,2098.657236,881.9245618,14480.05698,-2418.192656,932.7969593,1980.287507,555.7007612,1216.732674,1246.964815,50239.23883,22.90274261,0.0003574242905,1.106109038,24.00885165,24.64487924,9.966766413,7.295408044,1.14086855,4.177326896,1.755449689,28.82220614,-4.813354486,1.856709976,3.94171479,1.106109038,2.421877207,2.482053558,-9.094947018e-13,,,,,,,,,,,,,,,
1991,central_government,Banco de Portugal / INE long series,historical_long_series,13839.59404,0.2045071378,688.1665187,14527.76056,15430.41865,6279.890464,4291.924961,538.3675342,2352.525414,957.4176235,17782.94407,-3255.183508,1116.030367,2585.868058,688.1665187,1395.10779,1036.741453,57608.07092,24.02370679,0.000354997372,1.194566157,25.21827294,26.78516813,10.90106015,7.450214687,0.9345349109,4.083673305,1.661950501,30.86884144,-5.650568498,1.937281268,4.488725307,1.194566157,2.421722804,1.799646189,0,,,,,,,,,,,,,,,
1992,central_government,Banco de Portugal / INE long series,historical_long_series,17123.16335,0.1995191588,943.6607775,18066.82413,17073.32396,7545.994154,4397.971389,587.6687184,3022.80504,1316.422422,20096.129,-2029.304875,1342.085574,3058.748416,943.6607775,1706.382618,2368.666514,64765.86489,26.43856201,0.0003080622164,1.457034163,27.89559617,26.36160884,11.65119028,6.790569996,0.9073741536,4.667281206,2.032586802,31.02889004,-3.133293871,2.072211305,4.722778614,1.457034163,2.634694404,3.657276125,-1.591615728e-12,,,,,,,,,,,,,,,
1993,central_government,Banco de Portugal / INE long series,historical_long_series,16637.1675,0.169591285,933.6099999,17570.7775,18567.0849,8238.340599,3998.197843,587.9181173,3090.317335,1392.234714,21657.40224,-4086.624734,1643.424347,4108.239144,933.6099999,1698.082621,-88.42689119,67733.29321,24.56276185,0.0002503809825,1.378362037,25.94112388,27.41205103,12.16291163,5.902854643,0.8679898606,4.562479083,2.055465855,31.97453012,-6.033406233,2.426316911,6.065317289,1.378362037,2.507013228,-0.1305515899,0,,,,,,,,,,,,,,,
1994,central_government,Banco de Portugal / INE long series,historical_long_series,17663.01947,0,991.5403877,18654.55986,19748.898,8616.394489,4365.978492,657.011602,2977.431429,1514.931055,22726.32943,-4071.769574,1429.494917,4107.196656,991.5403877,1462.500374,294.208918,73437.83279,24.0516622,0,1.350176537,25.40183874,26.89199456,11.73290954,5.94513526,0.8946500421,4.054356339,2.062875492,30.9463509,-5.544512166,1.946537449,5.592753081,1.350176537,1.991480846,0.4006230941,5.456968211e-12,,,,,,,,,,,,,,,
1995,central_government,Banco de Portugal / INE long series,historical_long_series,19215.94934,0,1166.708233,20382.65757,21148.31384,9406.275875,4790.097365,677.9311858,3455.082945,1771.096353,24603.39678,-4220.739214,1436.128929,4048.642771,1166.708233,1683.986592,569.3581515,79373.07522,24.2096571,0,1.469904284,25.67956138,26.64419109,11.85071367,6.034914676,0.8541072447,4.352965959,2.231356601,30.99715705,-5.317595673,1.809340164,5.100775999,1.469904284,2.121609359,0.7173190026,4.547473509e-12,,,,,,,,,,,,,,,
2000,central_government,Portuguese Public Finance Council annual ESA 2010 workbook,esa2010_modern,36215.94502,4436.729,1434.786,37650.73102,,15189.25655,3773.532,1307.476,4421.163,3108.227,41454.68255,-3803.951523,,,,,-30.41952261,128414.445,28.20239189,3.455007729,1.117308882,29.31970077,,11.82830837,2.938557263,1.018168945,3.44288604,2.420465237,32.28194659,-2.962245815,,,,,-0.02368855202,0,26194.35,5584.866024,37681.15055,33259.98755,4275.745,6830.607,5656.903,20.3982893,4.349094858,29.34338933,25.90050329,3.329644885,5.319188974,4.405192111,0
2001,central_government,Portuguese Public Finance Council annual ESA 2010 workbook,esa2010_modern,37285.4343,4618.378,1894.429,39179.8633,,16087.985,3934.36,1430.997,5630.1154,3499.549,44940.5604,-5760.697099,,,,,-1826.337099,135775.009,27.46119082,3.401493422,1.39527076,28.85646158,,11.84900308,2.897705571,1.053947269,4.146650729,2.577461807,33.09928737,-4.24282579,,,,,-1.345120219,0,27215.946,5451.110301,41006.2004,35376.085,4509.544,7391.118,5956.441,20.04488617,4.014811224,30.20158179,26.05493107,3.321335814,5.443651269,4.386993633,0
2002,central_government,Portuguese Public Finance Council annual ESA 2010 workbook,esa2010_modern,40290.47351,5221.388,1448.024,41738.49751,,17240.825,4027.898,1269.524,4592.301,3299.391,46831.309,-5092.811492,,,,,-1064.913492,142554.263,28.26325405,3.662737185,1.015770395,29.27902444,,12.09421917,2.82551915,0.890554918,3.221440666,2.314480767,32.85156685,-3.572542402,,,,,-0.7470232523,0,29004.673,6064.412508,42803.411,38211.11,4540.174,8099.162,7061.425,20.34640872,4.254108141,30.0260477,26.80460703,3.18487424,5.681458996,4.953499707,0
2003,central_government,Portuguese Public Finance Council annual ESA 2010 workbook,esa2010_modern,40076.33161,5946.676,1745.613543,41821.94515,,17760.857,3878.223,1385.684,5364.43,3264.09,49799.483,-7977.537848,,,,,-4099.314848,146067.858,27.4367901,4.07117355,1.195070269,28.63186037,,12.15931913,2.655083092,0.9486577122,3.672560188,2.234639465,34.09338898,-5.461528606,,,,,-2.806445514,0,28197.787,5931.868608,45921.26,40556.83,4832.803,9242.043,7335.443,19.30458034,4.061036213,31.43830589,27.7657457,3.308601267,6.327225665,5.021941925,0
2004,central_government,Portuguese Public Finance Council annual ESA 2010 workbook,esa2010_modern,42849.13059,6525.754,1103.87453,43953.00512,,18471.343,3890.581572,1126.375,6410.022571,3716.768,53151.77114,-9198.766025,,,,,-5308.184453,152248.388,28.14422612,4.286254906,0.7250484189,28.86927454,,12.13237345,2.555417252,0.7398272092,4.210240026,2.441252777,34.91122096,-6.041946418,,,,,-3.486529166,0,29721.846,6601.530588,49261.18957,42851.167,5209.293,9857.166,8186.99,19.52194463,4.336026591,32.35580371,28.14556368,3.421575143,6.474397614,5.377390268,0
2005,central_government,Portuguese Public Finance Council annual ESA 2010 workbook,esa2010_modern,45165.58023,7055.607,1305.578,46471.15823,,19584.44304,4057.56851,1115.834,5769.12674,3222.936,56126.51629,-9655.358061,,,,,-5597.789551,158552.704,28.48616207,4.450007362,0.823434711,29.30959678,,12.35200823,2.559129178,0.7037622014,3.638617693,2.032722192,35.39928041,-6.08968363,,,,,-3.530554453,0,31741.793,6368.180232,52068.94778,46299.82104,5627.67,10766.175,9205.699,20.01971092,4.016443789,32.84015124,29.20153354,3.549400204,6.790281546,5.806081365,0
2006,central_government,Portuguese Public Finance Council annual ESA 2010 workbook,esa2010_modern,48220.9111,6839.089,814.1031972,49035.01429,,19029.0961,4568.300725,1074.059,5041.149964,3066.459,56597.22592,-7562.211624,,,,,-2993.910899,166260.469,29.00323293,4.113478713,0.4896552993,29.49288823,,11.44535211,2.747677035,0.6460098462,3.03207972,1.844370474,34.04130053,-4.548412301,,,,,-1.800735266,0,34278.839,7102.983097,52028.92519,46987.77523,5892.751,10658.888,10332.98113,20.61755221,4.272202009,31.2936235,28.26154378,3.544288691,6.410957496,6.214935633,0
2007,central_government,Portuguese Public Finance Council annual ESA 2010 workbook,esa2010_modern,51262.74246,6707.567,858.7093855,52121.45184,,18985.28989,5077.150247,1005.729,4590.056542,2935.455,58164.19422,-6042.742376,,,,,-965.592129,175483.401,29.2123028,3.82233702,0.4893393795,29.70164218,,10.81885226,2.89323675,0.5731191636,2.615664225,1.672782145,33.14512591,-3.443483738,,,,,-0.5502469883,0,36609.09,7946.085458,53087.04397,48496.98743,6612.156,11263.408,10630.40454,20.86185348,4.528112296,30.25188916,27.63622494,3.767966635,6.418503366,6.057783515,0
2008,central_government,Portuguese Public Finance Council annual ESA 2010 workbook,esa2010_modern,52711.80611,6906.509,676.69436,53388.50048,,19311.467,5412.715803,888.903,4542.296853,3518.369,60797.69386,-7409.193381,,,,,-1996.477578,179102.781,29.43103721,3.85617072,0.3778245967,29.8088618,,10.78233788,3.022128285,0.4963088764,2.536139767,1.9644413,33.94570063,-4.136838825,,,,,-1.11471054,0,37578.611,8226.686115,55384.97805,50842.6812,6714.376,11827.617,12100.3182,20.9815899,4.593276592,30.92357234,28.38743258,3.748895446,6.603815381,6.756074994,0
2009,central_government,Portuguese Public Finance Council annual ESA 2010 workbook,esa2010_modern,49284.15732,7203.101,637.735,49921.89232,,20071.503,5169.892,933.383,6113.24,4288.345,66270.34,-16348.44768,,,,,-11178.55568,175416.437,28.09551839,4.106286231,0.3635548703,28.45907326,,11.44220196,2.9472107,0.5320955185,3.484986986,2.444665433,37.77886561,-9.319792352,,,,,-6.372581653,0,33330.955,8750.10132,61100.448,54987.208,7467.256,13174.012,13341.054,19.00104435,4.988187806,34.83165491,31.34666793,4.256873602,7.510135438,7.605361406,0
2010,central_government,Portuguese Public Finance Council annual ESA 2010 workbook,esa2010_modern,50532.36446,7061.10146,1178.573,51710.93746,,20142.251,5376.152,883.98,10434.302,6504.183,71509.89,-19798.95254,,,,,-14422.80054,179860.351,28.09533295,3.925879951,0.6552711553,28.75060411,,11.19882781,2.989070115,0.4914813048,5.801335282,3.61624058,39.75856246,-11.00795836,,,,,-8.018888243,0,35513.344,7957.919,66133.738,55699.436,7212.854,13089.439,14370.912,19.74495424,4.42449876,36.76949235,30.96815707,4.010252376,7.277556686,7.990038894,0
2011,central_government,Portuguese Public Finance Council annual ESA 2010 workbook,esa2010_modern,52268.22635,6725.501,651.83,52920.05635,,18369.015,7611.46947,725.471,5839.90056,3741.264,66781.90253,-13861.84618,,,,,-6250.376707,176318.001,29.64429386,3.81441541,0.3696899898,30.01398385,,10.41811664,4.316898687,0.4114560033,3.312140863,2.121884311,37.87582785,-7.861843997,,,,,-3.54494531,0,37497.187,8045.538353,59170.43306,53330.5325,7567.349,13074.495,13594.2025,21.26679453,4.563083921,33.55892916,30.2467883,4.291875451,7.415292214,7.710047994,0
2012,central_government,Portuguese Public Finance Council annual ESA 2010 workbook,esa2010_modern,49480.57997,5422.16,1671.998,51152.57797,,15878.726,8230.15744,655.965,5068.09423,2441.666,62755.24698,-11602.66901,,,,,-3372.51157,168538.75,29.35857776,3.217159259,0.9920555362,30.35063329,,9.421409616,4.883243432,0.3892072298,3.007079517,1.448726776,37.23490709,-6.884273801,,,,,-2.001030368,0,34982.468,9075.95197,54525.08954,49456.99531,6677.515,11979.637,14265.15231,20.75633526,5.385083235,32.35166366,29.34458414,3.96200577,7.107942239,8.464019289,0
2013,central_government,Portuguese Public Finance Council annual ESA 2010 workbook,esa2010_modern,54808.395,6404.131,587.582,55395.977,,17173.107,8177.209,652.152,3828.204,1827.397,64951.186,-9555.209,,,,,-1378,170675.649,32.11260383,3.752223025,0.344268209,32.45687204,,10.06183782,4.79108124,0.3821002022,2.242970232,1.070684079,38.05533266,-5.598460622,,,,,-0.8073793819,0,38860.715,9543.549,56773.977,52945.773,6600.793,12878.872,15640.849,22.76875186,5.59162895,33.26425142,31.02128119,3.867448601,7.54581692,9.164077648,0
2014,central_government,Portuguese Public Finance Council annual ESA 2010 workbook,esa2010_modern,55027.974,6279.503,537.823,55565.797,,16625.051,8407.811,903.103,9038.03,1924.95,69779.726,-14213.929,,,,,-5806.118,173186.662,31.77379445,3.625858324,0.3105452774,32.08433973,,9.599498488,4.854768204,0.5214622128,5.21866401,1.111488597,40.29162823,-8.207288504,,,,,-3.3525203,0,39441.825,9306.646,61371.915,52333.885,6926.493,12889.93,14989.308,22.7741701,5.373766024,35.43686003,30.21819602,3.999437901,7.442796028,8.655001388,0
2015,central_government,Portuguese Public Finance Council annual ESA 2010 workbook,esa2010_modern,56463.481,6043.098,682.791,57146.272,,16525.311,8300.440999,793.927,5942.663,2316.162,67077.077,-9930.804996,,,,,-1630.363997,179392.709,31.47479143,3.368641922,0.3806124584,31.85540389,,9.211807488,4.626966751,0.4425636942,3.312655811,1.291112673,37.39119464,-5.535790753,,,,,-0.9088240019,0,41216.605,9203.778,58776.636,52833.973,7035.951,13949.867,14528.917,22.97562996,5.130519546,32.76422789,29.45157208,3.922094181,7.776161628,8.09894509,0
2016,central_government,Portuguese Public Finance Council annual ESA 2010 workbook,esa2010_modern,57230.922,6150.628,596.753,57827.675,,17004.335,7901.018,708.898,2302.74666,1463.449,63882.69666,-6055.02166,,,,,1845.99634,186380.749,30.70645563,3.300033954,0.3201795267,31.02663516,,9.123439567,4.239181376,0.3803493675,1.23550671,0.7851932176,34.27537286,-3.248737701,,,,,0.9904436751,0,41934.555,9145.739,55981.67866,53678.932,7234.014,14076.207,14655.478,22.49940255,4.907019126,30.03619148,28.80068477,3.881309652,7.552393193,7.863192995,0
2017,central_government,Portuguese Public Finance Council annual ESA 2010 workbook,esa2010_modern,59246.073,6182.039,363.885,59609.958,,17394.654,7594.612,616.861,6585.58006,1600.032,68070.06906,-8460.11106,,,,,-865.49906,195509.136,30.30348055,3.162020521,0.186121737,30.48960229,,8.897105453,3.884530491,0.3155151788,3.368425739,0.8183924459,34.81682261,-4.32722032,,,,,-0.4426898291,0,44015.756,9048.278,60475.45706,53889.877,7254.38,14244.368,14379.614,22.51340111,4.628058916,30.93229212,27.56386638,3.71050691,7.285781264,7.354957571,0
2018,central_government,Portuguese Public Finance Council annual ESA 2010 workbook,esa2010_modern,62216.775,6179.684,513.193,62729.968,,17832.07,7100.761,517.352,4230.995,1959.2,66136.826,-3406.858,,,,,3693.903,204997.646,30.34999485,3.014514615,0.2503409234,30.60033577,,8.698670618,3.463825629,0.2523697272,2.0639237,0.9557182915,32.26223681,-1.661901035,,,,,1.801924594,0,46589.055,9448.036,59036.065,54805.07,7424.438,14611.465,14419.745,22.72662926,4.608850972,28.79841118,26.73448748,3.621718661,7.127625748,7.034102723,0
2019,central_government,Portuguese Public Finance Council annual ESA 2010 workbook,esa2010_modern,64119.866,6177.271,359.091,64478.957,,18586.189,6515.567,598.999,4574.674,2017.132,67809.874,-3330.917,,,,,3184.65,214489.895,29.89411972,2.879982295,0.1674162785,30.061536,,8.665298195,3.037703478,0.2792667692,2.132815628,0.9404321821,31.61448422,-1.552948217,,,,,1.484755261,0,47899.927,10042.668,61294.307,56719.633,7471.412,14879.974,15183.059,22.33202035,4.682117076,28.57678074,26.44396511,3.483339856,6.937377633,7.078682658,0
2020,central_government,Portuguese Public Finance Council annual ESA 2010 workbook,esa2010_modern,60254.63,6089.806,476.034,60730.664,,19149.723,5962.874,1811.847,6662.098,2389.583,74285.28,-13554.616,,,,,-7591.742,201032.705,29.97255098,3.029261333,0.2367943067,30.20934529,,9.525675437,2.966121358,0.901269771,3.313937401,1.188653856,36.95183826,-6.742492969,,,,,-3.776371611,0,44545.022,9619.802,68322.406,61660.308,7637.905,14755.494,18305.339,22.15809711,4.785192539,33.9857169,30.6717795,3.799334541,7.339847514,9.105652237,0
2021,central_government,Portuguese Public Finance Council annual ESA 2010 workbook,esa2010_modern,65649.412,6384.013,1936.175,67585.587,,19966.005,5357.947,2336.954,5430.582,2628.291,75570.311,-7984.724,,,,,-2626.777,216493.745,30.32393014,2.948820992,0.8943329979,31.21826314,,9.22243966,2.474873812,1.079455667,2.508424435,1.214026299,34.90646393,-3.688200784,,,,,-1.213326972,0,48029.681,11235.718,70212.364,64781.782,8401.282,15411.592,18665.949,22.18525113,5.189858026,32.43159011,29.92316568,3.880611886,7.118723915,8.621934551,0
2022,central_government,Portuguese Public Finance Council annual ESA 2010 workbook,esa2010_modern,73233.068,6413.751,977.901,74210.969,,20456.921,4878.333,2075.335,6227.52,3080.859,79177.104,-4966.135,,,,,-87.802,243957.084,30.01883233,2.629048886,0.4008496019,30.41968193,,8.385458895,1.999668515,0.8506967562,2.552711279,1.262869251,32.4553412,-2.035659272,,,,,-0.03599075647,0,56301.75,10517.567,74298.771,68071.251,9163.131,16878.04,19497.824,23.07854688,4.311236562,30.45567269,27.90296141,3.75604219,6.918446361,7.992317206,0
2023,central_government,Portuguese Public Finance Council annual ESA 2010 workbook,esa2010_modern,78644.483,6700.489,2114.984,80759.467,,21638.896,5796.824,1484.001,7851.904,3693.686,83206.913,-2447.446,,,,,3349.378,270352.615,29.08959582,2.478425814,0.7823057306,29.87190155,,8.003952912,2.144171603,0.5489131296,2.904319605,1.366247558,30.77718076,-0.9052792036,,,,,1.2388924,0,61067.283,10876.711,77410.089,69558.185,9435.177,17039.04,19961.071,22.5880127,4.023157313,28.63300915,25.72868955,3.489952187,6.302524575,7.383346745,0
2024,central_government,Portuguese Public Finance Council annual ESA 2010 workbook,esa2010_modern,83582.094,7189.763,2063.20255,85645.29655,,23564.871,6281.088,1478.801,7427.482,4608.535,90069.224,-4423.92745,,,,,1857.16055,289784.317,28.84286316,2.481073881,0.7119786783,29.55484183,,8.131865535,2.167504462,0.5103109151,2.563106961,1.590332785,31.08146946,-1.52662763,,,,,0.6408768319,0,64525.929,11866.402,83788.136,76360.654,9926.918,18632.904,22757.16,22.26688099,4.094908283,28.913965,26.35085804,3.425622926,6.429921465,7.853137201,0
2025,central_government,Portuguese Public Finance Council annual ESA 2010 workbook,esa2010_modern,86940.088,7558.798,2932.840367,89872.92837,,25190.291,6364.266,1263.392,8447.861,4828.262,95508.733,-5635.804633,,,,,728.4613672,306765.485,28.3408963,2.464031441,0.9560529168,29.29694922,,8.211579279,2.074635613,0.4118429425,2.753849899,1.573926089,31.1341196,-1.837170382,,,,,0.2374652309,0,68062.293,11318.997,89144.467,80696.606,10192.876,19556.383,24493.664,22.18707655,3.689788308,29.05948399,26.30563409,3.322693229,6.375027164,7.984491476,0
1977,general_government,Banco de Portugal / INE long series,historical_long_series,993.3875299,295.6630299,6.85870552,1000.246235,1000.720158,359.778581,52.9733578,119.7298724,147.3315686,105.645225,1148.051726,-147.8054908,40.72322188,362.0991827,6.85870552,41.68634358,-94.83213301,3602.601334,27.57417315,8.206931671,0.1903820291,27.76455518,27.77771018,9.986633202,1.470419646,3.323428302,4.089588464,2.932470601,31.86729865,-4.102743465,1.1303838,10.05104781,0.1903820291,1.157117863,-2.632323819,1.136868377e-13,,,,,,,,,,,,,,,
1978,general_government,Banco de Portugal / INE long series,historical_long_series,1209.133023,354.1307301,16.23264809,1225.365671,1299.022955,453.0069033,104.8028928,184.7896216,206.0693219,145.9561752,1505.092277,-279.7266063,42.41259744,423.6333821,16.23264809,60.11314662,-174.9237136,4456.083151,27.13443582,7.947130205,0.364280637,27.49871646,29.15167673,10.16603344,2.351906129,4.146906943,4.624449654,3.275436528,33.77612639,-6.277409932,0.9517909787,9.50685541,0.364280637,1.349013126,-3.925503803,-5.684341886e-14,,,,,,,,,,,,,,,
1979,general_government,Banco de Portugal / INE long series,historical_long_series,1554.700948,429.51255,9.75760304,1564.458551,1621.975405,565.8185276,140.9989147,232.929999,271.1371979,217.7324356,1893.112603,-328.654052,52.01631159,506.6880802,9.75760304,53.40476227,-187.6551373,5665.868483,27.43976413,7.580701021,0.1722172526,27.61198138,28.62712768,9.986439489,2.488566671,4.111108467,4.785448139,3.842878391,33.41257582,-5.800594436,0.9180642252,8.942814004,0.1722172526,0.9425697476,-3.312027765,0,,,,,,,,,,,,,,,
1980,general_government,Banco de Portugal / INE long series,historical_long_series,2073.429541,556.1441925,14.04122565,2087.470766,2334.194829,758.8236304,193.7739514,446.4853442,378.1532806,309.9177208,2712.34811,-624.8773436,73.05097515,702.8049331,14.04122565,68.2355598,-431.1033922,7363.833272,28.15693219,7.552373498,0.1906782124,28.3476104,31.6980945,10.30473671,2.631427739,6.063219084,5.135277601,4.208646629,36.8333721,-8.485761702,0.9920237524,9.544009311,0.1906782124,0.9266309717,-5.854333963,2.273736754e-13,,,,,,,,,,,,,,,
1981,general_government,Banco de Portugal / INE long series,historical_long_series,2650.364575,702.0872597,10.56887401,2660.933449,3255.298926,920.1570058,404.6232502,686.1834361,508.3143923,471.2225187,3763.613319,-1102.679869,86.27586737,933.322687,10.56887401,37.09187358,-698.0566192,8847.305645,29.95674256,7.935605345,0.1194586741,30.07620123,36.79424061,10.40042068,4.573406485,7.755846397,5.745414623,5.32616977,42.53965523,-12.463454,0.9751654439,10.54923074,0.1194586741,0.4192448534,-7.890047515,-2.273736754e-13,,,,,,,,,,,,,,,
1982,general_government,Banco de Portugal / INE long series,historical_long_series,3484.530708,925.6032312,12.02234615,3496.553054,3766.605462,1118.22987,548.193358,564.3681413,644.4299638,480.4828164,4411.035426,-914.4823725,123.4295974,1152.891225,12.02234615,163.9471474,-366.2890145,10698.31816,32.57082708,8.651857399,0.1123760386,32.68320312,35.20745417,10.45238937,5.124107826,5.275297789,6.023656749,4.491199545,41.23111092,-8.547907801,1.153728984,10.77637819,0.1123760386,1.532457204,-3.423799976,5.684341886e-13,,,,,,,,,,,,,,,
1983,general_government,Banco de Portugal / INE long series,historical_long_series,4673.325043,1156.763211,36.23451981,4709.559563,4921.630539,1402.219734,805.9703424,795.2819082,705.424,532.1877893,5627.054539,-917.4949761,153.0529669,1422.526358,36.23451981,173.2362107,-111.5246337,13668.75365,34.1898403,8.462828731,0.2650901519,34.45493046,36.00643238,10.25857785,5.896443548,5.818247434,5.160850933,3.893462441,41.16728332,-6.712352859,1.119728768,10.40714022,0.2650901519,1.267388492,-0.8159093112,5.684341886e-13,,,,,,,,,,,,,,,
1984,general_government,Banco de Portugal / INE long series,historical_long_series,5587.601776,1412.541545,64.95833042,5652.560106,6624.205722,1704.883695,1111.128801,1437.457853,736.007921,586.4447482,7360.213643,-1707.653536,191.0559822,1764.945815,64.95833042,149.5631728,-596.5247355,16785.04216,33.28917331,8.415478086,0.3870012944,33.67617461,39.46493347,10.15716063,6.619755794,8.563921611,4.384903618,3.493853293,43.84983709,-10.17366248,1.138251429,10.51499185,0.3870012944,0.8910503251,-3.553906685,0,,,,,,,,,,,,,,,
1985,general_government,Banco de Portugal / INE long series,historical_long_series,6847.918218,1681.365469,72.44852406,6920.366742,8098.824618,2138.625649,1557.646858,1423.97321,940.6486168,672.8801638,9039.473235,-2119.106493,228.7841874,2194.232814,72.44852406,267.768453,-561.4596348,20605.41146,33.23359124,8.159824774,0.3515995019,33.58519074,39.30435766,10.37895144,7.559406717,6.910675927,4.565056216,3.265550727,43.86941388,-10.28422314,1.110311181,10.64881824,0.3515995019,1.299505489,-2.724816419,4.547473509e-13,,,,,,,,,,,,,,,
1986,general_government,Banco de Portugal / INE long series,historical_long_series,8825.597853,2424.949577,186.680101,9012.277954,9280.286244,2644.835945,1977.613452,816.5072176,1217.610868,786.8586706,10497.89711,-1485.619158,502.635254,2925.334943,186.680101,430.7521972,491.9942938,25181.81629,35.04750314,9.629764386,0.7413289766,35.78883211,36.85312504,10.50295942,7.853339207,3.242447679,4.835278178,3.124709757,41.68840322,-5.899571107,1.996024625,11.61685444,0.7413289766,1.710568421,1.953768101,-4.547473509e-13,,,,,,,,,,,,,,,
1987,general_government,Banco de Portugal / INE long series,historical_long_series,10129.58068,2857.022835,229.4370567,10359.01774,10753.14811,3137.413833,2279.356251,699.2907094,1245.662224,979.828613,11998.81034,-1639.7926,659.9206014,3649.07473,229.4370567,265.833611,639.5636516,29670.65301,34.14006655,9.629120175,0.7732794308,34.91334598,36.24169684,10.57413139,7.682191055,2.356843003,4.1982973,3.302349337,40.43999414,-5.526648164,2.224152603,12.29859932,0.7732794308,0.8959479622,2.155542891,1.136868377e-12,,,,,,,,,,,,,,,
1988,general_government,Banco de Portugal / INE long series,historical_long_series,12370.59647,3302.224833,301.1093265,12671.70579,12191.93659,3901.342764,2322.19501,749.0559502,1603.504833,1251.593659,13795.44142,-1123.735627,753.7671761,4034.236315,301.1093265,351.9111741,1198.459383,35416.43021,34.92897617,9.323991193,0.850196716,35.77917289,34.42452138,11.01562959,6.556829688,2.114995627,4.527573287,3.533935103,38.95209467,-3.172921778,2.128298001,11.39086094,0.850196716,0.9936381844,3.383907909,-4.547473509e-13,,,,,,,,,,,,,,,
1989,general_government,Banco de Portugal / INE long series,historical_long_series,14757.81555,3919.293682,612.7532646,15370.56881,14222.56391,4882.480721,2595.022496,632.7999521,2038.919529,1394.778584,16261.48344,-890.9146258,915.5923375,4749.174489,612.7532646,644.1409453,1704.10787,41841.30823,35.27092286,9.367043833,1.464469661,36.73539252,33.99168074,11.66904413,6.202058697,1.512380896,4.872982264,3.333496591,38.864663,-2.129270483,2.188249785,11.35044455,1.464469661,1.539485672,4.072788214,-9.094947018e-13,,,,,,,,,,,,,,,
1990,general_government,Banco de Portugal / INE long series,historical_long_series,17387.64674,4748.805379,736.6546623,18124.3014,18107.38766,5962.590158,3963.847627,738.859349,2543.166633,1629.757285,20650.5543,-2526.252896,839.1227143,5799.528137,736.6546623,913.4093485,1437.594732,50239.23883,34.60969383,9.452383216,1.466293438,36.07598726,36.04232088,11.86839271,7.889943637,1.470681814,5.062112191,3.243992789,41.10443307,-5.028445801,1.670253638,11.54382167,1.466293438,1.818119402,2.861497836,-4.547473509e-13,,,,,,,,,,,,,,,
1991,general_government,Banco de Portugal / INE long series,historical_long_series,20847.5868,5663.276504,1040.881476,21888.46828,22337.21031,7456.78415,4425.697569,762.7517682,3006.338948,1928.811564,25343.54926,-3455.08098,1115.875739,7426.980976,1040.881476,1077.527384,970.616589,57608.07092,36.18865632,9.830699784,1.806832722,37.99548904,38.77444592,12.9439921,7.682426261,1.324036296,5.21860722,3.348162043,43.99305314,-5.997564099,1.937012855,12.89225773,1.806832722,1.870445177,1.684862162,-4.547473509e-13,,,,,,,,,,,,,,,
1992,general_government,Banco de Portugal / INE long series,historical_long_series,25822.91963,6681.77193,1355.967119,27178.88675,25307.28282,8942.22424,4569.887072,757.4944384,3779.872981,2435.699963,29087.1558,-1908.269047,1691.702996,8956.804102,1355.967119,1344.173018,2661.618026,64765.86489,39.87118782,10.31681109,2.093644733,41.96483255,39.0750326,13.80700197,7.056011805,1.169589011,5.836211695,3.760777328,44.91124429,-2.94641174,2.612028726,13.82951361,2.093644733,2.075434367,4.109600065,-1.136868377e-12,,,,,,,,,,,,,,,
1993,general_government,Banco de Portugal / INE long series,historical_long_series,26261.98892,7402.63465,1285.147794,27547.13671,27685.36708,9697.449148,4164.781377,901.1432448,3991.576052,2731.591864,31676.94313,-4129.806417,2164.887621,10632.27621,1285.147794,1259.984188,34.97496035,67733.29321,38.7726444,10.92909306,1.897364993,40.67000939,40.87408978,14.3171086,6.148795045,1.330428807,5.89307837,4.032864392,46.76716815,-6.097158754,3.196194247,15.69726749,1.897364993,1.860213978,0.05163629094,9.094947018e-13,,,,,,,,,,,,,,,
1994,general_government,Banco de Portugal / INE long series,historical_long_series,27515.11045,7980.826209,1287.387396,28802.49785,29615.17978,10117.48187,4531.953492,892.7385002,3644.17434,2686.964416,33259.35412,-4456.856276,1476.790934,11385.09692,1287.387396,957.2099239,75.09721593,73437.83279,37.46721465,10.86745878,1.753030213,39.22024487,40.32687057,13.77693415,6.171142747,1.215638406,4.962257465,3.658828581,45.28912804,-6.068883172,2.010940244,15.50304044,1.753030213,1.303428883,0.1022595753,0,,,,,,,,,,,,,,,
1995,general_government,Portuguese Public Finance Council annual ESA 2010 workbook,esa2010_modern,32223.535,8809.582,1117.187,33340.722,,11092.903,4928.907,891.945,4629.166,3924.865,37951.224,-4610.502,,,,,318.405,89028.557,36.19460551,9.895231706,1.25486365,37.44946916,,12.45993799,5.53632134,1.00186393,5.199641728,4.408546125,42.62814683,-5.178677669,,,,,0.3576436716,0,18885.58,4528.373,33022.317,28393.151,3789.765,10977.249,1641.289,21.21294631,5.086427493,37.09182549,31.89218376,4.256797063,12.33003136,1.843553412,0
1996,general_government,Portuguese Public Finance Council annual ESA 2010 workbook,esa2010_modern,35043.453,9274.671,1198.406,36241.859,,11935.087,4556.236,1126.062,5345.315,4593.947,40711.915,-4470.056,,,,,86.18,94351.591,37.14134826,9.829904193,1.270149223,38.41149748,,12.64958744,4.828997531,1.19347431,5.665315172,4.868966121,43.1491558,-4.737658319,,,,,0.09133921229,0,20852.06,4916.722,36155.679,30810.364,4104.301,11911.131,1733.783,22.10037984,5.21106422,38.32015827,32.6548431,4.350007198,12.6241973,1.837576857,0
1997,general_government,Portuguese Public Finance Council annual ESA 2010 workbook,esa2010_modern,37940.652,10267.968,1716.151,39656.803,,12975.81136,3920.879,1113.348,6455.561,5699.517,43448.78336,-3791.98036,,,,,128.89864,102330.96,37.07641558,10.03407766,1.677059416,38.753475,,12.68024004,3.831566713,1.087987448,6.308512106,5.56968976,42.45907921,-3.705604208,,,,,0.1259625044,0,22349.349,5323.335,39527.90436,33072.34336,4374,12706.869,1902.315,21.84026125,5.202076674,38.62751249,32.31900039,4.274366233,12.41742382,1.858982853,0
1998,general_government,Portuguese Public Finance Council annual ESA 2010 workbook,esa2010_modern,41281.857,11387.15,1357.896,42639.753,,14524.76321,3496.368,1330.539,7235.102617,5681.106,47525.42883,-4885.675827,,,,,-1389.307827,111353.381,37.07283661,10.22613763,1.219447481,38.29228409,,13.04384571,3.139884904,1.19487975,6.497425181,5.101871132,42.67982561,-4.387541522,,,,,-1.247656618,0,24573.239,5321.468,44029.06083,36793.95821,4691.038,14045.845,2201.773,22.06779783,4.778901145,39.53994071,33.04251553,4.212748601,12.6137571,1.977284372,0
1999,general_government,Portuguese Public Finance Council annual ESA 2010 workbook,esa2010_modern,45956.754,12111.811,1339.613,47296.367,,15896.88054,3523.04,1621.931,7119.425,5903.716,50922.13654,-3625.76954,,,,,-102.72954,119603.305,38.42431779,10.12665244,1.120046808,39.5443646,,13.29133885,2.945604221,1.356092125,5.952531997,4.936080989,42.57586071,-3.031496111,,,,,-0.0858918907,0,27300.68,6544.263,47399.09654,40279.67154,5216.273,15153.985,2390.602,22.82602475,5.471640604,39.63025649,33.67772449,4.361311755,12.67020589,1.99877587,0
2000,general_government,Portuguese Public Finance Council annual ESA 2010 workbook,esa2010_modern,49483.33486,13460.521,1219.068,50702.40286,,17627.81355,3861.9,1524.949,6558.599,5916.698,54774.56255,-4072.15969,,,,,-210.25969,128414.445,38.5340877,10.48209257,0.9493231077,39.48341081,,13.72728243,3.007371951,1.187521388,5.107368567,4.607501905,42.65451799,-3.171107183,,,,,-0.1637352324,0,29232.254,6790.55986,50912.66255,44354.06355,5895.935,16753.441,2551.925,22.76399201,5.288003121,39.64714604,34.53977748,4.591333163,13.04638353,1.987256963,0
2001,general_government,Portuguese Public Finance Council annual ESA 2010 workbook,esa2010_modern,51520.91974,14494.598,1956.06,53476.97974,,18806.304,4057.376,1653.47,8209.2754,6833.723,59914.7764,-6437.796655,,,,,-2380.420655,135775.009,37.9458047,10.67545354,1.440662766,39.38646746,,13.85107918,2.988308401,1.217801429,6.046234473,5.033122848,44.12798559,-4.741518121,,,,,-1.75320972,0,30322.791,6703.530745,55857.4004,47648.125,6180.517,18254.856,2752.978,22.33311655,4.937234617,41.13967718,35.09344271,4.552028422,13.4449308,2.027602885,0
2002,general_government,Portuguese Public Finance Council annual ESA 2010 workbook,esa2010_modern,55407.2844,15626.072,2259.086,57666.3704,,20160.548,4042.533,1558.3,7095.972,6568.601,62352.936,-4686.565605,,,,,-644.032605,142554.263,38.86750437,10.9614905,1.584720058,40.45222442,,14.14236767,2.835785416,1.093127604,4.977733988,4.607789947,43.73979051,-3.287566086,,,,,-0.4517806704,0,32418.252,7362.960395,58310.403,51214.431,6409.374,19911.836,3174.373,22.74099092,5.165022946,40.90400509,35.92627111,4.496094235,13.96789937,2.226782232,0
2003,general_government,Portuguese Public Finance Council annual ESA 2010 workbook,esa2010_modern,55592.27907,16432.865,2434.25054,58026.52961,,20896.319,3883.13,1742.891,7600.387,6392.525,66351.57,-8325.04039,,,,,-4441.91039,146067.858,38.05921428,11.25015813,1.666520324,39.7257346,,14.30589815,2.658442489,1.193206379,5.203326114,4.37640771,45.42516807,-5.699433472,,,,,-3.040990982,0,31699.115,7460.29907,62468.44,54868.053,6763.234,22346.574,3119.035,21.7016361,5.107420053,42.76672559,37.56339947,4.630200027,15.29876203,2.135332881,0
2004,general_government,Portuguese Public Finance Council annual ESA 2010 workbook,esa2010_modern,59236.22687,17307.913,1769.38253,61005.6094,,21728.535,3908.81757,1360.384,8563.15557,6755.107,70448.44514,-9442.835742,,,,,-5534.018172,152248.388,38.90762171,11.36820772,1.162168318,40.06979003,,14.27176687,2.567395045,0.8935293292,5.624463866,4.436898866,46.27204666,-6.202256632,,,,,-3.634861587,0,33486.79,8441.523868,66539.62757,57976.472,7294.883,24124.592,3468.078,21.99484043,5.544573561,43.70465162,38.08018775,4.791435296,15.84554839,2.277907862,0
2005,general_government,Portuguese Public Finance Council annual ESA 2010 workbook,esa2010_modern,62524.81692,18431.063,1927.066,64451.88292,,23026.88104,4071.33851,1437.693,7999.75074,6468.049,74171.17629,-9719.293373,,,,,-5647.954863,158552.704,39.43472129,11.62456555,1.215410366,40.65013165,,14.52317145,2.567813987,0.9067603161,5.045483639,4.079431531,46.78013961,-6.130007958,,,,,-3.562193971,0,35846.222,8247.531917,70099.83778,62100.08704,7952.218,25994.499,3688.796,22.60839525,5.201760493,44.21232563,39.16684199,5.015504497,16.39486325,2.326542473,0
2006,general_government,Portuguese Public Finance Council annual ESA 2010 workbook,esa2010_modern,67006.51559,19229.796,1285.139914,68291.6555,,22897.1691,4626.24003,1435.429,6670.911406,5579.673,75219.73653,-6928.081031,,,,,-2301.841001,166260.469,40.30213315,11.56606625,0.7729678147,41.07510096,,13.77186606,2.78252555,0.8633615727,4.012325627,3.355982955,45.24210535,-4.167004383,,,,,-1.384478833,0,38571.43,9205.289589,70593.4965,63922.5851,8313.106,27277.515,3999.366,23.19939925,5.536667642,42.4595798,38.44725417,5.000049651,16.40649468,2.405482208,0
2007,general_government,Portuguese Public Finance Council annual ESA 2010 workbook,esa2010_modern,71713.0545,19896.32,1350.331169,73063.38567,,22975.89889,5205.107881,1337.045,6490.906529,5644.674,78108.6133,-5045.227633,,,,,159.880248,175483.401,40.86600447,11.33800684,0.769492249,41.63549672,,13.09291863,2.966153979,0.7619210663,3.698872082,3.216642695,44.51054223,-2.875045505,,,,,0.09110847356,0,41417.198,10399.5365,72903.50542,66412.59889,9369.262,28578.991,4151.402,23.6017753,5.926222334,41.54438825,37.84551617,5.339115806,16.28586569,2.365694975,0
2008,general_government,Portuguese Public Finance Council annual ESA 2010 workbook,esa2010_modern,73389.43422,20724.764,1251.2462,74640.68041,,23459.256,5572.849633,1154.136,7135.755953,6650.743,81465.78559,-6825.105171,,,,,-1252.255538,179102.781,40.97615559,11.57143618,0.6986190795,41.67477467,,13.09820868,3.111537187,0.6443987042,3.984168148,3.713366684,45.48549449,-3.810719818,,,,,-0.6991826319,0,41712.225,10952.44521,75892.93595,68757.18,9744.569,30212.944,4186.275,23.28954624,6.115173173,42.3739573,38.38978916,5.440769231,16.86905353,2.337359016,0
2009,general_government,Portuguese Public Finance Council annual ESA 2010 workbook,esa2010_modern,69710.1792,21203.821,1128.67,70838.8492,,24574.348,5230.123,1258.351,8465.868,7205.483,88159.877,-17321.0278,,,,,-12090.9048,175416.437,39.73982165,12.08770476,0.6434231702,40.38324482,,14.00914784,2.981546706,0.7173506779,4.826154347,4.107644143,50.25747787,-9.874233051,,,,,-6.892686345,0,37162.841,11343.5172,82929.754,74463.886,10723.477,33196.019,4711.691,21.18549529,6.466621597,47.27593116,42.44977681,6.113154037,18.92412112,2.686003137,0
2010,general_government,Portuguese Public Finance Council annual ESA 2010 workbook,esa2010_modern,70884.93631,21368.32665,1902.384,72787.32031,,24578.666,5245.475,1295.421,12879.603,9478.734,93324.456,-20537.13569,,,,,-15291.66069,179860.351,39.4110964,11.88050981,1.057700594,40.46879699,,13.66541645,2.916415414,0.7202371133,7.160890618,5.270051986,51.88717551,-11.41837852,,,,,-8.501963109,0,38934.29566,10582.314,88078.981,75199.378,10507.09,33846.381,4971.82,21.64695857,5.883628015,48.9707601,41.80986948,5.841804456,18.81814464,2.764266817,0
2011,general_government,Portuguese Public Finance Council annual ESA 2010 workbook,esa2010_modern,72997.27835,21202.593,1586.207,74583.48535,,22584.816,7521.56047,1164.088,7692.51256,6139.764,88207.52953,-13624.04418,,,,,-6102.483707,176318.001,41.40092216,12.02520042,0.899628507,42.30055067,,12.80913796,4.265906162,0.6602207338,4.362862848,3.482210532,50.02752358,-7.726972912,,,,,-3.46106675,0,41034.861,10759.82435,80685.96906,72993.4565,10539.949,33728.089,4976.5145,23.27321134,6.102510403,45.76161742,41.39875457,5.977806543,19.12912397,2.822465359,0
2012,general_government,Portuguese Public Finance Council annual ESA 2010 workbook,esa2010_modern,69172.50572,19142.641,2678.18,71850.68572,,19657.2,8136.94544,970.53016,6035.90723,4158.645,82304.16014,-10453.47442,,,,,-2316.52898,168538.75,41.04249362,11.3580058,1.589058896,42.63155252,,11.66331185,4.827937457,0.5758498624,3.581317193,2.467471131,48.83396853,-6.202416014,,,,,-1.374478558,0,38340.51975,11689.34497,74167.2147,68131.30747,9580.654,33401.682,4521.24131,22.74878611,6.935701713,44.00603108,40.42471388,5.684540796,19.81839903,2.682612343,0
2013,general_government,Portuguese Public Finance Council annual ESA 2010 workbook,esa2010_modern,74890.034,20449.678,1475.821,76365.855,,21286.724,8139.253,934.515,5518.536,3721.199,85264.144,-8898.289,,,,,-759.036,170675.649,43.87856993,11.9816026,0.8646933576,44.74326329,,12.47203343,4.768842566,0.5475385654,3.233347014,2.180275289,49.9568301,-5.213566816,,,,,-0.44472425,0,42656.619,11783.737,77124.891,71606.355,9482.607,35182.303,4720.206,24.9927973,6.904170026,45.18798754,41.95464052,5.555922626,20.61354576,2.765600147,0
2014,general_government,Portuguese Public Finance Council annual ESA 2010 workbook,esa2010_modern,75573.284,20457.656,1223.824,76797.108,,20484.991,8334.364,1139.472,10556.236,3449.285,89548.643,-12751.535,,,,,-4417.171,173186.662,43.63689624,11.81248935,0.7066502616,44.3435465,,11.8282729,4.812359049,0.6579444322,6.095293874,1.991657418,51.70643164,-7.36288514,,,,,-2.550526091,0,43517.87,11597.758,81214.279,70658.043,9743.612,34515.786,4774.182,25.12772606,6.696680833,46.89407259,40.79877872,5.626075292,19.92981769,2.756668409,0
2015,general_government,Portuguese Public Finance Council annual ESA 2010 workbook,esa2010_modern,77276.275,20783.798,1375.143,78651.418,,20333.76,8132.838999,992.4,7643.365,4042.64,86677.404,-8025.985998,,,,,106.853001,179392.709,43.07659739,11.58564254,0.7665545649,43.84315195,,11.33477504,4.53353932,0.5531997401,4.260688766,2.253514105,48.31712754,-4.473975583,,,,,0.05956373678,0,45481.858,11010.619,78544.565,70901.2,9905.672,35106.746,4562.621999,25.35323662,6.137718228,43.78358822,39.52289945,5.52178071,19.56977304,2.543370923,0
2016,general_government,Portuguese Public Finance Council annual ESA 2010 workbook,esa2010_modern,78984.567,21610.273,1014.421,79998.988,,20910.537,7633.305,915.988,3675.63566,2890.007,83621.04866,-3622.06066,,,,,4011.24434,186380.749,42.37807146,11.59469157,0.5442734861,42.92234495,,11.21925795,4.095543687,0.4914606283,1.972111218,1.550593082,44.86571124,-1.943366297,,,,,2.15217739,0,46377.751,10996.543,75987.74366,72312.108,10269.067,35570.986,4645.53,24.8833376,5.900042284,40.77016756,38.79805634,5.509725149,19.08511807,2.492494544,0
2017,general_government,Portuguese Public Finance Council annual ESA 2010 workbook,esa2010_modern,82379.409,22693.357,680.071,83059.48,,21402.856,7299.371,806.322,8460.16006,3497.327,88929.03706,-5869.55706,,,,,1429.81394,195509.136,42.13583605,11.60731282,0.3478461487,42.48368219,,10.94724085,3.733519133,0.4124216477,4.327245383,1.788830472,45.48587288,-3.00219068,,,,,0.7313284531,0,48630.864,11055.188,81629.66606,73169.506,10484.445,36115.58,4360.303,24.87395985,5.654563375,41.75235374,37.42510836,5.362636864,18.4725792,2.230229793,0
2018,general_government,Portuguese Public Finance Council annual ESA 2010 workbook,esa2010_modern,86914.38,23859.546,938.656,87853.036,,22040.263,6805.846,781.485,6166.985,3797.173,88725.861,-872.825,,,,,5933.021,204997.646,42.39774539,11.63893658,0.4578862335,42.85563162,,10.75147126,3.319963001,0.3812165726,3.00831991,1.852300782,43.2814048,-0.4257731818,,,,,2.894189819,0,51549.859,11504.975,81920.015,75753.03,10746.985,37359.991,4824.306,25.14656144,5.612247372,39.9614418,36.95312189,5.242491906,18.22459513,2.353347023,0
2019,general_government,Portuguese Public Finance Council annual ESA 2010 workbook,esa2010_modern,90553.654,25359.715,812.519,91366.173,,23151.569,6226.933,949.89,6067.53,3962.058,91117.18,248.993,,,,,6475.926,214489.895,42.21814459,11.82326794,0.3788145824,42.59695917,,10.79378075,2.903135833,0.4428600238,2.828818579,1.847200308,42.48087305,0.1160861214,,,,,3.019221954,0,53105.765,12088.174,84890.247,78822.717,10917.323,38955.458,4848.477,24.75909879,5.635777853,39.57773722,36.74891864,5.089900855,18.16190828,2.260468727,0
2020,general_government,Portuguese Public Finance Council annual ESA 2010 workbook,esa2010_modern,86110.7,25599.416,1078.976,87189.676,,23937.006,5697.126,3672.854,8923.612,4645.363,98753.544,-11563.868,,,,,-5866.742,201032.705,42.83417467,12.7339559,0.5367166502,43.37089132,,11.9070208,2.833929932,1.826993275,4.438885703,2.310749885,49.12312352,-5.752232205,,,,,-2.918302273,0,49368.259,11143.025,93056.418,84132.806,10922.89,40339.365,5260.691,24.55732713,5.54289164,46.28919359,41.85030789,5.433389557,20.06607084,2.616833415,0
2021,general_government,Portuguese Public Finance Council annual ESA 2010 workbook,esa2010_modern,93713.789,27333.715,2664.222,96378.011,,25042.371,5117.779,4255.796,8236.285,5589.308,102495.06,-6117.049,,,,,-999.27,216493.745,43.28706541,12.62563729,1.230623083,44.51768849,,11.56724921,2.363938505,1.965782429,3.804398598,2.581741103,47.34319691,-2.825508423,,,,,-0.4615699174,0,53249.014,13131.06,97377.281,89140.996,11965.52,41868.989,6008.32,24.59609815,6.065329971,44.97925841,41.17485981,5.526958758,19.33958369,2.775285725,0
2022,general_government,Portuguese Public Finance Council annual ESA 2010 workbook,esa2010_modern,104706.135,29685.178,1570.17,106276.305,,25976.561,4608.019,2745.898,9012.404,5806.512,107033.577,-757.272,,,,,3850.747,243957.084,42.91989939,12.16819676,0.6436254993,43.56352489,,10.64800438,1.8888646,1.125566003,3.694257962,2.380136664,43.87393686,-0.3104119739,,,,,1.578452627,0,62205.386,12815.571,102425.558,93413.154,13156.161,45011.656,6522.878,25.49849546,5.253207158,41.98507226,38.2908143,5.392817779,18.4506452,2.673780934,0
2023,general_government,Portuguese Public Finance Council annual ESA 2010 workbook,esa2010_modern,113763.431,32814.627,2907.175,116670.606,,27820.394,5553.291,2017.155,10750.964,6940.194,113640.888,3029.718,,,,,8583.009,270352.615,42.07964883,12.13771393,1.075327124,43.15497596,,10.29041054,2.054091839,0.7461200255,3.976645094,2.567089651,42.03432173,1.120654224,,,,,3.174746063,0,67324.271,13624.533,108087.597,97336.633,14025.937,46963.228,6509.919,24.90239312,5.039541785,39.98022989,36.0035848,5.188016029,17.37110181,2.407936391,0
2024,general_government,Portuguese Public Finance Council annual ESA 2010 workbook,esa2010_modern,122069.4486,35882.506,2598.385796,124667.8344,,30321.565,5934.789,1885.744,10036.73,7880.784,122805.317,1862.517353,,,,,7797.306353,289784.317,42.12424255,12.38248721,0.8966619805,43.02090453,,10.46349413,2.048002135,0.6507405299,3.463517317,2.719534336,42.37817915,0.6427253801,,,,,2.690727515,0,71052.801,15134.14156,116870.528,106833.798,15076.206,52143.207,7407.076,24.51920164,5.222553696,40.33017701,36.8666597,5.202561048,17.99379882,2.556065172,0
2025,general_government,Portuguese Public Finance Council annual ESA 2010 workbook,esa2010_modern,129165.9285,38770.801,3834.07025,132999.9988,,32611.778,5964.542,1718.498,11856.291,9167.014,130941.369,2058.629783,,,,,8023.171783,306765.485,42.10575663,12.63857992,1.249837559,43.35559419,,10.63084982,1.944332818,0.5601992675,3.864936435,2.988280771,42.68451811,0.6710760771,,,,,2.615408895,0,75268.252,15126.87553,124976.827,113120.536,15722.994,55197.642,7869.624,24.53608886,4.931087842,40.74018529,36.87524886,5.125411681,17.993433,2.565355095,0
1977,regional_local_government,Banco de Portugal / INE long series,historical_long_series,68.66776658,0,38.08874113,106.7565077,55.05354859,32.76113037,0.9359194342,1.098123505,39.66176282,38.58514979,94.71531141,12.0411963,27.26436273,3.661511522,38.08874113,1.076613028,12.97711574,3602.601334,1.906060655,0,1.057256621,2.963317276,1.528161001,0.9093742919,0.02597898983,0.03048140504,1.100920117,1.071035794,2.629081117,0.3342361584,0.7567965533,0.1016352125,1.057256621,0.02988432326,0.3602151482,3.552713679e-15,,,,,,,,,,,,,,,
1978,regional_local_government,Banco de Portugal / INE long series,historical_long_series,78.74273237,0,50.7026005,129.4453329,73.21417791,42.20368834,1.01616032,2.007569239,54.99070134,53.49010847,128.2048793,1.240453622,25.25208442,3.884142809,50.7026005,1.500592874,2.256613942,4456.083151,1.767083999,0,1.137828869,2.904912868,1.643016421,0.9471028009,0.02280389045,0.04505232894,1.234059138,1.200383984,2.877075559,0.02783730868,0.5666879088,0.08716495355,1.137828869,0.03367515422,0.05064119913,2.26485497e-14,,,,,,,,,,,,,,,
1979,regional_local_government,Banco de Portugal / INE long series,historical_long_series,133.481893,0,85.91675947,219.3986525,106.6690295,59.38001125,1.031035129,3.630948212,100.9028227,98.04180505,207.5718522,11.82680028,56.19303091,10.2141723,85.91675947,2.86101769,12.85783541,5665.868483,2.355894659,0,1.516391701,3.87228636,1.882659821,1.048030173,0.01819730076,0.06408458337,1.780888897,1.730393237,3.663548718,0.2087376422,0.9917814202,0.1802754922,1.516391701,0.05049566008,0.226934943,-5.329070518e-15,,,,,,,,,,,,,,,
1980,regional_local_government,Banco de Portugal / INE long series,historical_long_series,161.6516987,0,128.1789437,289.8306424,154.6672762,85.18305473,1.818644567,7.185213635,157.5705799,151.9722643,312.2378561,-22.40721362,77.80291298,20.93469538,128.1789437,5.59831556,-20.58856905,7363.833272,2.195211281,0,1.740655159,3.93586644,2.100363635,1.156775983,0.02469698185,0.09757436609,2.139790162,2.063765687,4.240153797,-0.3042873567,1.056554516,0.2842907302,1.740655159,0.07602447465,-0.2795903748,-7.105427358e-15,,,,,,,,,,,,,,,
1981,regional_local_government,Banco de Portugal / INE long series,historical_long_series,204.7101682,0,153.097111,357.8072792,194.7883448,101.9561072,4.448753504,9.202950888,233.3895562,222.8977863,428.177901,-70.3706218,92.42812044,18.59417774,153.097111,10.49176983,-65.9218683,8847.305645,2.313813678,0,1.730437685,4.044251363,2.201668537,1.152397253,0.05028370989,0.1040198141,2.637973249,2.519386074,4.839641786,-0.795390423,1.044703598,0.2101676882,1.730437685,0.1185871751,-0.7451067132,-1.421085472e-14,,,,,,,,,,,,,,,
1982,regional_local_government,Banco de Portugal / INE long series,historical_long_series,281.6567069,0,146.1260762,427.782783,255.3629199,128.6372444,17.71329596,14.24243074,276.2176555,264.7709869,531.5805753,-103.7977923,131.1729509,19.17763962,146.1260762,11.44666853,-86.08449636,10698.31816,2.632719486,0,1.365878954,3.99859844,2.386944528,1.202406233,0.1655708467,0.1331277546,2.581879239,2.474884211,4.968823767,-0.9702253268,1.226108151,0.179258453,1.365878954,0.1069950282,-0.8046544802,-5.684341886e-14,,,,,,,,,,,,,,,
1983,regional_local_government,Banco de Portugal / INE long series,historical_long_series,351.6446715,0,156.0174729,507.6621444,330.6823258,164.9466244,34.5463084,13.61485819,273.0336938,263.0434902,603.7160196,-96.05387516,158.5482931,22.33719935,156.0174729,9.990203609,-61.50756676,13668.75365,2.572616938,0,1.141416964,3.714033903,2.41925734,1.206742244,0.2527392716,0.09960570323,1.997502485,1.924414596,4.416759825,-0.7027259226,1.159932333,0.1634179672,1.141416964,0.07308788986,-0.449986651,5.684341886e-14,,,,,,,,,,,,,,,
1984,regional_local_government,Banco de Portugal / INE long series,historical_long_series,439.9390082,0,156.6813829,596.6203911,400.754882,198.6638403,31.54674734,15.01577698,292.5317036,277.6255225,693.2865856,-96.66619447,191.2551921,24.60689702,156.6813829,14.9061811,-65.11944713,16785.04216,2.62101819,0,0.9334583813,3.554476571,2.387571494,1.183576654,0.1879455949,0.08945927471,1.742811849,1.654005512,4.130383343,-0.5759067719,1.139438259,0.1466001502,0.9334583813,0.08880633698,-0.387961177,4.263256415e-14,,,,,,,,,,,,,,,
1985,regional_local_government,Banco de Portugal / INE long series,historical_long_series,564.4101654,0,187.2193813,751.6295467,524.5055505,252.846393,38.2371784,15.2133209,354.8399757,328.6171327,879.3455262,-127.7159795,254.3671773,34.7005564,187.2193813,26.22284295,-89.47880109,20605.41146,2.739135622,0,0.9085932676,3.64772889,2.545474773,1.227087328,0.1855686234,0.0738316773,1.722071779,1.594809855,4.267546551,-0.6198176616,1.234467838,0.1684050642,0.9085932676,0.1272619234,-0.4342490382,-4.263256415e-14,,,,,,,,,,,,,,,
1986,regional_local_government,Banco de Portugal / INE long series,historical_long_series,701.4238493,2.798256203,265.6048922,967.0287415,625.5367372,311.4793348,34.16765595,18.81964466,372.4922936,340.6989156,998.0290308,-31.0002893,319.3852815,50.26386409,265.6048922,31.79337796,3.167366646,25181.81629,2.785437878,0.01111220958,1.054748749,3.840186627,2.484081093,1.236921639,0.1356838425,0.07473505661,1.479211385,1.352956084,3.963292478,-0.1231058513,1.268317098,0.1996038074,1.054748749,0.126255301,0.01257799124,-1.030286967e-13,,,,,,,,,,,,,,,
1987,regional_local_government,Banco de Portugal / INE long series,historical_long_series,960.3131698,0.688341098,355.782564,1316.095734,858.7778699,402.0660209,86.34690396,24.09193843,444.5785657,403.1683642,1303.356436,12.73929829,376.7071358,77.68777247,355.782564,41.41020141,99.08620225,29670.65301,3.236575783,0.002319939159,1.199105945,4.435681727,2.894367945,1.355096636,0.2910178753,0.08119787057,1.498378096,1.358811901,4.392746042,0.0429356856,1.269628733,0.2618337131,1.199105945,0.1395661949,0.3339535609,-1.012523398e-13,,,,,,,,,,,,,,,
1988,regional_local_government,Banco de Portugal / INE long series,historical_long_series,1208.964021,0.6983170559,404.1908999,1613.154921,929.5823309,465.5280773,42.96645085,26.15197374,608.2740595,554.8927086,1537.85639,75.29853054,433.1311539,77.40844565,404.1908999,53.38135094,118.2649814,35416.43021,3.413568262,0.00197173191,1.141252514,4.554820776,2.624720576,1.314440994,0.1213178477,0.07384136005,1.717491164,1.566766344,4.34221174,0.2126090351,1.222966717,0.2185664823,1.141252514,0.1507248208,0.3339268828,-7.105427358e-14,,,,,,,,,,,,,,,
1989,regional_local_government,Banco de Portugal / INE long series,historical_long_series,1397.808216,0.8728963199,515.3230714,1913.131288,1191.400658,618.7937072,39.03592342,32.01783701,786.3498967,690.8051596,1977.750555,-64.61926757,510.679263,136.9100468,515.3230714,95.54473718,-25.58334414,41841.30823,3.340737361,0.002086207045,1.231613191,4.572350551,2.847426882,1.478906213,0.09329517904,0.0765220744,1.879362597,1.651012334,4.726789479,-0.1544389272,1.220514569,0.3272126341,1.231613191,0.2283502625,-0.06114374819,1.705302566e-13,,,,,,,,,,,,,,,
1990,regional_local_government,Banco de Portugal / INE long series,historical_long_series,1605.119119,1.107331331,563.9957702,2169.11489,1703.631704,796.251035,312.9657525,45.50533215,801.5931605,732.6592911,2505.224865,-336.109975,525.847707,125.3678634,563.9957702,68.93386937,-23.14422242,50239.23883,3.194951112,0.002204116458,1.122620054,4.317571166,3.391038049,1.584918589,0.6229508246,0.09057727229,1.595551961,1.458340748,4.98659001,-0.6690188442,1.046687249,0.2495417255,1.122620054,0.1372112138,-0.04606801967,-2.842170943e-13,,,,,,,,,,,,,,,
1991,regional_local_government,Banco de Portugal / INE long series,historical_long_series,1889.281096,0.2294470327,800.8699035,2690.151,1771.180718,976.6811983,151.8789717,36.32745084,1048.971978,953.0830698,2820.152696,-130.0016959,674.0505382,146.5967019,800.8699035,95.88890773,21.87727577,57608.07092,3.279542373,0.0003982897344,1.390204342,4.669746716,3.07453572,1.695389522,0.2636418287,0.06305965512,1.820876764,1.654426289,4.895412484,-0.2256657684,1.170062679,0.2544725064,1.390204342,0.1664504751,0.03797606033,-1.705302566e-13,,,,,,,,,,,,,,,
1992,regional_local_government,Banco de Portugal / INE long series,historical_long_series,2376.071884,0.33918257,925.9734041,3302.045288,2106.890611,1164.528486,185.4480702,46.88201435,1254.875749,1114.803324,3361.766361,-59.72107222,815.0407518,189.4584052,925.9734041,140.0724255,125.7269979,64765.86489,3.668710189,0.0005237057678,1.429724448,5.098434637,3.25308805,1.798059037,0.2863361285,0.07238691929,1.93755731,1.721282231,5.190645359,-0.09221072291,1.258441855,0.2925281791,1.429724448,0.216275079,0.1941254056,1.98951966e-13,,,,,,,,,,,,,,,
1993,regional_local_government,Banco de Portugal / INE long series,historical_long_series,2464.511961,0.1296874532,954.5644996,3419.076461,2240.177607,1225.321974,180.6446464,47.32095649,1448.563961,1337.87572,3688.741568,-269.6651071,845.2329885,201.9483046,954.5644996,110.6882413,-89.02046069,67733.29321,3.638553279,0.0001914678101,1.409298816,5.047852096,3.307350788,1.809039419,0.2666999312,0.06986365826,2.138629162,1.975211386,5.44597995,-0.3981278546,1.247884088,0.2981522011,1.409298816,0.1634177759,-0.1314279234,-2.842170943e-13,,,,,,,,,,,,,,,
1994,regional_local_government,Banco de Portugal / INE long series,historical_long_series,2532.777278,0.03990383177,936.1389052,3468.916183,2324.983062,1269.340888,183.6673617,47.34589639,1250.633713,1165.224549,3575.616775,-106.7005919,811.8534332,216.7725781,936.1389052,85.40916391,76.96676976,73437.83279,3.448872579,5.433688638e-05,1.274736562,4.723609141,3.165920035,1.728456356,0.2500991038,0.06447071569,1.702982871,1.586681557,4.868902906,-0.1452937646,1.105497538,0.2951783431,1.274736562,0.1163013132,0.1048053392,-1.98951966e-13,,,,,,,,,,,,,,,
1995,regional_local_government,Banco de Portugal / INE long series,historical_long_series,2803.100116,0.1496393691,1024.027095,3827.127211,2455.228487,1334.179627,194.3017328,55.86536447,1339.319424,1225.37902,3794.547911,32.57930034,905.592522,242.4556818,1024.027095,113.9404036,226.8810332,79373.07522,3.53155035,0.0001885266114,1.29014416,4.821694511,3.093276253,1.680896983,0.2447955207,0.07038326827,1.687372475,1.543822029,4.780648727,0.04104578315,1.140931631,0.3054633843,1.29014416,0.1435504462,0.2858413039,-2.842170943e-14,,,,,,,,,,,,,,,
2000,regional_local_government,Portuguese Public Finance Council annual ESA 2010 workbook,esa2010_modern,5765.436858,178.878,1468.817,7234.253858,,2185.608,91.199,92.468,3024.825,2732.644,7717.396,-483.1421419,,,,,-391.9431419,128414.445,4.489710529,0.1392974132,1.143809795,5.633520324,,1.701995441,0.0710192689,0.07200747548,2.355517715,2.127988016,6.009756924,-0.3762366001,,,,,-0.3052173312,0,2520.984,3065.574858,7626.197,4601.372,1585.408,439.374,298.514,1.963162322,2.387250794,5.938737655,3.583219941,1.23460254,0.3421530966,0.232461387,0
2001,regional_local_government,Portuguese Public Finance Council annual ESA 2010 workbook,esa2010_modern,6176.943584,234.675,1984.118,8161.061584,,2422.54,134.224,115.846,3539.549,3227.778,8695.577,-534.5154155,,,,,-400.2914155,135775.009,4.549396557,0.1728410859,1.461327835,6.010724392,,1.784231147,0.09885766238,0.08532203448,2.606922309,2.377299051,6.404401711,-0.3936773191,,,,,-0.2948196568,0,2550.616,3391.652584,8561.353,5021.804,1635.763,523.414,324.241,1.87856073,2.497994741,6.305544049,3.69862174,1.204760001,0.3855009872,0.2388075703,0
2002,regional_local_government,Portuguese Public Finance Council annual ESA 2010 workbook,esa2010_modern,6624.709719,254.746,1941.283,8565.992719,,2632.474,129.836,150.739,3585.949,3197.352,9218.501,-652.5082811,,,,,-522.6722811,142554.263,4.647149499,0.1787010747,1.361785301,6.0089348,,1.846646985,0.09107830048,0.1057414888,2.515497555,2.242901708,6.46666105,-0.4577262492,,,,,-0.3666479487,0,2814.826,3555.137719,9088.665,5502.716,1812.74,561.278,345.485,1.974564591,2.493883834,6.375582749,3.860085194,1.271614024,0.3937293689,0.2423533276,0
2003,regional_local_government,Portuguese Public Finance Council annual ESA 2010 workbook,esa2010_modern,6781.745878,241.166,1877.962,8659.707878,,2730.526,126.494,157.992,3372.19,3082.506,9350.197,-690.4891224,,,,,-563.9951224,146067.858,4.642873504,0.1651054539,1.285677784,5.928551289,,1.869354448,0.08659947625,0.1081634263,2.308646164,2.110324641,6.401269333,-0.4727180448,,,,,-0.3861185685,0,2741.437,3799.142878,9223.703,5851.513,1927.849,680.524,354.622,1.876824263,2.600943787,6.314669857,4.006023693,1.319831088,0.4658957893,0.2427789418,0
2004,regional_local_government,Portuguese Public Finance Council annual ESA 2010 workbook,esa2010_modern,7346.28796,273.376,1930.656,9276.94396,,2889.061,140.773,131.924,3363.461,2995.226,9802.328,-525.3840396,,,,,-384.6110396,152248.388,4.825199174,0.1795592082,1.268096185,6.093295359,,1.897597103,0.09246271954,0.08665050693,2.209193177,1.967328547,6.438378842,-0.3450834827,,,,,-0.2526207631,0,3061.713,4011.19896,9661.555,6298.094,2031.209,829.595,416.305,2.010998632,2.634641334,6.345916122,4.136722945,1.334141548,0.5448957529,0.2734380347,0
2005,regional_local_government,Portuguese Public Finance Council annual ESA 2010 workbook,esa2010_modern,7806.474628,239.305,1909.084,9715.558628,,3081.569,138.933,165.793,3439.324,3213.717,10292.595,-577.0363721,,,,,-438.1033721,158552.704,4.923583408,0.1509308854,1.204069027,6.127652435,,1.943561303,0.08762575251,0.1045664917,2.169199208,2.026907721,6.491592222,-0.3639397863,,,,,-0.2763140338,0,3254.945,4312.224628,10153.662,6714.338,2280.098,752.43,434.448,2.052910432,2.719742091,6.403966469,4.234767261,1.438069451,0.474561443,0.2740085719,0
2006,regional_local_government,Portuguese Public Finance Council annual ESA 2010 workbook,esa2010_modern,8912.309491,688.952,1656.42962,10568.73911,,3493.761,186.9358046,185.491,2751.834871,2478.149,10774.41033,-205.6712154,,,,,-18.7354108,166260.469,5.360450109,0.4143811239,0.9962859061,6.356736015,,2.101378049,0.112435509,0.1115665083,1.655134794,1.49052208,6.480440234,-0.1237042195,,,,,-0.01126871042,0,3455.45,4767.907491,10587.47452,7835.639651,2378.431,1216.082,561.874651,2.07833529,2.867733695,6.368004725,4.712869931,1.430545105,0.7314318354,0.3379484338,0
2007,regional_local_government,Portuguese Public Finance Council annual ESA 2010 workbook,esa2010_modern,9622.348631,720.206,1619.856767,11242.2054,,3636.405,281.830429,215.046,3011.125664,2691.486,11707.27438,-465.0689843,,,,,-183.2385553,175483.401,5.483338353,0.4104126065,0.9230826149,6.406420968,,2.072221634,0.160602329,0.1225449238,1.715903411,1.533755321,6.671442607,-0.2650216383,,,,,-0.1044193093,0,3928.205,4973.937631,11425.44395,8414.318289,2690.569,1259.229,613.069289,2.238505168,2.834420579,6.510840278,4.794936866,1.533232764,0.717577271,0.3493602731,0
2008,regional_local_government,Portuguese Public Finance Council annual ESA 2010 workbook,esa2010_modern,10027.49465,717.619,1585.05328,11612.54793,,3793.184,321.81564,183.233,3542.9469,3104.281,12708.66954,-1096.12161,,,,,-774.30597,179102.781,5.598737548,0.4006744038,0.8849964647,6.483734013,,2.117881129,0.1796821011,0.1023060608,1.978164091,1.733239977,7.095741043,-0.6120070296,,,,,-0.4323249286,0,3972.472,5337.40365,12386.8539,8843.907,2856.889,1457.548,553.053,2.217984544,2.980078601,6.916058942,4.93789485,1.595111468,0.8138053423,0.3087908501,0
2009,regional_local_government,Portuguese Public Finance Council annual ESA 2010 workbook,esa2010_modern,10140.53203,788.676,1541.907,11682.43903,,4139.817,260.525,141.882,3306.695,2883.798,13067.476,-1385.03697,,,,,-1124.51197,175416.437,5.780833429,0.4496021088,0.8789980154,6.659831444,,2.359993779,0.1485180092,0.08088295625,1.88505425,1.643972509,7.449402247,-0.7895708029,,,,,-0.6410527937,0,3670.412,5681.44403,12806.951,9500.256,3117.691,1413.861,687.005,2.092399129,3.238832191,7.300884238,5.415829989,1.77730836,0.8060025755,0.391642318,0
2010,regional_local_government,Portuguese Public Finance Council annual ESA 2010 workbook,esa2010_modern,9983.74066,736.473,1821.142,11804.88266,,4094.897,71.075,173.326,3461.044,2957.207,13347.841,-1542.95834,,,,,-1471.88334,179860.351,5.550829076,0.4094693444,1.012531105,6.563360182,,2.276709112,0.03951676932,0.09636698641,1.924295144,1.644168369,7.421224815,-0.857864633,,,,,-0.8183478637,0,3278.11066,5969.157,13276.766,9815.722,3131.88,1388.318,1027.301,1.822586602,3.31877313,7.381708045,5.457412901,1.74128427,0.7718866289,0.5711659042,0
2011,regional_local_government,Portuguese Public Finance Council annual ESA 2010 workbook,esa2010_modern,9925.344,694.402,1848.024,11773.368,,3903.176,149.23,205.161,2720.451,2372.767,11974.538,-201.17,,,,,-51.94,176318.001,5.629228975,0.3938350004,1.048119868,6.677348843,,2.213713845,0.08463684885,0.1163585107,1.542923005,1.345731568,6.79144383,-0.1140949868,,,,,-0.02945813797,0,3374.074,5856.868,11825.308,9104.857,2873.278,1347.923,775.319,1.913629908,3.321764067,6.706806981,5.163883976,1.629599918,0.7644840529,0.4397276487,0
2012,regional_local_government,Portuguese Public Finance Council annual ESA 2010 workbook,esa2010_modern,9493.23475,639.163,1832.421,11325.65575,,3525.963,162.589,145.81716,1763.679,1687.776,10490.34616,835.30959,,,,,997.89859,168538.75,5.632671863,0.3792380091,1.087240175,6.719912038,,2.092078528,0.09646980294,0.0865184772,1.046453115,1.001417182,6.224293321,0.4956187168,,,,,0.5920885197,0,3186.98675,5667.085,10327.75716,8564.07816,2803.93,1267.542,820.826,1.890951932,3.362481922,6.127823518,5.081370403,1.663670818,0.7520774896,0.4870250907,0
2013,regional_local_government,Portuguese Public Finance Council annual ESA 2010 workbook,esa2010_modern,10195.442,758.131,1372.731,11568.173,,3836.263,195.518,127.14,2145.892,1873.883,11259.093,309.08,,,,,504.598,170675.649,5.973577402,0.4441940045,0.8042922397,6.777869642,,2.247692054,0.114555299,0.07449217316,1.257292421,1.097920536,6.596777611,0.1810920315,,,,,0.2956473305,0,3618.535,5818.776,11063.575,8917.683,2793.116,1456.333,704.831,2.120123768,3.40925963,6.482222312,5.22492989,1.636505276,0.8532752086,0.4129651794,0
2014,regional_local_government,Portuguese Public Finance Council annual ESA 2010 workbook,esa2010_modern,10082.223,631.749,971.107,11053.33,,3588.742,201.987,113.349,1774.917,1500.754,10398.572,654.758,,,,,856.745,173186.662,5.821593236,0.3647792461,0.5607285161,6.382321752,,2.072181517,0.1166296513,0.06544903556,1.024857792,0.8665528758,6.004256841,0.3780649113,,,,,0.4946945626,0,3901.976,5548.498,10196.585,8421.668,2738.72,1320.484,660.373,2.253046485,3.203767505,5.887627189,4.862769397,1.581368893,0.7624628737,0.3813070778,0
2015,regional_local_government,Portuguese Public Finance Council annual ESA 2010 workbook,esa2010_modern,10440.142,609.649,1003.452,11443.594,,3566.548,213.439,122.589,1992.5,1711.352,10667.309,776.285,,,,,989.724,179392.709,5.819713665,0.3398404558,0.5593605256,6.379074191,,1.988123163,0.118978637,0.06833555315,1.110691739,0.953969651,5.946344787,0.4327294037,,,,,0.5517080407,0,4080.771,5749.722,10453.87,8461.37,2798.498,1282.918,690.817,2.274769706,3.205103503,5.82736615,4.716674411,1.559984247,0.7151450063,0.3850864418,0
2016,regional_local_government,Portuguese Public Finance Council annual ESA 2010 workbook,esa2010_modern,10802.922,618.581,742.606,11545.528,,3660.002,178.758,114.482,1708.342,1432.987,10682.51,863.018,,,,,1041.776,186380.749,5.796157628,0.3318910367,0.3984349263,6.194592554,,1.963723195,0.09591011999,0.06142372569,0.9165871525,0.7688492549,5.731552243,0.4630403111,,,,,0.5589504311,0,4224.257,5960.084,10503.752,8795.41,2970.16,1355.654,695.112,2.266466372,3.197800219,5.635642123,4.719054971,1.59359806,0.7273573088,0.3729526809,0
2017,regional_local_government,Portuguese Public Finance Council annual ESA 2010 workbook,esa2010_modern,11205.87,628.046,666.471,11872.341,,3753.335,180.16,108.579,2210.043,1876.356,11524.341,348,,,,,528.16,195509.136,5.731634966,0.3212361391,0.3408899521,6.072524918,,1.919774736,0.09214914642,0.05553653513,1.130403952,0.9597280405,5.894528121,0.177996797,,,,,0.2701459435,0,4374.622,6203.202,11344.181,9134.138,3157.282,1405.578,709.364,2.237553748,3.172845079,5.802378974,4.671975022,1.614902538,0.7189321322,0.3628290803,0
2018,regional_local_government,Portuguese Public Finance Council annual ESA 2010 workbook,esa2010_modern,11672.427,630.793,795.66,12468.087,,3940.464,169.482,164.582,2240.643,1769.23,11968.846,499.241,,,,,668.723,204997.646,5.693932212,0.3077074358,0.3881312862,6.082063498,,1.922199633,0.08267509569,0.08028482434,1.093009136,0.8630489347,5.838528507,0.2435349916,,,,,0.3262100873,0,4719.256,6322.378,11799.364,9558.721,3258.999,1447.105,747.571,2.302102532,3.084122244,5.755853411,4.662844275,1.589773865,0.705912984,0.364672968,0
2019,regional_local_government,Portuguese Public Finance Council annual ESA 2010 workbook,esa2010_modern,12044.969,649.866,989.158,13034.127,,4281.188,136.688,240.263,2055.572,1964.972,12429.687,604.44,,,,,741.128,214489.895,5.615634713,0.3029821055,0.4611676461,6.076802359,,1.995985872,0.06372701148,0.1120159996,0.9583537723,0.9161140202,5.794998874,0.2818034854,,,,,0.3455304969,0,4958.667,6436.436,12292.999,10237.427,3380.842,1628.926,706.208,2.311841777,3.000810831,5.731271862,4.77291809,1.576224372,0.7594418376,0.3292500097,0
2020,regional_local_government,Portuguese Public Finance Council annual ESA 2010 workbook,esa2010_modern,12051.19,665.609,1122.377,13173.567,,4500.738,79.955,385.021,2763.018,2218.605,13380.728,-207.161,,,,,-127.206,201032.705,5.994641519,0.3310948833,0.5583056747,6.552947193,,2.238808855,0.03977213558,0.1915215736,1.374412188,1.103604013,6.6559956,-0.103048407,,,,,-0.06327627139,0,4619.294,6766.287,13300.773,10537.755,3212.444,1688.478,751.074,2.297782343,3.365764292,6.616223465,5.241811276,1.597970838,0.8399021443,0.3736078664,0
2021,regional_local_government,Portuguese Public Finance Council annual ESA 2010 workbook,esa2010_modern,13041.842,676.092,1316.444,14358.286,,4781.688,95.406,602.918,3378.501,2914.82,14958.928,-600.642,,,,,-505.236,216493.745,6.024119542,0.3122917015,0.608074843,6.632194385,,2.208695683,0.0440687097,0.2784921107,1.560553632,1.346376081,6.909635195,-0.2774408101,,,,,-0.2333721004,0,5007.082,7358.668,14863.522,11485.021,3486.501,1768.47,845.444,2.312806774,3.399021066,6.865566486,5.305012854,1.6104396,0.8168688661,0.3905165944,0
2022,regional_local_government,Portuguese Public Finance Council annual ESA 2010 workbook,esa2010_modern,14547.393,708.342,1065.404,15612.797,,5215.974,74.985,461.836,3227.318,2673.247,15703.338,-90.541,,,,,-15.556,243957.084,5.963095132,0.2903551676,0.4367177958,6.399812928,,2.138070317,0.03073696356,0.1893103461,1.322903991,1.095785765,6.436926423,-0.03711349493,,,,,-0.006376531374,0,5673.434,8165.617,15628.353,12401.035,3917.871,1919.765,885.589,2.325586905,3.347153059,6.406189459,5.083285468,1.605967302,0.7869273433,0.3630101596,0
2023,regional_local_government,Portuguese Public Finance Council annual ESA 2010 workbook,esa2010_modern,15650.38,745.509,1491.738,17142.118,,5861.904,91.012,449.447,3470.19,3185.412,17385.113,-242.995,,,,,-151.983,270352.615,5.788876871,0.2757543144,0.5517749477,6.340651819,,2.168243869,0.03366418335,0.1662447393,1.283579225,1.178243458,6.430532584,-0.08988076553,,,,,-0.05621658218,0,6021.98,8882.891,17294.101,13823.911,4495.058,2057.176,960.326,2.227453949,3.285668607,6.396868401,5.113289176,1.662664887,0.7609232853,0.3552123955,0
2024,regional_local_government,Portuguese Public Finance Council annual ESA 2010 workbook,esa2010_modern,17798.49356,766.825,1599.391739,19397.8853,,6431.25,152.116,346.267,3510.254,3195.902,19141.996,255.889296,,,,,408.005296,289784.317,6.141979573,0.2646192202,0.5519248783,6.693904452,,2.219323001,0.05249283383,0.1194912836,1.211333324,1.102855404,6.605601089,0.08830336253,,,,,0.1407961964,0,6293.968,10737.70056,18989.88,15479.626,5040.37,2626.633,1035.106,2.171949147,3.705411207,6.553108255,5.341774931,1.739352237,0.9064096454,0.3571987645,0
2025,regional_local_government,Portuguese Public Finance Council annual ESA 2010 workbook,esa2010_modern,19734.95949,818.439,2179.011757,21913.97125,,7071.764,120.265,341.705,4546.167,4236.387,21284.229,629.7422505,,,,,750.0072505,306765.485,6.433239871,0.2667963118,0.7103184237,7.143558295,,2.305267165,0.03920421491,0.11138965,1.481968221,1.380985543,6.938273711,0.2052845842,,,,,0.2444887992,0,6969.8,11946.72049,21163.964,16617.797,5409.524,2754.852,1039.952,2.272028745,3.894414814,6.899069496,5.417101275,1.763406988,0.8980319282,0.3390055436,0
1977,social_security_funds,Banco de Portugal / INE long series,historical_long_series,311.3590899,295.6630299,0.03491585279,311.3940057,312.9529239,16.08993593,1.01754771,0,2.294470327,2.294470327,315.2473942,-3.853388511,11.20485131,292.1798675,0.03491585279,0,-2.835840801,3602.601334,8.642618513,8.206931671,0.0009691844741,8.643587697,8.686859712,0.4466199402,0.02824480467,0,0.06368926544,0.06368926544,8.750548977,-0.1069612803,0.311021128,8.110247023,0.0009691844741,0,-0.07871647561,2.575717417e-14,,,,,,,,,,,,,,,
1978,social_security_funds,Banco de Portugal / INE long series,historical_long_series,389.570963,354.1307301,5.287257709,394.8582208,355.8623807,20.34422109,1.970251693,0,5.801019543,3.082571004,361.6634003,33.19482048,30.39630974,328.5411159,5.287257709,2.718448539,35.16507218,4456.083151,8.742452728,7.947130205,0.1186525819,8.86110531,7.985990581,0.4565494044,0.0442148772,0,0.1301820309,0.06917669395,8.116172611,0.7449326989,0.6821306675,7.372867713,0.1186525819,0.0610053369,0.7891475761,2.131628207e-14,,,,,,,,,,,,,,,
1979,social_security_funds,Banco de Portugal / INE long series,historical_long_series,464.4608977,429.51255,5.202462066,469.6633597,406.5757559,25.64722337,0.09975957941,0,6.409552977,2.997775361,412.9853088,56.6780509,29.10619885,374.2001776,5.202462066,3.411777616,56.77781048,5665.868483,8.197523452,7.580701021,0.09182108765,8.289344539,7.175877044,0.4526618196,0.001760711173,0,0.1131256928,0.05290937074,7.289002737,1.000341802,0.5137111625,6.604462823,0.09182108765,0.0602163221,1.002102513,3.552713679e-14,,,,,,,,,,,,,,,
1980,social_security_funds,Banco de Portugal / INE long series,historical_long_series,605.7181173,556.1441925,8.338309674,614.056427,577.2974062,39.29933805,0,0,8.998314063,4.085154777,586.2957203,27.7607067,42.08876109,529.5441885,8.338309674,4.913159286,27.7607067,7363.833272,8.225581636,7.552373498,0.1132332763,8.338814912,7.839631682,0.5336804433,0,0,0.1221960592,0.05547592709,7.961827742,0.3769871706,0.5715604839,7.191148536,0.1132332763,0.06672013209,0.3769871706,0,,,,,,,,,,,,,,,
1981,social_security_funds,Banco de Portugal / INE long series,historical_long_series,753.2946082,702.0872597,8.467453437,761.7620617,767.4740109,44.09487911,1.516345607,0,11.06333736,3.092546962,778.5373482,-16.77528656,40.96895981,710.2535639,8.467453437,7.970790395,-15.25894095,8847.305645,8.514395664,7.935605345,0.09570657753,8.610102241,8.674663696,0.4983989576,0.0171390666,0,0.125047532,0.03495467531,8.799711228,-0.1896089864,0.4630670788,8.02790807,0.09570657753,0.09009285668,-0.1724699198,-1.065814104e-14,,,,,,,,,,,,,,,
1982,social_security_funds,Banco de Portugal / INE long series,historical_long_series,987.5928289,925.6032312,9.537090612,997.1299195,969.7628941,51.69764744,2.593749065,0,9.49711196,0.5337137499,979.260006,17.86991351,52.2011203,901.4550134,9.537090612,8.96339821,20.46366257,10698.31816,9.23129051,8.651857399,0.08914570001,9.32043621,9.064629409,0.4832315386,0.02424445624,0,0.08877200901,0.004988763112,9.153401418,0.1670347922,0.4879376321,8.426137642,0.08914570001,0.0837832459,0.1912792485,4.618527782e-14,,,,,,,,,,,,,,,
1983,social_security_funds,Banco de Portugal / INE long series,historical_long_series,1270.30784,1156.763211,8.991520436,1279.29936,1197.632707,55.00238213,3.446693469,0,14.00973653,4.778483854,1211.642443,67.65691683,102.4325326,1120.855084,8.991520436,9.231252681,71.1036103,13668.75365,9.29351624,8.462828731,0.06578156772,9.359297808,8.761828166,0.4023950066,0.0252158577,0,0.1024946158,0.03495917754,8.864322782,0.4949750254,0.7493918996,8.200126459,0.06578156772,0.06753543827,0.5201908831,0,,,,,,,,,,,,,,,
1984,social_security_funds,Banco de Portugal / INE long series,historical_long_series,1653.468363,1412.541545,8.922721242,1662.391084,1449.237579,59.17223907,2.922955677,0,12.81121497,5.626440279,1462.048794,200.3422901,229.0001945,1363.461114,8.922721242,7.184774693,203.2652458,16785.04216,9.850844263,8.415478086,0.05315876574,9.904003029,8.634101512,0.3525295826,0.01741405025,0,0.07632518792,0.03352056089,8.7104267,1.193576329,1.364311107,8.12307232,0.05315876574,0.04280462702,1.210990379,1.136868377e-13,,,,,,,,,,,,,,,
1985,social_security_funds,Banco de Portugal / INE long series,historical_long_series,1960.327278,1681.365469,10.13999262,1970.467271,1795.320525,77.55798883,2.384253948,0,13.4485889,5.372053351,1808.769113,161.6981574,251.6810437,1686.195085,10.13999262,8.076535549,164.0824114,20605.41146,9.513652673,8.159824774,0.04921033796,9.562863011,8.712859376,0.376396215,0.01157100868,0,0.06526726693,0.02607108022,8.778126643,0.7847363677,1.221431779,8.183263353,0.04921033796,0.03919618671,0.7963073763,-1.98951966e-13,,,,,,,,,,,,,,,
1986,social_security_funds,Banco de Portugal / INE long series,historical_long_series,2722.788201,2422.141344,60.96806696,2783.756268,2388.144881,94.39251404,0.004987978971,37.09061163,52.51375186,10.24530881,2440.658633,343.0976347,254.4828014,2218.782734,60.96806696,42.26844305,343.1026227,25181.81629,10.81251714,9.618612561,0.2421114755,11.05462861,9.483608546,0.3748439468,1.980786022e-05,0.1472912486,0.2085383805,0.04068534489,9.692146926,1.362481684,1.010581598,8.81105123,0.2421114755,0.1678530356,1.362501492,0,,,,,,,,,,,,,,,
1987,social_security_funds,Banco de Portugal / INE long series,historical_long_series,3243.630082,2856.324518,19.86213226,3263.492214,3066.897238,103.660179,0.004987978971,64.70406321,33.46861065,14.1608723,3100.365849,163.1263655,308.6366956,2857.997227,19.86213226,19.30773835,163.1313534,29670.65301,10.93211559,9.626766614,0.06694201255,10.9990576,10.33646694,0.3493693885,1.681115333e-05,0.218074281,0.1128003844,0.0477268643,10.44926732,0.5497902773,1.040208638,9.632404201,0.06694201255,0.0650735201,0.5498070885,-1.421085472e-13,,,,,,,,,,,,,,,
1988,social_security_funds,Banco de Portugal / INE long series,historical_long_series,3802.522393,3301.51654,19.81724045,3822.339634,3555.381054,126.5300625,0.004987978971,83.75814288,35.38899253,16.57006614,3590.770047,231.5695873,399.5308856,3300.440937,19.81724045,18.81892639,231.5745753,35416.43021,10.7366055,9.321991293,0.05595493486,10.79256043,10.03879,0.3572637384,1.408379936e-05,0.2364951589,0.09992252839,0.04678638147,10.13871253,0.653847906,1.128094738,9.318954277,0.05595493486,0.05313614692,0.6538619898,-2.842170943e-14,,,,,,,,,,,,,,,
1989,social_security_funds,Banco de Portugal / INE long series,historical_long_series,4457.672619,3918.405822,13.38773556,4471.060355,4144.99807,149.8239243,0,60.89823525,39.64278589,18.94933211,4184.640856,286.419499,431.4441346,3880.418192,13.38773556,20.69345378,286.419499,41841.30823,10.65376014,9.364921863,0.03199645547,10.6857566,9.9064734,0.3580765772,0,0.1455457246,0.09474556978,0.04528857465,10.00121897,0.6845376283,1.031143989,9.274132087,0.03199645547,0.04945699514,0.6845376283,-3.410605132e-13,,,,,,,,,,,,,,,
1990,social_security_funds,Banco de Portugal / INE long series,historical_long_series,5321.365607,4747.51848,12.84404585,5334.209653,5067.357766,159.1115412,0,120.1903413,38.80215181,15.17343203,5106.159918,228.0497351,411.2039984,4724.598717,12.84404585,23.62871979,228.0497351,50239.23883,10.59205062,9.449821676,0.02556576522,10.61761638,10.0864541,0.3167077068,0,0.2392359918,0.07723475259,0.03020235255,10.16368886,0.4539275285,0.8184916968,9.404200436,0.02556576522,0.04703240005,0.4539275285,-2.842170943e-14,,,,,,,,,,,,,,,
1991,social_security_funds,Banco de Portugal / INE long series,historical_long_series,6386.531216,5662.842549,12.23052444,6398.76174,6403.430489,200.2124879,0,188.0567832,65.22702786,18.3108708,6468.657517,-69.89577618,575.5080257,5944.229407,12.23052444,46.91615706,-69.89577618,57608.07092,11.08617441,9.829946497,0.02123057454,11.10740498,11.11550931,0.3475424271,0,0.3264417297,0.1132255026,0.0317852525,11.22873482,-0.1213298329,0.999005897,10.31839691,0.02123057454,0.08144025015,-0.1213298329,-6.394884622e-13,,,,,,,,,,,,,,,
1992,social_security_funds,Banco de Portugal / INE long series,historical_long_series,7915.2188,6681.233228,18.38569049,7933.604491,7718.602645,231.7015991,3.726020291,122.9437057,34.24494468,4.474217137,7752.84759,180.7569009,1108.852665,7282.873275,18.38569049,29.77072755,184.4829212,64765.86489,12.22128171,10.31597932,0.02838793324,12.24966964,11.9177018,0.3577526519,0.00575306189,0.1898279377,0.05287499015,0.006908295202,11.97057679,0.2790928542,1.712094275,11.24492553,0.02838793324,0.04596669495,0.2848459161,-1.98951966e-13,,,,,,,,,,,,,,,
1993,social_security_funds,Banco de Portugal / INE long series,historical_long_series,9418.148062,7402.335372,18.72986103,9436.877923,9135.943176,233.7865744,7.382208877,265.9041709,74.45132231,1.481429754,9210.394498,226.4834249,1912.625572,8558.484053,18.72986103,72.96989256,233.8656338,67733.29321,13.90475439,10.92865122,0.02765237027,13.93240676,13.48811307,0.3451575485,0.01089893688,0.3925752881,0.1099183559,0.002187151523,13.59803143,0.3343753333,2.8237599,12.63556465,0.02765237027,0.1077312044,0.3452742702,-9.379164112e-13,,,,,,,,,,,,,,,
1994,social_security_funds,Banco de Portugal / INE long series,historical_long_series,9544.421192,7980.786305,19.62270927,9564.043902,9766.406208,231.746491,7.796211131,188.3810018,76.02380354,6.808811891,9842.430012,-278.3861104,1434.956754,9260.746601,19.62270927,69.21499165,-270.5898993,73437.83279,12.99659975,10.86740444,0.02672016388,13.02331991,13.29887585,0.3155682598,0.01061606918,0.2565176485,0.1035213059,0.009271531623,13.40239715,-0.379077241,1.953974811,12.6103212,0.02672016388,0.09424977429,-0.3684611718,-5.684341886e-13,,,,,,,,,,,,,,,
1995,social_security_funds,Banco de Portugal / INE long series,historical_long_series,10556.09655,8904.270708,22.15660259,10578.25315,10853.72925,240.1262956,11.28779641,170.7185683,94.05928546,8.976487804,10947.78854,-369.5353881,1228.753704,10349.43287,22.15660259,85.08279766,-358.2475916,79373.07522,13.29934177,11.21825088,0.02791450694,13.32725628,13.6743212,0.3025286534,0.01422119072,0.2150837268,0.1185027608,0.01130923525,13.79282396,-0.465567684,1.548073701,13.03897176,0.02791450694,0.1071935255,-0.4513464933,-1.705302566e-13,,,,,,,,,,,,,,,
2000,social_security_funds,Portuguese Public Finance Council annual ESA 2010 workbook,esa2010_modern,12086.72298,8844.914,19.334,12106.05698,,252.949,0,125.005,816.48,75.827,11949.031,157.0259787,,,,,157.0259787,128414.445,9.412276772,6.887787429,0.01505593861,9.427332711,,0.1969786187,0,0.09734496769,0.6358163211,0.05904865298,9.305052091,0.1222806194,,,,,0.1222806194,0,514.756,2727.052979,11949.031,11132.551,117.094,9483.46,1154.043,0.4008552153,2.123634128,9.305052091,8.66923577,0.0911844458,7.385041457,0.898686281,0
2001,social_security_funds,Portuguese Public Finance Council annual ESA 2010 workbook,esa2010_modern,12905.87686,9641.545,31.181,12937.05786,,295.779,2.552,106.627,993.279,106.396,13145.286,-208.2281407,,,,,-205.6761407,135775.009,9.505340456,7.101119028,0.02296519826,9.528305654,,0.2178449497,0.001879580063,0.07853212516,0.731562463,0.07836199075,9.681668296,-0.1533626418,,,,,-0.1514830617,0,547.312,2717.019859,13142.734,12149.455,117.949,10340.324,1288.776,0.4031021644,2.001119263,9.679788716,8.948226253,0.08687092041,7.615778541,0.9491997161,0
2002,social_security_funds,Portuguese Public Finance Council annual ESA 2010 workbook,esa2010_modern,14561.66817,10149.938,37.774,14599.44217,,287.249,3.064,138.037,85.717,71.858,13607.426,992.0161678,,,,,995.0801678,142554.263,10.21482477,7.120052243,0.02649797993,10.24132275,,0.2015015153,0.002149356979,0.09683119753,0.06012938385,0.05040747186,9.545436042,0.695886708,,,,,0.6980360649,0,581.923,3829.807168,13604.362,13518.645,141.266,11251.396,1700.697,0.4082115734,2.686560954,9.543286685,9.483157301,0.09909629991,7.892711002,1.193017286,0
2003,social_security_funds,Portuguese Public Finance Council annual ESA 2010 workbook,esa2010_modern,15144.22758,10245.023,26.764,15170.99158,,404.936,3.095,199.215,79.856,45.929,14764.625,406.3665819,,,,,409.4615819,146067.858,10.3679398,7.013879125,0.01832299067,10.38626279,,0.277224576,0.0021188782,0.1363852409,0.05467048062,0.03144360479,10.10805882,0.2782039714,,,,,0.2803228496,0,739.452,4159.752582,14761.53,14681.674,91.307,12424.007,1562.209,0.5062386826,2.847821991,10.10593994,10.05126946,0.06250998765,8.505640577,1.069509077,0
2004,social_security_funds,Portuguese Public Finance Council annual ESA 2010 workbook,esa2010_modern,16143.99532,10508.783,22.813,16166.80832,,368.131,0.003,102.085,77.633,43.113,15857.024,309.7843197,,,,,309.7873197,152248.388,10.60372168,6.902393607,0.0149840667,10.61870574,,0.2417963204,1.970464213e-06,0.06705161305,0.05099101608,0.0283175412,10.41523277,0.2034729719,,,,,0.2034749423,0,671.953,4963.25932,15857.021,15779.388,149.238,13437.831,1722.103,0.441353113,3.259974956,10.4152308,10.36423978,0.09802271273,8.826255027,1.131114111,0
2005,social_security_funds,Portuguese Public Finance Council annual ESA 2010 workbook,esa2010_modern,17437.99006,11136.151,22.831,17460.82106,,360.869,3.536,156.066,101.727,31.396,16948.209,512.6120555,,,,,516.1480555,158552.704,10.99822937,7.023627298,0.01439962828,11.012629,,0.2276019209,0.002230173255,0.09843162309,0.06415973833,0.01980161751,10.68932196,0.3233070409,,,,,0.3255372141,0,823.364,5478.475056,16944.673,16842.946,146.018,14475.894,1704.099,0.519299879,3.455302191,10.68709178,10.62293204,0.09209429818,9.130020261,1.074783941,0
2006,social_security_funds,Portuguese Public Finance Council annual ESA 2010 workbook,esa2010_modern,18812.10693,11701.755,15.057707,18827.16464,,374.312,0.002418,175.879,78.377182,35.065,18009.78783,817.3768087,,,,,817.3792267,166260.469,11.31484053,7.038206418,0.009056697055,11.32389723,,0.2251358981,1.454344508e-06,0.1057852183,0.04714120108,0.02109040123,10.83227296,0.491624265,,,,,0.4916257193,0,821.914,6288.437935,18009.78542,17931.40823,146.877,15402.545,1831.795233,0.4943532308,3.782280883,10.83227151,10.78513031,0.08834150468,9.264105348,1.10176234,0
2007,social_security_funds,Portuguese Public Finance Council annual ESA 2010 workbook,esa2010_modern,20035.85268,12468.547,14.96533,20050.81801,,354.204,0.125659,116.27,47.274637,17.733,18630.66228,1420.155727,,,,,1420.281386,175483.401,11.41752016,7.105257209,0.008528060155,11.42604822,,0.2018447317,7.160734251e-05,0.06625697892,0.02693966309,0.01010522927,10.61676613,0.8092820852,,,,,0.8093536925,0,843.182,6724.12368,18630.53662,18583.26199,172.804,16056.354,1883.629987,0.4804910295,3.831771918,10.61669452,10.58975486,0.09847313137,9.149785056,1.073394963,0
2008,social_security_funds,Portuguese Public Finance Council annual ESA 2010 workbook,esa2010_modern,21262.85947,13100.636,11.39176,21274.25123,,354.605,0.08183,82,72.40517,28.093,19594.04133,1680.2099,,,,,1680.29173,179102.781,11.87187566,7.314591056,0.006360459584,11.87823612,,0.1979896672,4.568884947e-05,0.04578376703,0.04042660287,0.01568540692,10.94011004,0.9381260808,,,,,0.9381717696,0,161.142,8001.08147,19593.9595,19521.55433,173.304,16927.779,1983.86633,0.08997180228,4.467312805,10.94006435,10.89963775,0.09676231661,9.451432806,1.107669194,0
2009,social_security_funds,Portuguese Public Finance Council annual ESA 2010 workbook,esa2010_modern,21934.59285,13212.044,11.944,21946.53685,,363.028,0.06,183.086,108.849,33.34,21534.08,412.45685,,,,,412.51685,175416.437,12.50429733,7.531816417,0.006808940031,12.51110627,,0.2069520999,3.420432032e-05,0.1043722032,0.0620517677,0.01900620066,12.27597617,0.2351301036,,,,,0.2351643079,0,161.474,8561.07485,21534.02,21425.171,138.53,18608.146,2132.381,0.09205180698,4.880429107,12.27594196,12.2138902,0.07897207489,10.6079831,1.215610713,0
2010,social_security_funds,Portuguese Public Finance Council annual ESA 2010 workbook,esa2010_modern,23068.40719,13570.75219,10.559,23078.96619,,341.518,0.025,238.115,92.147,17.344,22274.191,804.77519,,,,,804.80019,179860.351,12.82573233,7.545160517,0.005870665737,12.831603,,0.189879536,1.389967264e-05,0.132388822,0.05123252539,0.009643036891,12.38415853,0.4474444676,,,,,0.4474583673,0,142.841,9354.814,22274.166,22182.019,162.356,19368.624,2071.406,0.07941772559,5.201154089,12.38414463,12.3329121,0.09026781005,10.76870132,1.151674612,0
2011,social_security_funds,Portuguese Public Finance Council annual ESA 2010 workbook,esa2010_modern,22415.055,13782.69,24.249,22439.304,,312.625,0.006,233.456,70.057,25.733,22000.332,438.972,,,,,438.978,176318.001,12.71285681,7.816950012,0.01375299168,12.7266098,,0.1773074775,3.402942392e-06,0.1324062198,0.03973332252,0.01459465276,12.47764373,0.2489660713,,,,,0.2489694742,0,163.6,8468.765,22000.326,21930.269,99.322,19305.671,1979.195,0.09278689588,4.803119904,12.47764033,12.43790701,0.05633117404,10.94934771,1.122514428,0
2012,social_security_funds,Portuguese Public Finance Council annual ESA 2010 workbook,esa2010_modern,23015.287,13081.318,22.674,23037.961,,252.511,0.021,168.748,53.047,29.203,22724.076,313.885,,,,,313.906,168538.75,13.65578361,7.761608532,0.01345328597,13.6692369,,0.1498237052,1.246004257e-05,0.1001241554,0.03147466087,0.01732717253,13.48299783,0.1862390697,,,,,0.1862515297,0,171.065,9762.904,22724.055,22671.008,99.209,20154.503,1996.037,0.1014989135,5.792676165,13.48298537,13.45151071,0.05886420779,11.9583793,1.184319333,0
2013,social_security_funds,Portuguese Public Finance Council annual ESA 2010 workbook,esa2010_modern,23830.265,13287.416,14.911,23845.176,,277.354,0.011,155.223,43.843,19.919,23497.336,347.84,,,,,347.851,170675.649,13.96231105,7.785185571,0.008736454255,13.9710475,,0.1625035567,6.444973296e-06,0.09094618999,0.02568790584,0.01167067482,13.76724573,0.2038017737,,,,,0.2038082187,0,177.369,10365.48,23497.325,23453.482,88.698,20847.098,2085.109,0.103921679,6.0732038,13.76723929,13.74155138,0.05196874922,12.21445363,1.221679257,0
2014,social_security_funds,Portuguese Public Finance Council annual ESA 2010 workbook,esa2010_modern,23728.379,13546.404,16.603,23744.982,,271.198,0.019,123.02,44.998,23.581,22937.346,807.636,,,,,807.655,173186.662,13.70104298,7.821851777,0.009586765983,13.71062975,,0.1565928905,1.097082176e-05,0.07103318384,0.0259823704,0.01361594463,13.2442913,0.4663384528,,,,,0.4663494236,0,174.069,10007.906,22937.327,22892.329,78.399,20305.372,2114.34,0.1005094723,5.778681732,13.24428032,13.21829795,0.04526849764,11.72455879,1.220844594,0
2015,social_security_funds,Portuguese Public Finance Council annual ESA 2010 workbook,esa2010_modern,24076.112,14131.051,15.484,24091.596,,241.901,0,75.884,34.786,15.126,22963.062,1128.534,,,,,1128.534,179392.709,13.42089772,7.877160158,0.008631342983,13.42952907,,0.1348443877,0,0.04230049283,0.01939097759,0.008431780803,12.8004433,0.6290857674,,,,,0.6290857674,0,184.482,9760.579,22963.062,22928.276,71.223,19873.961,2665.307,0.1028369553,5.440900611,12.8004433,12.78105232,0.03970228244,11.07846641,1.485738754,0
2016,social_security_funds,Portuguese Public Finance Council annual ESA 2010 workbook,esa2010_modern,24780.464,14841.064,19.568,24800.032,,246.2,0,92.608,9.053,-6.429,23230.089,1569.943,,,,,1569.943,186380.749,13.29561349,7.962766584,0.01049893839,13.30611242,,0.1320951876,0,0.04968753506,0.004857261304,-0.003449390581,12.46378133,0.8423310929,,,,,0.8423310929,0,218.939,9720.461,23230.089,23221.036,64.893,20139.125,2678.21,0.117468677,5.215378226,12.46378133,12.45892407,0.03481743707,10.80536757,1.436956346,0
2017,social_security_funds,Portuguese Public Finance Council annual ESA 2010 workbook,esa2010_modern,25855.718,15883.272,21.263,25876.981,,254.867,0,80.882,36.085,20.939,23634.427,2242.554,,,,,2242.554,195509.136,13.22481319,8.124056157,0.0108757066,13.23568889,,0.13036066,0,0.04136993373,0.01845693799,0.01070998544,12.08865605,1.147032842,,,,,1.147032842,0,240.486,9731.96,23634.427,23598.342,72.783,20465.634,2724.176,0.1230049935,4.977752037,12.08865605,12.07019911,0.03722741632,10.46786581,1.393375295,0
2018,social_security_funds,Portuguese Public Finance Council annual ESA 2010 workbook,esa2010_modern,26647.598,17049.069,27.541,26675.139,,267.729,0,99.551,93.085,68.743,24640.347,2034.792,,,,,2034.792,204997.646,12.99897756,8.316714525,0.01343478842,13.01241235,,0.1306010119,0,0.04856202105,0.04540783849,0.0335335558,12.01981949,0.9925928613,,,,,0.9925928613,0,241.548,9356.981,24640.347,24547.262,63.548,21301.421,2815.013,0.1178296457,4.564433389,12.01981949,11.97441165,0.03099938035,10.39105639,1.373192841,0
2019,social_security_funds,Portuguese Public Finance Council annual ESA 2010 workbook,esa2010_modern,28781.063,18532.578,31.02,28812.083,,284.192,0,110.628,4.034,-20.046,25836.613,2975.47,,,,,2975.47,214489.895,13.41837712,8.640303544,0.01446221977,13.43283934,,0.1324966848,0,0.05157725496,0.001880741282,-0.009345894826,12.04560849,1.387230853,,,,,1.387230853,0,247.171,10001.314,25836.613,25832.579,65.069,22446.558,2926.132,0.1152366642,4.662836914,12.04560849,12.04372775,0.03033662728,10.46508881,1.364228371,0
2020,social_security_funds,Portuguese Public Finance Council annual ESA 2010 workbook,esa2010_modern,31289.877,18844.001,30.893,31320.77,,286.545,0,1475.986,48.824,37.175,29122.861,2197.909,,,,,2197.909,201032.705,15.56457045,9.373599684,0.01536715133,15.5799376,,0.1425365092,0,0.73420193,0.02428659556,0.01849201601,14.48662843,1.093309171,,,,,1.093309171,0,203.943,12241.933,29122.861,29074.037,72.541,23895.393,3343.572,0.1014476724,6.089523095,14.48662843,14.46234184,0.03608417844,11.88632118,1.663198035,0
2021,social_security_funds,Portuguese Public Finance Council annual ESA 2010 workbook,esa2010_modern,32254.097,20273.61,42.395,32296.492,,294.678,0,1315.924,57.994,46.197,29828.175,2468.317,,,,,2468.317,216493.745,14.89839672,9.364524596,0.01958255191,14.91797927,,0.1361138632,0,0.6078346513,0.02678784091,0.02133872274,13.7778461,1.140133171,,,,,1.140133171,0,212.251,11768.236,29828.175,29770.181,77.737,24688.927,3392.915,0.09804024592,5.435831876,13.7778461,13.75105826,0.03590727298,11.40399091,1.567211561,0
2022,social_security_funds,Portuguese Public Finance Council annual ESA 2010 workbook,esa2010_modern,34689.12,22563.085,34.572,34723.692,,303.666,0,208.727,65.273,52.406,30424.288,4299.404,,,,,4299.404,243957.084,14.21935343,9.24879271,0.01417134499,14.23352478,,0.124475172,0,0.08555890101,0.02675593548,0.02148164716,12.47116399,1.762360793,,,,,1.762360793,0,230.202,11895.833,30424.288,30359.015,75.159,26213.851,3557.612,0.09436167879,4.876199045,12.47116399,12.44440805,0.03080828758,10.74527149,1.458294197,0
2023,social_security_funds,Portuguese Public Finance Council annual ESA 2010 workbook,esa2010_modern,37845.16,25368.629,21.531,37866.691,,319.594,0,83.707,149.948,61.096,32146.532,5720.159,,,,,5720.159,270352.615,13.99844422,9.383533797,0.007964043551,14.00640826,,0.1182137632,0,0.03096215659,0.05546386152,0.02259863475,11.89059407,2.115814193,,,,,2.115814193,0,235.008,12241.523,32146.532,31996.584,95.702,27867.012,3630.569,0.08692647563,4.527983944,11.89059407,11.83513021,0.03539895481,10.30765395,1.342901381,0
2024,social_security_funds,Portuguese Public Finance Council annual ESA 2010 workbook,esa2010_modern,41731.323,27925.918,31.346507,41762.66951,,325.444,0,60.676,194.549,76.347,35732.114,6030.555507,,,,,6030.555507,289784.317,14.40082177,9.636794113,0.01081718546,14.41163895,,0.1123055945,0,0.02093833118,0.06713579327,0.02634614626,12.33058931,2.081049647,,,,,2.081049647,0,232.904,13572.501,35732.114,35537.565,108.918,30883.67,4158.857,0.08037149919,4.683656155,12.33058931,12.26345351,0.03758588495,10.65746771,1.435155996,0
2025,social_security_funds,Portuguese Public Finance Council annual ESA 2010 workbook,esa2010_modern,45267.37704,30393.564,49.831125,45317.20816,,349.723,0,113.401,189.876,102.365,38252.516,7064.692165,,,,,7064.692165,306765.485,14.75634622,9.907752171,0.01624404551,14.77259026,,0.114003373,0,0.03696667505,0.06189614193,0.03336913864,12.46962839,2.302961875,,,,,2.302961875,0,236.159,14637.65404,38252.516,38062.64,120.594,32886.407,4592.515,0.07698356287,4.771610483,12.46962839,12.40773225,0.03931146296,10.7203739,1.497076831,0
