country,year,sector,balance_mio_nac,balance_pct_gdp,flag
AT,1995,central_government,-9512.5,-5.4,
AT,1995,general_government,-10856.4,-6.2,
AT,1995,local_government,-1154.2,-0.7,
AT,1995,social_security_funds,-228.7,-0.1,
AT,1995,state_government,38.9,0,
AT,1996,central_government,-8221.5,-4.5,
AT,1996,general_government,-8303.1,-4.6,
AT,1996,local_government,-497.2,-0.3,
AT,1996,social_security_funds,-15.4,0,
AT,1996,state_government,431,0.2,
AT,1997,central_government,-6076.8,-3.2,
AT,1997,general_government,-4924.3,-2.6,
AT,1997,local_government,188.3,0.1,
AT,1997,social_security_funds,293.9,0.2,
AT,1997,state_government,670.2,0.4,
AT,1998,central_government,-5919.9,-3,
AT,1998,general_government,-5377.5,-2.8,
AT,1998,local_government,-1,0,
AT,1998,social_security_funds,218.2,0.1,
AT,1998,state_government,325.2,0.2,
AT,1999,central_government,-5157.8,-2.5,
AT,1999,general_government,-5344.2,-2.6,
AT,1999,local_government,-200.3,-0.1,
AT,1999,social_security_funds,-77.6,0,
AT,1999,state_government,91.5,0,
AT,2000,central_government,-4521,-2.1,
AT,2000,general_government,-5111.4,-2.4,
AT,2000,local_government,-212.5,-0.1,
AT,2000,social_security_funds,-257.6,-0.1,
AT,2000,state_government,-120.2,-0.1,
AT,2001,central_government,-1900.2,-0.9,
AT,2001,general_government,-1563.3,-0.7,
AT,2001,local_government,383.4,0.2,
AT,2001,social_security_funds,-28,0,
AT,2001,state_government,-18.5,0,
AT,2002,central_government,-2937.6,-1.3,
AT,2002,general_government,-3208.1,-1.4,
AT,2002,local_government,96.2,0,
AT,2002,social_security_funds,-101,0,
AT,2002,state_government,-265.6,-0.1,
AT,2003,central_government,-3917.7,-1.7,
AT,2003,general_government,-4239.3,-1.8,
AT,2003,local_government,-82.7,0,
AT,2003,social_security_funds,-128.7,-0.1,
AT,2003,state_government,-110.2,0,
AT,2004,central_government,-11127.1,-4.6,
AT,2004,general_government,-11886,-4.9,
AT,2004,local_government,-216,-0.1,
AT,2004,social_security_funds,-193.8,-0.1,
AT,2004,state_government,-349.1,-0.1,
AT,2005,central_government,-6172.8,-2.4,
AT,2005,general_government,-6532.2,-2.6,
AT,2005,local_government,-19.4,0,
AT,2005,social_security_funds,-51.2,0,
AT,2005,state_government,-288.8,-0.1,
AT,2006,central_government,-5851.4,-2.2,
AT,2006,general_government,-6936.9,-2.6,
AT,2006,local_government,-123.6,0,
AT,2006,social_security_funds,29.7,0,
AT,2006,state_government,-991.5,-0.4,
AT,2007,central_government,-3106.3,-1.1,
AT,2007,general_government,-3865.1,-1.4,
AT,2007,local_government,-108.1,0,
AT,2007,social_security_funds,-273.9,-0.1,
AT,2007,state_government,-376.8,-0.1,
AT,2008,central_government,-3952.6,-1.4,
AT,2008,general_government,-4586.6,-1.6,
AT,2008,local_government,-269.9,-0.1,
AT,2008,social_security_funds,126.5,0,
AT,2008,state_government,-490.6,-0.2,
AT,2009,central_government,-12315.1,-4.3,
AT,2009,general_government,-15404.3,-5.4,
AT,2009,local_government,-1304.9,-0.5,
AT,2009,social_security_funds,223.6,0.1,
AT,2009,state_government,-2007.9,-0.7,
AT,2010,central_government,-9669.7,-3.3,
AT,2010,general_government,-13127.5,-4.5,
AT,2010,local_government,-1372.8,-0.5,
AT,2010,social_security_funds,460.8,0.2,
AT,2010,state_government,-2545.7,-0.9,
AT,2011,central_government,-6847.6,-2.2,
AT,2011,general_government,-7647.6,-2.5,
AT,2011,local_government,-471.3,-0.2,
AT,2011,social_security_funds,697.3,0.2,
AT,2011,state_government,-1026,-0.3,
AT,2012,central_government,-6839.2,-2.2,
AT,2012,general_government,-6891.9,-2.2,
AT,2012,local_government,-263.3,-0.1,
AT,2012,social_security_funds,593.4,0.2,
AT,2012,state_government,-382.8,-0.1,
AT,2013,central_government,-6602.8,-2.1,
AT,2013,general_government,-6399.8,-2,
AT,2013,local_government,-221,-0.1,
AT,2013,social_security_funds,447.8,0.1,
AT,2013,state_government,-23.7,0,
AT,2014,central_government,-6883.7,-2.1,
AT,2014,general_government,-6349.8,-1.9,
AT,2014,local_government,-159.3,0,
AT,2014,social_security_funds,509,0.2,
AT,2014,state_government,184.2,0.1,
AT,2015,central_government,-2274.5,-0.7,
AT,2015,general_government,-1631.5,-0.5,
AT,2015,local_government,-80.5,0,
AT,2015,social_security_funds,274.4,0.1,
AT,2015,state_government,449.1,0.1,
AT,2016,central_government,-4116.1,-1.2,
AT,2016,general_government,-5162.2,-1.5,
AT,2016,local_government,-296.7,-0.1,
AT,2016,social_security_funds,442.2,0.1,
AT,2016,state_government,-1191.7,-0.3,
AT,2017,central_government,-3302.3,-0.9,
AT,2017,general_government,-2849.3,-0.8,
AT,2017,local_government,-317.6,-0.1,
AT,2017,social_security_funds,477.9,0.1,
AT,2017,state_government,292.8,0.1,
AT,2018,central_government,-407.5,-0.1,
AT,2018,general_government,748,0.2,
AT,2018,local_government,29.8,0,
AT,2018,social_security_funds,484.6,0.1,
AT,2018,state_government,641,0.2,
AT,2019,central_government,1477.5,0.4,
AT,2019,general_government,2122.6,0.5,
AT,2019,local_government,-96.8,0,
AT,2019,social_security_funds,197.6,0,
AT,2019,state_government,544.3,0.1,
AT,2020,central_government,-28130.6,-7.4,
AT,2020,general_government,-31202.7,-8.2,
AT,2020,local_government,-1135.3,-0.3,
AT,2020,social_security_funds,47.1,0,
AT,2020,state_government,-1983.9,-0.5,
AT,2021,central_government,-21012.1,-5.2,
AT,2021,general_government,-23128.8,-5.7,
AT,2021,local_government,-177.2,0,
AT,2021,social_security_funds,117,0,
AT,2021,state_government,-2056.5,-0.5,
AT,2022,central_government,-17582.7,-3.9,
AT,2022,general_government,-15325.4,-3.4,
AT,2022,local_government,784.2,0.2,
AT,2022,social_security_funds,-510,-0.1,
AT,2022,state_government,1983.1,0.4,
AT,2023,central_government,-8780.7,-1.8,
AT,2023,general_government,-12249.3,-2.6,
AT,2023,local_government,-2339.5,-0.5,
AT,2023,social_security_funds,-675.5,-0.1,
AT,2023,state_government,-453.6,-0.1,
AT,2024,central_government,-16685.9,-3.4,
AT,2024,general_government,-22952.6,-4.6,
AT,2024,local_government,-3084.7,-0.6,
AT,2024,social_security_funds,-876.5,-0.2,
AT,2024,state_government,-2305.5,-0.5,
AT,2025,central_government,-15188.4,-3,
AT,2025,general_government,-21463.5,-4.2,
AT,2025,local_government,-3343.7,-0.7,
AT,2025,social_security_funds,-643.8,-0.1,
AT,2025,state_government,-2287.7,-0.4,
BE,1995,central_government,-7972.4,-3.8,
BE,1995,general_government,-9489.6,-4.5,
BE,1995,local_government,418.4,0.2,
BE,1995,social_security_funds,-307.1,-0.1,
BE,1995,state_government,-1628.5,-0.8,
BE,1996,central_government,-7340.1,-3.4,
BE,1996,general_government,-8576.9,-4,
BE,1996,local_government,291,0.1,
BE,1996,social_security_funds,-768.4,-0.4,
BE,1996,state_government,-759.4,-0.4,
BE,1997,central_government,-5305.5,-2.4,
BE,1997,general_government,-4821,-2.2,
BE,1997,local_government,181.9,0.1,
BE,1997,social_security_funds,461.5,0.2,
BE,1997,state_government,-158.9,-0.1,
BE,1998,central_government,-3879,-1.7,
BE,1998,general_government,-2384.1,-1,
BE,1998,local_government,208.6,0.1,
BE,1998,social_security_funds,505.6,0.2,
BE,1998,state_government,780.7,0.3,
BE,1999,central_government,-3771.5,-1.6,
BE,1999,general_government,-1571,-0.6,
BE,1999,local_government,40.2,0,
BE,1999,social_security_funds,1071.3,0.4,
BE,1999,state_government,1089,0.4,
BE,2000,central_government,-1044.1,-0.4,
BE,2000,general_government,-203.3,-0.1,
BE,2000,local_government,-772.1,-0.3,
BE,2000,social_security_funds,852.8,0.3,
BE,2000,state_government,760.1,0.3,
BE,2001,central_government,-2857.3,-1.1,
BE,2001,general_government,615.5,0.2,
BE,2001,local_government,-207.9,-0.1,
BE,2001,social_security_funds,1677,0.6,
BE,2001,state_government,2003.7,0.8,
BE,2002,central_government,-623.7,-0.2,
BE,2002,general_government,-119.4,0,
BE,2002,local_government,-343.9,-0.1,
BE,2002,social_security_funds,997.9,0.4,
BE,2002,state_government,-149.7,-0.1,
BE,2003,central_government,-4089.7,-1.5,
BE,2003,general_government,-5242,-1.9,
BE,2003,local_government,-124.5,0,
BE,2003,social_security_funds,-1174.9,-0.4,
BE,2003,state_government,147.1,0.1,
BE,2004,central_government,-527.8,-0.2,
BE,2004,general_government,-708.5,-0.2,
BE,2004,local_government,156.7,0.1,
BE,2004,social_security_funds,-257.8,-0.1,
BE,2004,state_government,-79.6,0,
BE,2005,central_government,-8549.6,-2.8,
BE,2005,general_government,-8417.5,-2.7,
BE,2005,local_government,22,0,
BE,2005,social_security_funds,-320.9,-0.1,
BE,2005,state_government,431,0.1,
BE,2006,central_government,-367.7,-0.1,
BE,2006,general_government,779,0.2,
BE,2006,local_government,-112.8,0,
BE,2006,social_security_funds,778.5,0.2,
BE,2006,state_government,481,0.1,
BE,2007,central_government,-2987.1,-0.9,
BE,2007,general_government,228.3,0.1,
BE,2007,local_government,534.3,0.2,
BE,2007,social_security_funds,1454.8,0.4,
BE,2007,state_government,1226.3,0.4,
BE,2008,central_government,-5498.3,-1.6,
BE,2008,general_government,-3852.8,-1.1,
BE,2008,local_government,847.4,0.2,
BE,2008,social_security_funds,1208.7,0.3,
BE,2008,state_government,-410.6,-0.1,
BE,2009,central_government,-13647,-3.9,b
BE,2009,general_government,-18943.5,-5.4,b
BE,2009,local_government,219.5,0.1,b
BE,2009,social_security_funds,-2620.7,-0.8,b
BE,2009,state_government,-2895.3,-0.8,b
BE,2010,central_government,-11137.4,-3.1,
BE,2010,general_government,-15013.3,-4.1,
BE,2010,local_government,-193.1,-0.1,
BE,2010,social_security_funds,-729.7,-0.2,
BE,2010,state_government,-2953.1,-0.8,
BE,2011,central_government,-14481.6,-3.8,
BE,2011,general_government,-16822,-4.4,
BE,2011,local_government,-546.6,-0.1,
BE,2011,social_security_funds,62.1,0,
BE,2011,state_government,-1855.9,-0.5,
BE,2012,central_government,-13903.5,-3.6,
BE,2012,general_government,-16869.4,-4.3,
BE,2012,local_government,-1840.3,-0.5,
BE,2012,social_security_funds,-380.4,-0.1,
BE,2012,state_government,-745.2,-0.2,
BE,2013,central_government,-10264.9,-2.6,
BE,2013,general_government,-12483.8,-3.2,
BE,2013,local_government,-808,-0.2,
BE,2013,social_security_funds,-351.8,-0.1,
BE,2013,state_government,-1059.1,-0.3,
BE,2014,central_government,-10692.8,-2.6,
BE,2014,general_government,-12858.1,-3.2,
BE,2014,local_government,-475.9,-0.1,
BE,2014,social_security_funds,-140.5,0,
BE,2014,state_government,-1548.9,-0.4,
BE,2015,central_government,-5572.5,-1.3,
BE,2015,general_government,-10286.1,-2.5,
BE,2015,local_government,494.8,0.1,
BE,2015,social_security_funds,799.5,0.2,
BE,2015,state_government,-6007.9,-1.4,
BE,2016,central_government,-11185.2,-2.6,
BE,2016,general_government,-10415.3,-2.4,
BE,2016,local_government,858.2,0.2,
BE,2016,social_security_funds,-267.9,-0.1,
BE,2016,state_government,179.6,0,
BE,2017,central_government,-5880.1,-1.3,
BE,2017,general_government,-3384.7,-0.8,
BE,2017,local_government,871,0.2,
BE,2017,social_security_funds,807.1,0.2,
BE,2017,state_government,817.3,0.2,
BE,2018,central_government,-1695.1,-0.4,
BE,2018,general_government,-4817,-1,
BE,2018,local_government,-807.7,-0.2,
BE,2018,social_security_funds,-253.7,-0.1,
BE,2018,state_government,-2060.5,-0.4,
BE,2019,central_government,-9411.7,-2,
BE,2019,general_government,-9819.1,-2,
BE,2019,local_government,-277.8,-0.1,
BE,2019,social_security_funds,1046.5,0.2,
BE,2019,state_government,-1176.1,-0.2,
BE,2020,central_government,-33259.2,-7.2,
BE,2020,general_government,-41898.5,-9,
BE,2020,local_government,355.8,0.1,
BE,2020,social_security_funds,1123.6,0.2,
BE,2020,state_government,-10118.7,-2.2,
BE,2021,central_government,-20095.6,-4,
BE,2021,general_government,-27336.5,-5.4,
BE,2021,local_government,-69.3,0,
BE,2021,social_security_funds,1411.4,0.3,
BE,2021,state_government,-8583,-1.7,
BE,2022,central_government,-13383.3,-2.4,
BE,2022,general_government,-19883,-3.5,
BE,2022,local_government,-496.4,-0.1,
BE,2022,social_security_funds,-723.6,-0.1,
BE,2022,state_government,-5279.7,-0.9,
BE,2023,central_government,-19679.8,-3.3,
BE,2023,general_government,-24720.1,-4.1,
BE,2023,local_government,19,0,
BE,2023,social_security_funds,1847.5,0.3,
BE,2023,state_government,-6906.8,-1.1,
BE,2024,central_government,-16774.5,-2.7,p
BE,2024,general_government,-27056.3,-4.4,p
BE,2024,local_government,-1083.6,-0.2,p
BE,2024,social_security_funds,221.9,0,p
BE,2024,state_government,-9420.1,-1.5,p
BE,2025,central_government,-24080.5,-3.8,p
BE,2025,general_government,-33220.7,-5.2,p
BE,2025,local_government,-365.5,-0.1,p
BE,2025,social_security_funds,173.1,0,p
BE,2025,state_government,-8947.8,-1.4,p
BG,1995,central_government,-32.2,-4.9,
BG,1995,general_government,-35.9,-5.5,
BG,1995,local_government,-10.6,-1.6,
BG,1995,social_security_funds,6.9,1.1,
BG,1996,central_government,-84.1,-7.5,
BG,1996,general_government,-90.7,-8.1,
BG,1996,local_government,-16,-1.4,
BG,1996,social_security_funds,9.5,0.8,
BG,1997,central_government,124.5,1.3,
BG,1997,general_government,147.3,1.5,
BG,1997,local_government,6.5,0.1,
BG,1997,social_security_funds,16.4,0.2,
BG,1998,central_government,199,1.5,
BG,1998,general_government,182,1.3,
BG,1998,local_government,-8.4,-0.1,
BG,1998,social_security_funds,-8.6,-0.1,
BG,1999,central_government,-11.8,-0.1,
BG,1999,general_government,19.6,0.2,
BG,1999,local_government,-29.4,-0.2,
BG,1999,social_security_funds,60.7,0.5,
BG,2000,central_government,-128.6,-0.9,
BG,2000,general_government,15.6,0.1,
BG,2000,local_government,-17,-0.1,
BG,2000,social_security_funds,161.1,1.1,
BG,2001,central_government,29.3,0.2,
BG,2001,general_government,107.6,0.7,
BG,2001,local_government,-10.1,-0.1,
BG,2001,social_security_funds,88.3,0.6,
BG,2002,central_government,-303.2,-1.7,
BG,2002,general_government,-184.6,-1.1,
BG,2002,local_government,16.6,0.1,
BG,2002,social_security_funds,102,0.6,
BG,2003,central_government,-34.2,-0.2,
BG,2003,general_government,-7.1,0,
BG,2003,local_government,-32.2,-0.2,
BG,2003,social_security_funds,59.3,0.3,
BG,2004,central_government,286.4,1.4,
BG,2004,general_government,376.1,1.8,
BG,2004,local_government,63.6,0.3,
BG,2004,social_security_funds,26.1,0.1,
BG,2005,central_government,477.1,2,
BG,2005,general_government,386.8,1.6,
BG,2005,local_government,-92.4,-0.4,
BG,2005,social_security_funds,2,0,
BG,2006,central_government,807.2,2.9,
BG,2006,general_government,731.2,2.7,
BG,2006,local_government,52.2,0.2,
BG,2006,social_security_funds,-128.2,-0.5,
BG,2007,central_government,-9.8,0,
BG,2007,general_government,-3.4,0,
BG,2007,local_government,-33.5,-0.1,
BG,2007,social_security_funds,40,0.1,
BG,2008,central_government,571.3,1.5,
BG,2008,general_government,528.7,1.4,
BG,2008,local_government,-137.2,-0.4,
BG,2008,social_security_funds,94.7,0.3,
BG,2009,central_government,-1474.4,-3.9,
BG,2009,general_government,-1661.1,-4.4,
BG,2009,local_government,-313.8,-0.8,
BG,2009,social_security_funds,127,0.3,
BG,2010,central_government,-987,-2.6,
BG,2010,general_government,-1402.8,-3.7,
BG,2010,local_government,-4.4,0,
BG,2010,social_security_funds,-411.4,-1.1,
BG,2011,central_government,-762.8,-1.8,
BG,2011,general_government,-724.7,-1.7,
BG,2011,local_government,-9.6,0,
BG,2011,social_security_funds,47.7,0.1,
BG,2012,central_government,-485.8,-1.1,
BG,2012,general_government,-340.8,-0.8,
BG,2012,local_government,104.6,0.2,
BG,2012,social_security_funds,40.5,0.1,
BG,2013,central_government,-459.9,-1.1,
BG,2013,general_government,-305.7,-0.7,
BG,2013,local_government,160.9,0.4,
BG,2013,social_security_funds,-6.7,0,
BG,2014,central_government,-2397.3,-5.6,
BG,2014,general_government,-2315,-5.4,
BG,2014,local_government,-16.7,0,
BG,2014,social_security_funds,99,0.2,
BG,2015,central_government,-406.2,-0.9,
BG,2015,general_government,-851.4,-1.9,
BG,2015,local_government,-426.7,-0.9,
BG,2015,social_security_funds,-18.5,0,
BG,2016,central_government,107.6,0.2,
BG,2016,general_government,155.1,0.3,
BG,2016,local_government,36.6,0.1,
BG,2016,social_security_funds,10.9,0,
BG,2017,central_government,762,1.5,
BG,2017,general_government,852.6,1.6,
BG,2017,local_government,122.9,0.2,
BG,2017,social_security_funds,-32.3,-0.1,
BG,2018,central_government,840,1.5,
BG,2018,general_government,970.5,1.7,
BG,2018,local_government,77.1,0.1,
BG,2018,social_security_funds,53.4,0.1,
BG,2019,central_government,1258.4,2.1,
BG,2019,general_government,1319,2.2,
BG,2019,local_government,-76.8,-0.1,
BG,2019,social_security_funds,137.5,0.2,
BG,2020,central_government,-2625.7,-4.2,
BG,2020,general_government,-2368.1,-3.8,
BG,2020,local_government,173,0.3,
BG,2020,social_security_funds,84.5,0.1,
BG,2021,central_government,-3309,-4.6,
BG,2021,general_government,-2825.5,-4,
BG,2021,local_government,69.4,0.1,
BG,2021,social_security_funds,414.1,0.6,
BG,2022,central_government,-2434.3,-2.8,
BG,2022,general_government,-2527.9,-2.9,
BG,2022,local_government,224.9,0.3,
BG,2022,social_security_funds,-318.6,-0.4,
BG,2023,central_government,-1831,-1.9,
BG,2023,general_government,-1883.5,-2,
BG,2023,local_government,-110,-0.1,
BG,2023,social_security_funds,57.5,0.1,
BG,2024,central_government,-2722.8,-2.6,
BG,2024,general_government,-3191.5,-3,
BG,2024,local_government,-432.3,-0.4,
BG,2024,social_security_funds,-36.4,0,
BG,2025,central_government,-3854.4,-3.3,
BG,2025,general_government,-4112.6,-3.5,
BG,2025,local_government,-253.9,-0.2,
BG,2025,social_security_funds,-4.3,0,
CH,1995,central_government,-4862.8,-1.2,
CH,1995,general_government,-7837.7,-1.9,
CH,1995,local_government,-1090.4,-0.3,
CH,1995,social_security_funds,100.8,0,
CH,1995,state_government,-1985.3,-0.5,
CH,1996,central_government,-5277.5,-1.3,
CH,1996,general_government,-8474.8,-2,
CH,1996,local_government,-592.4,-0.1,
CH,1996,social_security_funds,-439.8,-0.1,
CH,1996,state_government,-2165.1,-0.5,
CH,1997,central_government,-3969.4,-0.9,
CH,1997,general_government,-10046.8,-2.3,
CH,1997,local_government,-812.7,-0.2,
CH,1997,social_security_funds,-3103,-0.7,
CH,1997,state_government,-2161.7,-0.5,
CH,1998,central_government,-2130.2,-0.5,
CH,1998,general_government,-5830.7,-1.3,
CH,1998,local_government,-747.5,-0.2,
CH,1998,social_security_funds,-2037,-0.5,
CH,1998,state_government,-915.9,-0.2,
CH,1999,central_government,-8562.1,-1.9,
CH,1999,general_government,-7071.4,-1.6,
CH,1999,local_government,592.4,0.1,
CH,1999,social_security_funds,433.2,0.1,
CH,1999,state_government,465.1,0.1,
CH,2000,central_government,-3023.9,-0.6,
CH,2000,general_government,1467.2,0.3,
CH,2000,local_government,1109.7,0.2,
CH,2000,social_security_funds,3312.5,0.7,
CH,2000,state_government,68.8,0,
CH,2001,central_government,-3091.8,-0.6,
CH,2001,general_government,873.6,0.2,
CH,2001,local_government,1064.8,0.2,
CH,2001,social_security_funds,3625.7,0.7,
CH,2001,state_government,-725.1,-0.1,
CH,2002,central_government,-10696.2,-2.2,
CH,2002,general_government,-8494.6,-1.8,
CH,2002,local_government,952.9,0.2,
CH,2002,social_security_funds,2269,0.5,
CH,2002,state_government,-1020.3,-0.2,
CH,2003,central_government,-2773.7,-0.6,
CH,2003,general_government,-6694.2,-1.4,
CH,2003,local_government,-319.9,-0.1,
CH,2003,social_security_funds,-1011.4,-0.2,
CH,2003,state_government,-2589.2,-0.5,
CH,2004,central_government,-2265.5,-0.5,
CH,2004,general_government,-7126.9,-1.4,
CH,2004,local_government,237,0,
CH,2004,social_security_funds,-2429.6,-0.5,
CH,2004,state_government,-2668.7,-0.5,
CH,2005,central_government,174.7,0,
CH,2005,general_government,-3338,-0.6,
CH,2005,local_government,69,0,
CH,2005,social_security_funds,-2581.4,-0.5,
CH,2005,state_government,-1000.4,-0.2,
CH,2006,central_government,3186.8,0.6,
CH,2006,general_government,4678.7,0.8,
CH,2006,local_government,1013.1,0.2,
CH,2006,social_security_funds,-1168.1,-0.2,
CH,2006,state_government,1646.8,0.3,
CH,2007,central_government,-5060.8,-0.9,
CH,2007,general_government,7831.4,1.3,
CH,2007,local_government,2117.5,0.4,
CH,2007,social_security_funds,7352.3,1.2,
CH,2007,state_government,3422.4,0.6,
CH,2008,central_government,4957.3,0.8,
CH,2008,general_government,11129.9,1.8,
CH,2008,local_government,345.6,0.1,
CH,2008,social_security_funds,1790.4,0.3,
CH,2008,state_government,4036.6,0.7,
CH,2009,central_government,3007,0.5,
CH,2009,general_government,3896.4,0.6,
CH,2009,local_government,-321.4,-0.1,
CH,2009,social_security_funds,-1143.2,-0.2,
CH,2009,state_government,2353.9,0.4,
CH,2010,central_government,2951.8,0.5,
CH,2010,general_government,1908.2,0.3,
CH,2010,local_government,-611.1,-0.1,
CH,2010,social_security_funds,-1790,-0.3,
CH,2010,state_government,1357.5,0.2,
CH,2011,central_government,1384,0.2,
CH,2011,general_government,5666,0.9,
CH,2011,local_government,-121.9,0,
CH,2011,social_security_funds,3060.4,0.5,
CH,2011,state_government,1343.4,0.2,
CH,2012,central_government,66.9,0,
CH,2012,general_government,1322.8,0.2,
CH,2012,local_government,-752.6,-0.1,
CH,2012,social_security_funds,2963.1,0.5,
CH,2012,state_government,-954.6,-0.1,
CH,2013,central_government,480.5,0.1,
CH,2013,general_government,-3027.2,-0.5,
CH,2013,local_government,-1284.4,-0.2,
CH,2013,social_security_funds,2086.4,0.3,
CH,2013,state_government,-4309.7,-0.7,
CH,2014,central_government,-16.9,0,
CH,2014,general_government,-1492.1,-0.2,
CH,2014,local_government,-1658.7,-0.2,
CH,2014,social_security_funds,2235.8,0.3,
CH,2014,state_government,-2052.3,-0.3,
CH,2015,central_government,1719.4,0.3,
CH,2015,general_government,3248.8,0.5,
CH,2015,local_government,-652.9,-0.1,
CH,2015,social_security_funds,1704,0.3,
CH,2015,state_government,478.3,0.1,
CH,2016,central_government,988.4,0.1,
CH,2016,general_government,2289.1,0.3,
CH,2016,local_government,-347.1,-0.1,
CH,2016,social_security_funds,826.2,0.1,
CH,2016,state_government,821.5,0.1,
CH,2017,central_government,3531.8,0.5,
CH,2017,general_government,6118.9,0.9,
CH,2017,local_government,-603.6,-0.1,
CH,2017,social_security_funds,971.3,0.1,
CH,2017,state_government,2219.5,0.3,
CH,2018,central_government,4980.4,0.7,
CH,2018,general_government,8906.4,1.3,
CH,2018,local_government,218.2,0,
CH,2018,social_security_funds,921.1,0.1,
CH,2018,state_government,2786.7,0.4,
CH,2019,central_government,4518.5,0.6,
CH,2019,general_government,8234.7,1.1,
CH,2019,local_government,-625.5,-0.1,
CH,2019,social_security_funds,889.3,0.1,
CH,2019,state_government,3452.4,0.5,
CH,2020,central_government,-14812.4,-2.1,
CH,2020,general_government,-18704.7,-2.7,
CH,2020,local_government,-1286.4,-0.2,
CH,2020,social_security_funds,1144,0.2,
CH,2020,state_government,-3749.9,-0.5,
CH,2021,central_government,-11793.4,-1.6,
CH,2021,general_government,-8601.9,-1.2,
CH,2021,local_government,-203.7,0,
CH,2021,social_security_funds,476,0.1,
CH,2021,state_government,2919.3,0.4,
CH,2022,central_government,-1046.9,-0.1,
CH,2022,general_government,9854,1.2,
CH,2022,local_government,644.7,0.1,
CH,2022,social_security_funds,5372.6,0.7,
CH,2022,state_government,4883.6,0.6,
CH,2023,central_government,-1372.5,-0.2,
CH,2023,general_government,2813,0.4,
CH,2023,local_government,-593.8,-0.1,
CH,2023,social_security_funds,4908.2,0.6,
CH,2023,state_government,-128.9,0,
CH,2024,central_government,-1121.7,-0.1,
CH,2024,general_government,4519.7,0.5,
CH,2024,local_government,-36,0,
CH,2024,social_security_funds,5316.8,0.6,
CH,2024,state_government,360.6,0,
CY,1995,central_government,-297,-3.9,
CY,1995,general_government,-22.1,-0.3,
CY,1995,local_government,25,0.3,
CY,1995,social_security_funds,249.8,3.3,
CY,1996,central_government,-487.2,-6.1,
CY,1996,general_government,-194.6,-2.4,
CY,1996,local_government,27.9,0.3,
CY,1996,social_security_funds,264.8,3.3,
CY,1997,central_government,-664,-7.9,
CY,1997,general_government,-364.7,-4.4,
CY,1997,local_government,24.6,0.3,
CY,1997,social_security_funds,274.7,3.3,
CY,1998,central_government,-635.9,-7,
CY,1998,general_government,-293.8,-3.2,
CY,1998,local_government,30.6,0.3,
CY,1998,social_security_funds,311.3,3.4,
CY,1999,central_government,-687.6,-7.1,
CY,1999,general_government,-344.3,-3.5,
CY,1999,local_government,26.8,0.3,
CY,1999,social_security_funds,316.5,3.3,
CY,2000,central_government,-545.4,-5.1,
CY,2000,general_government,-190.5,-1.8,
CY,2000,local_government,32.6,0.3,
CY,2000,social_security_funds,322.4,3,
CY,2001,central_government,-599.9,-5.3,
CY,2001,general_government,-197.9,-1.7,
CY,2001,local_government,21.7,0.2,
CY,2001,social_security_funds,380.3,3.3,
CY,2002,central_government,-778,-6.6,
CY,2002,general_government,-446.5,-3.8,
CY,2002,local_government,21,0.2,
CY,2002,social_security_funds,310.5,2.6,
CY,2003,central_government,-1053.2,-8.2,
CY,2003,general_government,-736.9,-5.7,
CY,2003,local_government,1.6,0,
CY,2003,social_security_funds,314.6,2.4,
CY,2004,central_government,-888.4,-6.4,
CY,2004,general_government,-493.1,-3.6,
CY,2004,local_government,-1.3,0,
CY,2004,social_security_funds,396.5,2.9,
CY,2005,central_government,-707.4,-4.8,
CY,2005,general_government,-310.6,-2.1,
CY,2005,local_government,-2.2,0,
CY,2005,social_security_funds,399,2.7,
CY,2006,central_government,-527.7,-3.3,
CY,2006,general_government,-163.9,-1,
CY,2006,local_government,-10.4,-0.1,
CY,2006,social_security_funds,374.4,2.3,
CY,2007,central_government,108.1,0.6,
CY,2007,general_government,555,3.2,
CY,2007,local_government,-30.5,-0.2,
CY,2007,social_security_funds,477.3,2.7,
CY,2008,central_government,-427.5,-2.2,
CY,2008,general_government,127.8,0.7,
CY,2008,local_government,-58.3,-0.3,
CY,2008,social_security_funds,613.5,3.2,
CY,2009,central_government,-1459.9,-7.8,
CY,2009,general_government,-1051.9,-5.6,
CY,2009,local_government,-59.7,-0.3,
CY,2009,social_security_funds,467.7,2.5,
CY,2010,central_government,-1330.2,-6.8,
CY,2010,general_government,-984.5,-5.1,
CY,2010,local_government,-93.1,-0.5,
CY,2010,social_security_funds,438.8,2.3,
CY,2011,central_government,-1475.4,-7.4,
CY,2011,general_government,-1179.8,-5.9,
CY,2011,local_government,-84.1,-0.4,
CY,2011,social_security_funds,379.6,1.9,
CY,2012,central_government,-3077.3,-15.8,
CY,2012,general_government,-2966.7,-15.2,
CY,2012,local_government,-63.7,-0.3,
CY,2012,social_security_funds,174.3,0.9,
CY,2013,central_government,-936.2,-5.2,
CY,2013,general_government,-1009.2,-5.6,
CY,2013,local_government,9.9,0.1,
CY,2013,social_security_funds,-83,-0.5,
CY,2014,central_government,-1503.9,-8.6,
CY,2014,general_government,-1538,-8.8,
CY,2014,local_government,6.2,0,
CY,2014,social_security_funds,-40.3,-0.2,
CY,2015,central_government,-179.4,-1,
CY,2015,general_government,-137.8,-0.8,
CY,2015,local_government,29,0.2,
CY,2015,social_security_funds,12.5,0.1,
CY,2016,central_government,35.1,0.2,
CY,2016,general_government,86,0.5,
CY,2016,local_government,28.6,0.2,
CY,2016,social_security_funds,22.4,0.1,
CY,2017,central_government,185.7,0.9,
CY,2017,general_government,432.1,2.1,
CY,2017,local_government,75,0.4,
CY,2017,social_security_funds,171.2,0.8,
CY,2018,central_government,-1243.3,-5.7,
CY,2018,general_government,-734.1,-3.4,
CY,2018,local_government,249.8,1.1,
CY,2018,social_security_funds,259.4,1.2,
CY,2019,central_government,-460.2,-2,
CY,2019,general_government,240.9,1,
CY,2019,local_government,41.1,0.2,
CY,2019,social_security_funds,660,2.8,
CY,2020,central_government,-1606.8,-7.2,
CY,2020,general_government,-1247.7,-5.6,
CY,2020,local_government,16.9,0.1,
CY,2020,social_security_funds,342.2,1.5,
CY,2021,central_government,-682.3,-2.7,
CY,2021,general_government,-407.8,-1.6,
CY,2021,local_government,-5.3,0,
CY,2021,social_security_funds,279.8,1.1,
CY,2022,central_government,219,0.7,
CY,2022,general_government,795.7,2.7,
CY,2022,local_government,30.3,0.1,
CY,2022,social_security_funds,546.4,1.8,
CY,2023,central_government,-614,-1.9,
CY,2023,general_government,553.4,1.7,
CY,2023,local_government,-7,0,
CY,2023,social_security_funds,1174.4,3.6,
CY,2024,central_government,27.6,0.1,
CY,2024,general_government,1439,4.1,
CY,2024,local_government,-9.3,0,
CY,2024,social_security_funds,1420.7,4.1,
CY,2025,central_government,-17.1,0,
CY,2025,general_government,1241.5,3.4,
CY,2025,local_government,6.4,0,
CY,2025,social_security_funds,1252.2,3.4,
CZ,1995,central_government,-224356,-14,
CZ,1995,general_government,-197376,-12.3,
CZ,1995,local_government,31329,1.9,
CZ,1995,social_security_funds,-4349,-0.3,
CZ,1996,central_government,-92671,-5,
CZ,1996,general_government,-54777,-3,
CZ,1996,local_government,42314,2.3,
CZ,1996,social_security_funds,-4420,-0.2,
CZ,1997,central_government,-51475,-2.6,
CZ,1997,general_government,-62178,-3.1,
CZ,1997,local_government,-9552,-0.5,
CZ,1997,social_security_funds,-1151,-0.1,
CZ,1998,central_government,-98802,-4.6,
CZ,1998,general_government,-89762,-4.1,
CZ,1998,local_government,10187,0.5,
CZ,1998,social_security_funds,-1147,-0.1,
CZ,1999,central_government,-73592,-3.2,
CZ,1999,general_government,-69842,-3.1,
CZ,1999,local_government,3226,0.1,
CZ,1999,social_security_funds,524,0,
CZ,2000,central_government,-76523,-3.2,
CZ,2000,general_government,-85116,-3.5,
CZ,2000,local_government,-12476,-0.5,
CZ,2000,social_security_funds,3883,0.2,
CZ,2001,central_government,-135390,-5.2,
CZ,2001,general_government,-149203,-5.8,
CZ,2001,local_government,-11132,-0.4,
CZ,2001,social_security_funds,-2681,-0.1,
CZ,2002,central_government,-155379,-5.7,
CZ,2002,general_government,-171596,-6.3,
CZ,2002,local_government,-10033,-0.4,
CZ,2002,social_security_funds,-6184,-0.2,
CZ,2003,central_government,-178512,-6.3,
CZ,2003,general_government,-194777,-6.9,
CZ,2003,local_government,-11761,-0.4,
CZ,2003,social_security_funds,-4504,-0.2,
CZ,2004,central_government,-70645,-2.3,
CZ,2004,general_government,-74261,-2.4,
CZ,2004,local_government,-1063,0,
CZ,2004,social_security_funds,-2553,-0.1,
CZ,2005,central_government,-97769,-3,
CZ,2005,general_government,-100666,-3.1,
CZ,2005,local_government,-2803,-0.1,
CZ,2005,social_security_funds,-94,0,
CZ,2006,central_government,-77551,-2.2,
CZ,2006,general_government,-77165,-2.2,
CZ,2006,local_government,-11417,-0.3,
CZ,2006,social_security_funds,11803,0.3,
CZ,2007,central_government,-53121,-1.4,
CZ,2007,general_government,-26144,-0.7,
CZ,2007,local_government,10865,0.3,
CZ,2007,social_security_funds,16112,0.4,
CZ,2008,central_government,-83057,-2.1,
CZ,2008,general_government,-80705,-2,
CZ,2008,local_government,-7690,-0.2,
CZ,2008,social_security_funds,10042,0.2,
CZ,2009,central_government,-179903,-4.6,
CZ,2009,general_government,-215277,-5.5,
CZ,2009,local_government,-24725,-0.6,
CZ,2009,social_security_funds,-10649,-0.3,
CZ,2010,central_government,-143225,-3.6,
CZ,2010,general_government,-167132,-4.1,
CZ,2010,local_government,-15188,-0.4,
CZ,2010,social_security_funds,-8719,-0.2,
CZ,2011,central_government,-92865,-2.3,
CZ,2011,general_government,-111059,-2.7,
CZ,2011,local_government,-11268,-0.3,
CZ,2011,social_security_funds,-6926,-0.2,
CZ,2012,central_government,-152418,-3.7,
CZ,2012,general_government,-161338,-3.9,
CZ,2012,local_government,-2092,-0.1,
CZ,2012,social_security_funds,-6828,-0.2,
CZ,2013,central_government,-67185,-1.6,
CZ,2013,general_government,-54135,-1.3,
CZ,2013,local_government,12135,0.3,
CZ,2013,social_security_funds,915,0,
CZ,2014,central_government,-96634,-2.2,
CZ,2014,general_government,-91652,-2.1,
CZ,2014,local_government,7675,0.2,
CZ,2014,social_security_funds,-2693,-0.1,
CZ,2015,central_government,-58872,-1.3,
CZ,2015,general_government,-30969,-0.7,
CZ,2015,local_government,25990,0.6,
CZ,2015,social_security_funds,1913,0,
CZ,2016,central_government,-21395,-0.4,
CZ,2016,general_government,33169,0.7,
CZ,2016,local_government,49678,1,
CZ,2016,social_security_funds,4886,0.1,
CZ,2017,central_government,25529,0.5,
CZ,2017,general_government,75634,1.5,
CZ,2017,local_government,41923,0.8,
CZ,2017,social_security_funds,8182,0.2,
CZ,2018,central_government,8068,0.1,
CZ,2018,general_government,48269,0.9,
CZ,2018,local_government,23555,0.4,
CZ,2018,social_security_funds,16646,0.3,
CZ,2019,central_government,-32335,-0.5,
CZ,2019,general_government,16651,0.3,
CZ,2019,local_government,37595,0.6,
CZ,2019,social_security_funds,11391,0.2,
CZ,2020,central_government,-344668,-5.9,
CZ,2020,general_government,-329285,-5.6,
CZ,2020,local_government,27044,0.5,
CZ,2020,social_security_funds,-11661,-0.2,
CZ,2021,central_government,-358500,-5.7,
CZ,2021,general_government,-312308,-5,
CZ,2021,local_government,55464,0.9,
CZ,2021,social_security_funds,-9272,-0.1,
CZ,2022,central_government,-281802,-4,
CZ,2022,general_government,-216345,-3.1,
CZ,2022,local_government,65059,0.9,
CZ,2022,social_security_funds,398,0,
CZ,2023,central_government,-346120,-4.5,
CZ,2023,general_government,-286066,-3.7,
CZ,2023,local_government,64356,0.8,
CZ,2023,social_security_funds,-4302,-0.1,
CZ,2024,central_government,-205843,-2.6,
CZ,2024,general_government,-163345,-2,
CZ,2024,local_government,60579,0.8,
CZ,2024,social_security_funds,-18081,-0.2,
CZ,2025,central_government,-197789,-2.3,
CZ,2025,general_government,-183744,-2.1,
CZ,2025,local_government,29386,0.3,
CZ,2025,social_security_funds,-15341,-0.2,
DE,1995,central_government,-142372,-7.5,
DE,1995,general_government,-179290,-9.4,
DE,1995,local_government,-4211,-0.2,
DE,1995,social_security_funds,-6770,-0.4,
DE,1995,state_government,-25937,-1.4,
DE,1996,central_government,-34465,-1.8,
DE,1996,general_government,-70169,-3.6,
DE,1996,local_government,-3258,-0.2,
DE,1996,social_security_funds,-7074,-0.4,
DE,1996,state_government,-25372,-1.3,
DE,1997,central_government,-31126,-1.6,
DE,1997,general_government,-59551,-3,
DE,1997,local_government,-3692,-0.2,
DE,1997,social_security_funds,669,0,
DE,1997,state_government,-25402,-1.3,
DE,1998,central_government,-36868,-1.8,
DE,1998,general_government,-53582,-2.6,
DE,1998,local_government,97,0,
DE,1998,social_security_funds,1292,0.1,
DE,1998,state_government,-18103,-0.9,
DE,1999,central_government,-29786,-1.4,
DE,1999,general_government,-38771,-1.9,
DE,1999,local_government,291,0,
DE,1999,social_security_funds,4014,0.2,
DE,1999,state_government,-13290,-0.6,
DE,2000,central_government,-23805,-1.1,
DE,2000,general_government,-36509,-1.7,
DE,2000,local_government,-289,0,
DE,2000,social_security_funds,-1063,0,
DE,2000,state_government,-11352,-0.5,
DE,2001,central_government,-24788,-1.1,
DE,2001,general_government,-68602,-3.1,
DE,2001,local_government,-7319,-0.3,
DE,2001,social_security_funds,-5168,-0.2,
DE,2001,state_government,-31327,-1.4,
DE,2002,central_government,-38238,-1.7,
DE,2002,general_government,-90850,-4.1,
DE,2002,local_government,-10365,-0.5,
DE,2002,social_security_funds,-6976,-0.3,
DE,2002,state_government,-35271,-1.6,
DE,2003,central_government,-31329,-1.4,
DE,2003,general_government,-85812,-3.8,
DE,2003,local_government,-12783,-0.6,
DE,2003,social_security_funds,-5998,-0.3,
DE,2003,state_government,-35702,-1.6,
DE,2004,central_government,-41551,-1.8,
DE,2004,general_government,-78445,-3.4,
DE,2004,local_government,-7478,-0.3,
DE,2004,social_security_funds,-261,0,
DE,2004,state_government,-29155,-1.3,
DE,2005,central_government,-46939,-2,
DE,2005,general_government,-78396,-3.4,
DE,2005,local_government,-3820,-0.2,
DE,2005,social_security_funds,-3732,-0.2,
DE,2005,state_government,-23905,-1,
DE,2006,central_government,-33650,-1.4,
DE,2006,general_government,-42584,-1.8,
DE,2006,local_government,-1266,-0.1,
DE,2006,social_security_funds,5171,0.2,
DE,2006,state_government,-12839,-0.5,
DE,2007,central_government,-14565,-0.6,
DE,2007,general_government,3937,0.2,
DE,2007,local_government,6221,0.2,
DE,2007,social_security_funds,10272,0.4,
DE,2007,state_government,2009,0.1,
DE,2008,central_government,-14237,-0.5,
DE,2008,general_government,-6809,-0.3,
DE,2008,local_government,4113,0.2,
DE,2008,social_security_funds,6584,0.3,
DE,2008,state_government,-3269,-0.1,
DE,2009,central_government,-37321,-1.5,
DE,2009,general_government,-79207,-3.2,
DE,2009,local_government,-7519,-0.3,
DE,2009,social_security_funds,-14341,-0.6,
DE,2009,state_government,-20026,-0.8,
DE,2010,central_government,-87612,-3.4,
DE,2010,general_government,-115620,-4.4,
DE,2010,local_government,-10058,-0.4,
DE,2010,social_security_funds,3911,0.1,
DE,2010,state_government,-21861,-0.8,
DE,2011,central_government,-25697,-0.9,
DE,2011,general_government,-23074,-0.8,
DE,2011,local_government,-2201,-0.1,
DE,2011,social_security_funds,15512,0.6,
DE,2011,state_government,-10688,-0.4,
DE,2012,central_government,-16102,-0.6,
DE,2012,general_government,-1521,-0.1,
DE,2012,local_government,1519,0.1,
DE,2012,social_security_funds,18706,0.7,
DE,2012,state_government,-5644,-0.2,
DE,2013,central_government,132,0,
DE,2013,general_government,3512,0.1,
DE,2013,local_government,11,0,
DE,2013,social_security_funds,5725,0.2,
DE,2013,state_government,-2356,-0.1,
DE,2014,central_government,17023,0.6,
DE,2014,general_government,21832,0.7,
DE,2014,local_government,-454,0,
DE,2014,social_security_funds,3399,0.1,
DE,2014,state_government,1864,0.1,
DE,2015,central_government,17956,0.6,
DE,2015,general_government,28239,0.9,
DE,2015,local_government,2635,0.1,
DE,2015,social_security_funds,3007,0.1,
DE,2015,state_government,4641,0.2,
DE,2016,central_government,14999,0.5,
DE,2016,general_government,36237,1.1,
DE,2016,local_government,5382,0.2,
DE,2016,social_security_funds,8547,0.3,
DE,2016,state_government,7309,0.2,
DE,2017,central_government,10266,0.3,
DE,2017,general_government,44571,1.3,
DE,2017,local_government,10287,0.3,
DE,2017,social_security_funds,10942,0.3,
DE,2017,state_government,13076,0.4,
DE,2018,central_government,22400,0.7,
DE,2018,general_government,64667,1.9,
DE,2018,local_government,15783,0.5,
DE,2018,social_security_funds,15749,0.5,
DE,2018,state_government,10735,0.3,
DE,2019,central_government,18184,0.5,
DE,2019,general_government,46949,1.3,
DE,2019,local_government,6979,0.2,
DE,2019,social_security_funds,8930,0.3,
DE,2019,state_government,12856,0.4,
DE,2020,central_government,-91289,-2.6,
DE,2020,general_government,-151131,-4.4,
DE,2020,local_government,6324,0.2,
DE,2020,social_security_funds,-34867,-1,
DE,2020,state_government,-31299,-0.9,
DE,2021,central_government,-132057,-3.6,
DE,2021,general_government,-116630,-3.2,
DE,2021,local_government,6483,0.2,
DE,2021,social_security_funds,2436,0.1,
DE,2021,state_government,6508,0.2,
DE,2022,central_government,-111159,-2.8,
DE,2022,general_government,-76138,-1.9,
DE,2022,local_government,6823,0.2,
DE,2022,social_security_funds,8781,0.2,
DE,2022,state_government,19417,0.5,
DE,2023,central_government,-92720,-2.2,
DE,2023,general_government,-105249,-2.5,
DE,2023,local_government,-13535,-0.3,
DE,2023,social_security_funds,8795,0.2,
DE,2023,state_government,-7789,-0.2,
DE,2024,central_government,-60916,-1.4,
DE,2024,general_government,-115295,-2.7,
DE,2024,local_government,-20956,-0.5,
DE,2024,social_security_funds,-11824,-0.3,
DE,2024,state_government,-21599,-0.5,
DE,2025,central_government,-79561,-1.8,
DE,2025,general_government,-119147,-2.7,
DE,2025,local_government,-28080,-0.6,
DE,2025,social_security_funds,-1734,0,
DE,2025,state_government,-9772,-0.2,
DK,1995,central_government,-38535,-3.7,
DK,1995,general_government,-36292,-3.5,
DK,1995,local_government,2200,0.2,
DK,1995,social_security_funds,43,0,
DK,1996,central_government,-22535,-2.1,
DK,1996,general_government,-26061,-2.4,
DK,1996,local_government,-3628,-0.3,
DK,1996,social_security_funds,103,0,
DK,1997,central_government,-10960,-1,
DK,1997,general_government,-13953,-1.2,
DK,1997,local_government,-3232,-0.3,
DK,1997,social_security_funds,239,0,
DK,1998,central_government,-1704,-0.1,
DK,1998,general_government,-3353,-0.3,
DK,1998,local_government,-2049,-0.2,
DK,1998,social_security_funds,400,0,
DK,1999,central_government,3991,0.3,
DK,1999,general_government,13200,1.1,
DK,1999,local_government,2389,0.2,
DK,1999,social_security_funds,6820,0.5,
DK,2000,central_government,17039,1.3,
DK,2000,general_government,23758,1.8,
DK,2000,local_government,-694,-0.1,
DK,2000,social_security_funds,7413,0.6,
DK,2001,central_government,9592,0.7,
DK,2001,general_government,15440,1.1,
DK,2001,local_government,-2036,-0.1,
DK,2001,social_security_funds,7884,0.6,
DK,2002,central_government,7281,0.5,
DK,2002,general_government,3552,0.3,
DK,2002,local_government,-3828,-0.3,
DK,2002,social_security_funds,99,0,
DK,2003,central_government,9472,0.7,
DK,2003,general_government,2004,0.1,
DK,2003,local_government,-7932,-0.6,
DK,2003,social_security_funds,465,0,
DK,2004,central_government,31413,2.1,
DK,2004,general_government,33738,2.2,
DK,2004,local_government,1832,0.1,
DK,2004,social_security_funds,493,0,
DK,2005,central_government,89150,5.6,
DK,2005,general_government,82711,5.2,
DK,2005,local_government,-7156,-0.5,
DK,2005,social_security_funds,717,0,
DK,2006,central_government,91857,5.5,
DK,2006,general_government,89090,5.3,
DK,2006,local_government,-3435,-0.2,
DK,2006,social_security_funds,667,0,
DK,2007,central_government,96343,5.5,
DK,2007,general_government,92523,5.3,
DK,2007,local_government,-4197,-0.2,
DK,2007,social_security_funds,376,0,
DK,2008,central_government,69305,3.8,
DK,2008,general_government,62661,3.5,
DK,2008,local_government,-6753,-0.4,
DK,2008,social_security_funds,109,0,
DK,2009,central_government,-35471,-2.1,
DK,2009,general_government,-47496,-2.7,
DK,2009,local_government,-10978,-0.6,
DK,2009,social_security_funds,-1047,-0.1,
DK,2010,central_government,-44621,-2.5,
DK,2010,general_government,-45695,-2.5,
DK,2010,local_government,-1440,-0.1,
DK,2010,social_security_funds,366,0,
DK,2011,central_government,-35542,-1.9,
DK,2011,general_government,-32636,-1.8,
DK,2011,local_government,2245,0.1,
DK,2011,social_security_funds,662,0,
DK,2012,central_government,-62113,-3.3,
DK,2012,general_government,-60620,-3.2,
DK,2012,local_government,1051,0.1,
DK,2012,social_security_funds,441,0,
DK,2013,central_government,-22889,-1.2,
DK,2013,general_government,-18265,-0.9,
DK,2013,local_government,4607,0.2,
DK,2013,social_security_funds,16,0,
DK,2014,central_government,24358,1.2,
DK,2014,general_government,28278,1.4,
DK,2014,local_government,3484,0.2,
DK,2014,social_security_funds,437,0,
DK,2015,central_government,-23583,-1.2,
DK,2015,general_government,-18171,-0.9,
DK,2015,local_government,5048,0.2,
DK,2015,social_security_funds,364,0,
DK,2016,central_government,-1751,-0.1,
DK,2016,general_government,6355,0.3,
DK,2016,local_government,7839,0.4,
DK,2016,social_security_funds,267,0,
DK,2017,central_government,31880,1.5,
DK,2017,general_government,36983,1.7,
DK,2017,local_government,5081,0.2,
DK,2017,social_security_funds,22,0,
DK,2018,central_government,18067,0.8,
DK,2018,general_government,18182,0.8,
DK,2018,local_government,200,0,
DK,2018,social_security_funds,-86,0,
DK,2019,central_government,93924,4.1,
DK,2019,general_government,98663,4.3,
DK,2019,local_government,4690,0.2,
DK,2019,social_security_funds,49,0,
DK,2020,central_government,1531,0.1,
DK,2020,general_government,8434,0.4,
DK,2020,local_government,6534,0.3,
DK,2020,social_security_funds,370,0,
DK,2021,central_government,97016,3.8,
DK,2021,general_government,104126,4.1,
DK,2021,local_government,5882,0.2,
DK,2021,social_security_funds,1228,0,
DK,2022,central_government,92173,3.3,
DK,2022,general_government,95960,3.4,
DK,2022,local_government,3438,0.1,
DK,2022,social_security_funds,349,0,
DK,2023,central_government,91998,3.3,
DK,2023,general_government,97513,3.5,
DK,2023,local_government,5235,0.2,
DK,2023,social_security_funds,280,0,
DK,2024,central_government,112147,3.8,
DK,2024,general_government,123505,4.2,
DK,2024,local_government,10945,0.4,
DK,2024,social_security_funds,412,0,
DK,2025,central_government,89748,2.9,
DK,2025,general_government,90924,3,
DK,2025,local_government,1121,0,
DK,2025,social_security_funds,55,0,
EE,1995,central_government,11.4,0.4,
EE,1995,general_government,30,1,
EE,1995,local_government,-1.9,-0.1,
EE,1995,social_security_funds,20.5,0.7,
EE,1996,central_government,-7.6,-0.2,
EE,1996,general_government,-12.8,-0.3,
EE,1996,local_government,-17.2,-0.5,
EE,1996,social_security_funds,12,0.3,
EE,1997,central_government,75.9,1.7,
EE,1997,general_government,97,2.1,
EE,1997,local_government,1.1,0,
EE,1997,social_security_funds,20,0.4,
EE,1998,central_government,-24.1,-0.5,
EE,1998,general_government,-38.6,-0.8,
EE,1998,local_government,-7.8,-0.2,
EE,1998,social_security_funds,-6.6,-0.1,
EE,1999,central_government,-151,-2.8,
EE,1999,general_government,-178.4,-3.3,
EE,1999,local_government,-13.7,-0.3,
EE,1999,social_security_funds,-13.7,-0.3,
EE,2000,central_government,12.7,0.2,
EE,2000,general_government,-4.2,-0.1,
EE,2000,local_government,-18.3,-0.3,
EE,2000,social_security_funds,1.4,0,
EE,2001,central_government,30.2,0.4,
EE,2001,general_government,18.7,0.3,
EE,2001,local_government,-27.8,-0.4,
EE,2001,social_security_funds,16.4,0.2,
EE,2002,central_government,18.4,0.2,
EE,2002,general_government,34.9,0.4,
EE,2002,local_government,-40.4,-0.5,
EE,2002,social_security_funds,56.9,0.7,
EE,2003,central_government,142.1,1.6,
EE,2003,general_government,158.2,1.8,
EE,2003,local_government,-26.2,-0.3,
EE,2003,social_security_funds,42.2,0.5,
EE,2004,central_government,264.4,2.7,
EE,2004,general_government,236.2,2.4,
EE,2004,local_government,-62.1,-0.6,
EE,2004,social_security_funds,33.8,0.3,
EE,2005,central_government,114.6,1,
EE,2005,general_government,131.9,1.2,
EE,2005,local_government,-34.4,-0.3,
EE,2005,social_security_funds,51.7,0.5,
EE,2006,central_government,337,2.5,
EE,2006,general_government,386.4,2.8,
EE,2006,local_government,-29.8,-0.2,
EE,2006,social_security_funds,79.2,0.6,
EE,2007,central_government,427.7,2.6,
EE,2007,general_government,441.1,2.7,
EE,2007,local_government,-78.7,-0.5,
EE,2007,social_security_funds,92.1,0.6,
EE,2008,central_government,-373.4,-2.2,
EE,2008,general_government,-439.4,-2.6,
EE,2008,local_government,-102.7,-0.6,
EE,2008,social_security_funds,36.8,0.2,
EE,2009,central_government,-222.9,-1.6,
EE,2009,general_government,-386,-2.7,
EE,2009,local_government,-69.5,-0.5,
EE,2009,social_security_funds,-93.6,-0.7,
EE,2010,central_government,-171.8,-1.2,
EE,2010,general_government,-62.1,-0.4,
EE,2010,local_government,27.7,0.2,
EE,2010,social_security_funds,82,0.6,
EE,2011,central_government,-59.3,-0.4,
EE,2011,general_government,104.2,0.6,
EE,2011,local_government,16,0.1,
EE,2011,social_security_funds,147.4,0.9,
EE,2012,central_government,-144.9,-0.8,
EE,2012,general_government,-71,-0.4,
EE,2012,local_government,-48.7,-0.3,
EE,2012,social_security_funds,122.6,0.7,
EE,2013,central_government,-12,-0.1,
EE,2013,general_government,-41.7,-0.2,
EE,2013,local_government,-94.1,-0.5,
EE,2013,social_security_funds,64.4,0.3,
EE,2014,central_government,135.2,0.7,
EE,2014,general_government,175.4,0.9,
EE,2014,local_government,-23.2,-0.1,
EE,2014,social_security_funds,63.4,0.3,
EE,2015,central_government,1.7,0,
EE,2015,general_government,52.3,0.2,
EE,2015,local_government,27.2,0.1,
EE,2015,social_security_funds,23.4,0.1,
EE,2016,central_government,-49.4,-0.2,
EE,2016,general_government,-19.1,-0.1,
EE,2016,local_government,21.2,0.1,
EE,2016,social_security_funds,9.1,0,
EE,2017,central_government,-112.3,-0.5,
EE,2017,general_government,-127.9,-0.5,
EE,2017,local_government,-71.9,-0.3,
EE,2017,social_security_funds,56.4,0.2,
EE,2018,central_government,-267.8,-1,
EE,2018,general_government,-152.6,-0.6,
EE,2018,local_government,48.5,0.2,
EE,2018,social_security_funds,66.6,0.3,
EE,2019,central_government,-18.1,-0.1,
EE,2019,general_government,-31.1,-0.1,
EE,2019,local_government,-87,-0.3,
EE,2019,social_security_funds,74.1,0.3,
EE,2020,central_government,-1176.6,-4.2,
EE,2020,general_government,-1511,-5.4,
EE,2020,local_government,-18,-0.1,
EE,2020,social_security_funds,-316.3,-1.1,
EE,2021,central_government,-813.8,-2.6,
EE,2021,general_government,-796,-2.5,
EE,2021,local_government,-118.8,-0.4,
EE,2021,social_security_funds,136.6,0.4,
EE,2022,central_government,-394.3,-1.1,
EE,2022,general_government,-329.2,-0.9,
EE,2022,local_government,-124.6,-0.3,
EE,2022,social_security_funds,189.6,0.5,
EE,2023,central_government,-976.7,-2.5,
EE,2023,general_government,-1020.1,-2.7,
EE,2023,local_government,-216.9,-0.6,
EE,2023,social_security_funds,173.5,0.5,
EE,2024,central_government,-334.2,-0.8,
EE,2024,general_government,-458,-1.1,
EE,2024,local_government,-160.8,-0.4,
EE,2024,social_security_funds,37.1,0.1,
EE,2025,central_government,-660.9,-1.6,
EE,2025,general_government,-825,-2,
EE,2025,local_government,-95.2,-0.2,
EE,2025,social_security_funds,-68.9,-0.2,
EL,1995,central_government,-10734,-11.7,
EL,1995,general_government,-9056,-9.9,
EL,1995,local_government,39,0,
EL,1995,social_security_funds,1639,1.8,
EL,1996,central_government,-10525,-10.5,
EL,1996,general_government,-8406,-8.4,
EL,1996,local_government,49,0,
EL,1996,social_security_funds,2070,2.1,
EL,1997,central_government,-9106,-8.2,
EL,1997,general_government,-6947,-6.2,
EL,1997,local_government,-4,0,
EL,1997,social_security_funds,2163,1.9,
EL,1998,central_government,-9773,-8.1,
EL,1998,general_government,-7852,-6.5,
EL,1998,local_government,-123,-0.1,
EL,1998,social_security_funds,2044,1.7,
EL,1999,central_government,-9937,-7.7,
EL,1999,general_government,-7751,-6,
EL,1999,local_government,144,0.1,
EL,1999,social_security_funds,2042,1.6,
EL,2000,central_government,-8328,-6.1,
EL,2000,general_government,-5739,-4.2,
EL,2000,local_government,-19,0,
EL,2000,social_security_funds,2608,1.9,
EL,2001,central_government,-10715,-7.3,
EL,2001,general_government,-8319,-5.6,
EL,2001,local_government,234,0.2,
EL,2001,social_security_funds,2162,1.5,
EL,2002,central_government,-13235,-8.3,
EL,2002,general_government,-9847,-6.2,
EL,2002,local_government,-30,0,
EL,2002,social_security_funds,3418,2.2,
EL,2003,central_government,-17819,-10.2,
EL,2003,general_government,-14009,-8,
EL,2003,local_government,93,0.1,
EL,2003,social_security_funds,3717,2.1,
EL,2004,central_government,-20356,-10.8,
EL,2004,general_government,-17101,-9.1,
EL,2004,local_government,-260,-0.1,
EL,2004,social_security_funds,3515,1.9,
EL,2005,central_government,-14435,-7.4,
EL,2005,general_government,-12329,-6.3,
EL,2005,local_government,70,0,
EL,2005,social_security_funds,2036,1,
EL,2006,central_government,-14401,-6.7,
EL,2006,general_government,-12954,-6,
EL,2006,local_government,-69,0,
EL,2006,social_security_funds,1516,0.7,
EL,2007,central_government,-16951,-7.4,
EL,2007,general_government,-15607,-6.8,
EL,2007,local_government,-27,0,
EL,2007,social_security_funds,1371,0.6,
EL,2008,central_government,-26658,-11.2,
EL,2008,general_government,-24625,-10.3,
EL,2008,local_government,-116,0,
EL,2008,social_security_funds,2149,0.9,
EL,2009,central_government,-35986,-15.4,
EL,2009,general_government,-36141,-15.4,
EL,2009,local_government,-40,0,
EL,2009,social_security_funds,-115,0,
EL,2010,central_government,-24354,-10.9,
EL,2010,general_government,-25544,-11.4,
EL,2010,local_government,-670,-0.3,
EL,2010,social_security_funds,-520,-0.2,
EL,2011,central_government,-19394,-9.5,
EL,2011,general_government,-21364,-10.5,
EL,2011,local_government,487,0.2,
EL,2011,social_security_funds,-2457,-1.2,
EL,2012,central_government,-16205,-8.7,
EL,2012,general_government,-17311,-9.3,
EL,2012,local_government,618,0.3,
EL,2012,social_security_funds,-1724,-0.9,
EL,2013,central_government,-28056,-15.8,
EL,2013,general_government,-24218,-13.6,
EL,2013,local_government,763,0.4,
EL,2013,social_security_funds,3075,1.7,
EL,2014,central_government,-7888,-4.5,
EL,2014,general_government,-6642,-3.8,
EL,2014,local_government,531,0.3,
EL,2014,social_security_funds,715,0.4,
EL,2015,central_government,-9888,-5.6,
EL,2015,general_government,-10356,-5.9,
EL,2015,local_government,491,0.3,
EL,2015,social_security_funds,-959,-0.5,
EL,2016,central_government,-1712,-1,
EL,2016,general_government,368,0.2,
EL,2016,local_government,553,0.3,
EL,2016,social_security_funds,1527,0.9,
EL,2017,central_government,-1997,-1.1,
EL,2017,general_government,1283,0.7,
EL,2017,local_government,647,0.4,
EL,2017,social_security_funds,2633,1.5,
EL,2018,central_government,-2292,-1.3,
EL,2018,general_government,1628,0.9,
EL,2018,local_government,664,0.4,
EL,2018,social_security_funds,3256,1.8,
EL,2019,central_government,192,0.1,
EL,2019,general_government,1525,0.8,
EL,2019,local_government,65,0,
EL,2019,social_security_funds,1268,0.7,
EL,2020,central_government,-17236,-10.3,
EL,2020,general_government,-16598,-9.9,
EL,2020,local_government,57,0,
EL,2020,social_security_funds,581,0.3,
EL,2021,central_government,-14804,-8,
EL,2021,general_government,-13365,-7.2,
EL,2021,local_government,-161,-0.1,
EL,2021,social_security_funds,1600,0.9,
EL,2022,central_government,-7717,-3.7,
EL,2022,general_government,-5324,-2.6,
EL,2022,local_government,-350,-0.2,
EL,2022,social_security_funds,2743,1.3,
EL,2023,central_government,-3553,-1.6,
EL,2023,general_government,-3213,-1.4,
EL,2023,local_government,-597,-0.3,
EL,2023,social_security_funds,937,0.4,
EL,2024,central_government,2069,0.9,
EL,2024,general_government,3189,1.3,
EL,2024,local_government,19,0,
EL,2024,social_security_funds,1101,0.5,
EL,2025,central_government,2302,0.9,
EL,2025,general_government,4290,1.7,
EL,2025,local_government,230,0.1,
EL,2025,social_security_funds,1758,0.7,
ES,1995,central_government,-25670,-5.6,
ES,1995,general_government,-31267,-6.8,
ES,1995,local_government,-135,0,
ES,1995,social_security_funds,-2620,-0.6,
ES,1995,state_government,-2842,-0.6,
ES,1996,central_government,-20561,-4.2,
ES,1996,general_government,-28681,-5.9,
ES,1996,local_government,34,0,
ES,1996,social_security_funds,-5093,-1,
ES,1996,state_government,-3061,-0.6,
ES,1997,central_government,-15271,-2.9,
ES,1997,general_government,-20028,-3.9,
ES,1997,local_government,120,0,
ES,1997,social_security_funds,-3281,-0.6,
ES,1997,state_government,-1596,-0.3,
ES,1998,central_government,-11020,-2,
ES,1998,general_government,-14594,-2.6,
ES,1998,local_government,161,0,
ES,1998,social_security_funds,-1615,-0.3,
ES,1998,state_government,-2120,-0.4,
ES,1999,central_government,-7278,-1.2,
ES,1999,general_government,-7382,-1.2,
ES,1999,local_government,-34,0,
ES,1999,social_security_funds,970,0.2,
ES,1999,state_government,-1040,-0.2,
ES,2000,central_government,-7867,-1.2,
ES,2000,general_government,-7520,-1.2,
ES,2000,local_government,584,0.1,
ES,2000,social_security_funds,2989,0.5,
ES,2000,state_government,-3226,-0.5,
ES,2001,central_government,-4353,-0.6,
ES,2001,general_government,-3189,-0.5,
ES,2001,local_government,-256,0,
ES,2001,social_security_funds,5765,0.8,
ES,2001,state_government,-4345,-0.6,
ES,2002,central_government,-3856,-0.5,
ES,2002,general_government,-2356,-0.3,
ES,2002,local_government,-860,-0.1,
ES,2002,social_security_funds,6028,0.8,
ES,2002,state_government,-3668,-0.5,
ES,2003,central_government,-5227,-0.7,
ES,2003,general_government,-3009,-0.4,
ES,2003,local_government,-1903,-0.2,
ES,2003,social_security_funds,7964,1,
ES,2003,state_government,-3843,-0.5,
ES,2004,central_government,-8941,-1,
ES,2004,general_government,-941,-0.1,
ES,2004,local_government,112,0,
ES,2004,social_security_funds,8590,1,
ES,2004,state_government,-702,-0.1,
ES,2005,central_government,4648,0.5,
ES,2005,general_government,11421,1.2,
ES,2005,local_government,-548,-0.1,
ES,2005,social_security_funds,10075,1.1,
ES,2005,state_government,-2754,-0.3,
ES,2006,central_government,8116,0.8,
ES,2006,general_government,21322,2.1,
ES,2006,local_government,759,0.1,
ES,2006,social_security_funds,13096,1.3,
ES,2006,state_government,-649,-0.1,
ES,2007,central_government,13262,1.2,
ES,2007,general_government,20287,1.9,
ES,2007,local_government,-3338,-0.3,
ES,2007,social_security_funds,13842,1.3,
ES,2007,state_government,-3479,-0.3,
ES,2008,central_government,-33616,-3,
ES,2008,general_government,-50731,-4.6,
ES,2008,local_government,-5375,-0.5,
ES,2008,social_security_funds,7419,0.7,
ES,2008,state_government,-19159,-1.7,
ES,2009,central_government,-100391,-9.4,
ES,2009,general_government,-120576,-11.2,
ES,2009,local_government,-5910,-0.6,
ES,2009,social_security_funds,7629,0.7,
ES,2009,state_government,-21904,-2,
ES,2010,central_government,-52075,-4.8,
ES,2010,general_government,-102193,-9.5,
ES,2010,local_government,-7051,-0.7,
ES,2010,social_security_funds,-2669,-0.2,
ES,2010,state_government,-40398,-3.8,
ES,2011,central_government,-38966,-3.6,
ES,2011,general_government,-103575,-9.7,
ES,2011,local_government,-8506,-0.8,
ES,2011,social_security_funds,-1242,-0.1,
ES,2011,state_government,-54861,-5.1,
ES,2012,central_government,-91769,-8.9,
ES,2012,general_government,-119094,-11.5,
ES,2012,local_government,3303,0.3,
ES,2012,social_security_funds,-10015,-1,
ES,2012,state_government,-20613,-2,
ES,2013,central_government,-54769,-5.3,
ES,2013,general_government,-76805,-7.5,
ES,2013,local_government,5689,0.6,
ES,2013,social_security_funds,-11349,-1.1,
ES,2013,state_government,-16376,-1.6,
ES,2014,central_government,-38860,-3.7,
ES,2014,general_government,-62716,-6,
ES,2014,local_government,5452,0.5,
ES,2014,social_security_funds,-10607,-1,
ES,2014,state_government,-18701,-1.8,
ES,2015,central_government,-30123,-2.8,
ES,2015,general_government,-57248,-5.3,
ES,2015,local_government,4576,0.4,
ES,2015,social_security_funds,-12853,-1.2,
ES,2015,state_government,-18848,-1.7,
ES,2016,central_government,-27522,-2.5,
ES,2016,general_government,-47401,-4.2,
ES,2016,local_government,6984,0.6,
ES,2016,social_security_funds,-17401,-1.5,
ES,2016,state_government,-9462,-0.8,
ES,2017,central_government,-21694,-1.9,
ES,2017,general_government,-35903,-3.1,
ES,2017,local_government,6613,0.6,
ES,2017,social_security_funds,-16775,-1.4,
ES,2017,state_government,-4047,-0.3,
ES,2018,central_government,-16805,-1.4,
ES,2018,general_government,-30943,-2.6,
ES,2018,local_government,6360,0.5,
ES,2018,social_security_funds,-17310,-1.4,
ES,2018,state_government,-3188,-0.3,
ES,2019,central_government,-18969,-1.5,
ES,2019,general_government,-38422,-3.1,
ES,2019,local_government,3810,0.3,
ES,2019,social_security_funds,-15860,-1.3,
ES,2019,state_government,-7403,-0.6,
ES,2020,central_government,-85813,-7.6,
ES,2020,general_government,-111897,-9.9,
ES,2020,local_government,2752,0.2,
ES,2020,social_security_funds,-26668,-2.4,
ES,2020,state_government,-2168,-0.2,
ES,2021,central_government,-73547,-6,
ES,2021,general_government,-82174,-6.7,
ES,2021,local_government,3416,0.3,
ES,2021,social_security_funds,-11706,-0.9,
ES,2021,state_government,-337,0,
ES,2022,central_government,-41036,-3,
ES,2022,general_government,-63105,-4.6,
ES,2022,local_government,-952,-0.1,
ES,2022,social_security_funds,-5916,-0.4,
ES,2022,state_government,-15201,-1.1,
ES,2023,central_government,-29822,-2,
ES,2023,general_government,-50027,-3.3,
ES,2023,local_government,295,0,
ES,2023,social_security_funds,-8273,-0.6,
ES,2023,state_government,-12227,-0.8,
ES,2024,central_government,-46889,-2.9,
ES,2024,general_government,-51267,-3.2,
ES,2024,local_government,7075,0.4,
ES,2024,social_security_funds,-8218,-0.5,
ES,2024,state_government,-3235,-0.2,
ES,2025,central_government,-33168,-2,
ES,2025,general_government,-40330,-2.4,
ES,2025,local_government,5068,0.3,
ES,2025,social_security_funds,-5580,-0.3,
ES,2025,state_government,-6650,-0.4,
FI,1995,central_government,-10865,-11,
FI,1995,general_government,-5742,-5.8,
FI,1995,local_government,1397,1.4,
FI,1995,social_security_funds,3726,3.8,
FI,1996,central_government,-7663,-7.5,
FI,1996,general_government,-3206,-3.1,
FI,1996,local_government,1059,1,
FI,1996,social_security_funds,3398,3.3,
FI,1997,central_government,-4003,-3.6,
FI,1997,general_government,-1303,-1.2,
FI,1997,local_government,-546,-0.5,
FI,1997,social_security_funds,3246,2.9,
FI,1998,central_government,-1745,-1.4,
FI,1998,general_government,2018,1.7,
FI,1998,local_government,-268,-0.2,
FI,1998,social_security_funds,4031,3.3,
FI,1999,central_government,-1444,-1.1,
FI,1999,general_government,2137,1.7,
FI,1999,local_government,-205,-0.2,
FI,1999,social_security_funds,3786,3,
FI,2000,central_government,3502,2.6,
FI,2000,general_government,9395,6.9,
FI,2000,local_government,298,0.2,
FI,2000,social_security_funds,5595,4.1,
FI,2001,central_government,2016,1.4,
FI,2001,general_government,7201,5,
FI,2001,local_government,-618,-0.4,
FI,2001,social_security_funds,5803,4,
FI,2002,central_government,1348,0.9,
FI,2002,general_government,6062,4.1,
FI,2002,local_government,-522,-0.4,
FI,2002,social_security_funds,5236,3.5,
FI,2003,central_government,100,0.1,
FI,2003,general_government,3703,2.4,
FI,2003,local_government,-1020,-0.7,
FI,2003,social_security_funds,4623,3,
FI,2004,central_government,-101,-0.1,
FI,2004,general_government,3516,2.2,
FI,2004,local_government,-1231,-0.8,
FI,2004,social_security_funds,4848,3.1,
FI,2005,central_government,68,0,
FI,2005,general_government,4379,2.7,
FI,2005,local_government,-1187,-0.7,
FI,2005,social_security_funds,5498,3.3,
FI,2006,central_government,-312,-0.2,
FI,2006,general_government,6894,4,
FI,2006,local_government,-548,-0.3,
FI,2006,social_security_funds,7754,4.5,
FI,2007,central_government,1736,0.9,
FI,2007,general_government,9562,5.1,
FI,2007,local_government,-339,-0.2,
FI,2007,social_security_funds,8165,4.4,
FI,2008,central_government,997,0.5,
FI,2008,general_government,8119,4.2,
FI,2008,local_government,-758,-0.4,
FI,2008,social_security_funds,7880,4.1,
FI,2009,central_government,-8256,-4.5,
FI,2009,general_government,-4510,-2.5,
FI,2009,local_government,-1129,-0.6,
FI,2009,social_security_funds,4875,2.7,
FI,2010,central_government,-10029,-5.3,
FI,2010,general_government,-4844,-2.6,
FI,2010,local_government,-386,-0.2,
FI,2010,social_security_funds,5571,3,
FI,2011,central_government,-6384,-3.2,
FI,2011,general_government,-2002,-1,
FI,2011,local_government,-1036,-0.5,
FI,2011,social_security_funds,5418,2.7,
FI,2012,central_government,-7385,-3.7,
FI,2012,general_government,-4310,-2.2,
FI,2012,local_government,-2097,-1,
FI,2012,social_security_funds,5172,2.6,
FI,2013,central_government,-7548,-3.7,
FI,2013,general_government,-5132,-2.5,
FI,2013,local_government,-1418,-0.7,
FI,2013,social_security_funds,3834,1.9,
FI,2014,central_government,-7732,-3.8,
FI,2014,general_government,-6165,-3,
FI,2014,local_government,-1497,-0.7,
FI,2014,social_security_funds,3064,1.5,
FI,2015,central_government,-6308,-3,
FI,2015,general_government,-5101,-2.4,
FI,2015,local_government,-1295,-0.6,
FI,2015,social_security_funds,2502,1.2,
FI,2016,central_government,-5710,-2.6,
FI,2016,general_government,-3670,-1.7,
FI,2016,local_government,-869,-0.4,
FI,2016,social_security_funds,2909,1.3,
FI,2017,central_government,-4008,-1.8,
FI,2017,general_government,-1414,-0.6,
FI,2017,local_government,-417,-0.2,
FI,2017,social_security_funds,3011,1.3,
FI,2018,central_government,-2999,-1.3,
FI,2018,general_government,-2022,-0.9,
FI,2018,local_government,-2006,-0.9,
FI,2018,social_security_funds,2983,1.3,
FI,2019,central_government,-2667,-1.1,
FI,2019,general_government,-2228,-0.9,
FI,2019,local_government,-2982,-1.3,
FI,2019,social_security_funds,3421,1.4,
FI,2020,central_government,-13026,-5.5,
FI,2020,general_government,-13082,-5.5,
FI,2020,local_government,-74,0,
FI,2020,social_security_funds,18,0,
FI,2021,central_government,-8188,-3.3,
FI,2021,general_government,-6598,-2.7,
FI,2021,local_government,-821,-0.3,
FI,2021,social_security_funds,2411,1,
FI,2022,central_government,-3598,-1.4,
FI,2022,general_government,-477,-0.2,
FI,2022,local_government,-375,-0.1,
FI,2022,social_security_funds,3496,1.3,
FI,2023,central_government,-9191,-3.4,
FI,2023,general_government,-7810,-2.9,
FI,2023,local_government,-2737,-1,
FI,2023,social_security_funds,4118,1.5,
FI,2024,central_government,-10235,-3.7,
FI,2024,general_government,-11992,-4.3,
FI,2024,local_government,-2642,-1,
FI,2024,social_security_funds,885,0.3,
FI,2025,central_government,-11675,-4.2,
FI,2025,general_government,-10814,-3.9,
FI,2025,local_government,-770,-0.3,
FI,2025,social_security_funds,1631,0.6,
FR,1995,central_government,-49274,-4.1,
FR,1995,general_government,-62038.7,-5.1,
FR,1995,local_government,-3894.5,-0.3,
FR,1995,social_security_funds,-8870.2,-0.7,
FR,1996,central_government,-42761,-3.4,
FR,1996,general_government,-48584,-3.9,
FR,1996,local_government,-1000.1,-0.1,
FR,1996,social_security_funds,-4822.9,-0.4,
FR,1997,central_government,-46207.3,-3.6,
FR,1997,general_government,-47865.3,-3.7,
FR,1997,local_government,1385.8,0.1,
FR,1997,social_security_funds,-3043.8,-0.2,
FR,1998,central_government,-34596.3,-2.6,
FR,1998,general_government,-32194.7,-2.4,
FR,1998,local_government,2546.1,0.2,
FR,1998,social_security_funds,-144.5,0,
FR,1999,central_government,-30182.6,-2.2,
FR,1999,general_government,-21544.3,-1.5,
FR,1999,local_government,2764.1,0.2,
FR,1999,social_security_funds,5874.2,0.4,
FR,2000,central_government,-31762.4,-2.2,
FR,2000,general_government,-19342.2,-1.3,
FR,2000,local_government,1065.3,0.1,
FR,2000,social_security_funds,11354.9,0.8,
FR,2001,central_government,-32766.3,-2.1,
FR,2001,general_government,-21686.6,-1.4,
FR,2001,local_government,802.9,0.1,
FR,2001,social_security_funds,10276.8,0.7,
FR,2002,central_government,-54464.9,-3.5,
FR,2002,general_government,-50120.9,-3.2,
FR,2002,local_government,1323.3,0.1,
FR,2002,social_security_funds,3020.7,0.2,
FR,2003,central_government,-61899.6,-3.8,
FR,2003,general_government,-66317,-4.1,
FR,2003,local_government,212.5,0,
FR,2003,social_security_funds,-4629.9,-0.3,
FR,2004,central_government,-45868.5,-2.7,
FR,2004,general_government,-60299.8,-3.6,
FR,2004,local_government,-2970,-0.2,
FR,2004,social_security_funds,-11461.3,-0.7,
FR,2005,central_government,-48930.9,-2.8,
FR,2005,general_government,-61801.4,-3.5,
FR,2005,local_government,-3584.9,-0.2,
FR,2005,social_security_funds,-9285.6,-0.5,
FR,2006,central_government,-46082.3,-2.5,
FR,2006,general_government,-49062.6,-2.7,
FR,2006,local_government,-4082.8,-0.2,
FR,2006,social_security_funds,1102.5,0.1,
FR,2007,central_government,-51905.5,-2.7,
FR,2007,general_government,-57935.7,-3,
FR,2007,local_government,-8274.7,-0.4,
FR,2007,social_security_funds,2244.5,0.1,
FR,2008,central_government,-71531,-3.6,
FR,2008,general_government,-69690.1,-3.5,
FR,2008,local_government,-10130.8,-0.5,
FR,2008,social_security_funds,11971.7,0.6,
FR,2009,central_government,-119237.1,-6.2,
FR,2009,general_government,-142833.9,-7.4,
FR,2009,local_government,-6459.3,-0.3,
FR,2009,social_security_funds,-17137.5,-0.9,
FR,2010,central_government,-114834.9,-5.8,
FR,2010,general_government,-142760.5,-7.2,
FR,2010,local_government,-2137.7,-0.1,
FR,2010,social_security_funds,-25787.9,-1.3,
FR,2011,central_government,-93239.6,-4.5,
FR,2011,general_government,-109385.5,-5.3,
FR,2011,local_government,-1481.4,-0.1,
FR,2011,social_security_funds,-14664.1,-0.7,
FR,2012,central_government,-88741.8,-4.2,
FR,2012,general_government,-107987.2,-5.2,
FR,2012,local_government,-4700.2,-0.2,
FR,2012,social_security_funds,-14545.2,-0.7,
FR,2013,central_government,-85613.8,-4,
FR,2013,general_government,-104711.8,-4.9,
FR,2013,local_government,-8281,-0.4,
FR,2013,social_security_funds,-10817,-0.5,
FR,2014,central_government,-83691,-3.9,
FR,2014,general_government,-98504,-4.6,
FR,2014,local_government,-5682,-0.3,
FR,2014,social_security_funds,-9131,-0.4,
FR,2015,central_government,-79584,-3.6,
FR,2015,general_government,-85681,-3.9,
FR,2015,local_government,-436,0,
FR,2015,social_security_funds,-5661,-0.3,
FR,2016,central_government,-81898.2,-3.7,
FR,2016,general_government,-84025.2,-3.8,
FR,2016,local_government,2258,0.1,
FR,2016,social_security_funds,-4385,-0.2,
FR,2017,central_government,-81875.7,-3.6,
FR,2017,general_government,-77057.7,-3.4,
FR,2017,local_government,1410,0.1,
FR,2017,social_security_funds,3408,0.1,
FR,2018,central_government,-65607.2,-2.8,
FR,2018,general_government,-54616.2,-2.3,
FR,2018,local_government,1776,0.1,
FR,2018,social_security_funds,9215,0.4,
FR,2019,central_government,-67768.5,-2.8,
FR,2019,general_government,-58225.5,-2.4,
FR,2019,local_government,-2543.8,-0.1,
FR,2019,social_security_funds,12086.8,0.5,
FR,2020,central_government,-154922.5,-6.7,
FR,2020,general_government,-207084.4,-8.9,
FR,2020,local_government,-3858.3,-0.2,
FR,2020,social_security_funds,-48303.6,-2.1,
FR,2021,central_government,-144546.7,-5.8,
FR,2021,general_government,-165149.3,-6.6,
FR,2021,local_government,-891.7,0,
FR,2021,social_security_funds,-19710.9,-0.8,
FR,2022,central_government,-133247,-5,
FR,2022,general_government,-125895.8,-4.7,
FR,2022,local_government,-1149.2,0,
FR,2022,social_security_funds,8500.4,0.3,
FR,2023,central_government,-153819,-5.4,
FR,2023,general_government,-151920.3,-5.4,
FR,2023,local_government,-9946.9,-0.4,
FR,2023,social_security_funds,11845.6,0.4,
FR,2024,central_government,-152464.3,-5.2,
FR,2024,general_government,-169118.1,-5.8,
FR,2024,local_government,-17793.9,-0.6,
FR,2024,social_security_funds,1140.1,0,
FR,2025,central_government,-130237.3,-4.3,
FR,2025,general_government,-152511.1,-5.1,
FR,2025,local_government,-15555.9,-0.5,
FR,2025,social_security_funds,-6717.9,-0.2,
HR,1995,central_government,-117.4,-0.7,
HR,1995,general_government,-77.6,-0.5,
HR,1995,local_government,-10.5,-0.1,
HR,1995,social_security_funds,50.3,0.3,
HR,1996,central_government,-853.6,-4.9,
HR,1996,general_government,-844.8,-4.9,
HR,1996,local_government,22.8,0.1,
HR,1996,social_security_funds,-14,-0.1,
HR,1997,central_government,171.6,0.9,
HR,1997,general_government,265.7,1.4,
HR,1997,local_government,-17.4,-0.1,
HR,1997,social_security_funds,111.4,0.6,
HR,1998,central_government,-228.6,-1.1,
HR,1998,general_government,-178.6,-0.8,
HR,1998,local_government,-25.9,-0.1,
HR,1998,social_security_funds,75.9,0.3,
HR,1999,central_government,-1476,-6.6,
HR,1999,general_government,-1950.3,-8.7,
HR,1999,local_government,-98.4,-0.4,
HR,1999,social_security_funds,-376,-1.7,
HR,2000,central_government,-1909.3,-8,
HR,2000,general_government,-2112,-8.8,
HR,2000,local_government,11.4,0,
HR,2000,social_security_funds,-214.1,-0.9,
HR,2001,central_government,-1225.7,-4.8,
HR,2001,general_government,-1174.3,-4.6,
HR,2001,local_government,33.5,0.1,
HR,2001,social_security_funds,18,0.1,
HR,2002,central_government,-948.1,-3.4,
HR,2002,general_government,-1298.9,-4.6,
HR,2002,local_government,108.2,0.4,
HR,2002,social_security_funds,-459,-1.6,
HR,2003,central_government,-1309.2,-4.2,
HR,2003,general_government,-1431.8,-4.6,
HR,2003,local_government,-53.3,-0.2,
HR,2003,social_security_funds,-69.3,-0.2,
HR,2004,central_government,-1721,-5.1,
HR,2004,general_government,-1927.9,-5.7,
HR,2004,local_government,-88,-0.3,
HR,2004,social_security_funds,-118.8,-0.4,
HR,2005,central_government,-880.8,-2.4,
HR,2005,general_government,-1097,-3,
HR,2005,local_government,-170.5,-0.5,
HR,2005,social_security_funds,-45.8,-0.1,
HR,2006,central_government,-654.2,-1.7,
HR,2006,general_government,-731.2,-1.9,
HR,2006,local_government,-88.6,-0.2,
HR,2006,social_security_funds,11.6,0,
HR,2007,central_government,-953,-2.2,
HR,2007,general_government,-913.1,-2.1,
HR,2007,local_government,-94.5,-0.2,
HR,2007,social_security_funds,134.4,0.3,
HR,2008,central_government,-1001.2,-2.2,
HR,2008,general_government,-1082.2,-2.3,
HR,2008,local_government,-77.9,-0.2,
HR,2008,social_security_funds,-3.1,0,
HR,2009,central_government,-2761.8,-6.2,
HR,2009,general_government,-3122.9,-7,
HR,2009,local_government,-351.9,-0.8,
HR,2009,social_security_funds,-9.2,0,
HR,2010,central_government,-2929.6,-6.6,
HR,2010,general_government,-2947.8,-6.6,
HR,2010,local_government,-4,0,
HR,2010,social_security_funds,-14.2,0,
HR,2011,central_government,-3306.4,-7.3,
HR,2011,general_government,-3422.8,-7.6,
HR,2011,local_government,-49.3,-0.1,
HR,2011,social_security_funds,-67.1,-0.1,
HR,2012,central_government,-2280.1,-5.1,
HR,2012,general_government,-2447.9,-5.5,
HR,2012,local_government,24.3,0.1,
HR,2012,social_security_funds,-192.1,-0.4,
HR,2013,central_government,-2690.6,-6,
HR,2013,general_government,-2471.7,-5.5,
HR,2013,local_government,5.3,0,
HR,2013,social_security_funds,213.5,0.5,
HR,2014,central_government,-2159.3,-4.8,
HR,2014,general_government,-2301.7,-5.1,
HR,2014,local_government,53.4,0.1,
HR,2014,social_security_funds,-195.8,-0.4,
HR,2015,central_government,-1404.9,-3.1,
HR,2015,general_government,-1598.9,-3.5,
HR,2015,local_government,61.2,0.1,
HR,2015,social_security_funds,-255.2,-0.6,
HR,2016,central_government,-556.9,-1.2,
HR,2016,general_government,-492.8,-1,
HR,2016,local_government,-16,0,
HR,2016,social_security_funds,80.1,0.2,
HR,2017,central_government,254.9,0.5,
HR,2017,general_government,276.3,0.6,
HR,2017,local_government,-9,0,
HR,2017,social_security_funds,30.3,0.1,
HR,2018,central_government,9.2,0,
HR,2018,general_government,-29.7,-0.1,
HR,2018,local_government,-52.2,-0.1,
HR,2018,social_security_funds,13.3,0,
HR,2019,central_government,272.9,0.5,
HR,2019,general_government,124.7,0.2,
HR,2019,local_government,-220.9,-0.4,
HR,2019,social_security_funds,72.7,0.1,
HR,2020,central_government,-3149.8,-6.2,
HR,2020,general_government,-3673.5,-7.2,
HR,2020,local_government,-484.4,-1,
HR,2020,social_security_funds,-39.3,-0.1,
HR,2021,central_government,-1556,-2.7,
HR,2021,general_government,-1501.5,-2.6,
HR,2021,local_government,-159.1,-0.3,
HR,2021,social_security_funds,213.5,0.4,
HR,2022,central_government,-428.3,-0.6,
HR,2022,general_government,10,0,
HR,2022,local_government,384.5,0.6,
HR,2022,social_security_funds,53.8,0.1,
HR,2023,central_government,-1205.1,-1.5,
HR,2023,general_government,-865.3,-1.1,
HR,2023,local_government,444.9,0.6,
HR,2023,social_security_funds,-105,-0.1,
HR,2024,central_government,-2228.7,-2.6,
HR,2024,general_government,-2001.3,-2.3,
HR,2024,local_government,221.6,0.3,
HR,2024,social_security_funds,5.8,0,
HR,2025,central_government,-2291.4,-2.5,
HR,2025,general_government,-2796.2,-3,
HR,2025,local_government,-416.8,-0.4,
HR,2025,social_security_funds,-88.1,-0.1,
HU,1995,central_government,-509787.3,-8.7,
HU,1995,general_government,-501876.3,-8.6,
HU,1995,local_government,7797,0.1,
HU,1995,social_security_funds,114,0,
HU,1996,central_government,-380270,-5.3,
HU,1996,general_government,-311702,-4.4,
HU,1996,local_government,26976,0.4,
HU,1996,social_security_funds,41592,0.6,
HU,1997,central_government,-497290.8,-5.6,
HU,1997,general_government,-490378.8,-5.5,
HU,1997,local_government,-1808,0,
HU,1997,social_security_funds,8720,0.1,
HU,1998,central_government,-708854.6,-6.8,
HU,1998,general_government,-775309.6,-7.4,
HU,1998,local_government,-31033,-0.3,
HU,1998,social_security_funds,-35422,-0.3,
HU,1999,central_government,-595541,-5.1,
HU,1999,general_government,-614070,-5.3,
HU,1999,local_government,252,0,
HU,1999,social_security_funds,-18781,-0.2,
HU,2000,central_government,-354854,-2.7,
HU,2000,general_government,-405236,-3,
HU,2000,local_government,-35845,-0.3,
HU,2000,social_security_funds,-14537,-0.1,
HU,2001,central_government,-703875,-4.6,
HU,2001,general_government,-615856,-4,
HU,2001,local_government,17530,0.1,
HU,2001,social_security_funds,70489,0.5,
HU,2002,central_government,-1332869,-7.6,
HU,2002,general_government,-1533781,-8.8,
HU,2002,local_government,-149560,-0.9,
HU,2002,social_security_funds,-51352,-0.3,
HU,2003,central_government,-1102996,-5.8,
HU,2003,general_government,-1374123,-7.2,
HU,2003,local_government,-29272,-0.2,
HU,2003,social_security_funds,-241856,-1.3,
HU,2004,central_government,-1270681,-6,
HU,2004,general_government,-1391280,-6.6,
HU,2004,local_government,-58927,-0.3,
HU,2004,social_security_funds,-61673,-0.3,
HU,2005,central_government,-1599693,-7.1,
HU,2005,general_government,-1757626,-7.8,
HU,2005,local_government,-120609.6,-0.5,
HU,2005,social_security_funds,-37323,-0.2,
HU,2006,central_government,-2439617,-10,
HU,2006,general_government,-2254329,-9.3,
HU,2006,local_government,-191665,-0.8,
HU,2006,social_security_funds,376953,1.5,
HU,2007,central_government,-1456874,-5.7,
HU,2007,general_government,-1308462,-5.1,
HU,2007,local_government,-28761,-0.1,
HU,2007,social_security_funds,177173,0.7,
HU,2008,central_government,-968598,-3.6,
HU,2008,general_government,-1030748,-3.8,
HU,2008,local_government,18346,0.1,
HU,2008,social_security_funds,-80496,-0.3,
HU,2009,central_government,-1046412,-4,
HU,2009,general_government,-1259676,-4.8,
HU,2009,local_government,-103345,-0.4,
HU,2009,social_security_funds,-109919,-0.4,
HU,2010,central_government,-1032846,-3.8,
HU,2010,general_government,-1216741,-4.4,
HU,2010,local_government,-231019,-0.8,
HU,2010,social_security_funds,47124,0.2,
HU,2011,central_government,-1664946,-5.8,
HU,2011,general_government,-1487238,-5.2,
HU,2011,local_government,169981,0.6,
HU,2011,social_security_funds,7727,0,
HU,2012,central_government,-809602,-2.8,
HU,2012,general_government,-673987,-2.3,
HU,2012,local_government,139700,0.5,
HU,2012,social_security_funds,-4085,0,
HU,2013,central_government,-1676570.5,-5.5,
HU,2013,general_government,-788385.5,-2.6,
HU,2013,local_government,751396,2.5,
HU,2013,social_security_funds,136789,0.5,
HU,2014,central_government,-1394670.9,-4.2,
HU,2014,general_government,-910278.2,-2.8,
HU,2014,local_government,441853.9,1.3,
HU,2014,social_security_funds,42538.5,0.1,
HU,2015,central_government,-761143.4,-2.2,
HU,2015,general_government,-700701.1,-2,
HU,2015,local_government,57544.7,0.2,
HU,2015,social_security_funds,2898.9,0,
HU,2016,central_government,-717929.8,-2,
HU,2016,general_government,-650580.8,-1.8,
HU,2016,local_government,103177.9,0.3,
HU,2016,social_security_funds,-35827.9,-0.1,
HU,2017,central_government,-950327.8,-2.4,
HU,2017,general_government,-965670.4,-2.5,
HU,2017,local_government,20538.7,0.1,
HU,2017,social_security_funds,-35880.8,-0.1,
HU,2018,central_government,-997879.6,-2.3,
HU,2018,general_government,-891319.5,-2,
HU,2018,local_government,29947,0.1,
HU,2018,social_security_funds,76612.1,0.2,
HU,2019,central_government,-790841,-1.6,
HU,2019,general_government,-970456.4,-2,
HU,2019,local_government,-42989.1,-0.1,
HU,2019,social_security_funds,-136626,-0.3,
HU,2020,central_government,-3249171.2,-6.7,
HU,2020,general_government,-3654170.1,-7.5,
HU,2020,local_government,51203.8,0.1,
HU,2020,social_security_funds,-456202.9,-0.9,
HU,2021,central_government,-4314975,-7.8,
HU,2021,general_government,-3950387.5,-7.1,
HU,2021,local_government,87648.5,0.2,
HU,2021,social_security_funds,276939,0.5,
HU,2022,central_government,-4017127,-6.1,
HU,2022,general_government,-4092618,-6.2,
HU,2022,local_government,-158855,-0.2,
HU,2022,social_security_funds,83366,0.1,
HU,2023,central_government,-5166605.8,-6.9,
HU,2023,general_government,-5253500.8,-7,
HU,2023,local_government,-188433,-0.3,
HU,2023,social_security_funds,101536,0.1,
HU,2024,central_government,-4029472.4,-4.9,
HU,2024,general_government,-4185366.4,-5.1,
HU,2024,local_government,-423852,-0.5,
HU,2024,social_security_funds,267957,0.3,
HU,2025,central_government,-4174100.2,-4.8,
HU,2025,general_government,-4059437.7,-4.7,
HU,2025,local_government,49012.2,0.1,
HU,2025,social_security_funds,65650.4,0.1,
IE,1995,central_government,-1081.5,-2,
IE,1995,general_government,-1137.1,-2.1,
IE,1995,local_government,-38.5,-0.1,
IE,1995,social_security_funds,-17.1,0,
IE,1996,central_government,-61,-0.1,
IE,1996,general_government,-118.9,-0.2,
IE,1996,local_government,-41.8,-0.1,
IE,1996,social_security_funds,-16.1,0,
IE,1997,central_government,987.6,1.4,
IE,1997,general_government,953,1.4,
IE,1997,local_government,-26.2,0,
IE,1997,social_security_funds,-8.4,0,
IE,1998,central_government,1756.5,2.2,
IE,1998,general_government,1665.9,2.1,
IE,1998,local_government,-142,-0.2,
IE,1998,social_security_funds,51.4,0.1,
IE,1999,central_government,3031.5,3.3,
IE,1999,general_government,3282,3.5,
IE,1999,local_government,-58.2,-0.1,
IE,1999,social_security_funds,308.8,0.3,
IE,2000,central_government,4776.5,4.4,
IE,2000,general_government,5267.8,4.9,
IE,2000,local_government,-134.2,-0.1,
IE,2000,social_security_funds,625.5,0.6,
IE,2001,central_government,1023,0.8,
IE,2001,general_government,1171.2,1,
IE,2001,local_government,-557.1,-0.5,
IE,2001,social_security_funds,705.3,0.6,
IE,2002,central_government,-40.6,0,
IE,2002,general_government,-706.3,-0.5,
IE,2002,local_government,-437.1,-0.3,
IE,2002,social_security_funds,-228.6,-0.2,
IE,2003,central_government,-201.5,-0.1,
IE,2003,general_government,503.8,0.3,
IE,2003,local_government,422.3,0.3,
IE,2003,social_security_funds,283,0.2,
IE,2004,central_government,1522.3,1,
IE,2004,general_government,2028.6,1.3,
IE,2004,local_government,117.4,0.1,
IE,2004,social_security_funds,388.9,0.2,
IE,2005,central_government,1792,1.1,
IE,2005,general_government,2674.5,1.6,
IE,2005,local_government,333.1,0.2,
IE,2005,social_security_funds,549.4,0.3,
IE,2006,central_government,4315.9,2.3,
IE,2006,general_government,5132.1,2.8,
IE,2006,local_government,322,0.2,
IE,2006,social_security_funds,494.3,0.3,
IE,2007,central_government,324.8,0.2,
IE,2007,general_government,527.8,0.3,
IE,2007,local_government,-368.4,-0.2,
IE,2007,social_security_funds,571.4,0.3,
IE,2008,central_government,-12133.4,-6.5,
IE,2008,general_government,-13167,-7,
IE,2008,local_government,-681.3,-0.4,
IE,2008,social_security_funds,-352.3,-0.2,
IE,2009,central_government,-20954,-12.4,
IE,2009,general_government,-23517.2,-13.9,
IE,2009,local_government,-106.9,-0.1,
IE,2009,social_security_funds,-2456.3,-1.4,
IE,2010,central_government,-52717.1,-31.5,
IE,2010,general_government,-53764.1,-32.1,
IE,2010,local_government,-21,0,
IE,2010,social_security_funds,-1025.9,-0.6,
IE,2011,central_government,-22756,-13.1,
IE,2011,general_government,-23320.1,-13.5,
IE,2011,local_government,-233.2,-0.1,
IE,2011,social_security_funds,-330.9,-0.2,
IE,2012,central_government,-14696.6,-8.3,
IE,2012,general_government,-14866.2,-8.4,
IE,2012,local_government,-146.5,-0.1,
IE,2012,social_security_funds,-22.9,0,
IE,2013,central_government,-11329.3,-6.2,
IE,2013,general_government,-11484.3,-6.3,
IE,2013,local_government,-141.6,-0.1,
IE,2013,social_security_funds,-13.4,0,
IE,2014,central_government,-7344.6,-3.7,
IE,2014,general_government,-7060.2,-3.5,
IE,2014,local_government,272.7,0.1,
IE,2014,social_security_funds,12.1,0,
IE,2015,central_government,-5739.2,-2.1,
IE,2015,general_government,-5377.5,-2,
IE,2015,local_government,378.2,0.1,
IE,2015,social_security_funds,-16.2,0,
IE,2016,central_government,-2801.6,-1,
IE,2016,general_government,-2176.4,-0.8,
IE,2016,local_government,188.7,0.1,
IE,2016,social_security_funds,436.5,0.2,
IE,2017,central_government,-1642.6,-0.5,
IE,2017,general_government,-923.9,-0.3,
IE,2017,local_government,63.8,0,
IE,2017,social_security_funds,654.8,0.2,
IE,2018,central_government,-836.4,-0.2,
IE,2018,general_government,298.3,0.1,
IE,2018,local_government,-2.6,0,
IE,2018,social_security_funds,1137.3,0.3,
IE,2019,central_government,369.5,0.1,
IE,2019,general_government,1414.6,0.4,
IE,2019,local_government,-581.2,-0.2,
IE,2019,social_security_funds,1626.3,0.4,
IE,2020,central_government,-15211.5,-4,
IE,2020,general_government,-18776.7,-4.9,
IE,2020,local_government,-287.8,-0.1,
IE,2020,social_security_funds,-3277.4,-0.9,
IE,2021,central_government,-5064.7,-1.1,
IE,2021,general_government,-5561.3,-1.2,
IE,2021,local_government,-485.3,-0.1,
IE,2021,social_security_funds,-11.3,0,
IE,2022,central_government,7240.7,1.4,
IE,2022,general_government,8835.4,1.7,
IE,2022,local_government,-715,-0.1,
IE,2022,social_security_funds,2309.7,0.4,
IE,2023,central_government,5630.6,1.1,
IE,2023,general_government,7838.3,1.5,
IE,2023,local_government,-1132.1,-0.2,
IE,2023,social_security_funds,3339.8,0.6,
IE,2024,central_government,21264.9,3.8,
IE,2024,general_government,23269.9,4.1,
IE,2024,local_government,-1702.7,-0.3,
IE,2024,social_security_funds,3707.8,0.7,
IE,2025,central_government,7677.9,1.2,
IE,2025,general_government,11483.5,1.8,
IE,2025,local_government,-751.6,-0.1,
IE,2025,social_security_funds,4557.1,0.7,
IS,1998,central_government,1351.1,0.2,
IS,1998,general_government,-3374.2,-0.6,
IS,1998,local_government,-6024.6,-1,
IS,1998,social_security_funds,1299.3,0.2,
IS,1999,central_government,10300.7,1.6,
IS,1999,general_government,8587.2,1.3,
IS,1999,local_government,-3694,-0.6,
IS,1999,social_security_funds,1980.4,0.3,
IS,2000,central_government,10756.6,1.5,
IS,2000,general_government,10296.2,1.4,
IS,2000,local_government,-2851.5,-0.4,
IS,2000,social_security_funds,2391.1,0.3,
IS,2001,central_government,-122,0,
IS,2001,general_government,-2167.1,-0.3,
IS,2001,local_government,-5180.3,-0.6,
IS,2001,social_security_funds,3135.2,0.4,
IS,2002,central_government,-8810.7,-1,
IS,2002,general_government,-19037.1,-2.2,
IS,2002,local_government,-10407.5,-1.2,
IS,2002,social_security_funds,181.1,0,
IS,2003,central_government,-11899.4,-1.3,
IS,2003,general_government,-19974.5,-2.3,
IS,2003,local_government,-5955.7,-0.7,
IS,2003,social_security_funds,-2119.4,-0.2,
IS,2004,central_government,11730,1.2,
IS,2004,general_government,3218.6,0.3,
IS,2004,local_government,-6664.1,-0.7,
IS,2004,social_security_funds,-1847.3,-0.2,
IS,2005,central_government,49016.8,4.5,
IS,2005,general_government,53575.7,5,
IS,2005,local_government,951.6,0.1,
IS,2005,social_security_funds,3607.3,0.3,
IS,2006,central_government,67772.5,5.5,
IS,2006,general_government,79640.3,6.4,
IS,2006,local_government,3772.2,0.3,
IS,2006,social_security_funds,8095.6,0.7,
IS,2007,central_government,58340.2,4.1,
IS,2007,general_government,78307,5.6,
IS,2007,local_government,8642.7,0.6,
IS,2007,social_security_funds,11324.1,0.8,
IS,2008,central_government,-184556.2,-11.5,
IS,2008,general_government,-192390.6,-12,
IS,2008,local_government,-12228.2,-0.8,
IS,2008,social_security_funds,4393.8,0.3,
IS,2009,central_government,-114231.8,-7,
IS,2009,general_government,-138888.8,-8.5,
IS,2009,local_government,-14217.3,-0.9,
IS,2009,social_security_funds,-10439.8,-0.6,
IS,2010,central_government,-100919.8,-5.9,
IS,2010,general_government,-111577.5,-6.6,
IS,2010,local_government,-12613.3,-0.7,
IS,2010,social_security_funds,1955.5,0.1,
IS,2011,central_government,-116891.6,-6.5,
IS,2011,general_government,-114602.2,-6.4,
IS,2011,local_government,-4333.7,-0.2,
IS,2011,social_security_funds,6622.9,0.4,
IS,2012,central_government,-40013.3,-2.1,
IS,2012,general_government,-48405,-2.6,
IS,2012,local_government,-8910.4,-0.5,
IS,2012,social_security_funds,518.7,0,
IS,2013,central_government,-21869.4,-1.1,
IS,2013,general_government,-17387.6,-0.9,
IS,2013,local_government,-1510.3,-0.1,
IS,2013,social_security_funds,5992,0.3,
IS,2014,central_government,25200.5,1.2,
IS,2014,general_government,12461.1,0.6,
IS,2014,local_government,-11317.1,-0.5,
IS,2014,social_security_funds,-1422.3,-0.1,
IS,2015,central_government,4034.8,0.2,
IS,2015,general_government,-3377.3,-0.1,
IS,2015,local_government,-8539.1,-0.4,
IS,2015,social_security_funds,1127,0,
IS,2016,central_government,310043.5,12.2,
IS,2016,general_government,323426.7,12.7,
IS,2016,local_government,7069.6,0.3,
IS,2016,social_security_funds,6313.5,0.2,
IS,2017,central_government,59359.8,2.2,
IS,2017,general_government,34170.1,1.3,
IS,2017,local_government,-26662.3,-1,
IS,2017,social_security_funds,1472.6,0.1,
IS,2018,central_government,38331.2,1.3,
IS,2018,general_government,30165.9,1,
IS,2018,local_government,-14260.7,-0.5,
IS,2018,social_security_funds,6095.4,0.2,
IS,2019,central_government,-34449.5,-1.1,
IS,2019,general_government,-44332.9,-1.4,
IS,2019,local_government,-14373.2,-0.5,
IS,2019,social_security_funds,4489.8,0.1,
IS,2020,central_government,-240230.6,-8.1,
IS,2020,general_government,-262882.7,-8.8,
IS,2020,local_government,-32148.9,-1.1,
IS,2020,social_security_funds,9496.9,0.3,
IS,2021,central_government,-241281.3,-7.2,
IS,2021,general_government,-265279.6,-8,
IS,2021,local_government,-33303.1,-1,
IS,2021,social_security_funds,9304.8,0.3,
IS,2022,central_government,-115126.4,-2.9,
IS,2022,general_government,-150700.7,-3.8,
IS,2022,local_government,-52830.2,-1.3,
IS,2022,social_security_funds,17255.9,0.4,
IS,2023,central_government,-58005.2,-1.3,
IS,2023,general_government,-92638.3,-2.1,
IS,2023,local_government,-39602.4,-0.9,
IS,2023,social_security_funds,4969.2,0.1,
IS,2024,central_government,-161410.6,-3.5,
IS,2024,general_government,-192379.7,-4.2,
IS,2024,local_government,-24599.8,-0.5,
IS,2024,social_security_funds,-6369.3,-0.1,
IS,2025,central_government,-98860.2,-2,
IS,2025,general_government,-120103.9,-2.4,
IS,2025,local_government,-22311.9,-0.5,
IS,2025,social_security_funds,1068.2,0,
IT,1995,central_government,-72205,-7.3,
IT,1995,general_government,-71303,-7.2,
IT,1995,local_government,1269,0.1,
IT,1995,social_security_funds,-367,0,
IT,1996,central_government,-68672,-6.6,
IT,1996,general_government,-69238,-6.6,
IT,1996,local_government,-2387,-0.2,
IT,1996,social_security_funds,1821,0.2,
IT,1997,central_government,-28174,-2.6,
IT,1997,general_government,-32637,-3,
IT,1997,local_government,-4283,-0.4,
IT,1997,social_security_funds,-180,0,
IT,1998,central_government,-22522,-2,
IT,1998,general_government,-34077,-3,
IT,1998,local_government,-7563,-0.7,
IT,1998,social_security_funds,-3992,-0.3,
IT,1999,central_government,-23854,-2,
IT,1999,general_government,-20898,-1.8,
IT,1999,local_government,-1107,-0.1,
IT,1999,social_security_funds,4063,0.3,
IT,2000,central_government,-28114,-2.3,
IT,2000,general_government,-30124,-2.4,
IT,2000,local_government,-3204,-0.3,
IT,2000,social_security_funds,1194,0.1,
IT,2001,central_government,-37728,-2.9,
IT,2001,general_government,-41625,-3.2,
IT,2001,local_government,-5272,-0.4,
IT,2001,social_security_funds,1375,0.1,
IT,2002,central_government,-38473,-2.8,
IT,2002,general_government,-39036,-2.9,
IT,2002,local_government,-10951,-0.8,
IT,2002,social_security_funds,10388,0.8,
IT,2003,central_government,-38377,-2.7,
IT,2003,general_government,-45147,-3.2,
IT,2003,local_government,-4903,-0.4,
IT,2003,social_security_funds,-1867,-0.1,
IT,2004,central_government,-43770,-3,
IT,2004,general_government,-50438,-3.5,
IT,2004,local_government,-13222,-0.9,
IT,2004,social_security_funds,6554,0.4,
IT,2005,central_government,-54516,-3.6,
IT,2005,general_government,-61440,-4.1,
IT,2005,local_government,-11766,-0.8,
IT,2005,social_security_funds,4842,0.3,
IT,2006,central_government,-44049,-2.8,
IT,2006,general_government,-56240,-3.6,
IT,2006,local_government,-14209,-0.9,
IT,2006,social_security_funds,2018,0.1,
IT,2007,central_government,-29589,-1.8,
IT,2007,general_government,-21503,-1.3,
IT,2007,local_government,-588,0,
IT,2007,social_security_funds,8674,0.5,
IT,2008,central_government,-42040,-2.6,
IT,2008,general_government,-42473,-2.6,
IT,2008,local_government,-2052,-0.1,
IT,2008,social_security_funds,1619,0.1,
IT,2009,central_government,-72310,-4.6,
IT,2009,general_government,-80101,-5.1,
IT,2009,local_government,-3144,-0.2,
IT,2009,social_security_funds,-4647,-0.3,
IT,2010,central_government,-65151,-4,
IT,2010,general_government,-67329,-4.2,
IT,2010,local_government,-7321,-0.5,
IT,2010,social_security_funds,5143,0.3,
IT,2011,central_government,-57683,-3.5,
IT,2011,general_government,-58412,-3.5,
IT,2011,local_government,-4633,-0.3,
IT,2011,social_security_funds,3904,0.2,
IT,2012,central_government,-56687,-3.5,
IT,2012,general_government,-48750,-3,
IT,2012,local_government,4584,0.3,
IT,2012,social_security_funds,3353,0.2,
IT,2013,central_government,-50030,-3.1,
IT,2013,general_government,-46604,-2.9,
IT,2013,local_government,869,0.1,
IT,2013,social_security_funds,2557,0.2,
IT,2014,central_government,-50938,-3.1,
IT,2014,general_government,-46107,-2.8,
IT,2014,local_government,2844,0.2,
IT,2014,social_security_funds,1987,0.1,
IT,2015,central_government,-49302,-3,
IT,2015,general_government,-40902,-2.5,
IT,2015,local_government,5515,0.3,
IT,2015,social_security_funds,2885,0.2,
IT,2016,central_government,-46511,-2.7,
IT,2016,general_government,-40996,-2.4,
IT,2016,local_government,2725,0.2,
IT,2016,social_security_funds,2790,0.2,
IT,2017,central_government,-50110,-2.9,
IT,2017,general_government,-43767,-2.5,
IT,2017,local_government,2489,0.1,
IT,2017,social_security_funds,3854,0.2,
IT,2018,central_government,-45125,-2.5,
IT,2018,general_government,-38968,-2.2,
IT,2018,local_government,3320,0.2,
IT,2018,social_security_funds,2837,0.2,
IT,2019,central_government,-31411,-1.7,
IT,2019,general_government,-26161,-1.5,
IT,2019,local_government,1833,0.1,
IT,2019,social_security_funds,3417,0.2,
IT,2020,central_government,-156580,-9.4,
IT,2020,general_government,-156627,-9.4,
IT,2020,local_government,-2229,-0.1,
IT,2020,social_security_funds,2182,0.1,
IT,2021,central_government,-165393,-9,
IT,2021,general_government,-163535,-8.9,
IT,2021,local_government,-4093,-0.2,
IT,2021,social_security_funds,5951,0.3,
IT,2022,central_government,-161140,-8.1,
IT,2022,general_government,-161869,-8.1,
IT,2022,local_government,-2262,-0.1,
IT,2022,social_security_funds,1533,0.1,
IT,2023,central_government,-163508,-7.6,
IT,2023,general_government,-152867,-7.1,
IT,2023,local_government,5963,0.3,
IT,2023,social_security_funds,4678,0.2,
IT,2024,central_government,-85035,-3.9,
IT,2024,general_government,-73779,-3.4,
IT,2024,local_government,2205,0.1,
IT,2024,social_security_funds,9051,0.4,
IT,2025,central_government,-79510,-3.5,
IT,2025,general_government,-69381,-3.1,
IT,2025,local_government,195,0,
IT,2025,social_security_funds,9934,0.4,
LT,1995,central_government,-198.3,-2.5,
LT,1995,general_government,-120.1,-1.5,
LT,1995,local_government,-25.4,-0.3,
LT,1995,social_security_funds,103.5,1.3,
LT,1996,central_government,-346.4,-3.5,
LT,1996,general_government,-315.7,-3.2,
LT,1996,local_government,-25,-0.3,
LT,1996,social_security_funds,55.8,0.6,
LT,1997,central_government,-1417.8,-12,
LT,1997,general_government,-1378,-11.7,
LT,1997,local_government,-21.4,-0.2,
LT,1997,social_security_funds,61.3,0.5,
LT,1998,central_government,-452.6,-3.5,
LT,1998,general_government,-394.9,-3,
LT,1998,local_government,124.2,0.9,
LT,1998,social_security_funds,-66.5,-0.5,
LT,1999,central_government,-232.5,-1.8,
LT,1999,general_government,-358.7,-2.8,
LT,1999,local_government,-70.9,-0.6,
LT,1999,social_security_funds,-55.3,-0.4,
LT,2000,central_government,-354,-2.6,
LT,2000,general_government,-425.7,-3.2,
LT,2000,local_government,-8.5,-0.1,
LT,2000,social_security_funds,-63.2,-0.5,
LT,2001,central_government,-374.6,-2.6,
LT,2001,general_government,-500.6,-3.5,
LT,2001,local_government,-61.7,-0.4,
LT,2001,social_security_funds,-64.4,-0.5,
LT,2002,central_government,-335.9,-2.2,
LT,2002,general_government,-282,-1.9,
LT,2002,local_government,2.1,0,
LT,2002,social_security_funds,51.7,0.3,
LT,2003,central_government,-286.6,-1.7,
LT,2003,general_government,-210.7,-1.3,
LT,2003,local_government,-5.9,0,
LT,2003,social_security_funds,81.8,0.5,
LT,2004,central_government,-401.6,-2.2,
LT,2004,general_government,-253.9,-1.4,
LT,2004,local_government,26.6,0.1,
LT,2004,social_security_funds,121.1,0.7,
LT,2005,central_government,-182.1,-0.9,
LT,2005,general_government,-72.1,-0.3,
LT,2005,local_government,-10.7,-0.1,
LT,2005,social_security_funds,120.7,0.6,
LT,2006,central_government,-144.4,-0.6,
LT,2006,general_government,-65.5,-0.3,
LT,2006,local_government,-83.6,-0.3,
LT,2006,social_security_funds,162.4,0.7,
LT,2007,central_government,-127.8,-0.4,
LT,2007,general_government,-236.8,-0.8,
LT,2007,local_government,-93.5,-0.3,
LT,2007,social_security_funds,-15.5,-0.1,
LT,2008,central_government,-608.6,-1.9,
LT,2008,general_government,-1008,-3.1,
LT,2008,local_government,-78.3,-0.2,
LT,2008,social_security_funds,-321.2,-1,
LT,2009,central_government,-1465.1,-5.4,
LT,2009,general_government,-2442.5,-9.1,
LT,2009,local_government,-115.7,-0.4,
LT,2009,social_security_funds,-861.7,-3.2,
LT,2010,central_government,-1234.7,-4.5,
LT,2010,general_government,-1922.2,-6.9,
LT,2010,local_government,18.9,0.1,
LT,2010,social_security_funds,-706.4,-2.6,
LT,2011,central_government,-1158.1,-3.7,
LT,2011,general_government,-1837,-5.9,
LT,2011,local_government,-115.5,-0.4,
LT,2011,social_security_funds,-563.4,-1.8,
LT,2012,central_government,-401.3,-1.2,
LT,2012,general_government,-1045.7,-3.1,
LT,2012,local_government,-83.8,-0.3,
LT,2012,social_security_funds,-560.6,-1.7,
LT,2013,central_government,-503,-1.4,
LT,2013,general_government,-939.4,-2.7,
LT,2013,local_government,-96.4,-0.3,
LT,2013,social_security_funds,-340,-1,
LT,2014,central_government,-257.7,-0.7,
LT,2014,general_government,-651.6,-1.8,
LT,2014,local_government,44.4,0.1,
LT,2014,social_security_funds,-438.3,-1.2,
LT,2015,central_government,-413.6,-1.1,
LT,2015,general_government,-287.1,-0.8,
LT,2015,local_government,122.5,0.3,
LT,2015,social_security_funds,4.1,0,
LT,2016,central_government,-187.7,-0.5,
LT,2016,general_government,13.1,0,
LT,2016,local_government,192.1,0.5,
LT,2016,social_security_funds,8.8,0,
LT,2017,central_government,-112.5,-0.3,
LT,2017,general_government,152.2,0.4,
LT,2017,local_government,82.3,0.2,
LT,2017,social_security_funds,182.4,0.4,
LT,2018,central_government,-3844.5,-8.4,
LT,2018,general_government,240,0.5,
LT,2018,local_government,84.8,0.2,
LT,2018,social_security_funds,3999.8,8.7,
LT,2019,central_government,-187.2,-0.4,
LT,2019,general_government,202.8,0.4,
LT,2019,local_government,39.7,0.1,
LT,2019,social_security_funds,350.3,0.7,
LT,2020,central_government,-3563.8,-7.1,
LT,2020,general_government,-3225.1,-6.4,
LT,2020,local_government,18.4,0,
LT,2020,social_security_funds,320.3,0.6,
LT,2021,central_government,-1610.3,-2.8,
LT,2021,general_government,-652.1,-1.1,
LT,2021,local_government,163.4,0.3,
LT,2021,social_security_funds,794.8,1.4,
LT,2022,central_government,-1591.2,-2.4,
LT,2022,general_government,-481.6,-0.7,
LT,2022,local_government,129.3,0.2,
LT,2022,social_security_funds,980.3,1.5,
LT,2023,central_government,-1608.4,-2.2,
LT,2023,general_government,-493.2,-0.7,
LT,2023,local_government,123.9,0.2,
LT,2023,social_security_funds,991.2,1.3,
LT,2024,central_government,-1997.9,-2.5,
LT,2024,general_government,-1012.1,-1.3,
LT,2024,local_government,-16.2,0,
LT,2024,social_security_funds,1002,1.3,
LT,2025,central_government,-2334.2,-2.8,
LT,2025,general_government,-1536.2,-1.8,
LT,2025,local_government,-122.6,-0.1,
LT,2025,social_security_funds,920.6,1.1,
LU,1995,central_government,119.2,0.8,
LU,1995,general_government,408.6,2.7,
LU,1995,local_government,54.4,0.4,
LU,1995,social_security_funds,235,1.5,
LU,1996,central_government,106.2,0.7,
LU,1996,general_government,372.5,2.3,
LU,1996,local_government,69,0.4,
LU,1996,social_security_funds,197.3,1.2,
LU,1997,central_government,209.1,1.2,
LU,1997,general_government,434.4,2.5,
LU,1997,local_government,75.3,0.4,
LU,1997,social_security_funds,150.1,0.9,
LU,1998,central_government,210.6,1.2,
LU,1998,general_government,516.2,2.8,
LU,1998,local_government,46.5,0.3,
LU,1998,social_security_funds,259.1,1.4,
LU,1999,central_government,318.3,1.5,
LU,1999,general_government,638.7,3.1,
LU,1999,local_government,32.4,0.2,
LU,1999,social_security_funds,288,1.4,
LU,2000,central_government,613.3,2.7,
LU,2000,general_government,1274.6,5.5,
LU,2000,local_government,110.5,0.5,
LU,2000,social_security_funds,550.7,2.4,
LU,2001,central_government,639,2.7,
LU,2001,general_government,1343.6,5.6,
LU,2001,local_government,31.9,0.1,
LU,2001,social_security_funds,672.7,2.8,
LU,2002,central_government,-61.5,-0.2,
LU,2002,general_government,508,2,
LU,2002,local_government,29.4,0.1,
LU,2002,social_security_funds,540,2.2,
LU,2003,central_government,-371,-1.4,
LU,2003,general_government,71.6,0.3,
LU,2003,local_government,-0.5,0,
LU,2003,social_security_funds,443.1,1.7,
LU,2004,central_government,-748.8,-2.7,
LU,2004,general_government,-392.8,-1.4,
LU,2004,local_government,-28.7,-0.1,
LU,2004,social_security_funds,384.7,1.4,
LU,2005,central_government,-442,-1.5,
LU,2005,general_government,-62.9,-0.2,
LU,2005,local_government,-91.5,-0.3,
LU,2005,social_security_funds,470.6,1.6,
LU,2006,central_government,-22.3,-0.1,
LU,2006,general_government,653.3,1.9,
LU,2006,local_government,71.1,0.2,
LU,2006,social_security_funds,604.4,1.8,
LU,2007,central_government,607.3,1.6,
LU,2007,general_government,1642.3,4.4,
LU,2007,local_government,138.3,0.4,
LU,2007,social_security_funds,896.7,2.4,
LU,2008,central_government,91.7,0.2,
LU,2008,general_government,1349.9,3.4,
LU,2008,local_government,169.6,0.4,
LU,2008,social_security_funds,1088.7,2.7,
LU,2009,central_government,-785.1,-2,
LU,2009,general_government,-82,-0.2,
LU,2009,local_government,-49.1,-0.1,
LU,2009,social_security_funds,752.3,1.9,
LU,2010,central_government,-874.6,-2.1,
LU,2010,general_government,-134.6,-0.3,
LU,2010,local_government,66.7,0.2,
LU,2010,social_security_funds,673.2,1.6,
LU,2011,central_government,-660.7,-1.5,
LU,2011,general_government,291.8,0.7,
LU,2011,local_government,134.1,0.3,
LU,2011,social_security_funds,818.4,1.8,
LU,2012,central_government,-830.2,-1.8,
LU,2012,general_government,235.6,0.5,
LU,2012,local_government,227.9,0.5,
LU,2012,social_security_funds,837.9,1.8,
LU,2013,central_government,-479.9,-1,
LU,2013,general_government,414.2,0.8,
LU,2013,local_government,159.8,0.3,
LU,2013,social_security_funds,734.4,1.5,
LU,2014,central_government,-139.3,-0.3,
LU,2014,general_government,693.4,1.3,
LU,2014,local_government,142.7,0.3,
LU,2014,social_security_funds,690,1.3,
LU,2015,central_government,-199.4,-0.4,
LU,2015,general_government,722.3,1.3,
LU,2015,local_government,159.9,0.3,
LU,2015,social_security_funds,761.7,1.4,
LU,2016,central_government,-34,-0.1,
LU,2016,general_government,1064,1.9,
LU,2016,local_government,137.1,0.2,
LU,2016,social_security_funds,960.9,1.7,
LU,2017,central_government,-290.2,-0.5,
LU,2017,general_government,795.1,1.4,
LU,2017,local_government,81.2,0.1,
LU,2017,social_security_funds,1004,1.7,
LU,2018,central_government,580,1,
LU,2018,general_government,1911.3,3.2,
LU,2018,local_government,240.4,0.4,
LU,2018,social_security_funds,1091,1.8,
LU,2019,central_government,154.2,0.2,
LU,2019,general_government,1671.9,2.7,
LU,2019,local_government,298.9,0.5,
LU,2019,social_security_funds,1218.8,2,
LU,2020,central_government,-2897.2,-4.5,
LU,2020,general_government,-1994.6,-3.1,
LU,2020,local_government,42.7,0.1,
LU,2020,social_security_funds,859.9,1.3,
LU,2021,central_government,-198.8,-0.3,
LU,2021,general_government,814,1.1,
LU,2021,local_government,61.7,0.1,
LU,2021,social_security_funds,951,1.3,
LU,2022,central_government,-698.1,-0.9,
LU,2022,general_government,163.9,0.2,
LU,2022,local_government,-158.9,-0.2,
LU,2022,social_security_funds,1020.9,1.3,
LU,2023,central_government,-1429.9,-1.7,
LU,2023,general_government,-541,-0.7,
LU,2023,local_government,-269.9,-0.3,
LU,2023,social_security_funds,1158.9,1.4,
LU,2024,central_government,-222.2,-0.3,
LU,2024,general_government,775.5,0.9,
LU,2024,local_government,67.1,0.1,
LU,2024,social_security_funds,930.6,1.1,
LU,2025,central_government,-2335.2,-2.6,
LU,2025,general_government,-1756,-2,
LU,2025,local_government,-121.8,-0.1,
LU,2025,social_security_funds,701.1,0.8,
LV,1995,central_government,-111.5,-2.8,
LV,1995,general_government,-58,-1.5,
LV,1995,local_government,-3.9,-0.1,
LV,1995,social_security_funds,57.4,1.5,
LV,1996,central_government,-131.2,-2.9,
LV,1996,general_government,-19.7,-0.4,
LV,1996,local_government,95.6,2.1,
LV,1996,social_security_funds,15.9,0.4,
LV,1997,central_government,1.5,0,
LV,1997,general_government,76.2,1.5,
LV,1997,local_government,35.6,0.7,
LV,1997,social_security_funds,39.1,0.7,
LV,1998,central_government,-5.2,-0.1,
LV,1998,general_government,1.7,0,
LV,1998,local_government,22.7,0.4,
LV,1998,social_security_funds,-15.7,-0.3,
LV,1999,central_government,-114,-1.9,
LV,1999,general_government,-234.1,-3.8,
LV,1999,local_government,-36.5,-0.6,
LV,1999,social_security_funds,-83.6,-1.4,
LV,2000,central_government,-138,-2.1,
LV,2000,general_government,-187.1,-2.8,
LV,2000,local_government,-17.3,-0.3,
LV,2000,social_security_funds,-31.8,-0.5,
LV,2001,central_government,-75.7,-1,
LV,2001,general_government,-145.3,-2,
LV,2001,local_government,-53.7,-0.7,
LV,2001,social_security_funds,-15.9,-0.2,
LV,2002,central_government,-142.5,-1.8,
LV,2002,general_government,-195,-2.4,
LV,2002,local_government,-73.7,-0.9,
LV,2002,social_security_funds,21.2,0.3,
LV,2003,central_government,-197.5,-2.2,
LV,2003,general_government,-149.8,-1.6,
LV,2003,local_government,-15.5,-0.2,
LV,2003,social_security_funds,63.2,0.7,
LV,2004,central_government,-194.7,-1.8,
LV,2004,general_government,-131.6,-1.2,
LV,2004,local_government,-41.6,-0.4,
LV,2004,social_security_funds,104.7,1,
LV,2005,central_government,-198.9,-1.5,
LV,2005,general_government,-65.5,-0.5,
LV,2005,local_government,-31.9,-0.2,
LV,2005,social_security_funds,165.3,1.3,
LV,2006,central_government,-320.5,-2,
LV,2006,general_government,-91.2,-0.6,
LV,2006,local_government,-84.8,-0.5,
LV,2006,social_security_funds,314.2,1.9,
LV,2007,central_government,-504.9,-2.3,
LV,2007,general_government,-127.9,-0.6,
LV,2007,local_government,-156.9,-0.7,
LV,2007,social_security_funds,533.8,2.5,
LV,2008,central_government,-1063.4,-4.6,
LV,2008,general_government,-1044.2,-4.5,
LV,2008,local_government,-303.3,-1.3,
LV,2008,social_security_funds,322.5,1.4,
LV,2009,central_government,-1136.7,-6.2,
LV,2009,general_government,-1813.9,-9.8,
LV,2009,local_government,-341.5,-1.8,
LV,2009,social_security_funds,-335.8,-1.8,
LV,2010,central_government,-1030.4,-5.8,
LV,2010,general_government,-1558.4,-8.8,
LV,2010,local_government,-74.3,-0.4,
LV,2010,social_security_funds,-453.8,-2.6,
LV,2011,central_government,-550.1,-2.9,
LV,2011,general_government,-854.5,-4.5,
LV,2011,local_government,-122.8,-0.6,
LV,2011,social_security_funds,-181.5,-0.9,
LV,2012,central_government,-167.9,-0.8,
LV,2012,general_government,-308.2,-1.5,
LV,2012,local_government,-95.7,-0.5,
LV,2012,social_security_funds,-44.5,-0.2,
LV,2013,central_government,-86.6,-0.4,
LV,2013,general_government,-276.3,-1.3,
LV,2013,local_government,-111.8,-0.5,
LV,2013,social_security_funds,-78,-0.4,
LV,2014,central_government,-398,-1.7,
LV,2014,general_government,-387.7,-1.7,
LV,2014,local_government,-78.3,-0.3,
LV,2014,social_security_funds,88.6,0.4,
LV,2015,central_government,-450.8,-1.9,
LV,2015,general_government,-361.3,-1.5,
LV,2015,local_government,52,0.2,
LV,2015,social_security_funds,37.6,0.2,
LV,2016,central_government,-22.2,-0.1,
LV,2016,general_government,-3.4,0,
LV,2016,local_government,42,0.2,
LV,2016,social_security_funds,-23.1,-0.1,
LV,2017,central_government,-84.5,-0.3,
LV,2017,general_government,-77.6,-0.3,
LV,2017,local_government,-85.8,-0.3,
LV,2017,social_security_funds,92.7,0.4,
LV,2018,central_government,-427.6,-1.5,
LV,2018,general_government,-381.8,-1.4,
LV,2018,local_government,-203.3,-0.7,
LV,2018,social_security_funds,249.1,0.9,
LV,2019,central_government,-514.1,-1.7,
LV,2019,general_government,-45.9,-0.2,
LV,2019,local_government,174.8,0.6,
LV,2019,social_security_funds,293.3,1,
LV,2020,central_government,-1315.9,-4.5,
LV,2020,general_government,-1194.5,-4.1,
LV,2020,local_government,-44.6,-0.2,
LV,2020,social_security_funds,166,0.6,
LV,2021,central_government,-2484.4,-7.7,
LV,2021,general_government,-2331,-7.2,
LV,2021,local_government,-88.5,-0.3,
LV,2021,social_security_funds,241.9,0.7,
LV,2022,central_government,-2001.5,-5.5,
LV,2022,general_government,-1753.6,-4.9,
LV,2022,local_government,25,0.1,
LV,2022,social_security_funds,222.9,0.6,
LV,2023,central_government,-1073.4,-2.7,
LV,2023,general_government,-926.7,-2.3,
LV,2023,local_government,-141.2,-0.4,
LV,2023,social_security_funds,287.9,0.7,
LV,2024,central_government,-1137.5,-2.8,
LV,2024,general_government,-726.5,-1.8,
LV,2024,local_government,66.2,0.2,
LV,2024,social_security_funds,344.9,0.8,
LV,2025,central_government,-1413.6,-3.3,
LV,2025,general_government,-1093.4,-2.5,
LV,2025,local_government,-171.6,-0.4,
LV,2025,social_security_funds,491.7,1.1,
MT,1995,central_government,-106.7,-3.5,
MT,1995,general_government,-105.7,-3.5,
MT,1995,local_government,1,0,
MT,1996,central_government,-245.5,-7.6,
MT,1996,general_government,-245.9,-7.7,
MT,1996,local_government,-0.4,0,
MT,1997,central_government,-238.6,-7,
MT,1997,general_government,-239.5,-7,
MT,1997,local_government,-0.9,0,
MT,1998,central_government,-334.1,-9.2,
MT,1998,general_government,-332.8,-9.2,
MT,1998,local_government,1.2,0,
MT,1999,central_government,-253.6,-6.6,
MT,1999,general_government,-254.5,-6.7,
MT,1999,local_government,-0.8,0,
MT,2000,central_government,-229.2,-5.6,
MT,2000,general_government,-226.9,-5.5,
MT,2000,local_government,2.3,0.1,
MT,2001,central_government,-262.1,-6.1,
MT,2001,general_government,-260.1,-6.1,
MT,2001,local_government,2.1,0,
MT,2002,central_government,-242.3,-5.4,
MT,2002,general_government,-241.3,-5.4,
MT,2002,local_government,1.1,0,
MT,2003,central_government,-426.9,-9,
MT,2003,general_government,-427.9,-9,
MT,2003,local_government,-1,0,
MT,2004,central_government,-208.5,-4.3,
MT,2004,general_government,-208,-4.2,
MT,2004,local_government,0.5,0,
MT,2005,central_government,-147,-2.9,
MT,2005,general_government,-145.8,-2.8,
MT,2005,local_government,1.2,0,
MT,2006,central_government,-132.4,-2.5,
MT,2006,general_government,-132.4,-2.5,
MT,2006,local_government,0,0,
MT,2007,central_government,-118.5,-2.1,
MT,2007,general_government,-118.7,-2.1,
MT,2007,local_government,-0.2,0,
MT,2008,central_government,-253.1,-4.1,
MT,2008,general_government,-252.9,-4.1,
MT,2008,local_government,0.2,0,
MT,2009,central_government,-196.3,-3.1,
MT,2009,general_government,-195.8,-3.1,
MT,2009,local_government,0.5,0,
MT,2010,central_government,-155.9,-2.3,
MT,2010,general_government,-152.4,-2.2,
MT,2010,local_government,3.5,0.1,
MT,2011,central_government,-209.2,-3,
MT,2011,general_government,-210,-3,
MT,2011,local_government,-0.8,0,
MT,2012,central_government,-245.2,-3.3,
MT,2012,general_government,-247.2,-3.3,
MT,2012,local_government,-2,0,
MT,2013,central_government,-175.5,-2.2,
MT,2013,general_government,-177.7,-2.2,
MT,2013,local_government,-2.2,0,
MT,2014,central_government,-135.3,-1.5,
MT,2014,general_government,-133,-1.5,
MT,2014,local_government,2.3,0,
MT,2015,central_government,-91.4,-0.9,
MT,2015,general_government,-85.7,-0.8,
MT,2015,local_government,5.7,0.1,
MT,2016,central_government,114.1,1.1,
MT,2016,general_government,119.1,1.1,
MT,2016,local_government,5,0,
MT,2017,central_government,418,3.3,
MT,2017,general_government,426.8,3.4,
MT,2017,local_government,8.7,0.1,
MT,2018,central_government,247.6,1.8,
MT,2018,general_government,254.1,1.9,
MT,2018,local_government,6.5,0,
MT,2019,central_government,108.7,0.7,
MT,2019,general_government,116.2,0.8,
MT,2019,local_government,7.5,0.1,
MT,2020,central_government,-1257,-8.8,
MT,2020,general_government,-1249.8,-8.7,
MT,2020,local_government,7.2,0.1,
MT,2021,central_government,-1165.2,-7,
MT,2021,general_government,-1158.5,-6.9,
MT,2021,local_government,6.7,0,
MT,2022,central_government,-953.3,-5.3,
MT,2022,general_government,-951.9,-5.3,
MT,2022,local_government,1.5,0,
MT,2023,central_government,-925.7,-4.4,
MT,2023,general_government,-928.4,-4.4,
MT,2023,local_government,-2.7,0,
MT,2024,central_government,-791.4,-3.4,
MT,2024,general_government,-794,-3.4,
MT,2024,local_government,-2.6,0,
MT,2025,central_government,-542.4,-2.2,
MT,2025,general_government,-545.3,-2.2,
MT,2025,local_government,-2.9,0,
NL,1995,central_government,-26539,-8,
NL,1995,general_government,-28791,-8.7,
NL,1995,local_government,96,0,
NL,1995,social_security_funds,-2348,-0.7,
NL,1996,central_government,-5625,-1.6,
NL,1996,general_government,-6582,-1.9,
NL,1996,local_government,668,0.2,
NL,1996,social_security_funds,-1625,-0.5,
NL,1997,central_government,-8822,-2.4,
NL,1997,general_government,-5920,-1.6,
NL,1997,local_government,2853,0.8,
NL,1997,social_security_funds,49,0,
NL,1998,central_government,-6261,-1.6,
NL,1998,general_government,-5272,-1.3,
NL,1998,local_government,-28,0,
NL,1998,social_security_funds,1017,0.3,
NL,1999,central_government,-3507,-0.8,
NL,1999,general_government,1188,0.3,
NL,1999,local_government,40,0,
NL,1999,social_security_funds,4655,1.1,
NL,2000,central_government,-1350,-0.3,
NL,2000,general_government,5136,1.1,
NL,2000,local_government,-65,0,
NL,2000,social_security_funds,6551,1.4,
NL,2001,central_government,-1556,-0.3,
NL,2001,general_government,-2259,-0.5,
NL,2001,local_government,-928,-0.2,
NL,2001,social_security_funds,225,0,
NL,2002,central_government,-6702,-1.3,
NL,2002,general_government,-11215,-2.2,
NL,2002,local_government,-2486,-0.5,
NL,2002,social_security_funds,-2027,-0.4,
NL,2003,central_government,-14238,-2.8,
NL,2003,general_government,-16435,-3.2,
NL,2003,local_government,-2348,-0.5,
NL,2003,social_security_funds,151,0,
NL,2004,central_government,-8723,-1.6,
NL,2004,general_government,-9701,-1.8,
NL,2004,local_government,-1769,-0.3,
NL,2004,social_security_funds,791,0.1,
NL,2005,central_government,-481,-0.1,
NL,2005,general_government,-2847,-0.5,
NL,2005,local_government,-1688,-0.3,
NL,2005,social_security_funds,-678,-0.1,
NL,2006,central_government,3556,0.6,
NL,2006,general_government,132,0,
NL,2006,local_government,-1633,-0.3,
NL,2006,social_security_funds,-1791,-0.3,
NL,2007,central_government,1803,0.3,
NL,2007,general_government,-1135,-0.2,
NL,2007,local_government,-2125,-0.3,
NL,2007,social_security_funds,-813,-0.1,
NL,2008,central_government,658,0.1,
NL,2008,general_government,-477,-0.1,
NL,2008,local_government,-4520,-0.7,
NL,2008,social_security_funds,3385,0.5,
NL,2009,central_government,-18609,-3,
NL,2009,general_government,-31917,-5.1,
NL,2009,local_government,-5756,-0.9,
NL,2009,social_security_funds,-7552,-1.2,
NL,2010,central_government,-24790,-3.9,
NL,2010,general_government,-34071,-5.3,
NL,2010,local_government,-7090,-1.1,
NL,2010,social_security_funds,-2191,-0.3,
NL,2011,central_government,-17463,-2.7,
NL,2011,general_government,-29110,-4.4,
NL,2011,local_government,-4248,-0.6,
NL,2011,social_security_funds,-7399,-1.1,
NL,2012,central_government,-18874,-2.9,
NL,2012,general_government,-25225,-3.8,
NL,2012,local_government,-2800,-0.4,
NL,2012,social_security_funds,-3551,-0.5,
NL,2013,central_government,-8353,-1.3,
NL,2013,general_government,-19123,-2.9,
NL,2013,local_government,-2384,-0.4,
NL,2013,social_security_funds,-8386,-1.3,
NL,2014,central_government,-6749,-1,
NL,2014,general_government,-14775,-2.2,
NL,2014,local_government,-1568,-0.2,
NL,2014,social_security_funds,-6458,-1,
NL,2015,central_government,-11304,-1.6,
NL,2015,general_government,-12766,-1.8,
NL,2015,local_government,-1265,-0.2,
NL,2015,social_security_funds,-197,0,
NL,2016,central_government,-6310,-0.9,
NL,2016,general_government,1722,0.2,
NL,2016,local_government,438,0.1,
NL,2016,social_security_funds,7594,1.1,
NL,2017,central_government,8033,1.1,
NL,2017,general_government,10260,1.4,
NL,2017,local_government,-383,-0.1,
NL,2017,social_security_funds,2610,0.3,
NL,2018,central_government,6981,0.9,
NL,2018,general_government,11694,1.5,
NL,2018,local_government,-1380,-0.2,
NL,2018,social_security_funds,6093,0.8,
NL,2019,central_government,11188,1.3,
NL,2019,general_government,15730,1.9,
NL,2019,local_government,-2168,-0.3,
NL,2019,social_security_funds,6710,0.8,
NL,2020,central_government,-33044,-4,
NL,2020,general_government,-30320,-3.7,
NL,2020,local_government,-1632,-0.2,
NL,2020,social_security_funds,4356,0.5,
NL,2021,central_government,-29787,-3.3,
NL,2021,general_government,-20189,-2.3,
NL,2021,local_government,1683,0.2,
NL,2021,social_security_funds,7915,0.9,
NL,2022,central_government,-14037,-1.4,
NL,2022,general_government,41,0,
NL,2022,local_government,2824,0.3,
NL,2022,social_security_funds,11254,1.1,
NL,2023,central_government,-22349,-2.1,
NL,2023,general_government,-3612,-0.3,
NL,2023,local_government,-1688,-0.2,
NL,2023,social_security_funds,20425,1.9,
NL,2024,central_government,-19588,-1.7,
NL,2024,general_government,-8075,-0.7,
NL,2024,local_government,-2652,-0.2,
NL,2024,social_security_funds,14165,1.3,
NL,2025,central_government,-24548,-2.1,p
NL,2025,general_government,-18895,-1.6,p
NL,2025,local_government,-3974,-0.3,p
NL,2025,social_security_funds,9627,0.8,p
NO,1995,central_government,30666,3.2,
NO,1995,general_government,30265,3.2,
NO,1995,local_government,-401,0,
NO,1996,central_government,66672,6.4,
NO,1996,general_government,65027,6.2,
NO,1996,local_government,-1645,-0.2,
NO,1997,central_government,86377,7.6,
NO,1997,general_government,85144,7.5,
NO,1997,local_government,-1233,-0.1,
NO,1998,central_government,52785,4.6,
NO,1998,general_government,37025,3.2,
NO,1998,local_government,-15760,-1.4,
NO,1999,central_government,83695,6.7,
NO,1999,general_government,73539,5.8,
NO,1999,local_government,-10156,-0.8,
NO,2000,central_government,232166,15.5,
NO,2000,general_government,227071,15.1,
NO,2000,local_government,-5095,-0.3,
NO,2001,central_government,217146,13.9,
NO,2001,general_government,206385,13.2,
NO,2001,local_government,-10761,-0.7,
NO,2002,central_government,140346,9,
NO,2002,general_government,141194,9.1,
NO,2002,local_government,848,0.1,
NO,2003,central_government,132997,8.2,
NO,2003,general_government,117007,7.2,
NO,2003,local_government,-15990,-1,
NO,2004,central_government,204211,11.4,
NO,2004,general_government,193738,10.8,
NO,2004,local_government,-10473,-0.6,
NO,2005,central_government,294318,14.7,
NO,2005,general_government,293981,14.7,
NO,2005,local_government,-337,0,
NO,2006,central_government,399222,17.8,
NO,2006,general_government,397840,17.7,
NO,2006,local_government,-1382,-0.1,
NO,2007,central_government,412561,17.3,
NO,2007,general_government,402119,16.8,
NO,2007,local_government,-10442,-0.4,
NO,2008,central_government,512951,19.3,
NO,2008,general_government,485904,18.3,
NO,2008,local_government,-27047,-1,
NO,2009,central_government,272843,11,
NO,2009,general_government,248715,10,
NO,2009,local_government,-24128,-1,
NO,2010,central_government,304889,11.5,
NO,2010,general_government,283236,10.6,
NO,2010,local_government,-21653,-0.8,
NO,2011,central_government,392420,13.7,
NO,2011,general_government,372959,13,
NO,2011,local_government,-19461,-0.7,
NO,2012,central_government,424804,13.9,
NO,2012,general_government,408074,13.4,
NO,2012,local_government,-16730,-0.5,
NO,2013,central_government,351530,11.1,
NO,2013,general_government,327612,10.3,
NO,2013,local_government,-23918,-0.8,
NO,2014,central_government,293971,9,
NO,2014,general_government,269992,8.3,
NO,2014,local_government,-23979,-0.7,
NO,2015,central_government,197135,6.1,
NO,2015,general_government,187135,5.8,
NO,2015,local_government,-10000,-0.3,
NO,2016,central_government,138697,4.3,
NO,2016,general_government,125673,3.9,
NO,2016,local_government,-13024,-0.4,
NO,2017,central_government,177126,5.2,
NO,2017,general_government,164998,4.8,
NO,2017,local_government,-12128,-0.4,
NO,2018,central_government,295698,8,
NO,2018,general_government,275710,7.5,
NO,2018,local_government,-19988,-0.5,
NO,2019,central_government,269661,7.2,
NO,2019,general_government,234324,6.3,
NO,2019,local_government,-35337,-0.9,
NO,2020,central_government,-72079,-2,
NO,2020,general_government,-94782,-2.6,
NO,2020,local_government,-22703,-0.6,
NO,2021,central_government,428968,9.6,
NO,2021,general_government,445931,10,
NO,2021,local_government,16963,0.4,
NO,2022,central_government,1509525,25.4,
NO,2022,general_government,1460843,24.6,
NO,2022,local_government,-48682,-0.8,
NO,2023,central_government,887364,16.7,
NO,2023,general_government,843058,15.9,
NO,2023,local_government,-44306,-0.8,
NO,2024,central_government,735362,13.7,
NO,2024,general_government,685697,12.7,
NO,2024,local_government,-49665,-0.9,
NO,2025,central_government,612653,11.1,
NO,2025,general_government,581238,10.5,
NO,2025,local_government,-31415,-0.6,
PL,1995,central_government,-13300,-3.8,
PL,1995,general_government,-14466,-4.2,
PL,1995,local_government,-7567,-2.2,
PL,1995,social_security_funds,6401,1.8,
PL,1996,central_government,-21238,-4.9,
PL,1996,general_government,-19835,-4.6,
PL,1996,local_government,-7433,-1.7,
PL,1996,social_security_funds,8836,2,
PL,1997,central_government,-25983,-5,
PL,1997,general_government,-23838,-4.5,
PL,1997,local_government,-8118,-1.5,
PL,1997,social_security_funds,10263,2,
PL,1998,central_government,-26377,-4.3,
PL,1998,general_government,-25338,-4.2,
PL,1998,local_government,-8009,-1.3,
PL,1998,social_security_funds,9048,1.5,
PL,1999,central_government,-9855,-1.5,
PL,1999,general_government,-15199,-2.2,
PL,1999,local_government,-5350,-0.8,
PL,1999,social_security_funds,6,0,
PL,2000,central_government,-20337,-2.7,
PL,2000,general_government,-29912,-4,
PL,2000,local_government,-2794,-0.4,
PL,2000,social_security_funds,-6781,-0.9,
PL,2001,central_government,-33806,-4.3,
PL,2001,general_government,-37056,-4.7,
PL,2001,local_government,-594,-0.1,
PL,2001,social_security_funds,-2656,-0.3,
PL,2002,central_government,-33832,-4.2,
PL,2002,general_government,-39129,-4.8,
PL,2002,local_government,-2431,-0.3,
PL,2002,social_security_funds,-2866,-0.4,
PL,2003,central_government,-45761,-5.4,
PL,2003,general_government,-51151,-6,
PL,2003,local_government,-2976,-0.4,
PL,2003,social_security_funds,-2414,-0.3,
PL,2004,central_government,-45829,-4.9,
PL,2004,general_government,-46751,-5,
PL,2004,local_government,1434,0.2,
PL,2004,social_security_funds,-2356,-0.3,
PL,2005,central_government,-40034.4,-4,
PL,2005,general_government,-38995.2,-3.9,
PL,2005,local_government,-1185.4,-0.1,
PL,2005,social_security_funds,2223.9,0.2,
PL,2006,central_government,-42295,-3.9,
PL,2006,general_government,-37858,-3.5,
PL,2006,local_government,-2843,-0.3,
PL,2006,social_security_funds,7280,0.7,
PL,2007,central_government,-34946,-2.9,
PL,2007,general_government,-22353,-1.9,
PL,2007,local_government,-79,0,
PL,2007,social_security_funds,12672,1.1,
PL,2008,central_government,-49088,-3.8,
PL,2008,general_government,-46395,-3.6,
PL,2008,local_government,-2552,-0.2,
PL,2008,social_security_funds,5245,0.4,
PL,2009,central_government,-72574,-5.3,
PL,2009,general_government,-99546,-7.2,
PL,2009,local_government,-14844,-1.1,
PL,2009,social_security_funds,-12128,-0.9,
PL,2010,central_government,-85477,-5.9,
PL,2010,general_government,-107112,-7.4,
PL,2010,local_government,-18556,-1.3,
PL,2010,social_security_funds,-3079,-0.2,
PL,2011,central_government,-62968,-4,
PL,2011,general_government,-77798,-5,
PL,2011,local_government,-13482,-0.9,
PL,2011,social_security_funds,-1348,-0.1,
PL,2012,central_government,-59231,-3.7,
PL,2012,general_government,-61570,-3.8,
PL,2012,local_government,-5799,-0.4,
PL,2012,social_security_funds,3460,0.2,
PL,2013,central_government,-61272,-3.7,
PL,2013,general_government,-69541,-4.2,
PL,2013,local_government,-3640,-0.2,
PL,2013,social_security_funds,-4629,-0.3,
PL,2014,central_government,-38831,-2.3,
PL,2014,general_government,-62629.4,-3.7,
PL,2014,local_government,-5032.4,-0.3,
PL,2014,social_security_funds,-18766,-1.1,
PL,2015,central_government,-37947,-2.1,
PL,2015,general_government,-46949.6,-2.6,
PL,2015,local_government,-1121.9,-0.1,
PL,2015,social_security_funds,-7880.7,-0.4,
PL,2016,central_government,-47693.3,-2.6,
PL,2016,general_government,-44468.3,-2.4,
PL,2016,local_government,4995,0.3,
PL,2016,social_security_funds,-1769,-0.1,
PL,2017,central_government,-72637,-3.6,
PL,2017,general_government,-29670,-1.5,
PL,2017,local_government,1996,0.1,
PL,2017,social_security_funds,40970,2.1,
PL,2018,central_government,-11725,-0.5,
PL,2018,general_government,-5258,-0.2,
PL,2018,local_government,-6786,-0.3,
PL,2018,social_security_funds,13253,0.6,
PL,2019,central_government,-25048,-1.1,
PL,2019,general_government,-16975,-0.7,
PL,2019,local_government,-4812,-0.2,
PL,2019,social_security_funds,12885,0.6,
PL,2020,central_government,-183491,-7.8,
PL,2020,general_government,-161932,-6.9,
PL,2020,local_government,4131,0.2,
PL,2020,social_security_funds,17428,0.7,
PL,2021,central_government,-47179,-1.8,
PL,2021,general_government,-44597,-1.7,
PL,2021,local_government,14836,0.6,
PL,2021,social_security_funds,-12254,-0.5,
PL,2022,central_government,-92161,-3,
PL,2022,general_government,-104475,-3.4,
PL,2022,local_government,-13274,-0.4,
PL,2022,social_security_funds,961,0,
PL,2023,central_government,-138610,-4.1,
PL,2023,general_government,-177442,-5.2,
PL,2023,local_government,-24811,-0.7,
PL,2023,social_security_funds,-14021,-0.4,
PL,2024,central_government,-243933,-6.6,
PL,2024,general_government,-236623,-6.4,
PL,2024,local_government,14105,0.4,
PL,2024,social_security_funds,-6795,-0.2,
PL,2025,central_government,-280082,-7.2,
PL,2025,general_government,-283969,-7.3,
PL,2025,local_government,637,0,
PL,2025,social_security_funds,-4524,-0.1,
PT,1995,central_government,-4235,-4.8,
PT,1995,general_government,-4610.5,-5.2,
PT,1995,local_government,66.1,0.1,
PT,1995,social_security_funds,-441.6,-0.5,
PT,1996,central_government,-5091.4,-5.4,
PT,1996,general_government,-4470.1,-4.7,
PT,1996,local_government,-261,-0.3,
PT,1996,social_security_funds,882.4,0.9,
PT,1997,central_government,-4002.9,-3.9,
PT,1997,general_government,-3792,-3.7,
PT,1997,local_government,-412.7,-0.4,
PT,1997,social_security_funds,623.6,0.6,
PT,1998,central_government,-5382,-4.8,
PT,1998,general_government,-4885.7,-4.4,
PT,1998,local_government,412.4,0.4,
PT,1998,social_security_funds,83.9,0.1,
PT,1999,central_government,-4079.4,-3.4,
PT,1999,general_government,-3625.8,-3,
PT,1999,local_government,279.3,0.2,
PT,1999,social_security_funds,174.3,0.1,
PT,2000,central_government,-3746,-2.9,
PT,2000,general_government,-4072.2,-3.2,
PT,2000,local_government,-483.1,-0.4,
PT,2000,social_security_funds,157,0.1,
PT,2001,central_government,-5695.1,-4.2,
PT,2001,general_government,-6437.8,-4.7,
PT,2001,local_government,-534.5,-0.4,
PT,2001,social_security_funds,-208.2,-0.2,
PT,2002,central_government,-5026.1,-3.5,
PT,2002,general_government,-4686.6,-3.3,
PT,2002,local_government,-652.5,-0.5,
PT,2002,social_security_funds,992,0.7,
PT,2003,central_government,-8040.9,-5.5,
PT,2003,general_government,-8325,-5.7,
PT,2003,local_government,-690.5,-0.5,
PT,2003,social_security_funds,406.4,0.3,
PT,2004,central_government,-9227.2,-6.1,
PT,2004,general_government,-9442.8,-6.2,
PT,2004,local_government,-525.4,-0.3,
PT,2004,social_security_funds,309.8,0.2,
PT,2005,central_government,-9654.9,-6.1,
PT,2005,general_government,-9719.3,-6.1,
PT,2005,local_government,-577,-0.4,
PT,2005,social_security_funds,512.6,0.3,
PT,2006,central_government,-7539.8,-4.5,
PT,2006,general_government,-6928.1,-4.2,
PT,2006,local_government,-205.7,-0.1,
PT,2006,social_security_funds,817.4,0.5,
PT,2007,central_government,-6000.3,-3.4,
PT,2007,general_government,-5045.2,-2.9,
PT,2007,local_government,-465.1,-0.3,
PT,2007,social_security_funds,1420.2,0.8,
PT,2008,central_government,-7409.2,-4.1,
PT,2008,general_government,-6825.1,-3.8,
PT,2008,local_government,-1096.1,-0.6,
PT,2008,social_security_funds,1680.2,0.9,
PT,2009,central_government,-16348.4,-9.3,
PT,2009,general_government,-17321,-9.9,
PT,2009,local_government,-1385,-0.8,
PT,2009,social_security_funds,412.5,0.2,
PT,2010,central_government,-19799,-11,
PT,2010,general_government,-20537.1,-11.4,
PT,2010,local_government,-1543,-0.9,
PT,2010,social_security_funds,804.8,0.4,
PT,2011,central_government,-13861.8,-7.9,
PT,2011,general_government,-13624,-7.7,
PT,2011,local_government,-201.2,-0.1,
PT,2011,social_security_funds,439,0.2,
PT,2012,central_government,-11602.7,-6.9,
PT,2012,general_government,-10453.5,-6.2,
PT,2012,local_government,835.3,0.5,
PT,2012,social_security_funds,313.9,0.2,
PT,2013,central_government,-9555.2,-5.6,
PT,2013,general_government,-8898.3,-5.2,
PT,2013,local_government,309.1,0.2,
PT,2013,social_security_funds,347.8,0.2,
PT,2014,central_government,-14213.9,-8.2,
PT,2014,general_government,-12751.5,-7.4,
PT,2014,local_government,654.8,0.4,
PT,2014,social_security_funds,807.6,0.5,
PT,2015,central_government,-9930.8,-5.5,
PT,2015,general_government,-8026,-4.5,
PT,2015,local_government,776.3,0.4,
PT,2015,social_security_funds,1128.5,0.6,
PT,2016,central_government,-6055,-3.2,
PT,2016,general_government,-3622.1,-1.9,
PT,2016,local_government,863,0.5,
PT,2016,social_security_funds,1569.9,0.8,
PT,2017,central_government,-8460.1,-4.3,
PT,2017,general_government,-5869.6,-3,
PT,2017,local_government,348,0.2,
PT,2017,social_security_funds,2242.6,1.1,
PT,2018,central_government,-3406.9,-1.7,
PT,2018,general_government,-872.8,-0.4,
PT,2018,local_government,499.2,0.2,
PT,2018,social_security_funds,2034.8,1,
PT,2019,central_government,-3330.9,-1.6,
PT,2019,general_government,249,0.1,
PT,2019,local_government,604.4,0.3,
PT,2019,social_security_funds,2975.5,1.4,
PT,2020,central_government,-13554.6,-6.7,
PT,2020,general_government,-11563.9,-5.8,
PT,2020,local_government,-207.2,-0.1,
PT,2020,social_security_funds,2197.9,1.1,
PT,2021,central_government,-7984.7,-3.7,
PT,2021,general_government,-6117,-2.8,
PT,2021,local_government,-600.6,-0.3,
PT,2021,social_security_funds,2468.3,1.1,
PT,2022,central_government,-4966.1,-2,
PT,2022,general_government,-757.3,-0.3,
PT,2022,local_government,-90.5,0,
PT,2022,social_security_funds,4299.4,1.8,
PT,2023,central_government,-2447.4,-0.9,
PT,2023,general_government,3029.7,1.1,
PT,2023,local_government,-243,-0.1,
PT,2023,social_security_funds,5720.2,2.1,
PT,2024,central_government,-4423.9,-1.5,
PT,2024,general_government,1862.5,0.6,
PT,2024,local_government,255.9,0.1,
PT,2024,social_security_funds,6030.6,2.1,
PT,2025,central_government,-5635.8,-1.8,
PT,2025,general_government,2058.6,0.7,
PT,2025,local_government,629.7,0.2,
PT,2025,social_security_funds,7064.7,2.3,
RO,1995,central_government,-225.1,-3,
RO,1995,general_government,-152.3,-2,
RO,1995,local_government,6.4,0.1,
RO,1995,social_security_funds,66.4,0.9,
RO,1996,central_government,-492.8,-4.3,
RO,1996,general_government,-406,-3.6,
RO,1996,local_government,13.7,0.1,
RO,1996,social_security_funds,73.1,0.6,
RO,1997,central_government,-1182.2,-4.6,
RO,1997,general_government,-1128.8,-4.4,
RO,1997,local_government,11.1,0,
RO,1997,social_security_funds,42.3,0.2,
RO,1998,central_government,-920.7,-2.5,
RO,1998,general_government,-1198.1,-3.2,
RO,1998,local_government,-3.8,0,
RO,1998,social_security_funds,-273.6,-0.7,
RO,1999,central_government,-2653.8,-4.8,
RO,1999,general_government,-2436.4,-4.4,
RO,1999,local_government,70.1,0.1,
RO,1999,social_security_funds,147.3,0.3,
RO,2000,central_government,-4072.9,-5,
RO,2000,general_government,-3716,-4.6,
RO,2000,local_government,228.9,0.3,
RO,2000,social_security_funds,128,0.2,
RO,2001,central_government,-4767.9,-4.1,
RO,2001,general_government,-4055.2,-3.5,
RO,2001,local_government,220.9,0.2,
RO,2001,social_security_funds,491.8,0.4,
RO,2002,central_government,-3189.9,-2.1,
RO,2002,general_government,-2945,-1.9,
RO,2002,local_government,-5,0,
RO,2002,social_security_funds,249.9,0.2,
RO,2003,central_government,-3521.8,-1.8,
RO,2003,general_government,-2736.5,-1.4,
RO,2003,local_government,345.9,0.2,
RO,2003,social_security_funds,439.4,0.2,
RO,2004,central_government,-2356.9,-1,
RO,2004,general_government,-2658.2,-1.1,
RO,2004,local_government,-484.3,-0.2,
RO,2004,social_security_funds,183,0.1,
RO,2005,central_government,-2478.6,-0.9,
RO,2005,general_government,-2319.2,-0.8,
RO,2005,local_government,-71.8,0,
RO,2005,social_security_funds,231.2,0.1,
RO,2006,central_government,-11027.4,-3.2,
RO,2006,general_government,-7329.1,-2.1,
RO,2006,local_government,25.2,0,
RO,2006,social_security_funds,3673.1,1.1,
RO,2007,central_government,-14958.9,-3.5,
RO,2007,general_government,-11761.3,-2.8,
RO,2007,local_government,-986.2,-0.2,
RO,2007,social_security_funds,4183.8,1,
RO,2008,central_government,-23264.7,-4.3,
RO,2008,general_government,-29217.1,-5.4,
RO,2008,local_government,-5420.9,-1,
RO,2008,social_security_funds,-531.5,-0.1,
RO,2009,central_government,-40649.5,-7.7,
RO,2009,general_government,-50537.8,-9.5,
RO,2009,local_government,-3811.3,-0.7,
RO,2009,social_security_funds,-6077,-1.1,
RO,2010,central_government,-34134.5,-6.3,
RO,2010,general_government,-38447.8,-7.1,
RO,2010,local_government,-528.4,-0.1,
RO,2010,social_security_funds,-3784.9,-0.7,
RO,2011,central_government,-28230.4,-4.8,
RO,2011,general_government,-32592.1,-5.6,
RO,2011,local_government,-3456.9,-0.6,
RO,2011,social_security_funds,-904.8,-0.2,
RO,2012,central_government,-20636.1,-3.3,
RO,2012,general_government,-23729.8,-3.8,
RO,2012,local_government,-2782.1,-0.4,
RO,2012,social_security_funds,-311.6,-0.1,
RO,2013,central_government,-17933.4,-2.8,
RO,2013,general_government,-14325.8,-2.3,
RO,2013,local_government,717.2,0.1,
RO,2013,social_security_funds,2890.4,0.5,
RO,2014,central_government,-12591.5,-1.9,
RO,2014,general_government,-7935,-1.2,
RO,2014,local_government,3424.6,0.5,
RO,2014,social_security_funds,1231.9,0.2,
RO,2015,central_government,-10502.1,-1.5,
RO,2015,general_government,-3718.9,-0.5,
RO,2015,local_government,5187.5,0.7,
RO,2015,social_security_funds,1595.7,0.2,
RO,2016,central_government,-21273.3,-2.8,
RO,2016,general_government,-18899.1,-2.5,
RO,2016,local_government,1487.9,0.2,
RO,2016,social_security_funds,886.3,0.1,
RO,2017,central_government,-24170.4,-2.8,
RO,2017,general_government,-21400.3,-2.5,
RO,2017,local_government,1496.7,0.2,
RO,2017,social_security_funds,1273.4,0.1,
RO,2018,central_government,-29797.8,-3.1,
RO,2018,general_government,-26908.1,-2.8,
RO,2018,local_government,-558.3,-0.1,
RO,2018,social_security_funds,3448,0.4,
RO,2019,central_government,-45269.3,-4.3,
RO,2019,general_government,-46147.4,-4.4,
RO,2019,local_government,-1673.7,-0.2,
RO,2019,social_security_funds,795.6,0.1,
RO,2020,central_government,-97323.1,-9.1,
RO,2020,general_government,-98471.3,-9.3,
RO,2020,local_government,-2951.6,-0.3,
RO,2020,social_security_funds,1803.4,0.2,
RO,2021,central_government,-85723,-7.2,
RO,2021,general_government,-85177,-7.2,
RO,2021,local_government,2874.9,0.2,
RO,2021,social_security_funds,-2328.9,-0.2,
RO,2022,central_government,-90308.1,-6.5,
RO,2022,general_government,-90178.5,-6.5,
RO,2022,local_government,1359.6,0.1,
RO,2022,social_security_funds,-1230,-0.1,
RO,2023,central_government,-103244.5,-6.5,
RO,2023,general_government,-105127.7,-6.6,
RO,2023,local_government,-3257.9,-0.2,
RO,2023,social_security_funds,1374.7,0.1,
RO,2024,central_government,-149733.4,-8.5,
RO,2024,general_government,-162782.4,-9.3,
RO,2024,local_government,-9367.7,-0.5,
RO,2024,social_security_funds,-3681.3,-0.2,
RO,2025,central_government,-149060,-7.8,
RO,2025,general_government,-151063,-7.9,
RO,2025,local_government,-3564.7,-0.2,
RO,2025,social_security_funds,1561.7,0.1,
SE,1995,central_government,-141189,-7.4,
SE,1995,general_government,-133513,-7,
SE,1995,local_government,-7199,-0.4,
SE,1995,social_security_funds,14875,0.8,
SE,1996,central_government,-66773,-3.4,
SE,1996,general_government,-60858,-3.1,
SE,1996,local_government,-6542,-0.3,
SE,1996,social_security_funds,12457,0.6,
SE,1997,central_government,-32563,-1.6,
SE,1997,general_government,-32172,-1.6,
SE,1997,local_government,-9526,-0.5,
SE,1997,social_security_funds,9917,0.5,
SE,1998,central_government,-3650,-0.2,
SE,1998,general_government,17689,0.8,
SE,1998,local_government,-3516,-0.2,
SE,1998,social_security_funds,24855,1.2,
SE,1999,central_government,62110,2.7,
SE,1999,general_government,13525,0.6,
SE,1999,local_government,-7875,-0.3,
SE,1999,social_security_funds,-40710,-1.8,
SE,2000,central_government,82491,3.4,
SE,2000,general_government,74743,3.1,
SE,2000,local_government,683,0,
SE,2000,social_security_funds,-8431,-0.4,
SE,2001,central_government,164557,6.6,
SE,2001,general_government,34402,1.4,
SE,2001,local_government,-6216,-0.2,
SE,2001,social_security_funds,-123939,-4.9,
SE,2002,central_government,-46312,-1.8,
SE,2002,general_government,-37929,-1.5,
SE,2002,local_government,-15213,-0.6,
SE,2002,social_security_funds,23596,0.9,
SE,2003,central_government,-49495,-1.8,
SE,2003,general_government,-33686,-1.2,
SE,2003,local_government,-8610,-0.3,
SE,2003,social_security_funds,24419,0.9,
SE,2004,central_government,-19691,-0.7,
SE,2004,general_government,4307,0.2,
SE,2004,local_government,-40,0,
SE,2004,social_security_funds,24038,0.9,
SE,2005,central_government,21689,0.7,
SE,2005,general_government,58299,2,
SE,2005,local_government,8247,0.3,
SE,2005,social_security_funds,28363,1,
SE,2006,central_government,37636,1.2,
SE,2006,general_government,68603,2.2,
SE,2006,local_government,2034,0.1,
SE,2006,social_security_funds,28933,0.9,
SE,2007,central_government,76543,2.3,
SE,2007,general_government,111767,3.4,
SE,2007,local_government,1540,0,
SE,2007,social_security_funds,33684,1,
SE,2008,central_government,35368,1,
SE,2008,general_government,63457,1.9,
SE,2008,local_government,-5321,-0.2,
SE,2008,social_security_funds,33410,1,
SE,2009,central_government,-27581,-0.8,
SE,2009,general_government,-30497,-0.9,
SE,2009,local_government,-9807,-0.3,
SE,2009,social_security_funds,6891,0.2,
SE,2010,central_government,-12860,-0.4,
SE,2010,general_government,-5897,-0.2,
SE,2010,local_government,3007,0.1,
SE,2010,social_security_funds,3956,0.1,
SE,2011,central_government,-18925,-0.5,
SE,2011,general_government,-15668,-0.4,
SE,2011,local_government,-15932,-0.4,
SE,2011,social_security_funds,19189,0.5,
SE,2012,central_government,-43849,-1.2,
SE,2012,general_government,-44533,-1.2,
SE,2012,local_government,-10000,-0.3,
SE,2012,social_security_funds,9316,0.3,
SE,2013,central_government,-47997,-1.3,
SE,2013,general_government,-62267,-1.6,
SE,2013,local_government,-9708,-0.3,
SE,2013,social_security_funds,-4562,-0.1,
SE,2014,central_government,-51874,-1.3,
SE,2014,general_government,-73945,-1.9,
SE,2014,local_government,-28185,-0.7,
SE,2014,social_security_funds,6114,0.2,
SE,2015,central_government,4854,0.1,
SE,2015,general_government,-12221,-0.3,
SE,2015,local_government,-27058,-0.6,
SE,2015,social_security_funds,9983,0.2,
SE,2016,central_government,63641,1.4,
SE,2016,general_government,36915,0.8,
SE,2016,local_government,-32006,-0.7,
SE,2016,social_security_funds,5280,0.1,
SE,2017,central_government,76109,1.7,
SE,2017,general_government,58901,1.3,
SE,2017,local_government,-17214,-0.4,
SE,2017,social_security_funds,6,0,
SE,2018,central_government,63439,1.3,
SE,2018,general_government,31609,0.7,
SE,2018,local_government,-37788,-0.8,
SE,2018,social_security_funds,5958,0.1,
SE,2019,central_government,65769,1.3,
SE,2019,general_government,21669,0.4,
SE,2019,local_government,-52113,-1,
SE,2019,social_security_funds,8013,0.2,
SE,2020,central_government,-143968,-2.9,
SE,2020,general_government,-159927,-3.2,
SE,2020,local_government,-7722,-0.2,
SE,2020,social_security_funds,-8237,-0.2,
SE,2021,central_government,-35428,-0.7,
SE,2021,general_government,-11073,-0.2,
SE,2021,local_government,24536,0.5,
SE,2021,social_security_funds,-181,0,
SE,2022,central_government,20870,0.4,
SE,2022,general_government,57635,1,
SE,2022,local_government,15465,0.3,
SE,2022,social_security_funds,21300,0.4,
SE,2023,central_government,-7355,-0.1,
SE,2023,general_government,-54898,-0.9,
SE,2023,local_government,-63240,-1,
SE,2023,social_security_funds,15697,0.3,
SE,2024,central_government,-75751,-1.2,
SE,2024,general_government,-104754,-1.6,
SE,2024,local_government,-58140,-0.9,
SE,2024,social_security_funds,29137,0.5,
SE,2025,central_government,-89095,-1.4,
SE,2025,general_government,-89415,-1.4,
SE,2025,local_government,-26670,-0.4,
SE,2025,social_security_funds,26350,0.4,
SI,1995,central_government,-804.3,-7.6,
SI,1995,general_government,-859.8,-8.1,
SI,1995,local_government,19,0.2,
SI,1995,social_security_funds,-74.6,-0.7,
SI,1996,central_government,-87.8,-0.7,
SI,1996,general_government,-133.3,-1.1,
SI,1996,local_government,16.1,0.1,
SI,1996,social_security_funds,-61.5,-0.5,
SI,1997,central_government,-369.2,-2.7,
SI,1997,general_government,-322.1,-2.3,
SI,1997,local_government,48.1,0.3,
SI,1997,social_security_funds,-1,0,
SI,1998,central_government,-432.8,-2.8,
SI,1998,general_government,-365.3,-2.4,
SI,1998,local_government,30.4,0.2,
SI,1998,social_security_funds,37.1,0.2,
SI,1999,central_government,-536.1,-3.1,
SI,1999,general_government,-521.9,-3,
SI,1999,local_government,12.6,0.1,
SI,1999,social_security_funds,1.6,0,
SI,2000,central_government,-617.1,-3.3,
SI,2000,general_government,-706.7,-3.8,
SI,2000,local_government,5.2,0,
SI,2000,social_security_funds,-94.7,-0.5,
SI,2001,central_government,-903.7,-4.3,
SI,2001,general_government,-959,-4.6,
SI,2001,local_government,-7.8,0,
SI,2001,social_security_funds,-47.4,-0.2,
SI,2002,central_government,-500.9,-2.2,
SI,2002,general_government,-575.8,-2.5,
SI,2002,local_government,-40.5,-0.2,
SI,2002,social_security_funds,-34.4,-0.1,
SI,2003,central_government,-621.9,-2.5,
SI,2003,general_government,-676,-2.7,
SI,2003,local_government,-17.4,-0.1,
SI,2003,social_security_funds,-36.8,-0.1,
SI,2004,central_government,-493.2,-1.8,
SI,2004,general_government,-543.4,-2,
SI,2004,local_government,-24.5,-0.1,
SI,2004,social_security_funds,-25.6,-0.1,
SI,2005,central_government,-601.9,-2.1,
SI,2005,general_government,-398.6,-1.4,
SI,2005,local_government,-13.1,0,
SI,2005,social_security_funds,216.4,0.7,
SI,2006,central_government,-390.9,-1.2,
SI,2006,general_government,-393.8,-1.3,
SI,2006,local_government,-24.4,-0.1,
SI,2006,social_security_funds,21.5,0.1,
SI,2007,central_government,-37.6,-0.1,
SI,2007,general_government,-26.9,-0.1,
SI,2007,local_government,-47.2,-0.1,
SI,2007,social_security_funds,57.8,0.2,
SI,2008,central_government,-244.8,-0.6,
SI,2008,general_government,-543.7,-1.4,
SI,2008,local_government,-258.4,-0.7,
SI,2008,social_security_funds,-40.6,-0.1,
SI,2009,central_government,-1785.4,-5,
SI,2009,general_government,-2103.9,-5.9,
SI,2009,local_government,-175.9,-0.5,
SI,2009,social_security_funds,-142.6,-0.4,
SI,2010,central_government,-1779.4,-4.9,
SI,2010,general_government,-2002.9,-5.6,
SI,2010,local_government,-94.9,-0.3,
SI,2010,social_security_funds,-128.6,-0.4,
SI,2011,central_government,-2483.3,-6.8,
SI,2011,general_government,-2459.2,-6.7,
SI,2011,local_government,29,0.1,
SI,2011,social_security_funds,-5,0,
SI,2012,central_government,-1422.3,-4,
SI,2012,general_government,-1507.9,-4.2,
SI,2012,local_government,18.7,0.1,
SI,2012,social_security_funds,-104.3,-0.3,
SI,2013,central_government,-4058.2,-11.3,
SI,2013,general_government,-4046.4,-11.2,
SI,2013,local_government,-52.8,-0.1,
SI,2013,social_security_funds,64.7,0.2,
SI,2014,central_government,-1715.8,-4.6,
SI,2014,general_government,-1686.9,-4.5,
SI,2014,local_government,-49.7,-0.1,
SI,2014,social_security_funds,78.6,0.2,
SI,2015,central_government,-1251,-3.2,
SI,2015,general_government,-1092.3,-2.8,
SI,2015,local_government,112.6,0.3,
SI,2015,social_security_funds,46.1,0.1,
SI,2016,central_government,-804.5,-2,
SI,2016,general_government,-799.9,-2,
SI,2016,local_government,71.8,0.2,
SI,2016,social_security_funds,-67.2,-0.2,
SI,2017,central_government,-38.3,-0.1,
SI,2017,general_government,22.9,0.1,
SI,2017,local_government,4.2,0,
SI,2017,social_security_funds,56.9,0.1,
SI,2018,central_government,484.8,1.1,
SI,2018,general_government,407.4,0.9,
SI,2018,local_government,-91.7,-0.2,
SI,2018,social_security_funds,14.2,0,
SI,2019,central_government,348,0.7,
SI,2019,general_government,328,0.7,
SI,2019,local_government,-33.7,-0.1,
SI,2019,social_security_funds,13.7,0,
SI,2020,central_government,-3671.5,-7.9,
SI,2020,general_government,-3588,-7.7,
SI,2020,local_government,72.7,0.2,
SI,2020,social_security_funds,10.7,0,
SI,2021,central_government,-2619.4,-5,
SI,2021,general_government,-2398.9,-4.6,
SI,2021,local_government,50.5,0.1,
SI,2021,social_security_funds,170,0.3,
SI,2022,central_government,-1497.2,-2.6,
SI,2022,general_government,-1714.3,-3,
SI,2022,local_government,-111.1,-0.2,
SI,2022,social_security_funds,-106.1,-0.2,
SI,2023,central_government,-1739.1,-2.7,
SI,2023,general_government,-1654.6,-2.6,
SI,2023,local_government,62.1,0.1,
SI,2023,social_security_funds,22.4,0,
SI,2024,central_government,-464.2,-0.7,
SI,2024,general_government,-594.3,-0.9,
SI,2024,local_government,-239,-0.4,
SI,2024,social_security_funds,108.9,0.2,
SI,2025,central_government,-1722.8,-2.4,
SI,2025,general_government,-1786.3,-2.5,
SI,2025,local_government,-80.4,-0.1,
SI,2025,social_security_funds,17,0,
SK,1995,central_government,-1093.7,-5.5,
SK,1995,general_government,-686.6,-3.4,
SK,1995,local_government,-601.1,-3,
SK,1995,social_security_funds,1008.2,5,
SK,1996,central_government,-2464,-11.1,
SK,1996,general_government,-2162.7,-9.7,
SK,1996,local_government,-438.5,-2,
SK,1996,social_security_funds,739.9,3.3,
SK,1997,central_government,-1251.8,-5.1,
SK,1997,general_government,-1532.5,-6.2,
SK,1997,local_government,-292.4,-1.2,
SK,1997,social_security_funds,11.7,0,
SK,1998,central_government,-1256.3,-4.7,
SK,1998,general_government,-1438.6,-5.4,
SK,1998,local_government,-231.2,-0.9,
SK,1998,social_security_funds,48.9,0.2,
SK,1999,central_government,-1797.3,-6.3,
SK,1999,general_government,-2075.1,-7.3,
SK,1999,local_government,-195.6,-0.7,
SK,1999,social_security_funds,-82.1,-0.3,
SK,2000,central_government,-4261,-13.5,
SK,2000,general_government,-4014.1,-12.7,
SK,2000,local_government,125,0.4,
SK,2000,social_security_funds,121.9,0.4,
SK,2001,central_government,-2913.6,-8.5,
SK,2001,general_government,-2656.5,-7.7,
SK,2001,local_government,-0.7,0,
SK,2001,social_security_funds,257.9,0.8,
SK,2002,central_government,-3388.5,-9.1,
SK,2002,general_government,-3113.4,-8.4,
SK,2002,local_government,130.5,0.4,
SK,2002,social_security_funds,144.6,0.4,
SK,2003,central_government,-1312.8,-3.2,
SK,2003,general_government,-940.2,-2.3,
SK,2003,local_government,-14.8,0,
SK,2003,social_security_funds,387.3,0.9,
SK,2004,central_government,-1472.8,-3.2,
SK,2004,general_government,-1085.2,-2.4,
SK,2004,local_government,221.3,0.5,
SK,2004,social_security_funds,166.3,0.4,
SK,2005,central_government,-1304.3,-2.6,
SK,2005,general_government,-1436.4,-2.9,
SK,2005,local_government,125.6,0.2,
SK,2005,social_security_funds,-257.7,-0.5,
SK,2006,central_government,-2047.2,-3.6,
SK,2006,general_government,-2011.7,-3.6,
SK,2006,local_government,-47.9,-0.1,
SK,2006,social_security_funds,83.4,0.1,
SK,2007,central_government,-1526.3,-2.4,
SK,2007,general_government,-1426.8,-2.3,
SK,2007,local_government,37.8,0.1,
SK,2007,social_security_funds,61.7,0.1,
SK,2008,central_government,-2002,-2.9,
SK,2008,general_government,-1741.9,-2.5,
SK,2008,local_government,42.6,0.1,
SK,2008,social_security_funds,217.4,0.3,
SK,2009,central_government,-4453.1,-7,
SK,2009,general_government,-5242.6,-8.2,
SK,2009,local_government,-353.6,-0.6,
SK,2009,social_security_funds,-435.9,-0.7,
SK,2010,central_government,-4549.1,-6.6,
SK,2010,general_government,-5116.3,-7.4,
SK,2010,local_government,-547.2,-0.8,
SK,2010,social_security_funds,-20,0,
SK,2011,central_government,-3380.2,-4.7,
SK,2011,general_government,-3119.9,-4.4,
SK,2011,local_government,-20.5,0,
SK,2011,social_security_funds,280.9,0.4,
SK,2012,central_government,-3628,-4.9,
SK,2012,general_government,-3219.1,-4.4,
SK,2012,local_government,202.6,0.3,
SK,2012,social_security_funds,206.3,0.3,
SK,2013,central_government,-2203.6,-3,
SK,2013,general_government,-2135.7,-2.9,
SK,2013,local_government,253.9,0.3,
SK,2013,social_security_funds,-186,-0.2,
SK,2014,central_government,-2358.6,-3.1,
SK,2014,general_government,-2484.5,-3.2,
SK,2014,local_government,-56.1,-0.1,
SK,2014,social_security_funds,-69.9,-0.1,
SK,2015,central_government,-2212.2,-2.8,
SK,2015,general_government,-2236.1,-2.8,
SK,2015,local_government,110,0.1,
SK,2015,social_security_funds,-133.9,-0.2,
SK,2016,central_government,-2341.9,-2.9,
SK,2016,general_government,-2116.9,-2.6,
SK,2016,local_government,440.7,0.5,
SK,2016,social_security_funds,-215.7,-0.3,
SK,2017,central_government,-1115.2,-1.3,
SK,2017,general_government,-836.6,-1,
SK,2017,local_government,-22.9,0,
SK,2017,social_security_funds,301.6,0.4,
SK,2018,central_government,-1062.8,-1.2,
SK,2018,general_government,-908.2,-1,
SK,2018,local_government,129.6,0.1,
SK,2018,social_security_funds,25,0,
SK,2019,central_government,-1438.1,-1.5,
SK,2019,general_government,-1139.3,-1.2,
SK,2019,local_government,145.8,0.2,
SK,2019,social_security_funds,153,0.2,
SK,2020,central_government,-5504.7,-5.8,
SK,2020,general_government,-4995.1,-5.3,
SK,2020,local_government,183,0.2,
SK,2020,social_security_funds,326.6,0.3,
SK,2021,central_government,-5452.1,-5.4,
SK,2021,general_government,-5186,-5.1,
SK,2021,local_government,-17.8,0,
SK,2021,social_security_funds,283.9,0.3,
SK,2022,central_government,-1502.1,-1.4,
SK,2022,general_government,-1719.5,-1.6,
SK,2022,local_government,-406.6,-0.4,
SK,2022,social_security_funds,189.2,0.2,
SK,2023,central_government,-6913.6,-5.6,
SK,2023,general_government,-6556.4,-5.3,
SK,2023,local_government,81,0.1,
SK,2023,social_security_funds,276.2,0.2,
SK,2024,central_government,-7208.6,-5.5,
SK,2024,general_government,-6962.8,-5.3,
SK,2024,local_government,-101.9,-0.1,
SK,2024,social_security_funds,347.7,0.3,
SK,2025,central_government,-6930.5,-5.1,
SK,2025,general_government,-6086.3,-4.5,
SK,2025,local_government,-86.5,-0.1,
SK,2025,social_security_funds,930.7,0.7,
