DATAFLOW,LAST UPDATE,freq,unit,sector,na_item,geo,TIME_PERIOD,OBS_VALUE,OBS_FLAG,CONF_STATUS
ESTAT:GOV_10A_MAIN(1.0),21/07/26 11:00:00,A,MIO_NAC,S13,B9,AT,1995,-10856.4,,
ESTAT:GOV_10A_MAIN(1.0),21/07/26 11:00:00,A,MIO_NAC,S13,B9,AT,1996,-8303.1,,
ESTAT:GOV_10A_MAIN(1.0),21/07/26 11:00:00,A,MIO_NAC,S13,B9,AT,1997,-4924.3,,
ESTAT:GOV_10A_MAIN(1.0),21/07/26 11:00:00,A,MIO_NAC,S13,B9,AT,1998,-5377.5,,
ESTAT:GOV_10A_MAIN(1.0),21/07/26 11:00:00,A,MIO_NAC,S13,B9,AT,1999,-5344.2,,
ESTAT:GOV_10A_MAIN(1.0),21/07/26 11:00:00,A,MIO_NAC,S13,B9,AT,2000,-5111.4,,
ESTAT:GOV_10A_MAIN(1.0),21/07/26 11:00:00,A,MIO_NAC,S13,B9,AT,2001,-1563.3,,
ESTAT:GOV_10A_MAIN(1.0),21/07/26 11:00:00,A,MIO_NAC,S13,B9,AT,2002,-3208.1,,
ESTAT:GOV_10A_MAIN(1.0),21/07/26 11:00:00,A,MIO_NAC,S13,B9,AT,2003,-4239.3,,
ESTAT:GOV_10A_MAIN(1.0),21/07/26 11:00:00,A,MIO_NAC,S13,B9,AT,2004,-11886.0,,
ESTAT:GOV_10A_MAIN(1.0),21/07/26 11:00:00,A,MIO_NAC,S13,B9,AT,2005,-6532.2,,
ESTAT:GOV_10A_MAIN(1.0),21/07/26 11:00:00,A,MIO_NAC,S13,B9,AT,2006,-6936.9,,
ESTAT:GOV_10A_MAIN(1.0),21/07/26 11:00:00,A,MIO_NAC,S13,B9,AT,2007,-3865.1,,
ESTAT:GOV_10A_MAIN(1.0),21/07/26 11:00:00,A,MIO_NAC,S13,B9,AT,2008,-4586.6,,
ESTAT:GOV_10A_MAIN(1.0),21/07/26 11:00:00,A,MIO_NAC,S13,B9,AT,2009,-15404.3,,
ESTAT:GOV_10A_MAIN(1.0),21/07/26 11:00:00,A,MIO_NAC,S13,B9,AT,2010,-13127.5,,
ESTAT:GOV_10A_MAIN(1.0),21/07/26 11:00:00,A,MIO_NAC,S13,B9,AT,2011,-7647.6,,
ESTAT:GOV_10A_MAIN(1.0),21/07/26 11:00:00,A,MIO_NAC,S13,B9,AT,2012,-6891.9,,
ESTAT:GOV_10A_MAIN(1.0),21/07/26 11:00:00,A,MIO_NAC,S13,B9,AT,2013,-6399.8,,
ESTAT:GOV_10A_MAIN(1.0),21/07/26 11:00:00,A,MIO_NAC,S13,B9,AT,2014,-6349.8,,
ESTAT:GOV_10A_MAIN(1.0),21/07/26 11:00:00,A,MIO_NAC,S13,B9,AT,2015,-1631.5,,
ESTAT:GOV_10A_MAIN(1.0),21/07/26 11:00:00,A,MIO_NAC,S13,B9,AT,2016,-5162.2,,
ESTAT:GOV_10A_MAIN(1.0),21/07/26 11:00:00,A,MIO_NAC,S13,B9,AT,2017,-2849.3,,
ESTAT:GOV_10A_MAIN(1.0),21/07/26 11:00:00,A,MIO_NAC,S13,B9,AT,2018,748.0,,
ESTAT:GOV_10A_MAIN(1.0),21/07/26 11:00:00,A,MIO_NAC,S13,B9,AT,2019,2122.6,,
ESTAT:GOV_10A_MAIN(1.0),21/07/26 11:00:00,A,MIO_NAC,S13,B9,AT,2020,-31202.7,,
ESTAT:GOV_10A_MAIN(1.0),21/07/26 11:00:00,A,MIO_NAC,S13,B9,AT,2021,-23128.8,,
ESTAT:GOV_10A_MAIN(1.0),21/07/26 11:00:00,A,MIO_NAC,S13,B9,AT,2022,-15325.4,,
ESTAT:GOV_10A_MAIN(1.0),21/07/26 11:00:00,A,MIO_NAC,S13,B9,AT,2023,-12249.3,,
ESTAT:GOV_10A_MAIN(1.0),21/07/26 11:00:00,A,MIO_NAC,S13,B9,AT,2024,-22952.6,,
ESTAT:GOV_10A_MAIN(1.0),21/07/26 11:00:00,A,MIO_NAC,S13,B9,AT,2025,-21463.5,,
ESTAT:GOV_10A_MAIN(1.0),21/07/26 11:00:00,A,MIO_NAC,S13,B9,BE,1995,-9489.6,,
ESTAT:GOV_10A_MAIN(1.0),21/07/26 11:00:00,A,MIO_NAC,S13,B9,BE,1996,-8576.9,,
ESTAT:GOV_10A_MAIN(1.0),21/07/26 11:00:00,A,MIO_NAC,S13,B9,BE,1997,-4821.0,,
ESTAT:GOV_10A_MAIN(1.0),21/07/26 11:00:00,A,MIO_NAC,S13,B9,BE,1998,-2384.1,,
ESTAT:GOV_10A_MAIN(1.0),21/07/26 11:00:00,A,MIO_NAC,S13,B9,BE,1999,-1571.0,,
ESTAT:GOV_10A_MAIN(1.0),21/07/26 11:00:00,A,MIO_NAC,S13,B9,BE,2000,-203.3,,
ESTAT:GOV_10A_MAIN(1.0),21/07/26 11:00:00,A,MIO_NAC,S13,B9,BE,2001,615.5,,
ESTAT:GOV_10A_MAIN(1.0),21/07/26 11:00:00,A,MIO_NAC,S13,B9,BE,2002,-119.4,,
ESTAT:GOV_10A_MAIN(1.0),21/07/26 11:00:00,A,MIO_NAC,S13,B9,BE,2003,-5242.0,,
ESTAT:GOV_10A_MAIN(1.0),21/07/26 11:00:00,A,MIO_NAC,S13,B9,BE,2004,-708.5,,
ESTAT:GOV_10A_MAIN(1.0),21/07/26 11:00:00,A,MIO_NAC,S13,B9,BE,2005,-8417.5,,
ESTAT:GOV_10A_MAIN(1.0),21/07/26 11:00:00,A,MIO_NAC,S13,B9,BE,2006,779.0,,
ESTAT:GOV_10A_MAIN(1.0),21/07/26 11:00:00,A,MIO_NAC,S13,B9,BE,2007,228.3,,
ESTAT:GOV_10A_MAIN(1.0),21/07/26 11:00:00,A,MIO_NAC,S13,B9,BE,2008,-3852.8,,
ESTAT:GOV_10A_MAIN(1.0),21/07/26 11:00:00,A,MIO_NAC,S13,B9,BE,2009,-18943.5,b,
ESTAT:GOV_10A_MAIN(1.0),21/07/26 11:00:00,A,MIO_NAC,S13,B9,BE,2010,-15013.3,,
ESTAT:GOV_10A_MAIN(1.0),21/07/26 11:00:00,A,MIO_NAC,S13,B9,BE,2011,-16822.0,,
ESTAT:GOV_10A_MAIN(1.0),21/07/26 11:00:00,A,MIO_NAC,S13,B9,BE,2012,-16869.4,,
ESTAT:GOV_10A_MAIN(1.0),21/07/26 11:00:00,A,MIO_NAC,S13,B9,BE,2013,-12483.8,,
ESTAT:GOV_10A_MAIN(1.0),21/07/26 11:00:00,A,MIO_NAC,S13,B9,BE,2014,-12858.1,,
ESTAT:GOV_10A_MAIN(1.0),21/07/26 11:00:00,A,MIO_NAC,S13,B9,BE,2015,-10286.1,,
ESTAT:GOV_10A_MAIN(1.0),21/07/26 11:00:00,A,MIO_NAC,S13,B9,BE,2016,-10415.3,,
ESTAT:GOV_10A_MAIN(1.0),21/07/26 11:00:00,A,MIO_NAC,S13,B9,BE,2017,-3384.7,,
ESTAT:GOV_10A_MAIN(1.0),21/07/26 11:00:00,A,MIO_NAC,S13,B9,BE,2018,-4817.0,,
ESTAT:GOV_10A_MAIN(1.0),21/07/26 11:00:00,A,MIO_NAC,S13,B9,BE,2019,-9819.1,,
ESTAT:GOV_10A_MAIN(1.0),21/07/26 11:00:00,A,MIO_NAC,S13,B9,BE,2020,-41898.5,,
ESTAT:GOV_10A_MAIN(1.0),21/07/26 11:00:00,A,MIO_NAC,S13,B9,BE,2021,-27336.5,,
ESTAT:GOV_10A_MAIN(1.0),21/07/26 11:00:00,A,MIO_NAC,S13,B9,BE,2022,-19883.0,,
ESTAT:GOV_10A_MAIN(1.0),21/07/26 11:00:00,A,MIO_NAC,S13,B9,BE,2023,-24720.1,,
ESTAT:GOV_10A_MAIN(1.0),21/07/26 11:00:00,A,MIO_NAC,S13,B9,BE,2024,-27056.3,p,
ESTAT:GOV_10A_MAIN(1.0),21/07/26 11:00:00,A,MIO_NAC,S13,B9,BE,2025,-33220.7,p,
ESTAT:GOV_10A_MAIN(1.0),21/07/26 11:00:00,A,MIO_NAC,S13,B9,BG,1995,-35.9,,
ESTAT:GOV_10A_MAIN(1.0),21/07/26 11:00:00,A,MIO_NAC,S13,B9,BG,1996,-90.7,,
ESTAT:GOV_10A_MAIN(1.0),21/07/26 11:00:00,A,MIO_NAC,S13,B9,BG,1997,147.3,,
ESTAT:GOV_10A_MAIN(1.0),21/07/26 11:00:00,A,MIO_NAC,S13,B9,BG,1998,182.0,,
ESTAT:GOV_10A_MAIN(1.0),21/07/26 11:00:00,A,MIO_NAC,S13,B9,BG,1999,19.6,,
ESTAT:GOV_10A_MAIN(1.0),21/07/26 11:00:00,A,MIO_NAC,S13,B9,BG,2000,15.6,,
ESTAT:GOV_10A_MAIN(1.0),21/07/26 11:00:00,A,MIO_NAC,S13,B9,BG,2001,107.6,,
ESTAT:GOV_10A_MAIN(1.0),21/07/26 11:00:00,A,MIO_NAC,S13,B9,BG,2002,-184.6,,
ESTAT:GOV_10A_MAIN(1.0),21/07/26 11:00:00,A,MIO_NAC,S13,B9,BG,2003,-7.1,,
ESTAT:GOV_10A_MAIN(1.0),21/07/26 11:00:00,A,MIO_NAC,S13,B9,BG,2004,376.1,,
ESTAT:GOV_10A_MAIN(1.0),21/07/26 11:00:00,A,MIO_NAC,S13,B9,BG,2005,386.8,,
ESTAT:GOV_10A_MAIN(1.0),21/07/26 11:00:00,A,MIO_NAC,S13,B9,BG,2006,731.2,,
ESTAT:GOV_10A_MAIN(1.0),21/07/26 11:00:00,A,MIO_NAC,S13,B9,BG,2007,-3.4,,
ESTAT:GOV_10A_MAIN(1.0),21/07/26 11:00:00,A,MIO_NAC,S13,B9,BG,2008,528.7,,
ESTAT:GOV_10A_MAIN(1.0),21/07/26 11:00:00,A,MIO_NAC,S13,B9,BG,2009,-1661.1,,
ESTAT:GOV_10A_MAIN(1.0),21/07/26 11:00:00,A,MIO_NAC,S13,B9,BG,2010,-1402.8,,
ESTAT:GOV_10A_MAIN(1.0),21/07/26 11:00:00,A,MIO_NAC,S13,B9,BG,2011,-724.7,,
ESTAT:GOV_10A_MAIN(1.0),21/07/26 11:00:00,A,MIO_NAC,S13,B9,BG,2012,-340.8,,
ESTAT:GOV_10A_MAIN(1.0),21/07/26 11:00:00,A,MIO_NAC,S13,B9,BG,2013,-305.7,,
ESTAT:GOV_10A_MAIN(1.0),21/07/26 11:00:00,A,MIO_NAC,S13,B9,BG,2014,-2315.0,,
ESTAT:GOV_10A_MAIN(1.0),21/07/26 11:00:00,A,MIO_NAC,S13,B9,BG,2015,-851.4,,
ESTAT:GOV_10A_MAIN(1.0),21/07/26 11:00:00,A,MIO_NAC,S13,B9,BG,2016,155.1,,
ESTAT:GOV_10A_MAIN(1.0),21/07/26 11:00:00,A,MIO_NAC,S13,B9,BG,2017,852.6,,
ESTAT:GOV_10A_MAIN(1.0),21/07/26 11:00:00,A,MIO_NAC,S13,B9,BG,2018,970.5,,
ESTAT:GOV_10A_MAIN(1.0),21/07/26 11:00:00,A,MIO_NAC,S13,B9,BG,2019,1319.0,,
ESTAT:GOV_10A_MAIN(1.0),21/07/26 11:00:00,A,MIO_NAC,S13,B9,BG,2020,-2368.1,,
ESTAT:GOV_10A_MAIN(1.0),21/07/26 11:00:00,A,MIO_NAC,S13,B9,BG,2021,-2825.5,,
ESTAT:GOV_10A_MAIN(1.0),21/07/26 11:00:00,A,MIO_NAC,S13,B9,BG,2022,-2527.9,,
ESTAT:GOV_10A_MAIN(1.0),21/07/26 11:00:00,A,MIO_NAC,S13,B9,BG,2023,-1883.5,,
ESTAT:GOV_10A_MAIN(1.0),21/07/26 11:00:00,A,MIO_NAC,S13,B9,BG,2024,-3191.5,,
ESTAT:GOV_10A_MAIN(1.0),21/07/26 11:00:00,A,MIO_NAC,S13,B9,BG,2025,-4112.6,,
ESTAT:GOV_10A_MAIN(1.0),21/07/26 11:00:00,A,MIO_NAC,S13,B9,CH,1995,-7837.7,,
ESTAT:GOV_10A_MAIN(1.0),21/07/26 11:00:00,A,MIO_NAC,S13,B9,CH,1996,-8474.8,,
ESTAT:GOV_10A_MAIN(1.0),21/07/26 11:00:00,A,MIO_NAC,S13,B9,CH,1997,-10046.8,,
ESTAT:GOV_10A_MAIN(1.0),21/07/26 11:00:00,A,MIO_NAC,S13,B9,CH,1998,-5830.7,,
ESTAT:GOV_10A_MAIN(1.0),21/07/26 11:00:00,A,MIO_NAC,S13,B9,CH,1999,-7071.4,,
ESTAT:GOV_10A_MAIN(1.0),21/07/26 11:00:00,A,MIO_NAC,S13,B9,CH,2000,1467.2,,
ESTAT:GOV_10A_MAIN(1.0),21/07/26 11:00:00,A,MIO_NAC,S13,B9,CH,2001,873.6,,
ESTAT:GOV_10A_MAIN(1.0),21/07/26 11:00:00,A,MIO_NAC,S13,B9,CH,2002,-8494.6,,
ESTAT:GOV_10A_MAIN(1.0),21/07/26 11:00:00,A,MIO_NAC,S13,B9,CH,2003,-6694.2,,
ESTAT:GOV_10A_MAIN(1.0),21/07/26 11:00:00,A,MIO_NAC,S13,B9,CH,2004,-7126.9,,
ESTAT:GOV_10A_MAIN(1.0),21/07/26 11:00:00,A,MIO_NAC,S13,B9,CH,2005,-3338.0,,
ESTAT:GOV_10A_MAIN(1.0),21/07/26 11:00:00,A,MIO_NAC,S13,B9,CH,2006,4678.7,,
ESTAT:GOV_10A_MAIN(1.0),21/07/26 11:00:00,A,MIO_NAC,S13,B9,CH,2007,7831.4,,
ESTAT:GOV_10A_MAIN(1.0),21/07/26 11:00:00,A,MIO_NAC,S13,B9,CH,2008,11129.9,,
ESTAT:GOV_10A_MAIN(1.0),21/07/26 11:00:00,A,MIO_NAC,S13,B9,CH,2009,3896.4,,
ESTAT:GOV_10A_MAIN(1.0),21/07/26 11:00:00,A,MIO_NAC,S13,B9,CH,2010,1908.2,,
ESTAT:GOV_10A_MAIN(1.0),21/07/26 11:00:00,A,MIO_NAC,S13,B9,CH,2011,5666.0,,
ESTAT:GOV_10A_MAIN(1.0),21/07/26 11:00:00,A,MIO_NAC,S13,B9,CH,2012,1322.8,,
ESTAT:GOV_10A_MAIN(1.0),21/07/26 11:00:00,A,MIO_NAC,S13,B9,CH,2013,-3027.2,,
ESTAT:GOV_10A_MAIN(1.0),21/07/26 11:00:00,A,MIO_NAC,S13,B9,CH,2014,-1492.1,,
ESTAT:GOV_10A_MAIN(1.0),21/07/26 11:00:00,A,MIO_NAC,S13,B9,CH,2015,3248.8,,
ESTAT:GOV_10A_MAIN(1.0),21/07/26 11:00:00,A,MIO_NAC,S13,B9,CH,2016,2289.1,,
ESTAT:GOV_10A_MAIN(1.0),21/07/26 11:00:00,A,MIO_NAC,S13,B9,CH,2017,6118.9,,
ESTAT:GOV_10A_MAIN(1.0),21/07/26 11:00:00,A,MIO_NAC,S13,B9,CH,2018,8906.4,,
ESTAT:GOV_10A_MAIN(1.0),21/07/26 11:00:00,A,MIO_NAC,S13,B9,CH,2019,8234.7,,
ESTAT:GOV_10A_MAIN(1.0),21/07/26 11:00:00,A,MIO_NAC,S13,B9,CH,2020,-18704.7,,
ESTAT:GOV_10A_MAIN(1.0),21/07/26 11:00:00,A,MIO_NAC,S13,B9,CH,2021,-8601.9,,
ESTAT:GOV_10A_MAIN(1.0),21/07/26 11:00:00,A,MIO_NAC,S13,B9,CH,2022,9854.0,,
ESTAT:GOV_10A_MAIN(1.0),21/07/26 11:00:00,A,MIO_NAC,S13,B9,CH,2023,2813.0,,
ESTAT:GOV_10A_MAIN(1.0),21/07/26 11:00:00,A,MIO_NAC,S13,B9,CH,2024,4519.7,,
ESTAT:GOV_10A_MAIN(1.0),21/07/26 11:00:00,A,MIO_NAC,S13,B9,CY,1995,-22.1,,
ESTAT:GOV_10A_MAIN(1.0),21/07/26 11:00:00,A,MIO_NAC,S13,B9,CY,1996,-194.6,,
ESTAT:GOV_10A_MAIN(1.0),21/07/26 11:00:00,A,MIO_NAC,S13,B9,CY,1997,-364.7,,
ESTAT:GOV_10A_MAIN(1.0),21/07/26 11:00:00,A,MIO_NAC,S13,B9,CY,1998,-293.8,,
ESTAT:GOV_10A_MAIN(1.0),21/07/26 11:00:00,A,MIO_NAC,S13,B9,CY,1999,-344.3,,
ESTAT:GOV_10A_MAIN(1.0),21/07/26 11:00:00,A,MIO_NAC,S13,B9,CY,2000,-190.5,,
ESTAT:GOV_10A_MAIN(1.0),21/07/26 11:00:00,A,MIO_NAC,S13,B9,CY,2001,-197.9,,
ESTAT:GOV_10A_MAIN(1.0),21/07/26 11:00:00,A,MIO_NAC,S13,B9,CY,2002,-446.5,,
ESTAT:GOV_10A_MAIN(1.0),21/07/26 11:00:00,A,MIO_NAC,S13,B9,CY,2003,-736.9,,
ESTAT:GOV_10A_MAIN(1.0),21/07/26 11:00:00,A,MIO_NAC,S13,B9,CY,2004,-493.1,,
ESTAT:GOV_10A_MAIN(1.0),21/07/26 11:00:00,A,MIO_NAC,S13,B9,CY,2005,-310.6,,
ESTAT:GOV_10A_MAIN(1.0),21/07/26 11:00:00,A,MIO_NAC,S13,B9,CY,2006,-163.9,,
ESTAT:GOV_10A_MAIN(1.0),21/07/26 11:00:00,A,MIO_NAC,S13,B9,CY,2007,555.0,,
ESTAT:GOV_10A_MAIN(1.0),21/07/26 11:00:00,A,MIO_NAC,S13,B9,CY,2008,127.8,,
ESTAT:GOV_10A_MAIN(1.0),21/07/26 11:00:00,A,MIO_NAC,S13,B9,CY,2009,-1051.9,,
ESTAT:GOV_10A_MAIN(1.0),21/07/26 11:00:00,A,MIO_NAC,S13,B9,CY,2010,-984.5,,
ESTAT:GOV_10A_MAIN(1.0),21/07/26 11:00:00,A,MIO_NAC,S13,B9,CY,2011,-1179.8,,
ESTAT:GOV_10A_MAIN(1.0),21/07/26 11:00:00,A,MIO_NAC,S13,B9,CY,2012,-2966.7,,
ESTAT:GOV_10A_MAIN(1.0),21/07/26 11:00:00,A,MIO_NAC,S13,B9,CY,2013,-1009.2,,
ESTAT:GOV_10A_MAIN(1.0),21/07/26 11:00:00,A,MIO_NAC,S13,B9,CY,2014,-1538.0,,
ESTAT:GOV_10A_MAIN(1.0),21/07/26 11:00:00,A,MIO_NAC,S13,B9,CY,2015,-137.8,,
ESTAT:GOV_10A_MAIN(1.0),21/07/26 11:00:00,A,MIO_NAC,S13,B9,CY,2016,86.0,,
ESTAT:GOV_10A_MAIN(1.0),21/07/26 11:00:00,A,MIO_NAC,S13,B9,CY,2017,432.1,,
ESTAT:GOV_10A_MAIN(1.0),21/07/26 11:00:00,A,MIO_NAC,S13,B9,CY,2018,-734.1,,
ESTAT:GOV_10A_MAIN(1.0),21/07/26 11:00:00,A,MIO_NAC,S13,B9,CY,2019,240.9,,
ESTAT:GOV_10A_MAIN(1.0),21/07/26 11:00:00,A,MIO_NAC,S13,B9,CY,2020,-1247.7,,
ESTAT:GOV_10A_MAIN(1.0),21/07/26 11:00:00,A,MIO_NAC,S13,B9,CY,2021,-407.8,,
ESTAT:GOV_10A_MAIN(1.0),21/07/26 11:00:00,A,MIO_NAC,S13,B9,CY,2022,795.7,,
ESTAT:GOV_10A_MAIN(1.0),21/07/26 11:00:00,A,MIO_NAC,S13,B9,CY,2023,553.4,,
ESTAT:GOV_10A_MAIN(1.0),21/07/26 11:00:00,A,MIO_NAC,S13,B9,CY,2024,1439.0,,
ESTAT:GOV_10A_MAIN(1.0),21/07/26 11:00:00,A,MIO_NAC,S13,B9,CY,2025,1241.5,,
ESTAT:GOV_10A_MAIN(1.0),21/07/26 11:00:00,A,MIO_NAC,S13,B9,CZ,1995,-197376.0,,
ESTAT:GOV_10A_MAIN(1.0),21/07/26 11:00:00,A,MIO_NAC,S13,B9,CZ,1996,-54777.0,,
ESTAT:GOV_10A_MAIN(1.0),21/07/26 11:00:00,A,MIO_NAC,S13,B9,CZ,1997,-62178.0,,
ESTAT:GOV_10A_MAIN(1.0),21/07/26 11:00:00,A,MIO_NAC,S13,B9,CZ,1998,-89762.0,,
ESTAT:GOV_10A_MAIN(1.0),21/07/26 11:00:00,A,MIO_NAC,S13,B9,CZ,1999,-69842.0,,
ESTAT:GOV_10A_MAIN(1.0),21/07/26 11:00:00,A,MIO_NAC,S13,B9,CZ,2000,-85116.0,,
ESTAT:GOV_10A_MAIN(1.0),21/07/26 11:00:00,A,MIO_NAC,S13,B9,CZ,2001,-149203.0,,
ESTAT:GOV_10A_MAIN(1.0),21/07/26 11:00:00,A,MIO_NAC,S13,B9,CZ,2002,-171596.0,,
ESTAT:GOV_10A_MAIN(1.0),21/07/26 11:00:00,A,MIO_NAC,S13,B9,CZ,2003,-194777.0,,
ESTAT:GOV_10A_MAIN(1.0),21/07/26 11:00:00,A,MIO_NAC,S13,B9,CZ,2004,-74261.0,,
ESTAT:GOV_10A_MAIN(1.0),21/07/26 11:00:00,A,MIO_NAC,S13,B9,CZ,2005,-100666.0,,
ESTAT:GOV_10A_MAIN(1.0),21/07/26 11:00:00,A,MIO_NAC,S13,B9,CZ,2006,-77165.0,,
ESTAT:GOV_10A_MAIN(1.0),21/07/26 11:00:00,A,MIO_NAC,S13,B9,CZ,2007,-26144.0,,
ESTAT:GOV_10A_MAIN(1.0),21/07/26 11:00:00,A,MIO_NAC,S13,B9,CZ,2008,-80705.0,,
ESTAT:GOV_10A_MAIN(1.0),21/07/26 11:00:00,A,MIO_NAC,S13,B9,CZ,2009,-215277.0,,
ESTAT:GOV_10A_MAIN(1.0),21/07/26 11:00:00,A,MIO_NAC,S13,B9,CZ,2010,-167132.0,,
ESTAT:GOV_10A_MAIN(1.0),21/07/26 11:00:00,A,MIO_NAC,S13,B9,CZ,2011,-111059.0,,
ESTAT:GOV_10A_MAIN(1.0),21/07/26 11:00:00,A,MIO_NAC,S13,B9,CZ,2012,-161338.0,,
ESTAT:GOV_10A_MAIN(1.0),21/07/26 11:00:00,A,MIO_NAC,S13,B9,CZ,2013,-54135.0,,
ESTAT:GOV_10A_MAIN(1.0),21/07/26 11:00:00,A,MIO_NAC,S13,B9,CZ,2014,-91652.0,,
ESTAT:GOV_10A_MAIN(1.0),21/07/26 11:00:00,A,MIO_NAC,S13,B9,CZ,2015,-30969.0,,
ESTAT:GOV_10A_MAIN(1.0),21/07/26 11:00:00,A,MIO_NAC,S13,B9,CZ,2016,33169.0,,
ESTAT:GOV_10A_MAIN(1.0),21/07/26 11:00:00,A,MIO_NAC,S13,B9,CZ,2017,75634.0,,
ESTAT:GOV_10A_MAIN(1.0),21/07/26 11:00:00,A,MIO_NAC,S13,B9,CZ,2018,48269.0,,
ESTAT:GOV_10A_MAIN(1.0),21/07/26 11:00:00,A,MIO_NAC,S13,B9,CZ,2019,16651.0,,
ESTAT:GOV_10A_MAIN(1.0),21/07/26 11:00:00,A,MIO_NAC,S13,B9,CZ,2020,-329285.0,,
ESTAT:GOV_10A_MAIN(1.0),21/07/26 11:00:00,A,MIO_NAC,S13,B9,CZ,2021,-312308.0,,
ESTAT:GOV_10A_MAIN(1.0),21/07/26 11:00:00,A,MIO_NAC,S13,B9,CZ,2022,-216345.0,,
ESTAT:GOV_10A_MAIN(1.0),21/07/26 11:00:00,A,MIO_NAC,S13,B9,CZ,2023,-286066.0,,
ESTAT:GOV_10A_MAIN(1.0),21/07/26 11:00:00,A,MIO_NAC,S13,B9,CZ,2024,-163345.0,,
ESTAT:GOV_10A_MAIN(1.0),21/07/26 11:00:00,A,MIO_NAC,S13,B9,CZ,2025,-183744.0,,
ESTAT:GOV_10A_MAIN(1.0),21/07/26 11:00:00,A,MIO_NAC,S13,B9,DE,1995,-179290.0,,
ESTAT:GOV_10A_MAIN(1.0),21/07/26 11:00:00,A,MIO_NAC,S13,B9,DE,1996,-70169.0,,
ESTAT:GOV_10A_MAIN(1.0),21/07/26 11:00:00,A,MIO_NAC,S13,B9,DE,1997,-59551.0,,
ESTAT:GOV_10A_MAIN(1.0),21/07/26 11:00:00,A,MIO_NAC,S13,B9,DE,1998,-53582.0,,
ESTAT:GOV_10A_MAIN(1.0),21/07/26 11:00:00,A,MIO_NAC,S13,B9,DE,1999,-38771.0,,
ESTAT:GOV_10A_MAIN(1.0),21/07/26 11:00:00,A,MIO_NAC,S13,B9,DE,2000,-36509.0,,
ESTAT:GOV_10A_MAIN(1.0),21/07/26 11:00:00,A,MIO_NAC,S13,B9,DE,2001,-68602.0,,
ESTAT:GOV_10A_MAIN(1.0),21/07/26 11:00:00,A,MIO_NAC,S13,B9,DE,2002,-90850.0,,
ESTAT:GOV_10A_MAIN(1.0),21/07/26 11:00:00,A,MIO_NAC,S13,B9,DE,2003,-85812.0,,
ESTAT:GOV_10A_MAIN(1.0),21/07/26 11:00:00,A,MIO_NAC,S13,B9,DE,2004,-78445.0,,
ESTAT:GOV_10A_MAIN(1.0),21/07/26 11:00:00,A,MIO_NAC,S13,B9,DE,2005,-78396.0,,
ESTAT:GOV_10A_MAIN(1.0),21/07/26 11:00:00,A,MIO_NAC,S13,B9,DE,2006,-42584.0,,
ESTAT:GOV_10A_MAIN(1.0),21/07/26 11:00:00,A,MIO_NAC,S13,B9,DE,2007,3937.0,,
ESTAT:GOV_10A_MAIN(1.0),21/07/26 11:00:00,A,MIO_NAC,S13,B9,DE,2008,-6809.0,,
ESTAT:GOV_10A_MAIN(1.0),21/07/26 11:00:00,A,MIO_NAC,S13,B9,DE,2009,-79207.0,,
ESTAT:GOV_10A_MAIN(1.0),21/07/26 11:00:00,A,MIO_NAC,S13,B9,DE,2010,-115620.0,,
ESTAT:GOV_10A_MAIN(1.0),21/07/26 11:00:00,A,MIO_NAC,S13,B9,DE,2011,-23074.0,,
ESTAT:GOV_10A_MAIN(1.0),21/07/26 11:00:00,A,MIO_NAC,S13,B9,DE,2012,-1521.0,,
ESTAT:GOV_10A_MAIN(1.0),21/07/26 11:00:00,A,MIO_NAC,S13,B9,DE,2013,3512.0,,
ESTAT:GOV_10A_MAIN(1.0),21/07/26 11:00:00,A,MIO_NAC,S13,B9,DE,2014,21832.0,,
ESTAT:GOV_10A_MAIN(1.0),21/07/26 11:00:00,A,MIO_NAC,S13,B9,DE,2015,28239.0,,
ESTAT:GOV_10A_MAIN(1.0),21/07/26 11:00:00,A,MIO_NAC,S13,B9,DE,2016,36237.0,,
ESTAT:GOV_10A_MAIN(1.0),21/07/26 11:00:00,A,MIO_NAC,S13,B9,DE,2017,44571.0,,
ESTAT:GOV_10A_MAIN(1.0),21/07/26 11:00:00,A,MIO_NAC,S13,B9,DE,2018,64667.0,,
ESTAT:GOV_10A_MAIN(1.0),21/07/26 11:00:00,A,MIO_NAC,S13,B9,DE,2019,46949.0,,
ESTAT:GOV_10A_MAIN(1.0),21/07/26 11:00:00,A,MIO_NAC,S13,B9,DE,2020,-151131.0,,
ESTAT:GOV_10A_MAIN(1.0),21/07/26 11:00:00,A,MIO_NAC,S13,B9,DE,2021,-116630.0,,
ESTAT:GOV_10A_MAIN(1.0),21/07/26 11:00:00,A,MIO_NAC,S13,B9,DE,2022,-76138.0,,
ESTAT:GOV_10A_MAIN(1.0),21/07/26 11:00:00,A,MIO_NAC,S13,B9,DE,2023,-105249.0,,
ESTAT:GOV_10A_MAIN(1.0),21/07/26 11:00:00,A,MIO_NAC,S13,B9,DE,2024,-115295.0,,
ESTAT:GOV_10A_MAIN(1.0),21/07/26 11:00:00,A,MIO_NAC,S13,B9,DE,2025,-119147.0,,
ESTAT:GOV_10A_MAIN(1.0),21/07/26 11:00:00,A,MIO_NAC,S13,B9,DK,1995,-36292.0,,
ESTAT:GOV_10A_MAIN(1.0),21/07/26 11:00:00,A,MIO_NAC,S13,B9,DK,1996,-26061.0,,
ESTAT:GOV_10A_MAIN(1.0),21/07/26 11:00:00,A,MIO_NAC,S13,B9,DK,1997,-13953.0,,
ESTAT:GOV_10A_MAIN(1.0),21/07/26 11:00:00,A,MIO_NAC,S13,B9,DK,1998,-3353.0,,
ESTAT:GOV_10A_MAIN(1.0),21/07/26 11:00:00,A,MIO_NAC,S13,B9,DK,1999,13200.0,,
ESTAT:GOV_10A_MAIN(1.0),21/07/26 11:00:00,A,MIO_NAC,S13,B9,DK,2000,23758.0,,
ESTAT:GOV_10A_MAIN(1.0),21/07/26 11:00:00,A,MIO_NAC,S13,B9,DK,2001,15440.0,,
ESTAT:GOV_10A_MAIN(1.0),21/07/26 11:00:00,A,MIO_NAC,S13,B9,DK,2002,3552.0,,
ESTAT:GOV_10A_MAIN(1.0),21/07/26 11:00:00,A,MIO_NAC,S13,B9,DK,2003,2004.0,,
ESTAT:GOV_10A_MAIN(1.0),21/07/26 11:00:00,A,MIO_NAC,S13,B9,DK,2004,33738.0,,
ESTAT:GOV_10A_MAIN(1.0),21/07/26 11:00:00,A,MIO_NAC,S13,B9,DK,2005,82711.0,,
ESTAT:GOV_10A_MAIN(1.0),21/07/26 11:00:00,A,MIO_NAC,S13,B9,DK,2006,89090.0,,
ESTAT:GOV_10A_MAIN(1.0),21/07/26 11:00:00,A,MIO_NAC,S13,B9,DK,2007,92523.0,,
ESTAT:GOV_10A_MAIN(1.0),21/07/26 11:00:00,A,MIO_NAC,S13,B9,DK,2008,62661.0,,
ESTAT:GOV_10A_MAIN(1.0),21/07/26 11:00:00,A,MIO_NAC,S13,B9,DK,2009,-47496.0,,
ESTAT:GOV_10A_MAIN(1.0),21/07/26 11:00:00,A,MIO_NAC,S13,B9,DK,2010,-45695.0,,
ESTAT:GOV_10A_MAIN(1.0),21/07/26 11:00:00,A,MIO_NAC,S13,B9,DK,2011,-32636.0,,
ESTAT:GOV_10A_MAIN(1.0),21/07/26 11:00:00,A,MIO_NAC,S13,B9,DK,2012,-60620.0,,
ESTAT:GOV_10A_MAIN(1.0),21/07/26 11:00:00,A,MIO_NAC,S13,B9,DK,2013,-18265.0,,
ESTAT:GOV_10A_MAIN(1.0),21/07/26 11:00:00,A,MIO_NAC,S13,B9,DK,2014,28278.0,,
ESTAT:GOV_10A_MAIN(1.0),21/07/26 11:00:00,A,MIO_NAC,S13,B9,DK,2015,-18171.0,,
ESTAT:GOV_10A_MAIN(1.0),21/07/26 11:00:00,A,MIO_NAC,S13,B9,DK,2016,6355.0,,
ESTAT:GOV_10A_MAIN(1.0),21/07/26 11:00:00,A,MIO_NAC,S13,B9,DK,2017,36983.0,,
ESTAT:GOV_10A_MAIN(1.0),21/07/26 11:00:00,A,MIO_NAC,S13,B9,DK,2018,18182.0,,
ESTAT:GOV_10A_MAIN(1.0),21/07/26 11:00:00,A,MIO_NAC,S13,B9,DK,2019,98663.0,,
ESTAT:GOV_10A_MAIN(1.0),21/07/26 11:00:00,A,MIO_NAC,S13,B9,DK,2020,8434.0,,
ESTAT:GOV_10A_MAIN(1.0),21/07/26 11:00:00,A,MIO_NAC,S13,B9,DK,2021,104126.0,,
ESTAT:GOV_10A_MAIN(1.0),21/07/26 11:00:00,A,MIO_NAC,S13,B9,DK,2022,95960.0,,
ESTAT:GOV_10A_MAIN(1.0),21/07/26 11:00:00,A,MIO_NAC,S13,B9,DK,2023,97513.0,,
ESTAT:GOV_10A_MAIN(1.0),21/07/26 11:00:00,A,MIO_NAC,S13,B9,DK,2024,123505.0,,
ESTAT:GOV_10A_MAIN(1.0),21/07/26 11:00:00,A,MIO_NAC,S13,B9,DK,2025,90924.0,,
ESTAT:GOV_10A_MAIN(1.0),21/07/26 11:00:00,A,MIO_NAC,S13,B9,EA19,1995,-421370.2,,
ESTAT:GOV_10A_MAIN(1.0),21/07/26 11:00:00,A,MIO_NAC,S13,B9,EA19,1996,-262651.9,,
ESTAT:GOV_10A_MAIN(1.0),21/07/26 11:00:00,A,MIO_NAC,S13,B9,EA19,1997,-189688.7,,
ESTAT:GOV_10A_MAIN(1.0),21/07/26 11:00:00,A,MIO_NAC,S13,B9,EA19,1998,-157917.5,,
ESTAT:GOV_10A_MAIN(1.0),21/07/26 11:00:00,A,MIO_NAC,S13,B9,EA19,1999,-103394.8,,
ESTAT:GOV_10A_MAIN(1.0),21/07/26 11:00:00,A,MIO_NAC,S13,B9,EA19,2000,-92348.6,,
ESTAT:GOV_10A_MAIN(1.0),21/07/26 11:00:00,A,MIO_NAC,S13,B9,EA19,2001,-147377.3,,
ESTAT:GOV_10A_MAIN(1.0),21/07/26 11:00:00,A,MIO_NAC,S13,B9,EA19,2002,-209572.9,,
ESTAT:GOV_10A_MAIN(1.0),21/07/26 11:00:00,A,MIO_NAC,S13,B9,EA19,2003,-247018.7,,
ESTAT:GOV_10A_MAIN(1.0),21/07/26 11:00:00,A,MIO_NAC,S13,B9,EA19,2004,-236034.1,,
ESTAT:GOV_10A_MAIN(1.0),21/07/26 11:00:00,A,MIO_NAC,S13,B9,EA19,2005,-225057.7,,
ESTAT:GOV_10A_MAIN(1.0),21/07/26 11:00:00,A,MIO_NAC,S13,B9,EA19,2006,-141884.9,,
ESTAT:GOV_10A_MAIN(1.0),21/07/26 11:00:00,A,MIO_NAC,S13,B9,EA19,2007,-69691.5,,
ESTAT:GOV_10A_MAIN(1.0),21/07/26 11:00:00,A,MIO_NAC,S13,B9,EA19,2008,-218606.8,,
ESTAT:GOV_10A_MAIN(1.0),21/07/26 11:00:00,A,MIO_NAC,S13,B9,EA19,2009,-583783.1,,
ESTAT:GOV_10A_MAIN(1.0),21/07/26 11:00:00,A,MIO_NAC,S13,B9,EA19,2010,-606723.9,,
ESTAT:GOV_10A_MAIN(1.0),21/07/26 11:00:00,A,MIO_NAC,S13,B9,EA19,2011,-417596.3,,
ESTAT:GOV_10A_MAIN(1.0),21/07/26 11:00:00,A,MIO_NAC,S13,B9,EA19,2012,-382411.8,,
ESTAT:GOV_10A_MAIN(1.0),21/07/26 11:00:00,A,MIO_NAC,S13,B9,EA19,2013,-320560.6,,
ESTAT:GOV_10A_MAIN(1.0),21/07/26 11:00:00,A,MIO_NAC,S13,B9,EA19,2014,-258109.5,,
ESTAT:GOV_10A_MAIN(1.0),21/07/26 11:00:00,A,MIO_NAC,S13,B9,EA19,2015,-212561.8,,
ESTAT:GOV_10A_MAIN(1.0),21/07/26 11:00:00,A,MIO_NAC,S13,B9,EA19,2016,-160798.2,,
ESTAT:GOV_10A_MAIN(1.0),21/07/26 11:00:00,A,MIO_NAC,S13,B9,EA19,2017,-114268.2,,
ESTAT:GOV_10A_MAIN(1.0),21/07/26 11:00:00,A,MIO_NAC,S13,B9,EA19,2018,-52567.5,,
ESTAT:GOV_10A_MAIN(1.0),21/07/26 11:00:00,A,MIO_NAC,S13,B9,EA19,2019,-65521.9,,
ESTAT:GOV_10A_MAIN(1.0),21/07/26 11:00:00,A,MIO_NAC,S13,B9,EA19,2020,-809187.1,,
ESTAT:GOV_10A_MAIN(1.0),21/07/26 11:00:00,A,MIO_NAC,S13,B9,EA19,2021,-641900.2,,
ESTAT:GOV_10A_MAIN(1.0),21/07/26 11:00:00,A,MIO_NAC,S13,B9,EA19,2022,-465888.6,,
ESTAT:GOV_10A_MAIN(1.0),21/07/26 11:00:00,A,MIO_NAC,S13,B9,EA19,2023,-512366.8,,
ESTAT:GOV_10A_MAIN(1.0),21/07/26 11:00:00,A,MIO_NAC,S13,B9,EA19,2024,-459546.8,,
ESTAT:GOV_10A_MAIN(1.0),21/07/26 11:00:00,A,MIO_NAC,S13,B9,EA19,2025,-460317.2,,
ESTAT:GOV_10A_MAIN(1.0),21/07/26 11:00:00,A,MIO_NAC,S13,B9,EA20,1995,-421456.7,,
ESTAT:GOV_10A_MAIN(1.0),21/07/26 11:00:00,A,MIO_NAC,S13,B9,EA20,1996,-263587.5,,
ESTAT:GOV_10A_MAIN(1.0),21/07/26 11:00:00,A,MIO_NAC,S13,B9,EA20,1997,-189401.0,,
ESTAT:GOV_10A_MAIN(1.0),21/07/26 11:00:00,A,MIO_NAC,S13,B9,EA20,1998,-158105.9,,
ESTAT:GOV_10A_MAIN(1.0),21/07/26 11:00:00,A,MIO_NAC,S13,B9,EA20,1999,-105334.6,,
ESTAT:GOV_10A_MAIN(1.0),21/07/26 11:00:00,A,MIO_NAC,S13,B9,EA20,2000,-94431.1,,
ESTAT:GOV_10A_MAIN(1.0),21/07/26 11:00:00,A,MIO_NAC,S13,B9,EA20,2001,-148559.8,,
ESTAT:GOV_10A_MAIN(1.0),21/07/26 11:00:00,A,MIO_NAC,S13,B9,EA20,2002,-210893.1,,
ESTAT:GOV_10A_MAIN(1.0),21/07/26 11:00:00,A,MIO_NAC,S13,B9,EA20,2003,-248444.0,,
ESTAT:GOV_10A_MAIN(1.0),21/07/26 11:00:00,A,MIO_NAC,S13,B9,EA20,2004,-237971.7,,
ESTAT:GOV_10A_MAIN(1.0),21/07/26 11:00:00,A,MIO_NAC,S13,B9,EA20,2005,-226174.5,,
ESTAT:GOV_10A_MAIN(1.0),21/07/26 11:00:00,A,MIO_NAC,S13,B9,EA20,2006,-142637.0,,
ESTAT:GOV_10A_MAIN(1.0),21/07/26 11:00:00,A,MIO_NAC,S13,B9,EA20,2007,-70629.1,,
ESTAT:GOV_10A_MAIN(1.0),21/07/26 11:00:00,A,MIO_NAC,S13,B9,EA20,2008,-219735.5,,
ESTAT:GOV_10A_MAIN(1.0),21/07/26 11:00:00,A,MIO_NAC,S13,B9,EA20,2009,-586988.8,,
ESTAT:GOV_10A_MAIN(1.0),21/07/26 11:00:00,A,MIO_NAC,S13,B9,EA20,2010,-609770.9,,
ESTAT:GOV_10A_MAIN(1.0),21/07/26 11:00:00,A,MIO_NAC,S13,B9,EA20,2011,-421063.0,,
ESTAT:GOV_10A_MAIN(1.0),21/07/26 11:00:00,A,MIO_NAC,S13,B9,EA20,2012,-384863.9,,
ESTAT:GOV_10A_MAIN(1.0),21/07/26 11:00:00,A,MIO_NAC,S13,B9,EA20,2013,-323017.9,,
ESTAT:GOV_10A_MAIN(1.0),21/07/26 11:00:00,A,MIO_NAC,S13,B9,EA20,2014,-260381.1,,
ESTAT:GOV_10A_MAIN(1.0),21/07/26 11:00:00,A,MIO_NAC,S13,B9,EA20,2015,-214144.1,,
ESTAT:GOV_10A_MAIN(1.0),21/07/26 11:00:00,A,MIO_NAC,S13,B9,EA20,2016,-161291.1,,
ESTAT:GOV_10A_MAIN(1.0),21/07/26 11:00:00,A,MIO_NAC,S13,B9,EA20,2017,-113989.3,,
ESTAT:GOV_10A_MAIN(1.0),21/07/26 11:00:00,A,MIO_NAC,S13,B9,EA20,2018,-52597.7,,
ESTAT:GOV_10A_MAIN(1.0),21/07/26 11:00:00,A,MIO_NAC,S13,B9,EA20,2019,-65395.3,,
ESTAT:GOV_10A_MAIN(1.0),21/07/26 11:00:00,A,MIO_NAC,S13,B9,EA20,2020,-812858.7,,
ESTAT:GOV_10A_MAIN(1.0),21/07/26 11:00:00,A,MIO_NAC,S13,B9,EA20,2021,-643402.9,,
ESTAT:GOV_10A_MAIN(1.0),21/07/26 11:00:00,A,MIO_NAC,S13,B9,EA20,2022,-465878.6,,
ESTAT:GOV_10A_MAIN(1.0),21/07/26 11:00:00,A,MIO_NAC,S13,B9,EA20,2023,-513232.1,,
ESTAT:GOV_10A_MAIN(1.0),21/07/26 11:00:00,A,MIO_NAC,S13,B9,EA20,2024,-461548.1,,
ESTAT:GOV_10A_MAIN(1.0),21/07/26 11:00:00,A,MIO_NAC,S13,B9,EA20,2025,-463113.4,,
ESTAT:GOV_10A_MAIN(1.0),21/07/26 11:00:00,A,MIO_NAC,S13,B9,EA21,1995,-422255.8,,
ESTAT:GOV_10A_MAIN(1.0),21/07/26 11:00:00,A,MIO_NAC,S13,B9,EA21,1996,-264384.6,,
ESTAT:GOV_10A_MAIN(1.0),21/07/26 11:00:00,A,MIO_NAC,S13,B9,EA21,1997,-189248.6,,
ESTAT:GOV_10A_MAIN(1.0),21/07/26 11:00:00,A,MIO_NAC,S13,B9,EA21,1998,-157925.1,,
ESTAT:GOV_10A_MAIN(1.0),21/07/26 11:00:00,A,MIO_NAC,S13,B9,EA21,1999,-105315.0,,
ESTAT:GOV_10A_MAIN(1.0),21/07/26 11:00:00,A,MIO_NAC,S13,B9,EA21,2000,-94415.5,,
ESTAT:GOV_10A_MAIN(1.0),21/07/26 11:00:00,A,MIO_NAC,S13,B9,EA21,2001,-148451.8,,
ESTAT:GOV_10A_MAIN(1.0),21/07/26 11:00:00,A,MIO_NAC,S13,B9,EA21,2002,-211078.3,,
ESTAT:GOV_10A_MAIN(1.0),21/07/26 11:00:00,A,MIO_NAC,S13,B9,EA21,2003,-248451.1,,
ESTAT:GOV_10A_MAIN(1.0),21/07/26 11:00:00,A,MIO_NAC,S13,B9,EA21,2004,-237595.1,,
ESTAT:GOV_10A_MAIN(1.0),21/07/26 11:00:00,A,MIO_NAC,S13,B9,EA21,2005,-225787.7,,
ESTAT:GOV_10A_MAIN(1.0),21/07/26 11:00:00,A,MIO_NAC,S13,B9,EA21,2006,-141905.8,,
ESTAT:GOV_10A_MAIN(1.0),21/07/26 11:00:00,A,MIO_NAC,S13,B9,EA21,2007,-70632.5,,
ESTAT:GOV_10A_MAIN(1.0),21/07/26 11:00:00,A,MIO_NAC,S13,B9,EA21,2008,-219206.8,,
ESTAT:GOV_10A_MAIN(1.0),21/07/26 11:00:00,A,MIO_NAC,S13,B9,EA21,2009,-588649.9,,
ESTAT:GOV_10A_MAIN(1.0),21/07/26 11:00:00,A,MIO_NAC,S13,B9,EA21,2010,-611173.7,,
ESTAT:GOV_10A_MAIN(1.0),21/07/26 11:00:00,A,MIO_NAC,S13,B9,EA21,2011,-421787.7,,
ESTAT:GOV_10A_MAIN(1.0),21/07/26 11:00:00,A,MIO_NAC,S13,B9,EA21,2012,-385204.7,,
ESTAT:GOV_10A_MAIN(1.0),21/07/26 11:00:00,A,MIO_NAC,S13,B9,EA21,2013,-323323.6,,
ESTAT:GOV_10A_MAIN(1.0),21/07/26 11:00:00,A,MIO_NAC,S13,B9,EA21,2014,-262696.1,,
ESTAT:GOV_10A_MAIN(1.0),21/07/26 11:00:00,A,MIO_NAC,S13,B9,EA21,2015,-214995.5,,
ESTAT:GOV_10A_MAIN(1.0),21/07/26 11:00:00,A,MIO_NAC,S13,B9,EA21,2016,-161136.0,,
ESTAT:GOV_10A_MAIN(1.0),21/07/26 11:00:00,A,MIO_NAC,S13,B9,EA21,2017,-113136.7,,
ESTAT:GOV_10A_MAIN(1.0),21/07/26 11:00:00,A,MIO_NAC,S13,B9,EA21,2018,-51627.2,,
ESTAT:GOV_10A_MAIN(1.0),21/07/26 11:00:00,A,MIO_NAC,S13,B9,EA21,2019,-64076.3,,
ESTAT:GOV_10A_MAIN(1.0),21/07/26 11:00:00,A,MIO_NAC,S13,B9,EA21,2020,-815226.8,,
ESTAT:GOV_10A_MAIN(1.0),21/07/26 11:00:00,A,MIO_NAC,S13,B9,EA21,2021,-646228.4,,
ESTAT:GOV_10A_MAIN(1.0),21/07/26 11:00:00,A,MIO_NAC,S13,B9,EA21,2022,-468406.5,,
ESTAT:GOV_10A_MAIN(1.0),21/07/26 11:00:00,A,MIO_NAC,S13,B9,EA21,2023,-515115.6,,
ESTAT:GOV_10A_MAIN(1.0),21/07/26 11:00:00,A,MIO_NAC,S13,B9,EA21,2024,-464739.6,,
ESTAT:GOV_10A_MAIN(1.0),21/07/26 11:00:00,A,MIO_NAC,S13,B9,EA21,2025,-467226.0,,
ESTAT:GOV_10A_MAIN(1.0),21/07/26 11:00:00,A,MIO_NAC,S13,B9,EE,1995,30.0,,
ESTAT:GOV_10A_MAIN(1.0),21/07/26 11:00:00,A,MIO_NAC,S13,B9,EE,1996,-12.8,,
ESTAT:GOV_10A_MAIN(1.0),21/07/26 11:00:00,A,MIO_NAC,S13,B9,EE,1997,97.0,,
ESTAT:GOV_10A_MAIN(1.0),21/07/26 11:00:00,A,MIO_NAC,S13,B9,EE,1998,-38.6,,
ESTAT:GOV_10A_MAIN(1.0),21/07/26 11:00:00,A,MIO_NAC,S13,B9,EE,1999,-178.4,,
ESTAT:GOV_10A_MAIN(1.0),21/07/26 11:00:00,A,MIO_NAC,S13,B9,EE,2000,-4.2,,
ESTAT:GOV_10A_MAIN(1.0),21/07/26 11:00:00,A,MIO_NAC,S13,B9,EE,2001,18.7,,
ESTAT:GOV_10A_MAIN(1.0),21/07/26 11:00:00,A,MIO_NAC,S13,B9,EE,2002,34.9,,
ESTAT:GOV_10A_MAIN(1.0),21/07/26 11:00:00,A,MIO_NAC,S13,B9,EE,2003,158.2,,
ESTAT:GOV_10A_MAIN(1.0),21/07/26 11:00:00,A,MIO_NAC,S13,B9,EE,2004,236.2,,
ESTAT:GOV_10A_MAIN(1.0),21/07/26 11:00:00,A,MIO_NAC,S13,B9,EE,2005,131.9,,
ESTAT:GOV_10A_MAIN(1.0),21/07/26 11:00:00,A,MIO_NAC,S13,B9,EE,2006,386.4,,
ESTAT:GOV_10A_MAIN(1.0),21/07/26 11:00:00,A,MIO_NAC,S13,B9,EE,2007,441.1,,
ESTAT:GOV_10A_MAIN(1.0),21/07/26 11:00:00,A,MIO_NAC,S13,B9,EE,2008,-439.4,,
ESTAT:GOV_10A_MAIN(1.0),21/07/26 11:00:00,A,MIO_NAC,S13,B9,EE,2009,-386.0,,
ESTAT:GOV_10A_MAIN(1.0),21/07/26 11:00:00,A,MIO_NAC,S13,B9,EE,2010,-62.1,,
ESTAT:GOV_10A_MAIN(1.0),21/07/26 11:00:00,A,MIO_NAC,S13,B9,EE,2011,104.2,,
ESTAT:GOV_10A_MAIN(1.0),21/07/26 11:00:00,A,MIO_NAC,S13,B9,EE,2012,-71.0,,
ESTAT:GOV_10A_MAIN(1.0),21/07/26 11:00:00,A,MIO_NAC,S13,B9,EE,2013,-41.7,,
ESTAT:GOV_10A_MAIN(1.0),21/07/26 11:00:00,A,MIO_NAC,S13,B9,EE,2014,175.4,,
ESTAT:GOV_10A_MAIN(1.0),21/07/26 11:00:00,A,MIO_NAC,S13,B9,EE,2015,52.3,,
ESTAT:GOV_10A_MAIN(1.0),21/07/26 11:00:00,A,MIO_NAC,S13,B9,EE,2016,-19.1,,
ESTAT:GOV_10A_MAIN(1.0),21/07/26 11:00:00,A,MIO_NAC,S13,B9,EE,2017,-127.9,,
ESTAT:GOV_10A_MAIN(1.0),21/07/26 11:00:00,A,MIO_NAC,S13,B9,EE,2018,-152.6,,
ESTAT:GOV_10A_MAIN(1.0),21/07/26 11:00:00,A,MIO_NAC,S13,B9,EE,2019,-31.1,,
ESTAT:GOV_10A_MAIN(1.0),21/07/26 11:00:00,A,MIO_NAC,S13,B9,EE,2020,-1511.0,,
ESTAT:GOV_10A_MAIN(1.0),21/07/26 11:00:00,A,MIO_NAC,S13,B9,EE,2021,-796.0,,
ESTAT:GOV_10A_MAIN(1.0),21/07/26 11:00:00,A,MIO_NAC,S13,B9,EE,2022,-329.2,,
ESTAT:GOV_10A_MAIN(1.0),21/07/26 11:00:00,A,MIO_NAC,S13,B9,EE,2023,-1020.1,,
ESTAT:GOV_10A_MAIN(1.0),21/07/26 11:00:00,A,MIO_NAC,S13,B9,EE,2024,-458.0,,
ESTAT:GOV_10A_MAIN(1.0),21/07/26 11:00:00,A,MIO_NAC,S13,B9,EE,2025,-825.0,,
ESTAT:GOV_10A_MAIN(1.0),21/07/26 11:00:00,A,MIO_NAC,S13,B9,EL,1995,-9056.0,,
ESTAT:GOV_10A_MAIN(1.0),21/07/26 11:00:00,A,MIO_NAC,S13,B9,EL,1996,-8406.0,,
ESTAT:GOV_10A_MAIN(1.0),21/07/26 11:00:00,A,MIO_NAC,S13,B9,EL,1997,-6947.0,,
ESTAT:GOV_10A_MAIN(1.0),21/07/26 11:00:00,A,MIO_NAC,S13,B9,EL,1998,-7852.0,,
ESTAT:GOV_10A_MAIN(1.0),21/07/26 11:00:00,A,MIO_NAC,S13,B9,EL,1999,-7751.0,,
ESTAT:GOV_10A_MAIN(1.0),21/07/26 11:00:00,A,MIO_NAC,S13,B9,EL,2000,-5739.0,,
ESTAT:GOV_10A_MAIN(1.0),21/07/26 11:00:00,A,MIO_NAC,S13,B9,EL,2001,-8319.0,,
ESTAT:GOV_10A_MAIN(1.0),21/07/26 11:00:00,A,MIO_NAC,S13,B9,EL,2002,-9847.0,,
ESTAT:GOV_10A_MAIN(1.0),21/07/26 11:00:00,A,MIO_NAC,S13,B9,EL,2003,-14009.0,,
ESTAT:GOV_10A_MAIN(1.0),21/07/26 11:00:00,A,MIO_NAC,S13,B9,EL,2004,-17101.0,,
ESTAT:GOV_10A_MAIN(1.0),21/07/26 11:00:00,A,MIO_NAC,S13,B9,EL,2005,-12329.0,,
ESTAT:GOV_10A_MAIN(1.0),21/07/26 11:00:00,A,MIO_NAC,S13,B9,EL,2006,-12954.0,,
ESTAT:GOV_10A_MAIN(1.0),21/07/26 11:00:00,A,MIO_NAC,S13,B9,EL,2007,-15607.0,,
ESTAT:GOV_10A_MAIN(1.0),21/07/26 11:00:00,A,MIO_NAC,S13,B9,EL,2008,-24625.0,,
ESTAT:GOV_10A_MAIN(1.0),21/07/26 11:00:00,A,MIO_NAC,S13,B9,EL,2009,-36141.0,,
ESTAT:GOV_10A_MAIN(1.0),21/07/26 11:00:00,A,MIO_NAC,S13,B9,EL,2010,-25544.0,,
ESTAT:GOV_10A_MAIN(1.0),21/07/26 11:00:00,A,MIO_NAC,S13,B9,EL,2011,-21364.0,,
ESTAT:GOV_10A_MAIN(1.0),21/07/26 11:00:00,A,MIO_NAC,S13,B9,EL,2012,-17311.0,,
ESTAT:GOV_10A_MAIN(1.0),21/07/26 11:00:00,A,MIO_NAC,S13,B9,EL,2013,-24218.0,,
ESTAT:GOV_10A_MAIN(1.0),21/07/26 11:00:00,A,MIO_NAC,S13,B9,EL,2014,-6642.0,,
ESTAT:GOV_10A_MAIN(1.0),21/07/26 11:00:00,A,MIO_NAC,S13,B9,EL,2015,-10356.0,,
ESTAT:GOV_10A_MAIN(1.0),21/07/26 11:00:00,A,MIO_NAC,S13,B9,EL,2016,368.0,,
ESTAT:GOV_10A_MAIN(1.0),21/07/26 11:00:00,A,MIO_NAC,S13,B9,EL,2017,1283.0,,
ESTAT:GOV_10A_MAIN(1.0),21/07/26 11:00:00,A,MIO_NAC,S13,B9,EL,2018,1628.0,,
ESTAT:GOV_10A_MAIN(1.0),21/07/26 11:00:00,A,MIO_NAC,S13,B9,EL,2019,1525.0,,
ESTAT:GOV_10A_MAIN(1.0),21/07/26 11:00:00,A,MIO_NAC,S13,B9,EL,2020,-16598.0,,
ESTAT:GOV_10A_MAIN(1.0),21/07/26 11:00:00,A,MIO_NAC,S13,B9,EL,2021,-13365.0,,
ESTAT:GOV_10A_MAIN(1.0),21/07/26 11:00:00,A,MIO_NAC,S13,B9,EL,2022,-5324.0,,
ESTAT:GOV_10A_MAIN(1.0),21/07/26 11:00:00,A,MIO_NAC,S13,B9,EL,2023,-3213.0,,
ESTAT:GOV_10A_MAIN(1.0),21/07/26 11:00:00,A,MIO_NAC,S13,B9,EL,2024,3189.0,,
ESTAT:GOV_10A_MAIN(1.0),21/07/26 11:00:00,A,MIO_NAC,S13,B9,EL,2025,4290.0,,
ESTAT:GOV_10A_MAIN(1.0),21/07/26 11:00:00,A,MIO_NAC,S13,B9,ES,1995,-31267.0,,
ESTAT:GOV_10A_MAIN(1.0),21/07/26 11:00:00,A,MIO_NAC,S13,B9,ES,1996,-28681.0,,
ESTAT:GOV_10A_MAIN(1.0),21/07/26 11:00:00,A,MIO_NAC,S13,B9,ES,1997,-20028.0,,
ESTAT:GOV_10A_MAIN(1.0),21/07/26 11:00:00,A,MIO_NAC,S13,B9,ES,1998,-14594.0,,
ESTAT:GOV_10A_MAIN(1.0),21/07/26 11:00:00,A,MIO_NAC,S13,B9,ES,1999,-7382.0,,
ESTAT:GOV_10A_MAIN(1.0),21/07/26 11:00:00,A,MIO_NAC,S13,B9,ES,2000,-7520.0,,
ESTAT:GOV_10A_MAIN(1.0),21/07/26 11:00:00,A,MIO_NAC,S13,B9,ES,2001,-3189.0,,
ESTAT:GOV_10A_MAIN(1.0),21/07/26 11:00:00,A,MIO_NAC,S13,B9,ES,2002,-2356.0,,
ESTAT:GOV_10A_MAIN(1.0),21/07/26 11:00:00,A,MIO_NAC,S13,B9,ES,2003,-3009.0,,
ESTAT:GOV_10A_MAIN(1.0),21/07/26 11:00:00,A,MIO_NAC,S13,B9,ES,2004,-941.0,,
ESTAT:GOV_10A_MAIN(1.0),21/07/26 11:00:00,A,MIO_NAC,S13,B9,ES,2005,11421.0,,
ESTAT:GOV_10A_MAIN(1.0),21/07/26 11:00:00,A,MIO_NAC,S13,B9,ES,2006,21322.0,,
ESTAT:GOV_10A_MAIN(1.0),21/07/26 11:00:00,A,MIO_NAC,S13,B9,ES,2007,20287.0,,
ESTAT:GOV_10A_MAIN(1.0),21/07/26 11:00:00,A,MIO_NAC,S13,B9,ES,2008,-50731.0,,
ESTAT:GOV_10A_MAIN(1.0),21/07/26 11:00:00,A,MIO_NAC,S13,B9,ES,2009,-120576.0,,
ESTAT:GOV_10A_MAIN(1.0),21/07/26 11:00:00,A,MIO_NAC,S13,B9,ES,2010,-102193.0,,
ESTAT:GOV_10A_MAIN(1.0),21/07/26 11:00:00,A,MIO_NAC,S13,B9,ES,2011,-103575.0,,
ESTAT:GOV_10A_MAIN(1.0),21/07/26 11:00:00,A,MIO_NAC,S13,B9,ES,2012,-119094.0,,
ESTAT:GOV_10A_MAIN(1.0),21/07/26 11:00:00,A,MIO_NAC,S13,B9,ES,2013,-76805.0,,
ESTAT:GOV_10A_MAIN(1.0),21/07/26 11:00:00,A,MIO_NAC,S13,B9,ES,2014,-62716.0,,
ESTAT:GOV_10A_MAIN(1.0),21/07/26 11:00:00,A,MIO_NAC,S13,B9,ES,2015,-57248.0,,
ESTAT:GOV_10A_MAIN(1.0),21/07/26 11:00:00,A,MIO_NAC,S13,B9,ES,2016,-47401.0,,
ESTAT:GOV_10A_MAIN(1.0),21/07/26 11:00:00,A,MIO_NAC,S13,B9,ES,2017,-35903.0,,
ESTAT:GOV_10A_MAIN(1.0),21/07/26 11:00:00,A,MIO_NAC,S13,B9,ES,2018,-30943.0,,
ESTAT:GOV_10A_MAIN(1.0),21/07/26 11:00:00,A,MIO_NAC,S13,B9,ES,2019,-38422.0,,
ESTAT:GOV_10A_MAIN(1.0),21/07/26 11:00:00,A,MIO_NAC,S13,B9,ES,2020,-111897.0,,
ESTAT:GOV_10A_MAIN(1.0),21/07/26 11:00:00,A,MIO_NAC,S13,B9,ES,2021,-82174.0,,
ESTAT:GOV_10A_MAIN(1.0),21/07/26 11:00:00,A,MIO_NAC,S13,B9,ES,2022,-63105.0,,
ESTAT:GOV_10A_MAIN(1.0),21/07/26 11:00:00,A,MIO_NAC,S13,B9,ES,2023,-50027.0,,
ESTAT:GOV_10A_MAIN(1.0),21/07/26 11:00:00,A,MIO_NAC,S13,B9,ES,2024,-51267.0,,
ESTAT:GOV_10A_MAIN(1.0),21/07/26 11:00:00,A,MIO_NAC,S13,B9,ES,2025,-40330.0,,
ESTAT:GOV_10A_MAIN(1.0),21/07/26 11:00:00,A,MIO_NAC,S13,B9,EU27_2020,1995,-455389.0,,
ESTAT:GOV_10A_MAIN(1.0),21/07/26 11:00:00,A,MIO_NAC,S13,B9,EU27_2020,1996,-285102.7,,
ESTAT:GOV_10A_MAIN(1.0),21/07/26 11:00:00,A,MIO_NAC,S13,B9,EU27_2020,1997,-206687.4,,
ESTAT:GOV_10A_MAIN(1.0),21/07/26 11:00:00,A,MIO_NAC,S13,B9,EU27_2020,1998,-169770.5,,
ESTAT:GOV_10A_MAIN(1.0),21/07/26 11:00:00,A,MIO_NAC,S13,B9,EU27_2020,1999,-111413.0,,
ESTAT:GOV_10A_MAIN(1.0),21/07/26 11:00:00,A,MIO_NAC,S13,B9,EU27_2020,2000,-95655.1,,
ESTAT:GOV_10A_MAIN(1.0),21/07/26 11:00:00,A,MIO_NAC,S13,B9,EU27_2020,2001,-161093.2,,
ESTAT:GOV_10A_MAIN(1.0),21/07/26 11:00:00,A,MIO_NAC,S13,B9,EU27_2020,2002,-237709.6,,
ESTAT:GOV_10A_MAIN(1.0),21/07/26 11:00:00,A,MIO_NAC,S13,B9,EU27_2020,2003,-275762.6,,
ESTAT:GOV_10A_MAIN(1.0),21/07/26 11:00:00,A,MIO_NAC,S13,B9,EU27_2020,2004,-251429.1,,
ESTAT:GOV_10A_MAIN(1.0),21/07/26 11:00:00,A,MIO_NAC,S13,B9,EU27_2020,2005,-229207.0,,
ESTAT:GOV_10A_MAIN(1.0),21/07/26 11:00:00,A,MIO_NAC,S13,B9,EU27_2020,2006,-145598.5,,
ESTAT:GOV_10A_MAIN(1.0),21/07/26 11:00:00,A,MIO_NAC,S13,B9,EU27_2020,2007,-61712.9,,
ESTAT:GOV_10A_MAIN(1.0),21/07/26 11:00:00,A,MIO_NAC,S13,B9,EU27_2020,2008,-232680.3,,
ESTAT:GOV_10A_MAIN(1.0),21/07/26 11:00:00,A,MIO_NAC,S13,B9,EU27_2020,2009,-645459.7,,
ESTAT:GOV_10A_MAIN(1.0),21/07/26 11:00:00,A,MIO_NAC,S13,B9,EU27_2020,2010,-664896.1,,
ESTAT:GOV_10A_MAIN(1.0),21/07/26 11:00:00,A,MIO_NAC,S13,B9,EU27_2020,2011,-464311.9,,
ESTAT:GOV_10A_MAIN(1.0),21/07/26 11:00:00,A,MIO_NAC,S13,B9,EU27_2020,2012,-427244.8,,
ESTAT:GOV_10A_MAIN(1.0),21/07/26 11:00:00,A,MIO_NAC,S13,B9,EU27_2020,2013,-357518.5,,
ESTAT:GOV_10A_MAIN(1.0),21/07/26 11:00:00,A,MIO_NAC,S13,B9,EU27_2020,2014,-290060.5,,
ESTAT:GOV_10A_MAIN(1.0),21/07/26 11:00:00,A,MIO_NAC,S13,B9,EU27_2020,2015,-234191.4,,
ESTAT:GOV_10A_MAIN(1.0),21/07/26 11:00:00,A,MIO_NAC,S13,B9,EU27_2020,2016,-171646.4,,
ESTAT:GOV_10A_MAIN(1.0),21/07/26 11:00:00,A,MIO_NAC,S13,B9,EU27_2020,2017,-113955.7,,
ESTAT:GOV_10A_MAIN(1.0),21/07/26 11:00:00,A,MIO_NAC,S13,B9,EU27_2020,2018,-54034.9,,
ESTAT:GOV_10A_MAIN(1.0),21/07/26 11:00:00,A,MIO_NAC,S13,B9,EU27_2020,2019,-64824.5,,
ESTAT:GOV_10A_MAIN(1.0),21/07/26 11:00:00,A,MIO_NAC,S13,B9,EU27_2020,2020,-908997.9,,
ESTAT:GOV_10A_MAIN(1.0),21/07/26 11:00:00,A,MIO_NAC,S13,B9,EU27_2020,2021,-683593.8,,
ESTAT:GOV_10A_MAIN(1.0),21/07/26 11:00:00,A,MIO_NAC,S13,B9,EU27_2020,2022,-509933.5,,
ESTAT:GOV_10A_MAIN(1.0),21/07/26 11:00:00,A,MIO_NAC,S13,B9,EU27_2020,2023,-592805.2,,
ESTAT:GOV_10A_MAIN(1.0),21/07/26 11:00:00,A,MIO_NAC,S13,B9,EU27_2020,2024,-562112.0,,
ESTAT:GOV_10A_MAIN(1.0),21/07/26 11:00:00,A,MIO_NAC,S13,B9,EU27_2020,2025,-577708.6,,
ESTAT:GOV_10A_MAIN(1.0),21/07/26 11:00:00,A,MIO_NAC,S13,B9,FI,1995,-5742.0,,
ESTAT:GOV_10A_MAIN(1.0),21/07/26 11:00:00,A,MIO_NAC,S13,B9,FI,1996,-3206.0,,
ESTAT:GOV_10A_MAIN(1.0),21/07/26 11:00:00,A,MIO_NAC,S13,B9,FI,1997,-1303.0,,
ESTAT:GOV_10A_MAIN(1.0),21/07/26 11:00:00,A,MIO_NAC,S13,B9,FI,1998,2018.0,,
ESTAT:GOV_10A_MAIN(1.0),21/07/26 11:00:00,A,MIO_NAC,S13,B9,FI,1999,2137.0,,
ESTAT:GOV_10A_MAIN(1.0),21/07/26 11:00:00,A,MIO_NAC,S13,B9,FI,2000,9395.0,,
ESTAT:GOV_10A_MAIN(1.0),21/07/26 11:00:00,A,MIO_NAC,S13,B9,FI,2001,7201.0,,
ESTAT:GOV_10A_MAIN(1.0),21/07/26 11:00:00,A,MIO_NAC,S13,B9,FI,2002,6062.0,,
ESTAT:GOV_10A_MAIN(1.0),21/07/26 11:00:00,A,MIO_NAC,S13,B9,FI,2003,3703.0,,
ESTAT:GOV_10A_MAIN(1.0),21/07/26 11:00:00,A,MIO_NAC,S13,B9,FI,2004,3516.0,,
ESTAT:GOV_10A_MAIN(1.0),21/07/26 11:00:00,A,MIO_NAC,S13,B9,FI,2005,4379.0,,
ESTAT:GOV_10A_MAIN(1.0),21/07/26 11:00:00,A,MIO_NAC,S13,B9,FI,2006,6894.0,,
ESTAT:GOV_10A_MAIN(1.0),21/07/26 11:00:00,A,MIO_NAC,S13,B9,FI,2007,9562.0,,
ESTAT:GOV_10A_MAIN(1.0),21/07/26 11:00:00,A,MIO_NAC,S13,B9,FI,2008,8119.0,,
ESTAT:GOV_10A_MAIN(1.0),21/07/26 11:00:00,A,MIO_NAC,S13,B9,FI,2009,-4510.0,,
ESTAT:GOV_10A_MAIN(1.0),21/07/26 11:00:00,A,MIO_NAC,S13,B9,FI,2010,-4844.0,,
ESTAT:GOV_10A_MAIN(1.0),21/07/26 11:00:00,A,MIO_NAC,S13,B9,FI,2011,-2002.0,,
ESTAT:GOV_10A_MAIN(1.0),21/07/26 11:00:00,A,MIO_NAC,S13,B9,FI,2012,-4310.0,,
ESTAT:GOV_10A_MAIN(1.0),21/07/26 11:00:00,A,MIO_NAC,S13,B9,FI,2013,-5132.0,,
ESTAT:GOV_10A_MAIN(1.0),21/07/26 11:00:00,A,MIO_NAC,S13,B9,FI,2014,-6165.0,,
ESTAT:GOV_10A_MAIN(1.0),21/07/26 11:00:00,A,MIO_NAC,S13,B9,FI,2015,-5101.0,,
ESTAT:GOV_10A_MAIN(1.0),21/07/26 11:00:00,A,MIO_NAC,S13,B9,FI,2016,-3670.0,,
ESTAT:GOV_10A_MAIN(1.0),21/07/26 11:00:00,A,MIO_NAC,S13,B9,FI,2017,-1414.0,,
ESTAT:GOV_10A_MAIN(1.0),21/07/26 11:00:00,A,MIO_NAC,S13,B9,FI,2018,-2022.0,,
ESTAT:GOV_10A_MAIN(1.0),21/07/26 11:00:00,A,MIO_NAC,S13,B9,FI,2019,-2228.0,,
ESTAT:GOV_10A_MAIN(1.0),21/07/26 11:00:00,A,MIO_NAC,S13,B9,FI,2020,-13082.0,,
ESTAT:GOV_10A_MAIN(1.0),21/07/26 11:00:00,A,MIO_NAC,S13,B9,FI,2021,-6598.0,,
ESTAT:GOV_10A_MAIN(1.0),21/07/26 11:00:00,A,MIO_NAC,S13,B9,FI,2022,-477.0,,
ESTAT:GOV_10A_MAIN(1.0),21/07/26 11:00:00,A,MIO_NAC,S13,B9,FI,2023,-7810.0,,
ESTAT:GOV_10A_MAIN(1.0),21/07/26 11:00:00,A,MIO_NAC,S13,B9,FI,2024,-11992.0,,
ESTAT:GOV_10A_MAIN(1.0),21/07/26 11:00:00,A,MIO_NAC,S13,B9,FI,2025,-10814.0,,
ESTAT:GOV_10A_MAIN(1.0),21/07/26 11:00:00,A,MIO_NAC,S13,B9,FR,1995,-62038.7,,
ESTAT:GOV_10A_MAIN(1.0),21/07/26 11:00:00,A,MIO_NAC,S13,B9,FR,1996,-48584.0,,
ESTAT:GOV_10A_MAIN(1.0),21/07/26 11:00:00,A,MIO_NAC,S13,B9,FR,1997,-47865.3,,
ESTAT:GOV_10A_MAIN(1.0),21/07/26 11:00:00,A,MIO_NAC,S13,B9,FR,1998,-32194.7,,
ESTAT:GOV_10A_MAIN(1.0),21/07/26 11:00:00,A,MIO_NAC,S13,B9,FR,1999,-21544.3,,
ESTAT:GOV_10A_MAIN(1.0),21/07/26 11:00:00,A,MIO_NAC,S13,B9,FR,2000,-19342.2,,
ESTAT:GOV_10A_MAIN(1.0),21/07/26 11:00:00,A,MIO_NAC,S13,B9,FR,2001,-21686.6,,
ESTAT:GOV_10A_MAIN(1.0),21/07/26 11:00:00,A,MIO_NAC,S13,B9,FR,2002,-50120.9,,
ESTAT:GOV_10A_MAIN(1.0),21/07/26 11:00:00,A,MIO_NAC,S13,B9,FR,2003,-66317.0,,
ESTAT:GOV_10A_MAIN(1.0),21/07/26 11:00:00,A,MIO_NAC,S13,B9,FR,2004,-60299.8,,
ESTAT:GOV_10A_MAIN(1.0),21/07/26 11:00:00,A,MIO_NAC,S13,B9,FR,2005,-61801.4,,
ESTAT:GOV_10A_MAIN(1.0),21/07/26 11:00:00,A,MIO_NAC,S13,B9,FR,2006,-49062.6,,
ESTAT:GOV_10A_MAIN(1.0),21/07/26 11:00:00,A,MIO_NAC,S13,B9,FR,2007,-57935.7,,
ESTAT:GOV_10A_MAIN(1.0),21/07/26 11:00:00,A,MIO_NAC,S13,B9,FR,2008,-69690.1,,
ESTAT:GOV_10A_MAIN(1.0),21/07/26 11:00:00,A,MIO_NAC,S13,B9,FR,2009,-142833.9,,
ESTAT:GOV_10A_MAIN(1.0),21/07/26 11:00:00,A,MIO_NAC,S13,B9,FR,2010,-142760.5,,
ESTAT:GOV_10A_MAIN(1.0),21/07/26 11:00:00,A,MIO_NAC,S13,B9,FR,2011,-109385.5,,
ESTAT:GOV_10A_MAIN(1.0),21/07/26 11:00:00,A,MIO_NAC,S13,B9,FR,2012,-107987.2,,
ESTAT:GOV_10A_MAIN(1.0),21/07/26 11:00:00,A,MIO_NAC,S13,B9,FR,2013,-104711.8,,
ESTAT:GOV_10A_MAIN(1.0),21/07/26 11:00:00,A,MIO_NAC,S13,B9,FR,2014,-98504.0,,
ESTAT:GOV_10A_MAIN(1.0),21/07/26 11:00:00,A,MIO_NAC,S13,B9,FR,2015,-85681.0,,
ESTAT:GOV_10A_MAIN(1.0),21/07/26 11:00:00,A,MIO_NAC,S13,B9,FR,2016,-84025.2,,
ESTAT:GOV_10A_MAIN(1.0),21/07/26 11:00:00,A,MIO_NAC,S13,B9,FR,2017,-77057.7,,
ESTAT:GOV_10A_MAIN(1.0),21/07/26 11:00:00,A,MIO_NAC,S13,B9,FR,2018,-54616.2,,
ESTAT:GOV_10A_MAIN(1.0),21/07/26 11:00:00,A,MIO_NAC,S13,B9,FR,2019,-58225.5,,
ESTAT:GOV_10A_MAIN(1.0),21/07/26 11:00:00,A,MIO_NAC,S13,B9,FR,2020,-207084.4,,
ESTAT:GOV_10A_MAIN(1.0),21/07/26 11:00:00,A,MIO_NAC,S13,B9,FR,2021,-165149.3,,
ESTAT:GOV_10A_MAIN(1.0),21/07/26 11:00:00,A,MIO_NAC,S13,B9,FR,2022,-125895.8,,
ESTAT:GOV_10A_MAIN(1.0),21/07/26 11:00:00,A,MIO_NAC,S13,B9,FR,2023,-151920.3,,
ESTAT:GOV_10A_MAIN(1.0),21/07/26 11:00:00,A,MIO_NAC,S13,B9,FR,2024,-169118.1,,
ESTAT:GOV_10A_MAIN(1.0),21/07/26 11:00:00,A,MIO_NAC,S13,B9,FR,2025,-152511.1,,
ESTAT:GOV_10A_MAIN(1.0),21/07/26 11:00:00,A,MIO_NAC,S13,B9,HR,1995,-77.6,,
ESTAT:GOV_10A_MAIN(1.0),21/07/26 11:00:00,A,MIO_NAC,S13,B9,HR,1996,-844.8,,
ESTAT:GOV_10A_MAIN(1.0),21/07/26 11:00:00,A,MIO_NAC,S13,B9,HR,1997,265.7,,
ESTAT:GOV_10A_MAIN(1.0),21/07/26 11:00:00,A,MIO_NAC,S13,B9,HR,1998,-178.6,,
ESTAT:GOV_10A_MAIN(1.0),21/07/26 11:00:00,A,MIO_NAC,S13,B9,HR,1999,-1950.3,,
ESTAT:GOV_10A_MAIN(1.0),21/07/26 11:00:00,A,MIO_NAC,S13,B9,HR,2000,-2112.0,,
ESTAT:GOV_10A_MAIN(1.0),21/07/26 11:00:00,A,MIO_NAC,S13,B9,HR,2001,-1174.3,,
ESTAT:GOV_10A_MAIN(1.0),21/07/26 11:00:00,A,MIO_NAC,S13,B9,HR,2002,-1298.9,,
ESTAT:GOV_10A_MAIN(1.0),21/07/26 11:00:00,A,MIO_NAC,S13,B9,HR,2003,-1431.8,,
ESTAT:GOV_10A_MAIN(1.0),21/07/26 11:00:00,A,MIO_NAC,S13,B9,HR,2004,-1927.9,,
ESTAT:GOV_10A_MAIN(1.0),21/07/26 11:00:00,A,MIO_NAC,S13,B9,HR,2005,-1097.0,,
ESTAT:GOV_10A_MAIN(1.0),21/07/26 11:00:00,A,MIO_NAC,S13,B9,HR,2006,-731.2,,
ESTAT:GOV_10A_MAIN(1.0),21/07/26 11:00:00,A,MIO_NAC,S13,B9,HR,2007,-913.1,,
ESTAT:GOV_10A_MAIN(1.0),21/07/26 11:00:00,A,MIO_NAC,S13,B9,HR,2008,-1082.2,,
ESTAT:GOV_10A_MAIN(1.0),21/07/26 11:00:00,A,MIO_NAC,S13,B9,HR,2009,-3122.9,,
ESTAT:GOV_10A_MAIN(1.0),21/07/26 11:00:00,A,MIO_NAC,S13,B9,HR,2010,-2947.8,,
ESTAT:GOV_10A_MAIN(1.0),21/07/26 11:00:00,A,MIO_NAC,S13,B9,HR,2011,-3422.8,,
ESTAT:GOV_10A_MAIN(1.0),21/07/26 11:00:00,A,MIO_NAC,S13,B9,HR,2012,-2447.9,,
ESTAT:GOV_10A_MAIN(1.0),21/07/26 11:00:00,A,MIO_NAC,S13,B9,HR,2013,-2471.7,,
ESTAT:GOV_10A_MAIN(1.0),21/07/26 11:00:00,A,MIO_NAC,S13,B9,HR,2014,-2301.7,,
ESTAT:GOV_10A_MAIN(1.0),21/07/26 11:00:00,A,MIO_NAC,S13,B9,HR,2015,-1598.9,,
ESTAT:GOV_10A_MAIN(1.0),21/07/26 11:00:00,A,MIO_NAC,S13,B9,HR,2016,-492.8,,
ESTAT:GOV_10A_MAIN(1.0),21/07/26 11:00:00,A,MIO_NAC,S13,B9,HR,2017,276.3,,
ESTAT:GOV_10A_MAIN(1.0),21/07/26 11:00:00,A,MIO_NAC,S13,B9,HR,2018,-29.7,,
ESTAT:GOV_10A_MAIN(1.0),21/07/26 11:00:00,A,MIO_NAC,S13,B9,HR,2019,124.7,,
ESTAT:GOV_10A_MAIN(1.0),21/07/26 11:00:00,A,MIO_NAC,S13,B9,HR,2020,-3673.5,,
ESTAT:GOV_10A_MAIN(1.0),21/07/26 11:00:00,A,MIO_NAC,S13,B9,HR,2021,-1501.5,,
ESTAT:GOV_10A_MAIN(1.0),21/07/26 11:00:00,A,MIO_NAC,S13,B9,HR,2022,10.0,,
ESTAT:GOV_10A_MAIN(1.0),21/07/26 11:00:00,A,MIO_NAC,S13,B9,HR,2023,-865.3,,
ESTAT:GOV_10A_MAIN(1.0),21/07/26 11:00:00,A,MIO_NAC,S13,B9,HR,2024,-2001.3,,
ESTAT:GOV_10A_MAIN(1.0),21/07/26 11:00:00,A,MIO_NAC,S13,B9,HR,2025,-2796.2,,
ESTAT:GOV_10A_MAIN(1.0),21/07/26 11:00:00,A,MIO_NAC,S13,B9,HU,1995,-501876.3,,
ESTAT:GOV_10A_MAIN(1.0),21/07/26 11:00:00,A,MIO_NAC,S13,B9,HU,1996,-311702.0,,
ESTAT:GOV_10A_MAIN(1.0),21/07/26 11:00:00,A,MIO_NAC,S13,B9,HU,1997,-490378.8,,
ESTAT:GOV_10A_MAIN(1.0),21/07/26 11:00:00,A,MIO_NAC,S13,B9,HU,1998,-775309.6,,
ESTAT:GOV_10A_MAIN(1.0),21/07/26 11:00:00,A,MIO_NAC,S13,B9,HU,1999,-614070.0,,
ESTAT:GOV_10A_MAIN(1.0),21/07/26 11:00:00,A,MIO_NAC,S13,B9,HU,2000,-405236.0,,
ESTAT:GOV_10A_MAIN(1.0),21/07/26 11:00:00,A,MIO_NAC,S13,B9,HU,2001,-615856.0,,
ESTAT:GOV_10A_MAIN(1.0),21/07/26 11:00:00,A,MIO_NAC,S13,B9,HU,2002,-1533781.0,,
ESTAT:GOV_10A_MAIN(1.0),21/07/26 11:00:00,A,MIO_NAC,S13,B9,HU,2003,-1374123.0,,
ESTAT:GOV_10A_MAIN(1.0),21/07/26 11:00:00,A,MIO_NAC,S13,B9,HU,2004,-1391280.0,,
ESTAT:GOV_10A_MAIN(1.0),21/07/26 11:00:00,A,MIO_NAC,S13,B9,HU,2005,-1757626.0,,
ESTAT:GOV_10A_MAIN(1.0),21/07/26 11:00:00,A,MIO_NAC,S13,B9,HU,2006,-2254329.0,,
ESTAT:GOV_10A_MAIN(1.0),21/07/26 11:00:00,A,MIO_NAC,S13,B9,HU,2007,-1308462.0,,
ESTAT:GOV_10A_MAIN(1.0),21/07/26 11:00:00,A,MIO_NAC,S13,B9,HU,2008,-1030748.0,,
ESTAT:GOV_10A_MAIN(1.0),21/07/26 11:00:00,A,MIO_NAC,S13,B9,HU,2009,-1259676.0,,
ESTAT:GOV_10A_MAIN(1.0),21/07/26 11:00:00,A,MIO_NAC,S13,B9,HU,2010,-1216741.0,,
ESTAT:GOV_10A_MAIN(1.0),21/07/26 11:00:00,A,MIO_NAC,S13,B9,HU,2011,-1487238.0,,
ESTAT:GOV_10A_MAIN(1.0),21/07/26 11:00:00,A,MIO_NAC,S13,B9,HU,2012,-673987.0,,
ESTAT:GOV_10A_MAIN(1.0),21/07/26 11:00:00,A,MIO_NAC,S13,B9,HU,2013,-788385.5,,
ESTAT:GOV_10A_MAIN(1.0),21/07/26 11:00:00,A,MIO_NAC,S13,B9,HU,2014,-910278.2,,
ESTAT:GOV_10A_MAIN(1.0),21/07/26 11:00:00,A,MIO_NAC,S13,B9,HU,2015,-700701.1,,
ESTAT:GOV_10A_MAIN(1.0),21/07/26 11:00:00,A,MIO_NAC,S13,B9,HU,2016,-650580.8,,
ESTAT:GOV_10A_MAIN(1.0),21/07/26 11:00:00,A,MIO_NAC,S13,B9,HU,2017,-965670.4,,
ESTAT:GOV_10A_MAIN(1.0),21/07/26 11:00:00,A,MIO_NAC,S13,B9,HU,2018,-891319.5,,
ESTAT:GOV_10A_MAIN(1.0),21/07/26 11:00:00,A,MIO_NAC,S13,B9,HU,2019,-970456.4,,
ESTAT:GOV_10A_MAIN(1.0),21/07/26 11:00:00,A,MIO_NAC,S13,B9,HU,2020,-3654170.1,,
ESTAT:GOV_10A_MAIN(1.0),21/07/26 11:00:00,A,MIO_NAC,S13,B9,HU,2021,-3950387.5,,
ESTAT:GOV_10A_MAIN(1.0),21/07/26 11:00:00,A,MIO_NAC,S13,B9,HU,2022,-4092618.0,,
ESTAT:GOV_10A_MAIN(1.0),21/07/26 11:00:00,A,MIO_NAC,S13,B9,HU,2023,-5253500.8,,
ESTAT:GOV_10A_MAIN(1.0),21/07/26 11:00:00,A,MIO_NAC,S13,B9,HU,2024,-4185366.4,,
ESTAT:GOV_10A_MAIN(1.0),21/07/26 11:00:00,A,MIO_NAC,S13,B9,HU,2025,-4059437.7,,
ESTAT:GOV_10A_MAIN(1.0),21/07/26 11:00:00,A,MIO_NAC,S13,B9,IE,1995,-1137.1,,
ESTAT:GOV_10A_MAIN(1.0),21/07/26 11:00:00,A,MIO_NAC,S13,B9,IE,1996,-118.9,,
ESTAT:GOV_10A_MAIN(1.0),21/07/26 11:00:00,A,MIO_NAC,S13,B9,IE,1997,953.0,,
ESTAT:GOV_10A_MAIN(1.0),21/07/26 11:00:00,A,MIO_NAC,S13,B9,IE,1998,1665.9,,
ESTAT:GOV_10A_MAIN(1.0),21/07/26 11:00:00,A,MIO_NAC,S13,B9,IE,1999,3282.0,,
ESTAT:GOV_10A_MAIN(1.0),21/07/26 11:00:00,A,MIO_NAC,S13,B9,IE,2000,5267.8,,
ESTAT:GOV_10A_MAIN(1.0),21/07/26 11:00:00,A,MIO_NAC,S13,B9,IE,2001,1171.2,,
ESTAT:GOV_10A_MAIN(1.0),21/07/26 11:00:00,A,MIO_NAC,S13,B9,IE,2002,-706.3,,
ESTAT:GOV_10A_MAIN(1.0),21/07/26 11:00:00,A,MIO_NAC,S13,B9,IE,2003,503.8,,
ESTAT:GOV_10A_MAIN(1.0),21/07/26 11:00:00,A,MIO_NAC,S13,B9,IE,2004,2028.6,,
ESTAT:GOV_10A_MAIN(1.0),21/07/26 11:00:00,A,MIO_NAC,S13,B9,IE,2005,2674.5,,
ESTAT:GOV_10A_MAIN(1.0),21/07/26 11:00:00,A,MIO_NAC,S13,B9,IE,2006,5132.1,,
ESTAT:GOV_10A_MAIN(1.0),21/07/26 11:00:00,A,MIO_NAC,S13,B9,IE,2007,527.8,,
ESTAT:GOV_10A_MAIN(1.0),21/07/26 11:00:00,A,MIO_NAC,S13,B9,IE,2008,-13167.0,,
ESTAT:GOV_10A_MAIN(1.0),21/07/26 11:00:00,A,MIO_NAC,S13,B9,IE,2009,-23517.2,,
ESTAT:GOV_10A_MAIN(1.0),21/07/26 11:00:00,A,MIO_NAC,S13,B9,IE,2010,-53764.1,,
ESTAT:GOV_10A_MAIN(1.0),21/07/26 11:00:00,A,MIO_NAC,S13,B9,IE,2011,-23320.1,,
ESTAT:GOV_10A_MAIN(1.0),21/07/26 11:00:00,A,MIO_NAC,S13,B9,IE,2012,-14866.2,,
ESTAT:GOV_10A_MAIN(1.0),21/07/26 11:00:00,A,MIO_NAC,S13,B9,IE,2013,-11484.3,,
ESTAT:GOV_10A_MAIN(1.0),21/07/26 11:00:00,A,MIO_NAC,S13,B9,IE,2014,-7060.2,,
ESTAT:GOV_10A_MAIN(1.0),21/07/26 11:00:00,A,MIO_NAC,S13,B9,IE,2015,-5377.5,,
ESTAT:GOV_10A_MAIN(1.0),21/07/26 11:00:00,A,MIO_NAC,S13,B9,IE,2016,-2176.4,,
ESTAT:GOV_10A_MAIN(1.0),21/07/26 11:00:00,A,MIO_NAC,S13,B9,IE,2017,-923.9,,
ESTAT:GOV_10A_MAIN(1.0),21/07/26 11:00:00,A,MIO_NAC,S13,B9,IE,2018,298.3,,
ESTAT:GOV_10A_MAIN(1.0),21/07/26 11:00:00,A,MIO_NAC,S13,B9,IE,2019,1414.6,,
ESTAT:GOV_10A_MAIN(1.0),21/07/26 11:00:00,A,MIO_NAC,S13,B9,IE,2020,-18776.7,,
ESTAT:GOV_10A_MAIN(1.0),21/07/26 11:00:00,A,MIO_NAC,S13,B9,IE,2021,-5561.3,,
ESTAT:GOV_10A_MAIN(1.0),21/07/26 11:00:00,A,MIO_NAC,S13,B9,IE,2022,8835.4,,
ESTAT:GOV_10A_MAIN(1.0),21/07/26 11:00:00,A,MIO_NAC,S13,B9,IE,2023,7838.3,,
ESTAT:GOV_10A_MAIN(1.0),21/07/26 11:00:00,A,MIO_NAC,S13,B9,IE,2024,23269.9,,
ESTAT:GOV_10A_MAIN(1.0),21/07/26 11:00:00,A,MIO_NAC,S13,B9,IE,2025,11483.5,,
ESTAT:GOV_10A_MAIN(1.0),21/07/26 11:00:00,A,MIO_NAC,S13,B9,IS,1998,-3374.2,,
ESTAT:GOV_10A_MAIN(1.0),21/07/26 11:00:00,A,MIO_NAC,S13,B9,IS,1999,8587.2,,
ESTAT:GOV_10A_MAIN(1.0),21/07/26 11:00:00,A,MIO_NAC,S13,B9,IS,2000,10296.2,,
ESTAT:GOV_10A_MAIN(1.0),21/07/26 11:00:00,A,MIO_NAC,S13,B9,IS,2001,-2167.1,,
ESTAT:GOV_10A_MAIN(1.0),21/07/26 11:00:00,A,MIO_NAC,S13,B9,IS,2002,-19037.1,,
ESTAT:GOV_10A_MAIN(1.0),21/07/26 11:00:00,A,MIO_NAC,S13,B9,IS,2003,-19974.5,,
ESTAT:GOV_10A_MAIN(1.0),21/07/26 11:00:00,A,MIO_NAC,S13,B9,IS,2004,3218.6,,
ESTAT:GOV_10A_MAIN(1.0),21/07/26 11:00:00,A,MIO_NAC,S13,B9,IS,2005,53575.7,,
ESTAT:GOV_10A_MAIN(1.0),21/07/26 11:00:00,A,MIO_NAC,S13,B9,IS,2006,79640.3,,
ESTAT:GOV_10A_MAIN(1.0),21/07/26 11:00:00,A,MIO_NAC,S13,B9,IS,2007,78307.0,,
ESTAT:GOV_10A_MAIN(1.0),21/07/26 11:00:00,A,MIO_NAC,S13,B9,IS,2008,-192390.6,,
ESTAT:GOV_10A_MAIN(1.0),21/07/26 11:00:00,A,MIO_NAC,S13,B9,IS,2009,-138888.8,,
ESTAT:GOV_10A_MAIN(1.0),21/07/26 11:00:00,A,MIO_NAC,S13,B9,IS,2010,-111577.5,,
ESTAT:GOV_10A_MAIN(1.0),21/07/26 11:00:00,A,MIO_NAC,S13,B9,IS,2011,-114602.2,,
ESTAT:GOV_10A_MAIN(1.0),21/07/26 11:00:00,A,MIO_NAC,S13,B9,IS,2012,-48405.0,,
ESTAT:GOV_10A_MAIN(1.0),21/07/26 11:00:00,A,MIO_NAC,S13,B9,IS,2013,-17387.6,,
ESTAT:GOV_10A_MAIN(1.0),21/07/26 11:00:00,A,MIO_NAC,S13,B9,IS,2014,12461.1,,
ESTAT:GOV_10A_MAIN(1.0),21/07/26 11:00:00,A,MIO_NAC,S13,B9,IS,2015,-3377.3,,
ESTAT:GOV_10A_MAIN(1.0),21/07/26 11:00:00,A,MIO_NAC,S13,B9,IS,2016,323426.7,,
ESTAT:GOV_10A_MAIN(1.0),21/07/26 11:00:00,A,MIO_NAC,S13,B9,IS,2017,34170.1,,
ESTAT:GOV_10A_MAIN(1.0),21/07/26 11:00:00,A,MIO_NAC,S13,B9,IS,2018,30165.9,,
ESTAT:GOV_10A_MAIN(1.0),21/07/26 11:00:00,A,MIO_NAC,S13,B9,IS,2019,-44332.9,,
ESTAT:GOV_10A_MAIN(1.0),21/07/26 11:00:00,A,MIO_NAC,S13,B9,IS,2020,-262882.7,,
ESTAT:GOV_10A_MAIN(1.0),21/07/26 11:00:00,A,MIO_NAC,S13,B9,IS,2021,-265279.6,,
ESTAT:GOV_10A_MAIN(1.0),21/07/26 11:00:00,A,MIO_NAC,S13,B9,IS,2022,-150700.7,,
ESTAT:GOV_10A_MAIN(1.0),21/07/26 11:00:00,A,MIO_NAC,S13,B9,IS,2023,-92638.3,,
ESTAT:GOV_10A_MAIN(1.0),21/07/26 11:00:00,A,MIO_NAC,S13,B9,IS,2024,-192379.7,,
ESTAT:GOV_10A_MAIN(1.0),21/07/26 11:00:00,A,MIO_NAC,S13,B9,IS,2025,-120103.9,,
ESTAT:GOV_10A_MAIN(1.0),21/07/26 11:00:00,A,MIO_NAC,S13,B9,IT,1995,-71303.0,,
ESTAT:GOV_10A_MAIN(1.0),21/07/26 11:00:00,A,MIO_NAC,S13,B9,IT,1996,-69238.0,,
ESTAT:GOV_10A_MAIN(1.0),21/07/26 11:00:00,A,MIO_NAC,S13,B9,IT,1997,-32637.0,,
ESTAT:GOV_10A_MAIN(1.0),21/07/26 11:00:00,A,MIO_NAC,S13,B9,IT,1998,-34077.0,,
ESTAT:GOV_10A_MAIN(1.0),21/07/26 11:00:00,A,MIO_NAC,S13,B9,IT,1999,-20898.0,,
ESTAT:GOV_10A_MAIN(1.0),21/07/26 11:00:00,A,MIO_NAC,S13,B9,IT,2000,-30124.0,,
ESTAT:GOV_10A_MAIN(1.0),21/07/26 11:00:00,A,MIO_NAC,S13,B9,IT,2001,-41625.0,,
ESTAT:GOV_10A_MAIN(1.0),21/07/26 11:00:00,A,MIO_NAC,S13,B9,IT,2002,-39036.0,,
ESTAT:GOV_10A_MAIN(1.0),21/07/26 11:00:00,A,MIO_NAC,S13,B9,IT,2003,-45147.0,,
ESTAT:GOV_10A_MAIN(1.0),21/07/26 11:00:00,A,MIO_NAC,S13,B9,IT,2004,-50438.0,,
ESTAT:GOV_10A_MAIN(1.0),21/07/26 11:00:00,A,MIO_NAC,S13,B9,IT,2005,-61440.0,,
ESTAT:GOV_10A_MAIN(1.0),21/07/26 11:00:00,A,MIO_NAC,S13,B9,IT,2006,-56240.0,,
ESTAT:GOV_10A_MAIN(1.0),21/07/26 11:00:00,A,MIO_NAC,S13,B9,IT,2007,-21503.0,,
ESTAT:GOV_10A_MAIN(1.0),21/07/26 11:00:00,A,MIO_NAC,S13,B9,IT,2008,-42473.0,,
ESTAT:GOV_10A_MAIN(1.0),21/07/26 11:00:00,A,MIO_NAC,S13,B9,IT,2009,-80101.0,,
ESTAT:GOV_10A_MAIN(1.0),21/07/26 11:00:00,A,MIO_NAC,S13,B9,IT,2010,-67329.0,,
ESTAT:GOV_10A_MAIN(1.0),21/07/26 11:00:00,A,MIO_NAC,S13,B9,IT,2011,-58412.0,,
ESTAT:GOV_10A_MAIN(1.0),21/07/26 11:00:00,A,MIO_NAC,S13,B9,IT,2012,-48750.0,,
ESTAT:GOV_10A_MAIN(1.0),21/07/26 11:00:00,A,MIO_NAC,S13,B9,IT,2013,-46604.0,,
ESTAT:GOV_10A_MAIN(1.0),21/07/26 11:00:00,A,MIO_NAC,S13,B9,IT,2014,-46107.0,,
ESTAT:GOV_10A_MAIN(1.0),21/07/26 11:00:00,A,MIO_NAC,S13,B9,IT,2015,-40902.0,,
ESTAT:GOV_10A_MAIN(1.0),21/07/26 11:00:00,A,MIO_NAC,S13,B9,IT,2016,-40996.0,,
ESTAT:GOV_10A_MAIN(1.0),21/07/26 11:00:00,A,MIO_NAC,S13,B9,IT,2017,-43767.0,,
ESTAT:GOV_10A_MAIN(1.0),21/07/26 11:00:00,A,MIO_NAC,S13,B9,IT,2018,-38968.0,,
ESTAT:GOV_10A_MAIN(1.0),21/07/26 11:00:00,A,MIO_NAC,S13,B9,IT,2019,-26161.0,,
ESTAT:GOV_10A_MAIN(1.0),21/07/26 11:00:00,A,MIO_NAC,S13,B9,IT,2020,-156627.0,,
ESTAT:GOV_10A_MAIN(1.0),21/07/26 11:00:00,A,MIO_NAC,S13,B9,IT,2021,-163535.0,,
ESTAT:GOV_10A_MAIN(1.0),21/07/26 11:00:00,A,MIO_NAC,S13,B9,IT,2022,-161869.0,,
ESTAT:GOV_10A_MAIN(1.0),21/07/26 11:00:00,A,MIO_NAC,S13,B9,IT,2023,-152867.0,,
ESTAT:GOV_10A_MAIN(1.0),21/07/26 11:00:00,A,MIO_NAC,S13,B9,IT,2024,-73779.0,,
ESTAT:GOV_10A_MAIN(1.0),21/07/26 11:00:00,A,MIO_NAC,S13,B9,IT,2025,-69381.0,,
ESTAT:GOV_10A_MAIN(1.0),21/07/26 11:00:00,A,MIO_NAC,S13,B9,LT,1995,-120.1,,
ESTAT:GOV_10A_MAIN(1.0),21/07/26 11:00:00,A,MIO_NAC,S13,B9,LT,1996,-315.7,,
ESTAT:GOV_10A_MAIN(1.0),21/07/26 11:00:00,A,MIO_NAC,S13,B9,LT,1997,-1378.0,,
ESTAT:GOV_10A_MAIN(1.0),21/07/26 11:00:00,A,MIO_NAC,S13,B9,LT,1998,-394.9,,
ESTAT:GOV_10A_MAIN(1.0),21/07/26 11:00:00,A,MIO_NAC,S13,B9,LT,1999,-358.7,,
ESTAT:GOV_10A_MAIN(1.0),21/07/26 11:00:00,A,MIO_NAC,S13,B9,LT,2000,-425.7,,
ESTAT:GOV_10A_MAIN(1.0),21/07/26 11:00:00,A,MIO_NAC,S13,B9,LT,2001,-500.6,,
ESTAT:GOV_10A_MAIN(1.0),21/07/26 11:00:00,A,MIO_NAC,S13,B9,LT,2002,-282.0,,
ESTAT:GOV_10A_MAIN(1.0),21/07/26 11:00:00,A,MIO_NAC,S13,B9,LT,2003,-210.7,,
ESTAT:GOV_10A_MAIN(1.0),21/07/26 11:00:00,A,MIO_NAC,S13,B9,LT,2004,-253.9,,
ESTAT:GOV_10A_MAIN(1.0),21/07/26 11:00:00,A,MIO_NAC,S13,B9,LT,2005,-72.1,,
ESTAT:GOV_10A_MAIN(1.0),21/07/26 11:00:00,A,MIO_NAC,S13,B9,LT,2006,-65.5,,
ESTAT:GOV_10A_MAIN(1.0),21/07/26 11:00:00,A,MIO_NAC,S13,B9,LT,2007,-236.8,,
ESTAT:GOV_10A_MAIN(1.0),21/07/26 11:00:00,A,MIO_NAC,S13,B9,LT,2008,-1008.0,,
ESTAT:GOV_10A_MAIN(1.0),21/07/26 11:00:00,A,MIO_NAC,S13,B9,LT,2009,-2442.5,,
ESTAT:GOV_10A_MAIN(1.0),21/07/26 11:00:00,A,MIO_NAC,S13,B9,LT,2010,-1922.2,,
ESTAT:GOV_10A_MAIN(1.0),21/07/26 11:00:00,A,MIO_NAC,S13,B9,LT,2011,-1837.0,,
ESTAT:GOV_10A_MAIN(1.0),21/07/26 11:00:00,A,MIO_NAC,S13,B9,LT,2012,-1045.7,,
ESTAT:GOV_10A_MAIN(1.0),21/07/26 11:00:00,A,MIO_NAC,S13,B9,LT,2013,-939.4,,
ESTAT:GOV_10A_MAIN(1.0),21/07/26 11:00:00,A,MIO_NAC,S13,B9,LT,2014,-651.6,,
ESTAT:GOV_10A_MAIN(1.0),21/07/26 11:00:00,A,MIO_NAC,S13,B9,LT,2015,-287.1,,
ESTAT:GOV_10A_MAIN(1.0),21/07/26 11:00:00,A,MIO_NAC,S13,B9,LT,2016,13.1,,
ESTAT:GOV_10A_MAIN(1.0),21/07/26 11:00:00,A,MIO_NAC,S13,B9,LT,2017,152.2,,
ESTAT:GOV_10A_MAIN(1.0),21/07/26 11:00:00,A,MIO_NAC,S13,B9,LT,2018,240.0,,
ESTAT:GOV_10A_MAIN(1.0),21/07/26 11:00:00,A,MIO_NAC,S13,B9,LT,2019,202.8,,
ESTAT:GOV_10A_MAIN(1.0),21/07/26 11:00:00,A,MIO_NAC,S13,B9,LT,2020,-3225.1,,
ESTAT:GOV_10A_MAIN(1.0),21/07/26 11:00:00,A,MIO_NAC,S13,B9,LT,2021,-652.1,,
ESTAT:GOV_10A_MAIN(1.0),21/07/26 11:00:00,A,MIO_NAC,S13,B9,LT,2022,-481.6,,
ESTAT:GOV_10A_MAIN(1.0),21/07/26 11:00:00,A,MIO_NAC,S13,B9,LT,2023,-493.2,,
ESTAT:GOV_10A_MAIN(1.0),21/07/26 11:00:00,A,MIO_NAC,S13,B9,LT,2024,-1012.1,,
ESTAT:GOV_10A_MAIN(1.0),21/07/26 11:00:00,A,MIO_NAC,S13,B9,LT,2025,-1536.2,,
ESTAT:GOV_10A_MAIN(1.0),21/07/26 11:00:00,A,MIO_NAC,S13,B9,LU,1995,408.6,,
ESTAT:GOV_10A_MAIN(1.0),21/07/26 11:00:00,A,MIO_NAC,S13,B9,LU,1996,372.5,,
ESTAT:GOV_10A_MAIN(1.0),21/07/26 11:00:00,A,MIO_NAC,S13,B9,LU,1997,434.4,,
ESTAT:GOV_10A_MAIN(1.0),21/07/26 11:00:00,A,MIO_NAC,S13,B9,LU,1998,516.2,,
ESTAT:GOV_10A_MAIN(1.0),21/07/26 11:00:00,A,MIO_NAC,S13,B9,LU,1999,638.7,,
ESTAT:GOV_10A_MAIN(1.0),21/07/26 11:00:00,A,MIO_NAC,S13,B9,LU,2000,1274.6,,
ESTAT:GOV_10A_MAIN(1.0),21/07/26 11:00:00,A,MIO_NAC,S13,B9,LU,2001,1343.6,,
ESTAT:GOV_10A_MAIN(1.0),21/07/26 11:00:00,A,MIO_NAC,S13,B9,LU,2002,508.0,,
ESTAT:GOV_10A_MAIN(1.0),21/07/26 11:00:00,A,MIO_NAC,S13,B9,LU,2003,71.6,,
ESTAT:GOV_10A_MAIN(1.0),21/07/26 11:00:00,A,MIO_NAC,S13,B9,LU,2004,-392.8,,
ESTAT:GOV_10A_MAIN(1.0),21/07/26 11:00:00,A,MIO_NAC,S13,B9,LU,2005,-62.9,,
ESTAT:GOV_10A_MAIN(1.0),21/07/26 11:00:00,A,MIO_NAC,S13,B9,LU,2006,653.3,,
ESTAT:GOV_10A_MAIN(1.0),21/07/26 11:00:00,A,MIO_NAC,S13,B9,LU,2007,1642.3,,
ESTAT:GOV_10A_MAIN(1.0),21/07/26 11:00:00,A,MIO_NAC,S13,B9,LU,2008,1349.9,,
ESTAT:GOV_10A_MAIN(1.0),21/07/26 11:00:00,A,MIO_NAC,S13,B9,LU,2009,-82.0,,
ESTAT:GOV_10A_MAIN(1.0),21/07/26 11:00:00,A,MIO_NAC,S13,B9,LU,2010,-134.6,,
ESTAT:GOV_10A_MAIN(1.0),21/07/26 11:00:00,A,MIO_NAC,S13,B9,LU,2011,291.8,,
ESTAT:GOV_10A_MAIN(1.0),21/07/26 11:00:00,A,MIO_NAC,S13,B9,LU,2012,235.6,,
ESTAT:GOV_10A_MAIN(1.0),21/07/26 11:00:00,A,MIO_NAC,S13,B9,LU,2013,414.2,,
ESTAT:GOV_10A_MAIN(1.0),21/07/26 11:00:00,A,MIO_NAC,S13,B9,LU,2014,693.4,,
ESTAT:GOV_10A_MAIN(1.0),21/07/26 11:00:00,A,MIO_NAC,S13,B9,LU,2015,722.3,,
ESTAT:GOV_10A_MAIN(1.0),21/07/26 11:00:00,A,MIO_NAC,S13,B9,LU,2016,1064.0,,
ESTAT:GOV_10A_MAIN(1.0),21/07/26 11:00:00,A,MIO_NAC,S13,B9,LU,2017,795.1,,
ESTAT:GOV_10A_MAIN(1.0),21/07/26 11:00:00,A,MIO_NAC,S13,B9,LU,2018,1911.3,,
ESTAT:GOV_10A_MAIN(1.0),21/07/26 11:00:00,A,MIO_NAC,S13,B9,LU,2019,1671.9,,
ESTAT:GOV_10A_MAIN(1.0),21/07/26 11:00:00,A,MIO_NAC,S13,B9,LU,2020,-1994.6,,
ESTAT:GOV_10A_MAIN(1.0),21/07/26 11:00:00,A,MIO_NAC,S13,B9,LU,2021,814.0,,
ESTAT:GOV_10A_MAIN(1.0),21/07/26 11:00:00,A,MIO_NAC,S13,B9,LU,2022,163.9,,
ESTAT:GOV_10A_MAIN(1.0),21/07/26 11:00:00,A,MIO_NAC,S13,B9,LU,2023,-541.0,,
ESTAT:GOV_10A_MAIN(1.0),21/07/26 11:00:00,A,MIO_NAC,S13,B9,LU,2024,775.5,,
ESTAT:GOV_10A_MAIN(1.0),21/07/26 11:00:00,A,MIO_NAC,S13,B9,LU,2025,-1756.0,,
ESTAT:GOV_10A_MAIN(1.0),21/07/26 11:00:00,A,MIO_NAC,S13,B9,LV,1995,-58.0,,
ESTAT:GOV_10A_MAIN(1.0),21/07/26 11:00:00,A,MIO_NAC,S13,B9,LV,1996,-19.7,,
ESTAT:GOV_10A_MAIN(1.0),21/07/26 11:00:00,A,MIO_NAC,S13,B9,LV,1997,76.2,,
ESTAT:GOV_10A_MAIN(1.0),21/07/26 11:00:00,A,MIO_NAC,S13,B9,LV,1998,1.7,,
ESTAT:GOV_10A_MAIN(1.0),21/07/26 11:00:00,A,MIO_NAC,S13,B9,LV,1999,-234.1,,
ESTAT:GOV_10A_MAIN(1.0),21/07/26 11:00:00,A,MIO_NAC,S13,B9,LV,2000,-187.1,,
ESTAT:GOV_10A_MAIN(1.0),21/07/26 11:00:00,A,MIO_NAC,S13,B9,LV,2001,-145.3,,
ESTAT:GOV_10A_MAIN(1.0),21/07/26 11:00:00,A,MIO_NAC,S13,B9,LV,2002,-195.0,,
ESTAT:GOV_10A_MAIN(1.0),21/07/26 11:00:00,A,MIO_NAC,S13,B9,LV,2003,-149.8,,
ESTAT:GOV_10A_MAIN(1.0),21/07/26 11:00:00,A,MIO_NAC,S13,B9,LV,2004,-131.6,,
ESTAT:GOV_10A_MAIN(1.0),21/07/26 11:00:00,A,MIO_NAC,S13,B9,LV,2005,-65.5,,
ESTAT:GOV_10A_MAIN(1.0),21/07/26 11:00:00,A,MIO_NAC,S13,B9,LV,2006,-91.2,,
ESTAT:GOV_10A_MAIN(1.0),21/07/26 11:00:00,A,MIO_NAC,S13,B9,LV,2007,-127.9,,
ESTAT:GOV_10A_MAIN(1.0),21/07/26 11:00:00,A,MIO_NAC,S13,B9,LV,2008,-1044.2,,
ESTAT:GOV_10A_MAIN(1.0),21/07/26 11:00:00,A,MIO_NAC,S13,B9,LV,2009,-1813.9,,
ESTAT:GOV_10A_MAIN(1.0),21/07/26 11:00:00,A,MIO_NAC,S13,B9,LV,2010,-1558.4,,
ESTAT:GOV_10A_MAIN(1.0),21/07/26 11:00:00,A,MIO_NAC,S13,B9,LV,2011,-854.5,,
ESTAT:GOV_10A_MAIN(1.0),21/07/26 11:00:00,A,MIO_NAC,S13,B9,LV,2012,-308.2,,
ESTAT:GOV_10A_MAIN(1.0),21/07/26 11:00:00,A,MIO_NAC,S13,B9,LV,2013,-276.3,,
ESTAT:GOV_10A_MAIN(1.0),21/07/26 11:00:00,A,MIO_NAC,S13,B9,LV,2014,-387.7,,
ESTAT:GOV_10A_MAIN(1.0),21/07/26 11:00:00,A,MIO_NAC,S13,B9,LV,2015,-361.3,,
ESTAT:GOV_10A_MAIN(1.0),21/07/26 11:00:00,A,MIO_NAC,S13,B9,LV,2016,-3.4,,
ESTAT:GOV_10A_MAIN(1.0),21/07/26 11:00:00,A,MIO_NAC,S13,B9,LV,2017,-77.6,,
ESTAT:GOV_10A_MAIN(1.0),21/07/26 11:00:00,A,MIO_NAC,S13,B9,LV,2018,-381.8,,
ESTAT:GOV_10A_MAIN(1.0),21/07/26 11:00:00,A,MIO_NAC,S13,B9,LV,2019,-45.9,,
ESTAT:GOV_10A_MAIN(1.0),21/07/26 11:00:00,A,MIO_NAC,S13,B9,LV,2020,-1194.5,,
ESTAT:GOV_10A_MAIN(1.0),21/07/26 11:00:00,A,MIO_NAC,S13,B9,LV,2021,-2331.0,,
ESTAT:GOV_10A_MAIN(1.0),21/07/26 11:00:00,A,MIO_NAC,S13,B9,LV,2022,-1753.6,,
ESTAT:GOV_10A_MAIN(1.0),21/07/26 11:00:00,A,MIO_NAC,S13,B9,LV,2023,-926.7,,
ESTAT:GOV_10A_MAIN(1.0),21/07/26 11:00:00,A,MIO_NAC,S13,B9,LV,2024,-726.5,,
ESTAT:GOV_10A_MAIN(1.0),21/07/26 11:00:00,A,MIO_NAC,S13,B9,LV,2025,-1093.4,,
ESTAT:GOV_10A_MAIN(1.0),21/07/26 11:00:00,A,MIO_NAC,S13,B9,MT,1995,-105.7,,
ESTAT:GOV_10A_MAIN(1.0),21/07/26 11:00:00,A,MIO_NAC,S13,B9,MT,1996,-245.9,,
ESTAT:GOV_10A_MAIN(1.0),21/07/26 11:00:00,A,MIO_NAC,S13,B9,MT,1997,-239.5,,
ESTAT:GOV_10A_MAIN(1.0),21/07/26 11:00:00,A,MIO_NAC,S13,B9,MT,1998,-332.8,,
ESTAT:GOV_10A_MAIN(1.0),21/07/26 11:00:00,A,MIO_NAC,S13,B9,MT,1999,-254.5,,
ESTAT:GOV_10A_MAIN(1.0),21/07/26 11:00:00,A,MIO_NAC,S13,B9,MT,2000,-226.9,,
ESTAT:GOV_10A_MAIN(1.0),21/07/26 11:00:00,A,MIO_NAC,S13,B9,MT,2001,-260.1,,
ESTAT:GOV_10A_MAIN(1.0),21/07/26 11:00:00,A,MIO_NAC,S13,B9,MT,2002,-241.3,,
ESTAT:GOV_10A_MAIN(1.0),21/07/26 11:00:00,A,MIO_NAC,S13,B9,MT,2003,-427.9,,
ESTAT:GOV_10A_MAIN(1.0),21/07/26 11:00:00,A,MIO_NAC,S13,B9,MT,2004,-208.0,,
ESTAT:GOV_10A_MAIN(1.0),21/07/26 11:00:00,A,MIO_NAC,S13,B9,MT,2005,-145.8,,
ESTAT:GOV_10A_MAIN(1.0),21/07/26 11:00:00,A,MIO_NAC,S13,B9,MT,2006,-132.4,,
ESTAT:GOV_10A_MAIN(1.0),21/07/26 11:00:00,A,MIO_NAC,S13,B9,MT,2007,-118.7,,
ESTAT:GOV_10A_MAIN(1.0),21/07/26 11:00:00,A,MIO_NAC,S13,B9,MT,2008,-252.9,,
ESTAT:GOV_10A_MAIN(1.0),21/07/26 11:00:00,A,MIO_NAC,S13,B9,MT,2009,-195.8,,
ESTAT:GOV_10A_MAIN(1.0),21/07/26 11:00:00,A,MIO_NAC,S13,B9,MT,2010,-152.4,,
ESTAT:GOV_10A_MAIN(1.0),21/07/26 11:00:00,A,MIO_NAC,S13,B9,MT,2011,-210.0,,
ESTAT:GOV_10A_MAIN(1.0),21/07/26 11:00:00,A,MIO_NAC,S13,B9,MT,2012,-247.2,,
ESTAT:GOV_10A_MAIN(1.0),21/07/26 11:00:00,A,MIO_NAC,S13,B9,MT,2013,-177.7,,
ESTAT:GOV_10A_MAIN(1.0),21/07/26 11:00:00,A,MIO_NAC,S13,B9,MT,2014,-133.0,,
ESTAT:GOV_10A_MAIN(1.0),21/07/26 11:00:00,A,MIO_NAC,S13,B9,MT,2015,-85.7,,
ESTAT:GOV_10A_MAIN(1.0),21/07/26 11:00:00,A,MIO_NAC,S13,B9,MT,2016,119.1,,
ESTAT:GOV_10A_MAIN(1.0),21/07/26 11:00:00,A,MIO_NAC,S13,B9,MT,2017,426.8,,
ESTAT:GOV_10A_MAIN(1.0),21/07/26 11:00:00,A,MIO_NAC,S13,B9,MT,2018,254.1,,
ESTAT:GOV_10A_MAIN(1.0),21/07/26 11:00:00,A,MIO_NAC,S13,B9,MT,2019,116.2,,
ESTAT:GOV_10A_MAIN(1.0),21/07/26 11:00:00,A,MIO_NAC,S13,B9,MT,2020,-1249.8,,
ESTAT:GOV_10A_MAIN(1.0),21/07/26 11:00:00,A,MIO_NAC,S13,B9,MT,2021,-1158.5,,
ESTAT:GOV_10A_MAIN(1.0),21/07/26 11:00:00,A,MIO_NAC,S13,B9,MT,2022,-951.9,,
ESTAT:GOV_10A_MAIN(1.0),21/07/26 11:00:00,A,MIO_NAC,S13,B9,MT,2023,-928.4,,
ESTAT:GOV_10A_MAIN(1.0),21/07/26 11:00:00,A,MIO_NAC,S13,B9,MT,2024,-794.0,,
ESTAT:GOV_10A_MAIN(1.0),21/07/26 11:00:00,A,MIO_NAC,S13,B9,MT,2025,-545.3,,
ESTAT:GOV_10A_MAIN(1.0),21/07/26 11:00:00,A,MIO_NAC,S13,B9,NL,1995,-28791.0,,
ESTAT:GOV_10A_MAIN(1.0),21/07/26 11:00:00,A,MIO_NAC,S13,B9,NL,1996,-6582.0,,
ESTAT:GOV_10A_MAIN(1.0),21/07/26 11:00:00,A,MIO_NAC,S13,B9,NL,1997,-5920.0,,
ESTAT:GOV_10A_MAIN(1.0),21/07/26 11:00:00,A,MIO_NAC,S13,B9,NL,1998,-5272.0,,
ESTAT:GOV_10A_MAIN(1.0),21/07/26 11:00:00,A,MIO_NAC,S13,B9,NL,1999,1188.0,,
ESTAT:GOV_10A_MAIN(1.0),21/07/26 11:00:00,A,MIO_NAC,S13,B9,NL,2000,5136.0,,
ESTAT:GOV_10A_MAIN(1.0),21/07/26 11:00:00,A,MIO_NAC,S13,B9,NL,2001,-2259.0,,
ESTAT:GOV_10A_MAIN(1.0),21/07/26 11:00:00,A,MIO_NAC,S13,B9,NL,2002,-11215.0,,
ESTAT:GOV_10A_MAIN(1.0),21/07/26 11:00:00,A,MIO_NAC,S13,B9,NL,2003,-16435.0,,
ESTAT:GOV_10A_MAIN(1.0),21/07/26 11:00:00,A,MIO_NAC,S13,B9,NL,2004,-9701.0,,
ESTAT:GOV_10A_MAIN(1.0),21/07/26 11:00:00,A,MIO_NAC,S13,B9,NL,2005,-2847.0,,
ESTAT:GOV_10A_MAIN(1.0),21/07/26 11:00:00,A,MIO_NAC,S13,B9,NL,2006,132.0,,
ESTAT:GOV_10A_MAIN(1.0),21/07/26 11:00:00,A,MIO_NAC,S13,B9,NL,2007,-1135.0,,
ESTAT:GOV_10A_MAIN(1.0),21/07/26 11:00:00,A,MIO_NAC,S13,B9,NL,2008,-477.0,,
ESTAT:GOV_10A_MAIN(1.0),21/07/26 11:00:00,A,MIO_NAC,S13,B9,NL,2009,-31917.0,,
ESTAT:GOV_10A_MAIN(1.0),21/07/26 11:00:00,A,MIO_NAC,S13,B9,NL,2010,-34071.0,,
ESTAT:GOV_10A_MAIN(1.0),21/07/26 11:00:00,A,MIO_NAC,S13,B9,NL,2011,-29110.0,,
ESTAT:GOV_10A_MAIN(1.0),21/07/26 11:00:00,A,MIO_NAC,S13,B9,NL,2012,-25225.0,,
ESTAT:GOV_10A_MAIN(1.0),21/07/26 11:00:00,A,MIO_NAC,S13,B9,NL,2013,-19123.0,,
ESTAT:GOV_10A_MAIN(1.0),21/07/26 11:00:00,A,MIO_NAC,S13,B9,NL,2014,-14775.0,,
ESTAT:GOV_10A_MAIN(1.0),21/07/26 11:00:00,A,MIO_NAC,S13,B9,NL,2015,-12766.0,,
ESTAT:GOV_10A_MAIN(1.0),21/07/26 11:00:00,A,MIO_NAC,S13,B9,NL,2016,1722.0,,
ESTAT:GOV_10A_MAIN(1.0),21/07/26 11:00:00,A,MIO_NAC,S13,B9,NL,2017,10260.0,,
ESTAT:GOV_10A_MAIN(1.0),21/07/26 11:00:00,A,MIO_NAC,S13,B9,NL,2018,11694.0,,
ESTAT:GOV_10A_MAIN(1.0),21/07/26 11:00:00,A,MIO_NAC,S13,B9,NL,2019,15730.0,,
ESTAT:GOV_10A_MAIN(1.0),21/07/26 11:00:00,A,MIO_NAC,S13,B9,NL,2020,-30320.0,,
ESTAT:GOV_10A_MAIN(1.0),21/07/26 11:00:00,A,MIO_NAC,S13,B9,NL,2021,-20189.0,,
ESTAT:GOV_10A_MAIN(1.0),21/07/26 11:00:00,A,MIO_NAC,S13,B9,NL,2022,41.0,,
ESTAT:GOV_10A_MAIN(1.0),21/07/26 11:00:00,A,MIO_NAC,S13,B9,NL,2023,-3612.0,,
ESTAT:GOV_10A_MAIN(1.0),21/07/26 11:00:00,A,MIO_NAC,S13,B9,NL,2024,-8075.0,,
ESTAT:GOV_10A_MAIN(1.0),21/07/26 11:00:00,A,MIO_NAC,S13,B9,NL,2025,-18895.0,p,
ESTAT:GOV_10A_MAIN(1.0),21/07/26 11:00:00,A,MIO_NAC,S13,B9,NO,1995,30265.0,,
ESTAT:GOV_10A_MAIN(1.0),21/07/26 11:00:00,A,MIO_NAC,S13,B9,NO,1996,65027.0,,
ESTAT:GOV_10A_MAIN(1.0),21/07/26 11:00:00,A,MIO_NAC,S13,B9,NO,1997,85144.0,,
ESTAT:GOV_10A_MAIN(1.0),21/07/26 11:00:00,A,MIO_NAC,S13,B9,NO,1998,37025.0,,
ESTAT:GOV_10A_MAIN(1.0),21/07/26 11:00:00,A,MIO_NAC,S13,B9,NO,1999,73539.0,,
ESTAT:GOV_10A_MAIN(1.0),21/07/26 11:00:00,A,MIO_NAC,S13,B9,NO,2000,227071.0,,
ESTAT:GOV_10A_MAIN(1.0),21/07/26 11:00:00,A,MIO_NAC,S13,B9,NO,2001,206385.0,,
ESTAT:GOV_10A_MAIN(1.0),21/07/26 11:00:00,A,MIO_NAC,S13,B9,NO,2002,141194.0,,
ESTAT:GOV_10A_MAIN(1.0),21/07/26 11:00:00,A,MIO_NAC,S13,B9,NO,2003,117007.0,,
ESTAT:GOV_10A_MAIN(1.0),21/07/26 11:00:00,A,MIO_NAC,S13,B9,NO,2004,193738.0,,
ESTAT:GOV_10A_MAIN(1.0),21/07/26 11:00:00,A,MIO_NAC,S13,B9,NO,2005,293981.0,,
ESTAT:GOV_10A_MAIN(1.0),21/07/26 11:00:00,A,MIO_NAC,S13,B9,NO,2006,397840.0,,
ESTAT:GOV_10A_MAIN(1.0),21/07/26 11:00:00,A,MIO_NAC,S13,B9,NO,2007,402119.0,,
ESTAT:GOV_10A_MAIN(1.0),21/07/26 11:00:00,A,MIO_NAC,S13,B9,NO,2008,485904.0,,
ESTAT:GOV_10A_MAIN(1.0),21/07/26 11:00:00,A,MIO_NAC,S13,B9,NO,2009,248715.0,,
ESTAT:GOV_10A_MAIN(1.0),21/07/26 11:00:00,A,MIO_NAC,S13,B9,NO,2010,283236.0,,
ESTAT:GOV_10A_MAIN(1.0),21/07/26 11:00:00,A,MIO_NAC,S13,B9,NO,2011,372959.0,,
ESTAT:GOV_10A_MAIN(1.0),21/07/26 11:00:00,A,MIO_NAC,S13,B9,NO,2012,408074.0,,
ESTAT:GOV_10A_MAIN(1.0),21/07/26 11:00:00,A,MIO_NAC,S13,B9,NO,2013,327612.0,,
ESTAT:GOV_10A_MAIN(1.0),21/07/26 11:00:00,A,MIO_NAC,S13,B9,NO,2014,269992.0,,
ESTAT:GOV_10A_MAIN(1.0),21/07/26 11:00:00,A,MIO_NAC,S13,B9,NO,2015,187135.0,,
ESTAT:GOV_10A_MAIN(1.0),21/07/26 11:00:00,A,MIO_NAC,S13,B9,NO,2016,125673.0,,
ESTAT:GOV_10A_MAIN(1.0),21/07/26 11:00:00,A,MIO_NAC,S13,B9,NO,2017,164998.0,,
ESTAT:GOV_10A_MAIN(1.0),21/07/26 11:00:00,A,MIO_NAC,S13,B9,NO,2018,275710.0,,
ESTAT:GOV_10A_MAIN(1.0),21/07/26 11:00:00,A,MIO_NAC,S13,B9,NO,2019,234324.0,,
ESTAT:GOV_10A_MAIN(1.0),21/07/26 11:00:00,A,MIO_NAC,S13,B9,NO,2020,-94782.0,,
ESTAT:GOV_10A_MAIN(1.0),21/07/26 11:00:00,A,MIO_NAC,S13,B9,NO,2021,445931.0,,
ESTAT:GOV_10A_MAIN(1.0),21/07/26 11:00:00,A,MIO_NAC,S13,B9,NO,2022,1460843.0,,
ESTAT:GOV_10A_MAIN(1.0),21/07/26 11:00:00,A,MIO_NAC,S13,B9,NO,2023,843058.0,,
ESTAT:GOV_10A_MAIN(1.0),21/07/26 11:00:00,A,MIO_NAC,S13,B9,NO,2024,685697.0,,
ESTAT:GOV_10A_MAIN(1.0),21/07/26 11:00:00,A,MIO_NAC,S13,B9,NO,2025,581238.0,,
ESTAT:GOV_10A_MAIN(1.0),21/07/26 11:00:00,A,MIO_NAC,S13,B9,PL,1995,-14466.0,,
ESTAT:GOV_10A_MAIN(1.0),21/07/26 11:00:00,A,MIO_NAC,S13,B9,PL,1996,-19835.0,,
ESTAT:GOV_10A_MAIN(1.0),21/07/26 11:00:00,A,MIO_NAC,S13,B9,PL,1997,-23838.0,,
ESTAT:GOV_10A_MAIN(1.0),21/07/26 11:00:00,A,MIO_NAC,S13,B9,PL,1998,-25338.0,,
ESTAT:GOV_10A_MAIN(1.0),21/07/26 11:00:00,A,MIO_NAC,S13,B9,PL,1999,-15199.0,,
ESTAT:GOV_10A_MAIN(1.0),21/07/26 11:00:00,A,MIO_NAC,S13,B9,PL,2000,-29912.0,,
ESTAT:GOV_10A_MAIN(1.0),21/07/26 11:00:00,A,MIO_NAC,S13,B9,PL,2001,-37056.0,,
ESTAT:GOV_10A_MAIN(1.0),21/07/26 11:00:00,A,MIO_NAC,S13,B9,PL,2002,-39129.0,,
ESTAT:GOV_10A_MAIN(1.0),21/07/26 11:00:00,A,MIO_NAC,S13,B9,PL,2003,-51151.0,,
ESTAT:GOV_10A_MAIN(1.0),21/07/26 11:00:00,A,MIO_NAC,S13,B9,PL,2004,-46751.0,,
ESTAT:GOV_10A_MAIN(1.0),21/07/26 11:00:00,A,MIO_NAC,S13,B9,PL,2005,-38995.2,,
ESTAT:GOV_10A_MAIN(1.0),21/07/26 11:00:00,A,MIO_NAC,S13,B9,PL,2006,-37858.0,,
ESTAT:GOV_10A_MAIN(1.0),21/07/26 11:00:00,A,MIO_NAC,S13,B9,PL,2007,-22353.0,,
ESTAT:GOV_10A_MAIN(1.0),21/07/26 11:00:00,A,MIO_NAC,S13,B9,PL,2008,-46395.0,,
ESTAT:GOV_10A_MAIN(1.0),21/07/26 11:00:00,A,MIO_NAC,S13,B9,PL,2009,-99546.0,,
ESTAT:GOV_10A_MAIN(1.0),21/07/26 11:00:00,A,MIO_NAC,S13,B9,PL,2010,-107112.0,,
ESTAT:GOV_10A_MAIN(1.0),21/07/26 11:00:00,A,MIO_NAC,S13,B9,PL,2011,-77798.0,,
ESTAT:GOV_10A_MAIN(1.0),21/07/26 11:00:00,A,MIO_NAC,S13,B9,PL,2012,-61570.0,,
ESTAT:GOV_10A_MAIN(1.0),21/07/26 11:00:00,A,MIO_NAC,S13,B9,PL,2013,-69541.0,,
ESTAT:GOV_10A_MAIN(1.0),21/07/26 11:00:00,A,MIO_NAC,S13,B9,PL,2014,-62629.4,,
ESTAT:GOV_10A_MAIN(1.0),21/07/26 11:00:00,A,MIO_NAC,S13,B9,PL,2015,-46949.6,,
ESTAT:GOV_10A_MAIN(1.0),21/07/26 11:00:00,A,MIO_NAC,S13,B9,PL,2016,-44468.3,,
ESTAT:GOV_10A_MAIN(1.0),21/07/26 11:00:00,A,MIO_NAC,S13,B9,PL,2017,-29670.0,,
ESTAT:GOV_10A_MAIN(1.0),21/07/26 11:00:00,A,MIO_NAC,S13,B9,PL,2018,-5258.0,,
ESTAT:GOV_10A_MAIN(1.0),21/07/26 11:00:00,A,MIO_NAC,S13,B9,PL,2019,-16975.0,,
ESTAT:GOV_10A_MAIN(1.0),21/07/26 11:00:00,A,MIO_NAC,S13,B9,PL,2020,-161932.0,,
ESTAT:GOV_10A_MAIN(1.0),21/07/26 11:00:00,A,MIO_NAC,S13,B9,PL,2021,-44597.0,,
ESTAT:GOV_10A_MAIN(1.0),21/07/26 11:00:00,A,MIO_NAC,S13,B9,PL,2022,-104475.0,,
ESTAT:GOV_10A_MAIN(1.0),21/07/26 11:00:00,A,MIO_NAC,S13,B9,PL,2023,-177442.0,,
ESTAT:GOV_10A_MAIN(1.0),21/07/26 11:00:00,A,MIO_NAC,S13,B9,PL,2024,-236623.0,,
ESTAT:GOV_10A_MAIN(1.0),21/07/26 11:00:00,A,MIO_NAC,S13,B9,PL,2025,-283969.0,,
ESTAT:GOV_10A_MAIN(1.0),21/07/26 11:00:00,A,MIO_NAC,S13,B9,PT,1995,-4610.5,,
ESTAT:GOV_10A_MAIN(1.0),21/07/26 11:00:00,A,MIO_NAC,S13,B9,PT,1996,-4470.1,,
ESTAT:GOV_10A_MAIN(1.0),21/07/26 11:00:00,A,MIO_NAC,S13,B9,PT,1997,-3792.0,,
ESTAT:GOV_10A_MAIN(1.0),21/07/26 11:00:00,A,MIO_NAC,S13,B9,PT,1998,-4885.7,,
ESTAT:GOV_10A_MAIN(1.0),21/07/26 11:00:00,A,MIO_NAC,S13,B9,PT,1999,-3625.8,,
ESTAT:GOV_10A_MAIN(1.0),21/07/26 11:00:00,A,MIO_NAC,S13,B9,PT,2000,-4072.2,,
ESTAT:GOV_10A_MAIN(1.0),21/07/26 11:00:00,A,MIO_NAC,S13,B9,PT,2001,-6437.8,,
ESTAT:GOV_10A_MAIN(1.0),21/07/26 11:00:00,A,MIO_NAC,S13,B9,PT,2002,-4686.6,,
ESTAT:GOV_10A_MAIN(1.0),21/07/26 11:00:00,A,MIO_NAC,S13,B9,PT,2003,-8325.0,,
ESTAT:GOV_10A_MAIN(1.0),21/07/26 11:00:00,A,MIO_NAC,S13,B9,PT,2004,-9442.8,,
ESTAT:GOV_10A_MAIN(1.0),21/07/26 11:00:00,A,MIO_NAC,S13,B9,PT,2005,-9719.3,,
ESTAT:GOV_10A_MAIN(1.0),21/07/26 11:00:00,A,MIO_NAC,S13,B9,PT,2006,-6928.1,,
ESTAT:GOV_10A_MAIN(1.0),21/07/26 11:00:00,A,MIO_NAC,S13,B9,PT,2007,-5045.2,,
ESTAT:GOV_10A_MAIN(1.0),21/07/26 11:00:00,A,MIO_NAC,S13,B9,PT,2008,-6825.1,,
ESTAT:GOV_10A_MAIN(1.0),21/07/26 11:00:00,A,MIO_NAC,S13,B9,PT,2009,-17321.0,,
ESTAT:GOV_10A_MAIN(1.0),21/07/26 11:00:00,A,MIO_NAC,S13,B9,PT,2010,-20537.1,,
ESTAT:GOV_10A_MAIN(1.0),21/07/26 11:00:00,A,MIO_NAC,S13,B9,PT,2011,-13624.0,,
ESTAT:GOV_10A_MAIN(1.0),21/07/26 11:00:00,A,MIO_NAC,S13,B9,PT,2012,-10453.5,,
ESTAT:GOV_10A_MAIN(1.0),21/07/26 11:00:00,A,MIO_NAC,S13,B9,PT,2013,-8898.3,,
ESTAT:GOV_10A_MAIN(1.0),21/07/26 11:00:00,A,MIO_NAC,S13,B9,PT,2014,-12751.5,,
ESTAT:GOV_10A_MAIN(1.0),21/07/26 11:00:00,A,MIO_NAC,S13,B9,PT,2015,-8026.0,,
ESTAT:GOV_10A_MAIN(1.0),21/07/26 11:00:00,A,MIO_NAC,S13,B9,PT,2016,-3622.1,,
ESTAT:GOV_10A_MAIN(1.0),21/07/26 11:00:00,A,MIO_NAC,S13,B9,PT,2017,-5869.6,,
ESTAT:GOV_10A_MAIN(1.0),21/07/26 11:00:00,A,MIO_NAC,S13,B9,PT,2018,-872.8,,
ESTAT:GOV_10A_MAIN(1.0),21/07/26 11:00:00,A,MIO_NAC,S13,B9,PT,2019,249.0,,
ESTAT:GOV_10A_MAIN(1.0),21/07/26 11:00:00,A,MIO_NAC,S13,B9,PT,2020,-11563.9,,
ESTAT:GOV_10A_MAIN(1.0),21/07/26 11:00:00,A,MIO_NAC,S13,B9,PT,2021,-6117.0,,
ESTAT:GOV_10A_MAIN(1.0),21/07/26 11:00:00,A,MIO_NAC,S13,B9,PT,2022,-757.3,,
ESTAT:GOV_10A_MAIN(1.0),21/07/26 11:00:00,A,MIO_NAC,S13,B9,PT,2023,3029.7,,
ESTAT:GOV_10A_MAIN(1.0),21/07/26 11:00:00,A,MIO_NAC,S13,B9,PT,2024,1862.5,,
ESTAT:GOV_10A_MAIN(1.0),21/07/26 11:00:00,A,MIO_NAC,S13,B9,PT,2025,2058.6,,
ESTAT:GOV_10A_MAIN(1.0),21/07/26 11:00:00,A,MIO_NAC,S13,B9,RO,1995,-152.3,,
ESTAT:GOV_10A_MAIN(1.0),21/07/26 11:00:00,A,MIO_NAC,S13,B9,RO,1996,-406.0,,
ESTAT:GOV_10A_MAIN(1.0),21/07/26 11:00:00,A,MIO_NAC,S13,B9,RO,1997,-1128.8,,
ESTAT:GOV_10A_MAIN(1.0),21/07/26 11:00:00,A,MIO_NAC,S13,B9,RO,1998,-1198.1,,
ESTAT:GOV_10A_MAIN(1.0),21/07/26 11:00:00,A,MIO_NAC,S13,B9,RO,1999,-2436.4,,
ESTAT:GOV_10A_MAIN(1.0),21/07/26 11:00:00,A,MIO_NAC,S13,B9,RO,2000,-3716.0,,
ESTAT:GOV_10A_MAIN(1.0),21/07/26 11:00:00,A,MIO_NAC,S13,B9,RO,2001,-4055.2,,
ESTAT:GOV_10A_MAIN(1.0),21/07/26 11:00:00,A,MIO_NAC,S13,B9,RO,2002,-2945.0,,
ESTAT:GOV_10A_MAIN(1.0),21/07/26 11:00:00,A,MIO_NAC,S13,B9,RO,2003,-2736.5,,
ESTAT:GOV_10A_MAIN(1.0),21/07/26 11:00:00,A,MIO_NAC,S13,B9,RO,2004,-2658.2,,
ESTAT:GOV_10A_MAIN(1.0),21/07/26 11:00:00,A,MIO_NAC,S13,B9,RO,2005,-2319.2,,
ESTAT:GOV_10A_MAIN(1.0),21/07/26 11:00:00,A,MIO_NAC,S13,B9,RO,2006,-7329.1,,
ESTAT:GOV_10A_MAIN(1.0),21/07/26 11:00:00,A,MIO_NAC,S13,B9,RO,2007,-11761.3,,
ESTAT:GOV_10A_MAIN(1.0),21/07/26 11:00:00,A,MIO_NAC,S13,B9,RO,2008,-29217.1,,
ESTAT:GOV_10A_MAIN(1.0),21/07/26 11:00:00,A,MIO_NAC,S13,B9,RO,2009,-50537.8,,
ESTAT:GOV_10A_MAIN(1.0),21/07/26 11:00:00,A,MIO_NAC,S13,B9,RO,2010,-38447.8,,
ESTAT:GOV_10A_MAIN(1.0),21/07/26 11:00:00,A,MIO_NAC,S13,B9,RO,2011,-32592.1,,
ESTAT:GOV_10A_MAIN(1.0),21/07/26 11:00:00,A,MIO_NAC,S13,B9,RO,2012,-23729.8,,
ESTAT:GOV_10A_MAIN(1.0),21/07/26 11:00:00,A,MIO_NAC,S13,B9,RO,2013,-14325.8,,
ESTAT:GOV_10A_MAIN(1.0),21/07/26 11:00:00,A,MIO_NAC,S13,B9,RO,2014,-7935.0,,
ESTAT:GOV_10A_MAIN(1.0),21/07/26 11:00:00,A,MIO_NAC,S13,B9,RO,2015,-3718.9,,
ESTAT:GOV_10A_MAIN(1.0),21/07/26 11:00:00,A,MIO_NAC,S13,B9,RO,2016,-18899.1,,
ESTAT:GOV_10A_MAIN(1.0),21/07/26 11:00:00,A,MIO_NAC,S13,B9,RO,2017,-21400.3,,
ESTAT:GOV_10A_MAIN(1.0),21/07/26 11:00:00,A,MIO_NAC,S13,B9,RO,2018,-26908.1,,
ESTAT:GOV_10A_MAIN(1.0),21/07/26 11:00:00,A,MIO_NAC,S13,B9,RO,2019,-46147.4,,
ESTAT:GOV_10A_MAIN(1.0),21/07/26 11:00:00,A,MIO_NAC,S13,B9,RO,2020,-98471.3,,
ESTAT:GOV_10A_MAIN(1.0),21/07/26 11:00:00,A,MIO_NAC,S13,B9,RO,2021,-85177.0,,
ESTAT:GOV_10A_MAIN(1.0),21/07/26 11:00:00,A,MIO_NAC,S13,B9,RO,2022,-90178.5,,
ESTAT:GOV_10A_MAIN(1.0),21/07/26 11:00:00,A,MIO_NAC,S13,B9,RO,2023,-105127.7,,
ESTAT:GOV_10A_MAIN(1.0),21/07/26 11:00:00,A,MIO_NAC,S13,B9,RO,2024,-162782.4,,
ESTAT:GOV_10A_MAIN(1.0),21/07/26 11:00:00,A,MIO_NAC,S13,B9,RO,2025,-151063.0,,
ESTAT:GOV_10A_MAIN(1.0),21/07/26 11:00:00,A,MIO_NAC,S13,B9,SE,1995,-133513.0,,
ESTAT:GOV_10A_MAIN(1.0),21/07/26 11:00:00,A,MIO_NAC,S13,B9,SE,1996,-60858.0,,
ESTAT:GOV_10A_MAIN(1.0),21/07/26 11:00:00,A,MIO_NAC,S13,B9,SE,1997,-32172.0,,
ESTAT:GOV_10A_MAIN(1.0),21/07/26 11:00:00,A,MIO_NAC,S13,B9,SE,1998,17689.0,,
ESTAT:GOV_10A_MAIN(1.0),21/07/26 11:00:00,A,MIO_NAC,S13,B9,SE,1999,13525.0,,
ESTAT:GOV_10A_MAIN(1.0),21/07/26 11:00:00,A,MIO_NAC,S13,B9,SE,2000,74743.0,,
ESTAT:GOV_10A_MAIN(1.0),21/07/26 11:00:00,A,MIO_NAC,S13,B9,SE,2001,34402.0,,
ESTAT:GOV_10A_MAIN(1.0),21/07/26 11:00:00,A,MIO_NAC,S13,B9,SE,2002,-37929.0,,
ESTAT:GOV_10A_MAIN(1.0),21/07/26 11:00:00,A,MIO_NAC,S13,B9,SE,2003,-33686.0,,
ESTAT:GOV_10A_MAIN(1.0),21/07/26 11:00:00,A,MIO_NAC,S13,B9,SE,2004,4307.0,,
ESTAT:GOV_10A_MAIN(1.0),21/07/26 11:00:00,A,MIO_NAC,S13,B9,SE,2005,58299.0,,
ESTAT:GOV_10A_MAIN(1.0),21/07/26 11:00:00,A,MIO_NAC,S13,B9,SE,2006,68603.0,,
ESTAT:GOV_10A_MAIN(1.0),21/07/26 11:00:00,A,MIO_NAC,S13,B9,SE,2007,111767.0,,
ESTAT:GOV_10A_MAIN(1.0),21/07/26 11:00:00,A,MIO_NAC,S13,B9,SE,2008,63457.0,,
ESTAT:GOV_10A_MAIN(1.0),21/07/26 11:00:00,A,MIO_NAC,S13,B9,SE,2009,-30497.0,,
ESTAT:GOV_10A_MAIN(1.0),21/07/26 11:00:00,A,MIO_NAC,S13,B9,SE,2010,-5897.0,,
ESTAT:GOV_10A_MAIN(1.0),21/07/26 11:00:00,A,MIO_NAC,S13,B9,SE,2011,-15668.0,,
ESTAT:GOV_10A_MAIN(1.0),21/07/26 11:00:00,A,MIO_NAC,S13,B9,SE,2012,-44533.0,,
ESTAT:GOV_10A_MAIN(1.0),21/07/26 11:00:00,A,MIO_NAC,S13,B9,SE,2013,-62267.0,,
ESTAT:GOV_10A_MAIN(1.0),21/07/26 11:00:00,A,MIO_NAC,S13,B9,SE,2014,-73945.0,,
ESTAT:GOV_10A_MAIN(1.0),21/07/26 11:00:00,A,MIO_NAC,S13,B9,SE,2015,-12221.0,,
ESTAT:GOV_10A_MAIN(1.0),21/07/26 11:00:00,A,MIO_NAC,S13,B9,SE,2016,36915.0,,
ESTAT:GOV_10A_MAIN(1.0),21/07/26 11:00:00,A,MIO_NAC,S13,B9,SE,2017,58901.0,,
ESTAT:GOV_10A_MAIN(1.0),21/07/26 11:00:00,A,MIO_NAC,S13,B9,SE,2018,31609.0,,
ESTAT:GOV_10A_MAIN(1.0),21/07/26 11:00:00,A,MIO_NAC,S13,B9,SE,2019,21669.0,,
ESTAT:GOV_10A_MAIN(1.0),21/07/26 11:00:00,A,MIO_NAC,S13,B9,SE,2020,-159927.0,,
ESTAT:GOV_10A_MAIN(1.0),21/07/26 11:00:00,A,MIO_NAC,S13,B9,SE,2021,-11073.0,,
ESTAT:GOV_10A_MAIN(1.0),21/07/26 11:00:00,A,MIO_NAC,S13,B9,SE,2022,57635.0,,
ESTAT:GOV_10A_MAIN(1.0),21/07/26 11:00:00,A,MIO_NAC,S13,B9,SE,2023,-54898.0,,
ESTAT:GOV_10A_MAIN(1.0),21/07/26 11:00:00,A,MIO_NAC,S13,B9,SE,2024,-104754.0,,
ESTAT:GOV_10A_MAIN(1.0),21/07/26 11:00:00,A,MIO_NAC,S13,B9,SE,2025,-89415.0,,
ESTAT:GOV_10A_MAIN(1.0),21/07/26 11:00:00,A,MIO_NAC,S13,B9,SI,1995,-859.8,,
ESTAT:GOV_10A_MAIN(1.0),21/07/26 11:00:00,A,MIO_NAC,S13,B9,SI,1996,-133.3,,
ESTAT:GOV_10A_MAIN(1.0),21/07/26 11:00:00,A,MIO_NAC,S13,B9,SI,1997,-322.1,,
ESTAT:GOV_10A_MAIN(1.0),21/07/26 11:00:00,A,MIO_NAC,S13,B9,SI,1998,-365.3,,
ESTAT:GOV_10A_MAIN(1.0),21/07/26 11:00:00,A,MIO_NAC,S13,B9,SI,1999,-521.9,,
ESTAT:GOV_10A_MAIN(1.0),21/07/26 11:00:00,A,MIO_NAC,S13,B9,SI,2000,-706.7,,
ESTAT:GOV_10A_MAIN(1.0),21/07/26 11:00:00,A,MIO_NAC,S13,B9,SI,2001,-959.0,,
ESTAT:GOV_10A_MAIN(1.0),21/07/26 11:00:00,A,MIO_NAC,S13,B9,SI,2002,-575.8,,
ESTAT:GOV_10A_MAIN(1.0),21/07/26 11:00:00,A,MIO_NAC,S13,B9,SI,2003,-676.0,,
ESTAT:GOV_10A_MAIN(1.0),21/07/26 11:00:00,A,MIO_NAC,S13,B9,SI,2004,-543.4,,
ESTAT:GOV_10A_MAIN(1.0),21/07/26 11:00:00,A,MIO_NAC,S13,B9,SI,2005,-398.6,,
ESTAT:GOV_10A_MAIN(1.0),21/07/26 11:00:00,A,MIO_NAC,S13,B9,SI,2006,-393.8,,
ESTAT:GOV_10A_MAIN(1.0),21/07/26 11:00:00,A,MIO_NAC,S13,B9,SI,2007,-26.9,,
ESTAT:GOV_10A_MAIN(1.0),21/07/26 11:00:00,A,MIO_NAC,S13,B9,SI,2008,-543.7,,
ESTAT:GOV_10A_MAIN(1.0),21/07/26 11:00:00,A,MIO_NAC,S13,B9,SI,2009,-2103.9,,
ESTAT:GOV_10A_MAIN(1.0),21/07/26 11:00:00,A,MIO_NAC,S13,B9,SI,2010,-2002.9,,
ESTAT:GOV_10A_MAIN(1.0),21/07/26 11:00:00,A,MIO_NAC,S13,B9,SI,2011,-2459.2,,
ESTAT:GOV_10A_MAIN(1.0),21/07/26 11:00:00,A,MIO_NAC,S13,B9,SI,2012,-1507.9,,
ESTAT:GOV_10A_MAIN(1.0),21/07/26 11:00:00,A,MIO_NAC,S13,B9,SI,2013,-4046.4,,
ESTAT:GOV_10A_MAIN(1.0),21/07/26 11:00:00,A,MIO_NAC,S13,B9,SI,2014,-1686.9,,
ESTAT:GOV_10A_MAIN(1.0),21/07/26 11:00:00,A,MIO_NAC,S13,B9,SI,2015,-1092.3,,
ESTAT:GOV_10A_MAIN(1.0),21/07/26 11:00:00,A,MIO_NAC,S13,B9,SI,2016,-799.9,,
ESTAT:GOV_10A_MAIN(1.0),21/07/26 11:00:00,A,MIO_NAC,S13,B9,SI,2017,22.9,,
ESTAT:GOV_10A_MAIN(1.0),21/07/26 11:00:00,A,MIO_NAC,S13,B9,SI,2018,407.4,,
ESTAT:GOV_10A_MAIN(1.0),21/07/26 11:00:00,A,MIO_NAC,S13,B9,SI,2019,328.0,,
ESTAT:GOV_10A_MAIN(1.0),21/07/26 11:00:00,A,MIO_NAC,S13,B9,SI,2020,-3588.0,,
ESTAT:GOV_10A_MAIN(1.0),21/07/26 11:00:00,A,MIO_NAC,S13,B9,SI,2021,-2398.9,,
ESTAT:GOV_10A_MAIN(1.0),21/07/26 11:00:00,A,MIO_NAC,S13,B9,SI,2022,-1714.3,,
ESTAT:GOV_10A_MAIN(1.0),21/07/26 11:00:00,A,MIO_NAC,S13,B9,SI,2023,-1654.6,,
ESTAT:GOV_10A_MAIN(1.0),21/07/26 11:00:00,A,MIO_NAC,S13,B9,SI,2024,-594.3,,
ESTAT:GOV_10A_MAIN(1.0),21/07/26 11:00:00,A,MIO_NAC,S13,B9,SI,2025,-1786.3,,
ESTAT:GOV_10A_MAIN(1.0),21/07/26 11:00:00,A,MIO_NAC,S13,B9,SK,1995,-686.6,,
ESTAT:GOV_10A_MAIN(1.0),21/07/26 11:00:00,A,MIO_NAC,S13,B9,SK,1996,-2162.7,,
ESTAT:GOV_10A_MAIN(1.0),21/07/26 11:00:00,A,MIO_NAC,S13,B9,SK,1997,-1532.5,,
ESTAT:GOV_10A_MAIN(1.0),21/07/26 11:00:00,A,MIO_NAC,S13,B9,SK,1998,-1438.6,,
ESTAT:GOV_10A_MAIN(1.0),21/07/26 11:00:00,A,MIO_NAC,S13,B9,SK,1999,-2075.1,,
ESTAT:GOV_10A_MAIN(1.0),21/07/26 11:00:00,A,MIO_NAC,S13,B9,SK,2000,-4014.1,,
ESTAT:GOV_10A_MAIN(1.0),21/07/26 11:00:00,A,MIO_NAC,S13,B9,SK,2001,-2656.5,,
ESTAT:GOV_10A_MAIN(1.0),21/07/26 11:00:00,A,MIO_NAC,S13,B9,SK,2002,-3113.4,,
ESTAT:GOV_10A_MAIN(1.0),21/07/26 11:00:00,A,MIO_NAC,S13,B9,SK,2003,-940.2,,
ESTAT:GOV_10A_MAIN(1.0),21/07/26 11:00:00,A,MIO_NAC,S13,B9,SK,2004,-1085.2,,
ESTAT:GOV_10A_MAIN(1.0),21/07/26 11:00:00,A,MIO_NAC,S13,B9,SK,2005,-1436.4,,
ESTAT:GOV_10A_MAIN(1.0),21/07/26 11:00:00,A,MIO_NAC,S13,B9,SK,2006,-2011.7,,
ESTAT:GOV_10A_MAIN(1.0),21/07/26 11:00:00,A,MIO_NAC,S13,B9,SK,2007,-1426.8,,
ESTAT:GOV_10A_MAIN(1.0),21/07/26 11:00:00,A,MIO_NAC,S13,B9,SK,2008,-1741.9,,
ESTAT:GOV_10A_MAIN(1.0),21/07/26 11:00:00,A,MIO_NAC,S13,B9,SK,2009,-5242.6,,
ESTAT:GOV_10A_MAIN(1.0),21/07/26 11:00:00,A,MIO_NAC,S13,B9,SK,2010,-5116.3,,
ESTAT:GOV_10A_MAIN(1.0),21/07/26 11:00:00,A,MIO_NAC,S13,B9,SK,2011,-3119.9,,
ESTAT:GOV_10A_MAIN(1.0),21/07/26 11:00:00,A,MIO_NAC,S13,B9,SK,2012,-3219.1,,
ESTAT:GOV_10A_MAIN(1.0),21/07/26 11:00:00,A,MIO_NAC,S13,B9,SK,2013,-2135.7,,
ESTAT:GOV_10A_MAIN(1.0),21/07/26 11:00:00,A,MIO_NAC,S13,B9,SK,2014,-2484.5,,
ESTAT:GOV_10A_MAIN(1.0),21/07/26 11:00:00,A,MIO_NAC,S13,B9,SK,2015,-2236.1,,
ESTAT:GOV_10A_MAIN(1.0),21/07/26 11:00:00,A,MIO_NAC,S13,B9,SK,2016,-2116.9,,
ESTAT:GOV_10A_MAIN(1.0),21/07/26 11:00:00,A,MIO_NAC,S13,B9,SK,2017,-836.6,,
ESTAT:GOV_10A_MAIN(1.0),21/07/26 11:00:00,A,MIO_NAC,S13,B9,SK,2018,-908.2,,
ESTAT:GOV_10A_MAIN(1.0),21/07/26 11:00:00,A,MIO_NAC,S13,B9,SK,2019,-1139.3,,
ESTAT:GOV_10A_MAIN(1.0),21/07/26 11:00:00,A,MIO_NAC,S13,B9,SK,2020,-4995.1,,
ESTAT:GOV_10A_MAIN(1.0),21/07/26 11:00:00,A,MIO_NAC,S13,B9,SK,2021,-5186.0,,
ESTAT:GOV_10A_MAIN(1.0),21/07/26 11:00:00,A,MIO_NAC,S13,B9,SK,2022,-1719.5,,
ESTAT:GOV_10A_MAIN(1.0),21/07/26 11:00:00,A,MIO_NAC,S13,B9,SK,2023,-6556.4,,
ESTAT:GOV_10A_MAIN(1.0),21/07/26 11:00:00,A,MIO_NAC,S13,B9,SK,2024,-6962.8,,
ESTAT:GOV_10A_MAIN(1.0),21/07/26 11:00:00,A,MIO_NAC,S13,B9,SK,2025,-6086.3,,
ESTAT:GOV_10A_MAIN(1.0),21/07/26 11:00:00,A,MIO_NAC,S1311,B9,AT,1995,-9512.5,,
ESTAT:GOV_10A_MAIN(1.0),21/07/26 11:00:00,A,MIO_NAC,S1311,B9,AT,1996,-8221.5,,
ESTAT:GOV_10A_MAIN(1.0),21/07/26 11:00:00,A,MIO_NAC,S1311,B9,AT,1997,-6076.8,,
ESTAT:GOV_10A_MAIN(1.0),21/07/26 11:00:00,A,MIO_NAC,S1311,B9,AT,1998,-5919.9,,
ESTAT:GOV_10A_MAIN(1.0),21/07/26 11:00:00,A,MIO_NAC,S1311,B9,AT,1999,-5157.8,,
ESTAT:GOV_10A_MAIN(1.0),21/07/26 11:00:00,A,MIO_NAC,S1311,B9,AT,2000,-4521.0,,
ESTAT:GOV_10A_MAIN(1.0),21/07/26 11:00:00,A,MIO_NAC,S1311,B9,AT,2001,-1900.2,,
ESTAT:GOV_10A_MAIN(1.0),21/07/26 11:00:00,A,MIO_NAC,S1311,B9,AT,2002,-2937.6,,
ESTAT:GOV_10A_MAIN(1.0),21/07/26 11:00:00,A,MIO_NAC,S1311,B9,AT,2003,-3917.7,,
ESTAT:GOV_10A_MAIN(1.0),21/07/26 11:00:00,A,MIO_NAC,S1311,B9,AT,2004,-11127.1,,
ESTAT:GOV_10A_MAIN(1.0),21/07/26 11:00:00,A,MIO_NAC,S1311,B9,AT,2005,-6172.8,,
ESTAT:GOV_10A_MAIN(1.0),21/07/26 11:00:00,A,MIO_NAC,S1311,B9,AT,2006,-5851.4,,
ESTAT:GOV_10A_MAIN(1.0),21/07/26 11:00:00,A,MIO_NAC,S1311,B9,AT,2007,-3106.3,,
ESTAT:GOV_10A_MAIN(1.0),21/07/26 11:00:00,A,MIO_NAC,S1311,B9,AT,2008,-3952.6,,
ESTAT:GOV_10A_MAIN(1.0),21/07/26 11:00:00,A,MIO_NAC,S1311,B9,AT,2009,-12315.1,,
ESTAT:GOV_10A_MAIN(1.0),21/07/26 11:00:00,A,MIO_NAC,S1311,B9,AT,2010,-9669.7,,
ESTAT:GOV_10A_MAIN(1.0),21/07/26 11:00:00,A,MIO_NAC,S1311,B9,AT,2011,-6847.6,,
ESTAT:GOV_10A_MAIN(1.0),21/07/26 11:00:00,A,MIO_NAC,S1311,B9,AT,2012,-6839.2,,
ESTAT:GOV_10A_MAIN(1.0),21/07/26 11:00:00,A,MIO_NAC,S1311,B9,AT,2013,-6602.8,,
ESTAT:GOV_10A_MAIN(1.0),21/07/26 11:00:00,A,MIO_NAC,S1311,B9,AT,2014,-6883.7,,
ESTAT:GOV_10A_MAIN(1.0),21/07/26 11:00:00,A,MIO_NAC,S1311,B9,AT,2015,-2274.5,,
ESTAT:GOV_10A_MAIN(1.0),21/07/26 11:00:00,A,MIO_NAC,S1311,B9,AT,2016,-4116.1,,
ESTAT:GOV_10A_MAIN(1.0),21/07/26 11:00:00,A,MIO_NAC,S1311,B9,AT,2017,-3302.3,,
ESTAT:GOV_10A_MAIN(1.0),21/07/26 11:00:00,A,MIO_NAC,S1311,B9,AT,2018,-407.5,,
ESTAT:GOV_10A_MAIN(1.0),21/07/26 11:00:00,A,MIO_NAC,S1311,B9,AT,2019,1477.5,,
ESTAT:GOV_10A_MAIN(1.0),21/07/26 11:00:00,A,MIO_NAC,S1311,B9,AT,2020,-28130.6,,
ESTAT:GOV_10A_MAIN(1.0),21/07/26 11:00:00,A,MIO_NAC,S1311,B9,AT,2021,-21012.1,,
ESTAT:GOV_10A_MAIN(1.0),21/07/26 11:00:00,A,MIO_NAC,S1311,B9,AT,2022,-17582.7,,
ESTAT:GOV_10A_MAIN(1.0),21/07/26 11:00:00,A,MIO_NAC,S1311,B9,AT,2023,-8780.7,,
ESTAT:GOV_10A_MAIN(1.0),21/07/26 11:00:00,A,MIO_NAC,S1311,B9,AT,2024,-16685.9,,
ESTAT:GOV_10A_MAIN(1.0),21/07/26 11:00:00,A,MIO_NAC,S1311,B9,AT,2025,-15188.4,,
ESTAT:GOV_10A_MAIN(1.0),21/07/26 11:00:00,A,MIO_NAC,S1311,B9,BE,1995,-7972.4,,
ESTAT:GOV_10A_MAIN(1.0),21/07/26 11:00:00,A,MIO_NAC,S1311,B9,BE,1996,-7340.1,,
ESTAT:GOV_10A_MAIN(1.0),21/07/26 11:00:00,A,MIO_NAC,S1311,B9,BE,1997,-5305.5,,
ESTAT:GOV_10A_MAIN(1.0),21/07/26 11:00:00,A,MIO_NAC,S1311,B9,BE,1998,-3879.0,,
ESTAT:GOV_10A_MAIN(1.0),21/07/26 11:00:00,A,MIO_NAC,S1311,B9,BE,1999,-3771.5,,
ESTAT:GOV_10A_MAIN(1.0),21/07/26 11:00:00,A,MIO_NAC,S1311,B9,BE,2000,-1044.1,,
ESTAT:GOV_10A_MAIN(1.0),21/07/26 11:00:00,A,MIO_NAC,S1311,B9,BE,2001,-2857.3,,
ESTAT:GOV_10A_MAIN(1.0),21/07/26 11:00:00,A,MIO_NAC,S1311,B9,BE,2002,-623.7,,
ESTAT:GOV_10A_MAIN(1.0),21/07/26 11:00:00,A,MIO_NAC,S1311,B9,BE,2003,-4089.7,,
ESTAT:GOV_10A_MAIN(1.0),21/07/26 11:00:00,A,MIO_NAC,S1311,B9,BE,2004,-527.8,,
ESTAT:GOV_10A_MAIN(1.0),21/07/26 11:00:00,A,MIO_NAC,S1311,B9,BE,2005,-8549.6,,
ESTAT:GOV_10A_MAIN(1.0),21/07/26 11:00:00,A,MIO_NAC,S1311,B9,BE,2006,-367.7,,
ESTAT:GOV_10A_MAIN(1.0),21/07/26 11:00:00,A,MIO_NAC,S1311,B9,BE,2007,-2987.1,,
ESTAT:GOV_10A_MAIN(1.0),21/07/26 11:00:00,A,MIO_NAC,S1311,B9,BE,2008,-5498.3,,
ESTAT:GOV_10A_MAIN(1.0),21/07/26 11:00:00,A,MIO_NAC,S1311,B9,BE,2009,-13647.0,b,
ESTAT:GOV_10A_MAIN(1.0),21/07/26 11:00:00,A,MIO_NAC,S1311,B9,BE,2010,-11137.4,,
ESTAT:GOV_10A_MAIN(1.0),21/07/26 11:00:00,A,MIO_NAC,S1311,B9,BE,2011,-14481.6,,
ESTAT:GOV_10A_MAIN(1.0),21/07/26 11:00:00,A,MIO_NAC,S1311,B9,BE,2012,-13903.5,,
ESTAT:GOV_10A_MAIN(1.0),21/07/26 11:00:00,A,MIO_NAC,S1311,B9,BE,2013,-10264.9,,
ESTAT:GOV_10A_MAIN(1.0),21/07/26 11:00:00,A,MIO_NAC,S1311,B9,BE,2014,-10692.8,,
ESTAT:GOV_10A_MAIN(1.0),21/07/26 11:00:00,A,MIO_NAC,S1311,B9,BE,2015,-5572.5,,
ESTAT:GOV_10A_MAIN(1.0),21/07/26 11:00:00,A,MIO_NAC,S1311,B9,BE,2016,-11185.2,,
ESTAT:GOV_10A_MAIN(1.0),21/07/26 11:00:00,A,MIO_NAC,S1311,B9,BE,2017,-5880.1,,
ESTAT:GOV_10A_MAIN(1.0),21/07/26 11:00:00,A,MIO_NAC,S1311,B9,BE,2018,-1695.1,,
ESTAT:GOV_10A_MAIN(1.0),21/07/26 11:00:00,A,MIO_NAC,S1311,B9,BE,2019,-9411.7,,
ESTAT:GOV_10A_MAIN(1.0),21/07/26 11:00:00,A,MIO_NAC,S1311,B9,BE,2020,-33259.2,,
ESTAT:GOV_10A_MAIN(1.0),21/07/26 11:00:00,A,MIO_NAC,S1311,B9,BE,2021,-20095.6,,
ESTAT:GOV_10A_MAIN(1.0),21/07/26 11:00:00,A,MIO_NAC,S1311,B9,BE,2022,-13383.3,,
ESTAT:GOV_10A_MAIN(1.0),21/07/26 11:00:00,A,MIO_NAC,S1311,B9,BE,2023,-19679.8,,
ESTAT:GOV_10A_MAIN(1.0),21/07/26 11:00:00,A,MIO_NAC,S1311,B9,BE,2024,-16774.5,p,
ESTAT:GOV_10A_MAIN(1.0),21/07/26 11:00:00,A,MIO_NAC,S1311,B9,BE,2025,-24080.5,p,
ESTAT:GOV_10A_MAIN(1.0),21/07/26 11:00:00,A,MIO_NAC,S1311,B9,BG,1995,-32.2,,
ESTAT:GOV_10A_MAIN(1.0),21/07/26 11:00:00,A,MIO_NAC,S1311,B9,BG,1996,-84.1,,
ESTAT:GOV_10A_MAIN(1.0),21/07/26 11:00:00,A,MIO_NAC,S1311,B9,BG,1997,124.5,,
ESTAT:GOV_10A_MAIN(1.0),21/07/26 11:00:00,A,MIO_NAC,S1311,B9,BG,1998,199.0,,
ESTAT:GOV_10A_MAIN(1.0),21/07/26 11:00:00,A,MIO_NAC,S1311,B9,BG,1999,-11.8,,
ESTAT:GOV_10A_MAIN(1.0),21/07/26 11:00:00,A,MIO_NAC,S1311,B9,BG,2000,-128.6,,
ESTAT:GOV_10A_MAIN(1.0),21/07/26 11:00:00,A,MIO_NAC,S1311,B9,BG,2001,29.3,,
ESTAT:GOV_10A_MAIN(1.0),21/07/26 11:00:00,A,MIO_NAC,S1311,B9,BG,2002,-303.2,,
ESTAT:GOV_10A_MAIN(1.0),21/07/26 11:00:00,A,MIO_NAC,S1311,B9,BG,2003,-34.2,,
ESTAT:GOV_10A_MAIN(1.0),21/07/26 11:00:00,A,MIO_NAC,S1311,B9,BG,2004,286.4,,
ESTAT:GOV_10A_MAIN(1.0),21/07/26 11:00:00,A,MIO_NAC,S1311,B9,BG,2005,477.1,,
ESTAT:GOV_10A_MAIN(1.0),21/07/26 11:00:00,A,MIO_NAC,S1311,B9,BG,2006,807.2,,
ESTAT:GOV_10A_MAIN(1.0),21/07/26 11:00:00,A,MIO_NAC,S1311,B9,BG,2007,-9.8,,
ESTAT:GOV_10A_MAIN(1.0),21/07/26 11:00:00,A,MIO_NAC,S1311,B9,BG,2008,571.3,,
ESTAT:GOV_10A_MAIN(1.0),21/07/26 11:00:00,A,MIO_NAC,S1311,B9,BG,2009,-1474.4,,
ESTAT:GOV_10A_MAIN(1.0),21/07/26 11:00:00,A,MIO_NAC,S1311,B9,BG,2010,-987.0,,
ESTAT:GOV_10A_MAIN(1.0),21/07/26 11:00:00,A,MIO_NAC,S1311,B9,BG,2011,-762.8,,
ESTAT:GOV_10A_MAIN(1.0),21/07/26 11:00:00,A,MIO_NAC,S1311,B9,BG,2012,-485.8,,
ESTAT:GOV_10A_MAIN(1.0),21/07/26 11:00:00,A,MIO_NAC,S1311,B9,BG,2013,-459.9,,
ESTAT:GOV_10A_MAIN(1.0),21/07/26 11:00:00,A,MIO_NAC,S1311,B9,BG,2014,-2397.3,,
ESTAT:GOV_10A_MAIN(1.0),21/07/26 11:00:00,A,MIO_NAC,S1311,B9,BG,2015,-406.2,,
ESTAT:GOV_10A_MAIN(1.0),21/07/26 11:00:00,A,MIO_NAC,S1311,B9,BG,2016,107.6,,
ESTAT:GOV_10A_MAIN(1.0),21/07/26 11:00:00,A,MIO_NAC,S1311,B9,BG,2017,762.0,,
ESTAT:GOV_10A_MAIN(1.0),21/07/26 11:00:00,A,MIO_NAC,S1311,B9,BG,2018,840.0,,
ESTAT:GOV_10A_MAIN(1.0),21/07/26 11:00:00,A,MIO_NAC,S1311,B9,BG,2019,1258.4,,
ESTAT:GOV_10A_MAIN(1.0),21/07/26 11:00:00,A,MIO_NAC,S1311,B9,BG,2020,-2625.7,,
ESTAT:GOV_10A_MAIN(1.0),21/07/26 11:00:00,A,MIO_NAC,S1311,B9,BG,2021,-3309.0,,
ESTAT:GOV_10A_MAIN(1.0),21/07/26 11:00:00,A,MIO_NAC,S1311,B9,BG,2022,-2434.3,,
ESTAT:GOV_10A_MAIN(1.0),21/07/26 11:00:00,A,MIO_NAC,S1311,B9,BG,2023,-1831.0,,
ESTAT:GOV_10A_MAIN(1.0),21/07/26 11:00:00,A,MIO_NAC,S1311,B9,BG,2024,-2722.8,,
ESTAT:GOV_10A_MAIN(1.0),21/07/26 11:00:00,A,MIO_NAC,S1311,B9,BG,2025,-3854.4,,
ESTAT:GOV_10A_MAIN(1.0),21/07/26 11:00:00,A,MIO_NAC,S1311,B9,CH,1995,-4862.8,,
ESTAT:GOV_10A_MAIN(1.0),21/07/26 11:00:00,A,MIO_NAC,S1311,B9,CH,1996,-5277.5,,
ESTAT:GOV_10A_MAIN(1.0),21/07/26 11:00:00,A,MIO_NAC,S1311,B9,CH,1997,-3969.4,,
ESTAT:GOV_10A_MAIN(1.0),21/07/26 11:00:00,A,MIO_NAC,S1311,B9,CH,1998,-2130.2,,
ESTAT:GOV_10A_MAIN(1.0),21/07/26 11:00:00,A,MIO_NAC,S1311,B9,CH,1999,-8562.1,,
ESTAT:GOV_10A_MAIN(1.0),21/07/26 11:00:00,A,MIO_NAC,S1311,B9,CH,2000,-3023.9,,
ESTAT:GOV_10A_MAIN(1.0),21/07/26 11:00:00,A,MIO_NAC,S1311,B9,CH,2001,-3091.8,,
ESTAT:GOV_10A_MAIN(1.0),21/07/26 11:00:00,A,MIO_NAC,S1311,B9,CH,2002,-10696.2,,
ESTAT:GOV_10A_MAIN(1.0),21/07/26 11:00:00,A,MIO_NAC,S1311,B9,CH,2003,-2773.7,,
ESTAT:GOV_10A_MAIN(1.0),21/07/26 11:00:00,A,MIO_NAC,S1311,B9,CH,2004,-2265.5,,
ESTAT:GOV_10A_MAIN(1.0),21/07/26 11:00:00,A,MIO_NAC,S1311,B9,CH,2005,174.7,,
ESTAT:GOV_10A_MAIN(1.0),21/07/26 11:00:00,A,MIO_NAC,S1311,B9,CH,2006,3186.8,,
ESTAT:GOV_10A_MAIN(1.0),21/07/26 11:00:00,A,MIO_NAC,S1311,B9,CH,2007,-5060.8,,
ESTAT:GOV_10A_MAIN(1.0),21/07/26 11:00:00,A,MIO_NAC,S1311,B9,CH,2008,4957.3,,
ESTAT:GOV_10A_MAIN(1.0),21/07/26 11:00:00,A,MIO_NAC,S1311,B9,CH,2009,3007.0,,
ESTAT:GOV_10A_MAIN(1.0),21/07/26 11:00:00,A,MIO_NAC,S1311,B9,CH,2010,2951.8,,
ESTAT:GOV_10A_MAIN(1.0),21/07/26 11:00:00,A,MIO_NAC,S1311,B9,CH,2011,1384.0,,
ESTAT:GOV_10A_MAIN(1.0),21/07/26 11:00:00,A,MIO_NAC,S1311,B9,CH,2012,66.9,,
ESTAT:GOV_10A_MAIN(1.0),21/07/26 11:00:00,A,MIO_NAC,S1311,B9,CH,2013,480.5,,
ESTAT:GOV_10A_MAIN(1.0),21/07/26 11:00:00,A,MIO_NAC,S1311,B9,CH,2014,-16.9,,
ESTAT:GOV_10A_MAIN(1.0),21/07/26 11:00:00,A,MIO_NAC,S1311,B9,CH,2015,1719.4,,
ESTAT:GOV_10A_MAIN(1.0),21/07/26 11:00:00,A,MIO_NAC,S1311,B9,CH,2016,988.4,,
ESTAT:GOV_10A_MAIN(1.0),21/07/26 11:00:00,A,MIO_NAC,S1311,B9,CH,2017,3531.8,,
ESTAT:GOV_10A_MAIN(1.0),21/07/26 11:00:00,A,MIO_NAC,S1311,B9,CH,2018,4980.4,,
ESTAT:GOV_10A_MAIN(1.0),21/07/26 11:00:00,A,MIO_NAC,S1311,B9,CH,2019,4518.5,,
ESTAT:GOV_10A_MAIN(1.0),21/07/26 11:00:00,A,MIO_NAC,S1311,B9,CH,2020,-14812.4,,
ESTAT:GOV_10A_MAIN(1.0),21/07/26 11:00:00,A,MIO_NAC,S1311,B9,CH,2021,-11793.4,,
ESTAT:GOV_10A_MAIN(1.0),21/07/26 11:00:00,A,MIO_NAC,S1311,B9,CH,2022,-1046.9,,
ESTAT:GOV_10A_MAIN(1.0),21/07/26 11:00:00,A,MIO_NAC,S1311,B9,CH,2023,-1372.5,,
ESTAT:GOV_10A_MAIN(1.0),21/07/26 11:00:00,A,MIO_NAC,S1311,B9,CH,2024,-1121.7,,
ESTAT:GOV_10A_MAIN(1.0),21/07/26 11:00:00,A,MIO_NAC,S1311,B9,CY,1995,-297.0,,
ESTAT:GOV_10A_MAIN(1.0),21/07/26 11:00:00,A,MIO_NAC,S1311,B9,CY,1996,-487.2,,
ESTAT:GOV_10A_MAIN(1.0),21/07/26 11:00:00,A,MIO_NAC,S1311,B9,CY,1997,-664.0,,
ESTAT:GOV_10A_MAIN(1.0),21/07/26 11:00:00,A,MIO_NAC,S1311,B9,CY,1998,-635.9,,
ESTAT:GOV_10A_MAIN(1.0),21/07/26 11:00:00,A,MIO_NAC,S1311,B9,CY,1999,-687.6,,
ESTAT:GOV_10A_MAIN(1.0),21/07/26 11:00:00,A,MIO_NAC,S1311,B9,CY,2000,-545.4,,
ESTAT:GOV_10A_MAIN(1.0),21/07/26 11:00:00,A,MIO_NAC,S1311,B9,CY,2001,-599.9,,
ESTAT:GOV_10A_MAIN(1.0),21/07/26 11:00:00,A,MIO_NAC,S1311,B9,CY,2002,-778.0,,
ESTAT:GOV_10A_MAIN(1.0),21/07/26 11:00:00,A,MIO_NAC,S1311,B9,CY,2003,-1053.2,,
ESTAT:GOV_10A_MAIN(1.0),21/07/26 11:00:00,A,MIO_NAC,S1311,B9,CY,2004,-888.4,,
ESTAT:GOV_10A_MAIN(1.0),21/07/26 11:00:00,A,MIO_NAC,S1311,B9,CY,2005,-707.4,,
ESTAT:GOV_10A_MAIN(1.0),21/07/26 11:00:00,A,MIO_NAC,S1311,B9,CY,2006,-527.7,,
ESTAT:GOV_10A_MAIN(1.0),21/07/26 11:00:00,A,MIO_NAC,S1311,B9,CY,2007,108.1,,
ESTAT:GOV_10A_MAIN(1.0),21/07/26 11:00:00,A,MIO_NAC,S1311,B9,CY,2008,-427.5,,
ESTAT:GOV_10A_MAIN(1.0),21/07/26 11:00:00,A,MIO_NAC,S1311,B9,CY,2009,-1459.9,,
ESTAT:GOV_10A_MAIN(1.0),21/07/26 11:00:00,A,MIO_NAC,S1311,B9,CY,2010,-1330.2,,
ESTAT:GOV_10A_MAIN(1.0),21/07/26 11:00:00,A,MIO_NAC,S1311,B9,CY,2011,-1475.4,,
ESTAT:GOV_10A_MAIN(1.0),21/07/26 11:00:00,A,MIO_NAC,S1311,B9,CY,2012,-3077.3,,
ESTAT:GOV_10A_MAIN(1.0),21/07/26 11:00:00,A,MIO_NAC,S1311,B9,CY,2013,-936.2,,
ESTAT:GOV_10A_MAIN(1.0),21/07/26 11:00:00,A,MIO_NAC,S1311,B9,CY,2014,-1503.9,,
ESTAT:GOV_10A_MAIN(1.0),21/07/26 11:00:00,A,MIO_NAC,S1311,B9,CY,2015,-179.4,,
ESTAT:GOV_10A_MAIN(1.0),21/07/26 11:00:00,A,MIO_NAC,S1311,B9,CY,2016,35.1,,
ESTAT:GOV_10A_MAIN(1.0),21/07/26 11:00:00,A,MIO_NAC,S1311,B9,CY,2017,185.7,,
ESTAT:GOV_10A_MAIN(1.0),21/07/26 11:00:00,A,MIO_NAC,S1311,B9,CY,2018,-1243.3,,
ESTAT:GOV_10A_MAIN(1.0),21/07/26 11:00:00,A,MIO_NAC,S1311,B9,CY,2019,-460.2,,
ESTAT:GOV_10A_MAIN(1.0),21/07/26 11:00:00,A,MIO_NAC,S1311,B9,CY,2020,-1606.8,,
ESTAT:GOV_10A_MAIN(1.0),21/07/26 11:00:00,A,MIO_NAC,S1311,B9,CY,2021,-682.3,,
ESTAT:GOV_10A_MAIN(1.0),21/07/26 11:00:00,A,MIO_NAC,S1311,B9,CY,2022,219.0,,
ESTAT:GOV_10A_MAIN(1.0),21/07/26 11:00:00,A,MIO_NAC,S1311,B9,CY,2023,-614.0,,
ESTAT:GOV_10A_MAIN(1.0),21/07/26 11:00:00,A,MIO_NAC,S1311,B9,CY,2024,27.6,,
ESTAT:GOV_10A_MAIN(1.0),21/07/26 11:00:00,A,MIO_NAC,S1311,B9,CY,2025,-17.1,,
ESTAT:GOV_10A_MAIN(1.0),21/07/26 11:00:00,A,MIO_NAC,S1311,B9,CZ,1995,-224356.0,,
ESTAT:GOV_10A_MAIN(1.0),21/07/26 11:00:00,A,MIO_NAC,S1311,B9,CZ,1996,-92671.0,,
ESTAT:GOV_10A_MAIN(1.0),21/07/26 11:00:00,A,MIO_NAC,S1311,B9,CZ,1997,-51475.0,,
ESTAT:GOV_10A_MAIN(1.0),21/07/26 11:00:00,A,MIO_NAC,S1311,B9,CZ,1998,-98802.0,,
ESTAT:GOV_10A_MAIN(1.0),21/07/26 11:00:00,A,MIO_NAC,S1311,B9,CZ,1999,-73592.0,,
ESTAT:GOV_10A_MAIN(1.0),21/07/26 11:00:00,A,MIO_NAC,S1311,B9,CZ,2000,-76523.0,,
ESTAT:GOV_10A_MAIN(1.0),21/07/26 11:00:00,A,MIO_NAC,S1311,B9,CZ,2001,-135390.0,,
ESTAT:GOV_10A_MAIN(1.0),21/07/26 11:00:00,A,MIO_NAC,S1311,B9,CZ,2002,-155379.0,,
ESTAT:GOV_10A_MAIN(1.0),21/07/26 11:00:00,A,MIO_NAC,S1311,B9,CZ,2003,-178512.0,,
ESTAT:GOV_10A_MAIN(1.0),21/07/26 11:00:00,A,MIO_NAC,S1311,B9,CZ,2004,-70645.0,,
ESTAT:GOV_10A_MAIN(1.0),21/07/26 11:00:00,A,MIO_NAC,S1311,B9,CZ,2005,-97769.0,,
ESTAT:GOV_10A_MAIN(1.0),21/07/26 11:00:00,A,MIO_NAC,S1311,B9,CZ,2006,-77551.0,,
ESTAT:GOV_10A_MAIN(1.0),21/07/26 11:00:00,A,MIO_NAC,S1311,B9,CZ,2007,-53121.0,,
ESTAT:GOV_10A_MAIN(1.0),21/07/26 11:00:00,A,MIO_NAC,S1311,B9,CZ,2008,-83057.0,,
ESTAT:GOV_10A_MAIN(1.0),21/07/26 11:00:00,A,MIO_NAC,S1311,B9,CZ,2009,-179903.0,,
ESTAT:GOV_10A_MAIN(1.0),21/07/26 11:00:00,A,MIO_NAC,S1311,B9,CZ,2010,-143225.0,,
ESTAT:GOV_10A_MAIN(1.0),21/07/26 11:00:00,A,MIO_NAC,S1311,B9,CZ,2011,-92865.0,,
ESTAT:GOV_10A_MAIN(1.0),21/07/26 11:00:00,A,MIO_NAC,S1311,B9,CZ,2012,-152418.0,,
ESTAT:GOV_10A_MAIN(1.0),21/07/26 11:00:00,A,MIO_NAC,S1311,B9,CZ,2013,-67185.0,,
ESTAT:GOV_10A_MAIN(1.0),21/07/26 11:00:00,A,MIO_NAC,S1311,B9,CZ,2014,-96634.0,,
ESTAT:GOV_10A_MAIN(1.0),21/07/26 11:00:00,A,MIO_NAC,S1311,B9,CZ,2015,-58872.0,,
ESTAT:GOV_10A_MAIN(1.0),21/07/26 11:00:00,A,MIO_NAC,S1311,B9,CZ,2016,-21395.0,,
ESTAT:GOV_10A_MAIN(1.0),21/07/26 11:00:00,A,MIO_NAC,S1311,B9,CZ,2017,25529.0,,
ESTAT:GOV_10A_MAIN(1.0),21/07/26 11:00:00,A,MIO_NAC,S1311,B9,CZ,2018,8068.0,,
ESTAT:GOV_10A_MAIN(1.0),21/07/26 11:00:00,A,MIO_NAC,S1311,B9,CZ,2019,-32335.0,,
ESTAT:GOV_10A_MAIN(1.0),21/07/26 11:00:00,A,MIO_NAC,S1311,B9,CZ,2020,-344668.0,,
ESTAT:GOV_10A_MAIN(1.0),21/07/26 11:00:00,A,MIO_NAC,S1311,B9,CZ,2021,-358500.0,,
ESTAT:GOV_10A_MAIN(1.0),21/07/26 11:00:00,A,MIO_NAC,S1311,B9,CZ,2022,-281802.0,,
ESTAT:GOV_10A_MAIN(1.0),21/07/26 11:00:00,A,MIO_NAC,S1311,B9,CZ,2023,-346120.0,,
ESTAT:GOV_10A_MAIN(1.0),21/07/26 11:00:00,A,MIO_NAC,S1311,B9,CZ,2024,-205843.0,,
ESTAT:GOV_10A_MAIN(1.0),21/07/26 11:00:00,A,MIO_NAC,S1311,B9,CZ,2025,-197789.0,,
ESTAT:GOV_10A_MAIN(1.0),21/07/26 11:00:00,A,MIO_NAC,S1311,B9,DE,1995,-142372.0,,
ESTAT:GOV_10A_MAIN(1.0),21/07/26 11:00:00,A,MIO_NAC,S1311,B9,DE,1996,-34465.0,,
ESTAT:GOV_10A_MAIN(1.0),21/07/26 11:00:00,A,MIO_NAC,S1311,B9,DE,1997,-31126.0,,
ESTAT:GOV_10A_MAIN(1.0),21/07/26 11:00:00,A,MIO_NAC,S1311,B9,DE,1998,-36868.0,,
ESTAT:GOV_10A_MAIN(1.0),21/07/26 11:00:00,A,MIO_NAC,S1311,B9,DE,1999,-29786.0,,
ESTAT:GOV_10A_MAIN(1.0),21/07/26 11:00:00,A,MIO_NAC,S1311,B9,DE,2000,-23805.0,,
ESTAT:GOV_10A_MAIN(1.0),21/07/26 11:00:00,A,MIO_NAC,S1311,B9,DE,2001,-24788.0,,
ESTAT:GOV_10A_MAIN(1.0),21/07/26 11:00:00,A,MIO_NAC,S1311,B9,DE,2002,-38238.0,,
ESTAT:GOV_10A_MAIN(1.0),21/07/26 11:00:00,A,MIO_NAC,S1311,B9,DE,2003,-31329.0,,
ESTAT:GOV_10A_MAIN(1.0),21/07/26 11:00:00,A,MIO_NAC,S1311,B9,DE,2004,-41551.0,,
ESTAT:GOV_10A_MAIN(1.0),21/07/26 11:00:00,A,MIO_NAC,S1311,B9,DE,2005,-46939.0,,
ESTAT:GOV_10A_MAIN(1.0),21/07/26 11:00:00,A,MIO_NAC,S1311,B9,DE,2006,-33650.0,,
ESTAT:GOV_10A_MAIN(1.0),21/07/26 11:00:00,A,MIO_NAC,S1311,B9,DE,2007,-14565.0,,
ESTAT:GOV_10A_MAIN(1.0),21/07/26 11:00:00,A,MIO_NAC,S1311,B9,DE,2008,-14237.0,,
ESTAT:GOV_10A_MAIN(1.0),21/07/26 11:00:00,A,MIO_NAC,S1311,B9,DE,2009,-37321.0,,
ESTAT:GOV_10A_MAIN(1.0),21/07/26 11:00:00,A,MIO_NAC,S1311,B9,DE,2010,-87612.0,,
ESTAT:GOV_10A_MAIN(1.0),21/07/26 11:00:00,A,MIO_NAC,S1311,B9,DE,2011,-25697.0,,
ESTAT:GOV_10A_MAIN(1.0),21/07/26 11:00:00,A,MIO_NAC,S1311,B9,DE,2012,-16102.0,,
ESTAT:GOV_10A_MAIN(1.0),21/07/26 11:00:00,A,MIO_NAC,S1311,B9,DE,2013,132.0,,
ESTAT:GOV_10A_MAIN(1.0),21/07/26 11:00:00,A,MIO_NAC,S1311,B9,DE,2014,17023.0,,
ESTAT:GOV_10A_MAIN(1.0),21/07/26 11:00:00,A,MIO_NAC,S1311,B9,DE,2015,17956.0,,
ESTAT:GOV_10A_MAIN(1.0),21/07/26 11:00:00,A,MIO_NAC,S1311,B9,DE,2016,14999.0,,
ESTAT:GOV_10A_MAIN(1.0),21/07/26 11:00:00,A,MIO_NAC,S1311,B9,DE,2017,10266.0,,
ESTAT:GOV_10A_MAIN(1.0),21/07/26 11:00:00,A,MIO_NAC,S1311,B9,DE,2018,22400.0,,
ESTAT:GOV_10A_MAIN(1.0),21/07/26 11:00:00,A,MIO_NAC,S1311,B9,DE,2019,18184.0,,
ESTAT:GOV_10A_MAIN(1.0),21/07/26 11:00:00,A,MIO_NAC,S1311,B9,DE,2020,-91289.0,,
ESTAT:GOV_10A_MAIN(1.0),21/07/26 11:00:00,A,MIO_NAC,S1311,B9,DE,2021,-132057.0,,
ESTAT:GOV_10A_MAIN(1.0),21/07/26 11:00:00,A,MIO_NAC,S1311,B9,DE,2022,-111159.0,,
ESTAT:GOV_10A_MAIN(1.0),21/07/26 11:00:00,A,MIO_NAC,S1311,B9,DE,2023,-92720.0,,
ESTAT:GOV_10A_MAIN(1.0),21/07/26 11:00:00,A,MIO_NAC,S1311,B9,DE,2024,-60916.0,,
ESTAT:GOV_10A_MAIN(1.0),21/07/26 11:00:00,A,MIO_NAC,S1311,B9,DE,2025,-79561.0,,
ESTAT:GOV_10A_MAIN(1.0),21/07/26 11:00:00,A,MIO_NAC,S1311,B9,DK,1995,-38535.0,,
ESTAT:GOV_10A_MAIN(1.0),21/07/26 11:00:00,A,MIO_NAC,S1311,B9,DK,1996,-22535.0,,
ESTAT:GOV_10A_MAIN(1.0),21/07/26 11:00:00,A,MIO_NAC,S1311,B9,DK,1997,-10960.0,,
ESTAT:GOV_10A_MAIN(1.0),21/07/26 11:00:00,A,MIO_NAC,S1311,B9,DK,1998,-1704.0,,
ESTAT:GOV_10A_MAIN(1.0),21/07/26 11:00:00,A,MIO_NAC,S1311,B9,DK,1999,3991.0,,
ESTAT:GOV_10A_MAIN(1.0),21/07/26 11:00:00,A,MIO_NAC,S1311,B9,DK,2000,17039.0,,
ESTAT:GOV_10A_MAIN(1.0),21/07/26 11:00:00,A,MIO_NAC,S1311,B9,DK,2001,9592.0,,
ESTAT:GOV_10A_MAIN(1.0),21/07/26 11:00:00,A,MIO_NAC,S1311,B9,DK,2002,7281.0,,
ESTAT:GOV_10A_MAIN(1.0),21/07/26 11:00:00,A,MIO_NAC,S1311,B9,DK,2003,9472.0,,
ESTAT:GOV_10A_MAIN(1.0),21/07/26 11:00:00,A,MIO_NAC,S1311,B9,DK,2004,31413.0,,
ESTAT:GOV_10A_MAIN(1.0),21/07/26 11:00:00,A,MIO_NAC,S1311,B9,DK,2005,89150.0,,
ESTAT:GOV_10A_MAIN(1.0),21/07/26 11:00:00,A,MIO_NAC,S1311,B9,DK,2006,91857.0,,
ESTAT:GOV_10A_MAIN(1.0),21/07/26 11:00:00,A,MIO_NAC,S1311,B9,DK,2007,96343.0,,
ESTAT:GOV_10A_MAIN(1.0),21/07/26 11:00:00,A,MIO_NAC,S1311,B9,DK,2008,69305.0,,
ESTAT:GOV_10A_MAIN(1.0),21/07/26 11:00:00,A,MIO_NAC,S1311,B9,DK,2009,-35471.0,,
ESTAT:GOV_10A_MAIN(1.0),21/07/26 11:00:00,A,MIO_NAC,S1311,B9,DK,2010,-44621.0,,
ESTAT:GOV_10A_MAIN(1.0),21/07/26 11:00:00,A,MIO_NAC,S1311,B9,DK,2011,-35542.0,,
ESTAT:GOV_10A_MAIN(1.0),21/07/26 11:00:00,A,MIO_NAC,S1311,B9,DK,2012,-62113.0,,
ESTAT:GOV_10A_MAIN(1.0),21/07/26 11:00:00,A,MIO_NAC,S1311,B9,DK,2013,-22889.0,,
ESTAT:GOV_10A_MAIN(1.0),21/07/26 11:00:00,A,MIO_NAC,S1311,B9,DK,2014,24358.0,,
ESTAT:GOV_10A_MAIN(1.0),21/07/26 11:00:00,A,MIO_NAC,S1311,B9,DK,2015,-23583.0,,
ESTAT:GOV_10A_MAIN(1.0),21/07/26 11:00:00,A,MIO_NAC,S1311,B9,DK,2016,-1751.0,,
ESTAT:GOV_10A_MAIN(1.0),21/07/26 11:00:00,A,MIO_NAC,S1311,B9,DK,2017,31880.0,,
ESTAT:GOV_10A_MAIN(1.0),21/07/26 11:00:00,A,MIO_NAC,S1311,B9,DK,2018,18067.0,,
ESTAT:GOV_10A_MAIN(1.0),21/07/26 11:00:00,A,MIO_NAC,S1311,B9,DK,2019,93924.0,,
ESTAT:GOV_10A_MAIN(1.0),21/07/26 11:00:00,A,MIO_NAC,S1311,B9,DK,2020,1531.0,,
ESTAT:GOV_10A_MAIN(1.0),21/07/26 11:00:00,A,MIO_NAC,S1311,B9,DK,2021,97016.0,,
ESTAT:GOV_10A_MAIN(1.0),21/07/26 11:00:00,A,MIO_NAC,S1311,B9,DK,2022,92173.0,,
ESTAT:GOV_10A_MAIN(1.0),21/07/26 11:00:00,A,MIO_NAC,S1311,B9,DK,2023,91998.0,,
ESTAT:GOV_10A_MAIN(1.0),21/07/26 11:00:00,A,MIO_NAC,S1311,B9,DK,2024,112147.0,,
ESTAT:GOV_10A_MAIN(1.0),21/07/26 11:00:00,A,MIO_NAC,S1311,B9,DK,2025,89748.0,,
ESTAT:GOV_10A_MAIN(1.0),21/07/26 11:00:00,A,MIO_NAC,S1311,B9,EA19,1995,-367470.9,,
ESTAT:GOV_10A_MAIN(1.0),21/07/26 11:00:00,A,MIO_NAC,S1311,B9,EA19,1996,-217245.1,,
ESTAT:GOV_10A_MAIN(1.0),21/07/26 11:00:00,A,MIO_NAC,S1311,B9,EA19,1997,-160794.4,,
ESTAT:GOV_10A_MAIN(1.0),21/07/26 11:00:00,A,MIO_NAC,S1311,B9,EA19,1998,-138397.2,,
ESTAT:GOV_10A_MAIN(1.0),21/07/26 11:00:00,A,MIO_NAC,S1311,B9,EA19,1999,-119410.9,,
ESTAT:GOV_10A_MAIN(1.0),21/07/26 11:00:00,A,MIO_NAC,S1311,B9,EA19,2000,-106767.7,,
ESTAT:GOV_10A_MAIN(1.0),21/07/26 11:00:00,A,MIO_NAC,S1311,B9,EA19,2001,-123016.2,,
ESTAT:GOV_10A_MAIN(1.0),21/07/26 11:00:00,A,MIO_NAC,S1311,B9,EA19,2002,-166767.7,,
ESTAT:GOV_10A_MAIN(1.0),21/07/26 11:00:00,A,MIO_NAC,S1311,B9,EA19,2003,-188847.6,,
ESTAT:GOV_10A_MAIN(1.0),21/07/26 11:00:00,A,MIO_NAC,S1311,B9,EA19,2004,-192467.7,,
ESTAT:GOV_10A_MAIN(1.0),21/07/26 11:00:00,A,MIO_NAC,S1311,B9,EA19,2005,-186366.1,,
ESTAT:GOV_10A_MAIN(1.0),21/07/26 11:00:00,A,MIO_NAC,S1311,B9,EA19,2006,-139134.7,,
ESTAT:GOV_10A_MAIN(1.0),21/07/26 11:00:00,A,MIO_NAC,S1311,B9,EA19,2007,-108986.9,,
ESTAT:GOV_10A_MAIN(1.0),21/07/26 11:00:00,A,MIO_NAC,S1311,B9,EA19,2008,-220229.0,,
ESTAT:GOV_10A_MAIN(1.0),21/07/26 11:00:00,A,MIO_NAC,S1311,B9,EA19,2009,-466874.5,,
ESTAT:GOV_10A_MAIN(1.0),21/07/26 11:00:00,A,MIO_NAC,S1311,B9,EA19,2010,-483286.5,,
ESTAT:GOV_10A_MAIN(1.0),21/07/26 11:00:00,A,MIO_NAC,S1311,B9,EA19,2011,-326747.2,,
ESTAT:GOV_10A_MAIN(1.0),21/07/26 11:00:00,A,MIO_NAC,S1311,B9,EA19,2012,-352724.3,,
ESTAT:GOV_10A_MAIN(1.0),21/07/26 11:00:00,A,MIO_NAC,S1311,B9,EA19,2013,-280445.2,,
ESTAT:GOV_10A_MAIN(1.0),21/07/26 11:00:00,A,MIO_NAC,S1311,B9,EA19,2014,-224343.4,,
ESTAT:GOV_10A_MAIN(1.0),21/07/26 11:00:00,A,MIO_NAC,S1311,B9,EA19,2015,-196866.1,,
ESTAT:GOV_10A_MAIN(1.0),21/07/26 11:00:00,A,MIO_NAC,S1311,B9,EA19,2016,-182112.7,,
ESTAT:GOV_10A_MAIN(1.0),21/07/26 11:00:00,A,MIO_NAC,S1311,B9,EA19,2017,-161820.1,,
ESTAT:GOV_10A_MAIN(1.0),21/07/26 11:00:00,A,MIO_NAC,S1311,B9,EA19,2018,-115326.6,,
ESTAT:GOV_10A_MAIN(1.0),21/07/26 11:00:00,A,MIO_NAC,S1311,B9,EA19,2019,-104153.9,,
ESTAT:GOV_10A_MAIN(1.0),21/07/26 11:00:00,A,MIO_NAC,S1311,B9,EA19,2020,-663059.9,,
ESTAT:GOV_10A_MAIN(1.0),21/07/26 11:00:00,A,MIO_NAC,S1311,B9,EA19,2021,-637506.1,,
ESTAT:GOV_10A_MAIN(1.0),21/07/26 11:00:00,A,MIO_NAC,S1311,B9,EA19,2022,-509044.1,,
ESTAT:GOV_10A_MAIN(1.0),21/07/26 11:00:00,A,MIO_NAC,S1311,B9,EA19,2023,-515520.1,,
ESTAT:GOV_10A_MAIN(1.0),21/07/26 11:00:00,A,MIO_NAC,S1311,B9,EA19,2024,-401806.1,,
ESTAT:GOV_10A_MAIN(1.0),21/07/26 11:00:00,A,MIO_NAC,S1311,B9,EA19,2025,-409580.8,,
ESTAT:GOV_10A_MAIN(1.0),21/07/26 11:00:00,A,MIO_NAC,S1311,B9,EA20,1995,-367601.7,,
ESTAT:GOV_10A_MAIN(1.0),21/07/26 11:00:00,A,MIO_NAC,S1311,B9,EA20,1996,-218190.4,,
ESTAT:GOV_10A_MAIN(1.0),21/07/26 11:00:00,A,MIO_NAC,S1311,B9,EA20,1997,-160608.5,,
ESTAT:GOV_10A_MAIN(1.0),21/07/26 11:00:00,A,MIO_NAC,S1311,B9,EA20,1998,-138638.4,,
ESTAT:GOV_10A_MAIN(1.0),21/07/26 11:00:00,A,MIO_NAC,S1311,B9,EA20,1999,-120879.0,,
ESTAT:GOV_10A_MAIN(1.0),21/07/26 11:00:00,A,MIO_NAC,S1311,B9,EA20,2000,-108650.4,,
ESTAT:GOV_10A_MAIN(1.0),21/07/26 11:00:00,A,MIO_NAC,S1311,B9,EA20,2001,-124250.5,,
ESTAT:GOV_10A_MAIN(1.0),21/07/26 11:00:00,A,MIO_NAC,S1311,B9,EA20,2002,-167731.4,,
ESTAT:GOV_10A_MAIN(1.0),21/07/26 11:00:00,A,MIO_NAC,S1311,B9,EA20,2003,-190150.8,,
ESTAT:GOV_10A_MAIN(1.0),21/07/26 11:00:00,A,MIO_NAC,S1311,B9,EA20,2004,-194197.4,,
ESTAT:GOV_10A_MAIN(1.0),21/07/26 11:00:00,A,MIO_NAC,S1311,B9,EA20,2005,-187262.8,,
ESTAT:GOV_10A_MAIN(1.0),21/07/26 11:00:00,A,MIO_NAC,S1311,B9,EA20,2006,-139807.7,,
ESTAT:GOV_10A_MAIN(1.0),21/07/26 11:00:00,A,MIO_NAC,S1311,B9,EA20,2007,-109965.5,,
ESTAT:GOV_10A_MAIN(1.0),21/07/26 11:00:00,A,MIO_NAC,S1311,B9,EA20,2008,-221273.2,,
ESTAT:GOV_10A_MAIN(1.0),21/07/26 11:00:00,A,MIO_NAC,S1311,B9,EA20,2009,-469709.4,,
ESTAT:GOV_10A_MAIN(1.0),21/07/26 11:00:00,A,MIO_NAC,S1311,B9,EA20,2010,-486314.7,,
ESTAT:GOV_10A_MAIN(1.0),21/07/26 11:00:00,A,MIO_NAC,S1311,B9,EA20,2011,-330096.0,,
ESTAT:GOV_10A_MAIN(1.0),21/07/26 11:00:00,A,MIO_NAC,S1311,B9,EA20,2012,-355008.3,,
ESTAT:GOV_10A_MAIN(1.0),21/07/26 11:00:00,A,MIO_NAC,S1311,B9,EA20,2013,-283120.1,,
ESTAT:GOV_10A_MAIN(1.0),21/07/26 11:00:00,A,MIO_NAC,S1311,B9,EA20,2014,-226474.5,,
ESTAT:GOV_10A_MAIN(1.0),21/07/26 11:00:00,A,MIO_NAC,S1311,B9,EA20,2015,-198256.4,,
ESTAT:GOV_10A_MAIN(1.0),21/07/26 11:00:00,A,MIO_NAC,S1311,B9,EA20,2016,-182669.7,,
ESTAT:GOV_10A_MAIN(1.0),21/07/26 11:00:00,A,MIO_NAC,S1311,B9,EA20,2017,-161562.7,,
ESTAT:GOV_10A_MAIN(1.0),21/07/26 11:00:00,A,MIO_NAC,S1311,B9,EA20,2018,-115317.3,,
ESTAT:GOV_10A_MAIN(1.0),21/07/26 11:00:00,A,MIO_NAC,S1311,B9,EA20,2019,-103876.7,,
ESTAT:GOV_10A_MAIN(1.0),21/07/26 11:00:00,A,MIO_NAC,S1311,B9,EA20,2020,-666208.1,,
ESTAT:GOV_10A_MAIN(1.0),21/07/26 11:00:00,A,MIO_NAC,S1311,B9,EA20,2021,-639063.4,,
ESTAT:GOV_10A_MAIN(1.0),21/07/26 11:00:00,A,MIO_NAC,S1311,B9,EA20,2022,-509472.4,,
ESTAT:GOV_10A_MAIN(1.0),21/07/26 11:00:00,A,MIO_NAC,S1311,B9,EA20,2023,-516725.2,,
ESTAT:GOV_10A_MAIN(1.0),21/07/26 11:00:00,A,MIO_NAC,S1311,B9,EA20,2024,-404034.8,,
ESTAT:GOV_10A_MAIN(1.0),21/07/26 11:00:00,A,MIO_NAC,S1311,B9,EA20,2025,-411872.2,,
ESTAT:GOV_10A_MAIN(1.0),21/07/26 11:00:00,A,MIO_NAC,S1311,B9,EA21,1995,-368318.5,,
ESTAT:GOV_10A_MAIN(1.0),21/07/26 11:00:00,A,MIO_NAC,S1311,B9,EA21,1996,-218929.5,,
ESTAT:GOV_10A_MAIN(1.0),21/07/26 11:00:00,A,MIO_NAC,S1311,B9,EA21,1997,-160479.8,,
ESTAT:GOV_10A_MAIN(1.0),21/07/26 11:00:00,A,MIO_NAC,S1311,B9,EA21,1998,-138440.8,,
ESTAT:GOV_10A_MAIN(1.0),21/07/26 11:00:00,A,MIO_NAC,S1311,B9,EA21,1999,-120890.8,,
ESTAT:GOV_10A_MAIN(1.0),21/07/26 11:00:00,A,MIO_NAC,S1311,B9,EA21,2000,-108779.6,,
ESTAT:GOV_10A_MAIN(1.0),21/07/26 11:00:00,A,MIO_NAC,S1311,B9,EA21,2001,-124221.1,,
ESTAT:GOV_10A_MAIN(1.0),21/07/26 11:00:00,A,MIO_NAC,S1311,B9,EA21,2002,-168035.6,,
ESTAT:GOV_10A_MAIN(1.0),21/07/26 11:00:00,A,MIO_NAC,S1311,B9,EA21,2003,-190185.1,,
ESTAT:GOV_10A_MAIN(1.0),21/07/26 11:00:00,A,MIO_NAC,S1311,B9,EA21,2004,-193910.6,,
ESTAT:GOV_10A_MAIN(1.0),21/07/26 11:00:00,A,MIO_NAC,S1311,B9,EA21,2005,-186785.7,,
ESTAT:GOV_10A_MAIN(1.0),21/07/26 11:00:00,A,MIO_NAC,S1311,B9,EA21,2006,-139000.5,,
ESTAT:GOV_10A_MAIN(1.0),21/07/26 11:00:00,A,MIO_NAC,S1311,B9,EA21,2007,-109975.3,,
ESTAT:GOV_10A_MAIN(1.0),21/07/26 11:00:00,A,MIO_NAC,S1311,B9,EA21,2008,-220701.9,,
ESTAT:GOV_10A_MAIN(1.0),21/07/26 11:00:00,A,MIO_NAC,S1311,B9,EA21,2009,-471183.8,,
ESTAT:GOV_10A_MAIN(1.0),21/07/26 11:00:00,A,MIO_NAC,S1311,B9,EA21,2010,-487301.7,,
ESTAT:GOV_10A_MAIN(1.0),21/07/26 11:00:00,A,MIO_NAC,S1311,B9,EA21,2011,-330858.8,,
ESTAT:GOV_10A_MAIN(1.0),21/07/26 11:00:00,A,MIO_NAC,S1311,B9,EA21,2012,-355494.1,,
ESTAT:GOV_10A_MAIN(1.0),21/07/26 11:00:00,A,MIO_NAC,S1311,B9,EA21,2013,-283580.0,,
ESTAT:GOV_10A_MAIN(1.0),21/07/26 11:00:00,A,MIO_NAC,S1311,B9,EA21,2014,-228871.8,,
ESTAT:GOV_10A_MAIN(1.0),21/07/26 11:00:00,A,MIO_NAC,S1311,B9,EA21,2015,-198662.6,,
ESTAT:GOV_10A_MAIN(1.0),21/07/26 11:00:00,A,MIO_NAC,S1311,B9,EA21,2016,-182562.1,,
ESTAT:GOV_10A_MAIN(1.0),21/07/26 11:00:00,A,MIO_NAC,S1311,B9,EA21,2017,-160800.7,,
ESTAT:GOV_10A_MAIN(1.0),21/07/26 11:00:00,A,MIO_NAC,S1311,B9,EA21,2018,-114477.3,,
ESTAT:GOV_10A_MAIN(1.0),21/07/26 11:00:00,A,MIO_NAC,S1311,B9,EA21,2019,-102618.3,,
ESTAT:GOV_10A_MAIN(1.0),21/07/26 11:00:00,A,MIO_NAC,S1311,B9,EA21,2020,-668833.8,,
ESTAT:GOV_10A_MAIN(1.0),21/07/26 11:00:00,A,MIO_NAC,S1311,B9,EA21,2021,-642372.4,,
ESTAT:GOV_10A_MAIN(1.0),21/07/26 11:00:00,A,MIO_NAC,S1311,B9,EA21,2022,-511906.7,,
ESTAT:GOV_10A_MAIN(1.0),21/07/26 11:00:00,A,MIO_NAC,S1311,B9,EA21,2023,-518556.2,,
ESTAT:GOV_10A_MAIN(1.0),21/07/26 11:00:00,A,MIO_NAC,S1311,B9,EA21,2024,-406757.6,,
ESTAT:GOV_10A_MAIN(1.0),21/07/26 11:00:00,A,MIO_NAC,S1311,B9,EA21,2025,-415726.6,,
ESTAT:GOV_10A_MAIN(1.0),21/07/26 11:00:00,A,MIO_NAC,S1311,B9,EE,1995,11.4,,
ESTAT:GOV_10A_MAIN(1.0),21/07/26 11:00:00,A,MIO_NAC,S1311,B9,EE,1996,-7.6,,
ESTAT:GOV_10A_MAIN(1.0),21/07/26 11:00:00,A,MIO_NAC,S1311,B9,EE,1997,75.9,,
ESTAT:GOV_10A_MAIN(1.0),21/07/26 11:00:00,A,MIO_NAC,S1311,B9,EE,1998,-24.1,,
ESTAT:GOV_10A_MAIN(1.0),21/07/26 11:00:00,A,MIO_NAC,S1311,B9,EE,1999,-151.0,,
ESTAT:GOV_10A_MAIN(1.0),21/07/26 11:00:00,A,MIO_NAC,S1311,B9,EE,2000,12.7,,
ESTAT:GOV_10A_MAIN(1.0),21/07/26 11:00:00,A,MIO_NAC,S1311,B9,EE,2001,30.2,,
ESTAT:GOV_10A_MAIN(1.0),21/07/26 11:00:00,A,MIO_NAC,S1311,B9,EE,2002,18.4,,
ESTAT:GOV_10A_MAIN(1.0),21/07/26 11:00:00,A,MIO_NAC,S1311,B9,EE,2003,142.1,,
ESTAT:GOV_10A_MAIN(1.0),21/07/26 11:00:00,A,MIO_NAC,S1311,B9,EE,2004,264.4,,
ESTAT:GOV_10A_MAIN(1.0),21/07/26 11:00:00,A,MIO_NAC,S1311,B9,EE,2005,114.6,,
ESTAT:GOV_10A_MAIN(1.0),21/07/26 11:00:00,A,MIO_NAC,S1311,B9,EE,2006,337.0,,
ESTAT:GOV_10A_MAIN(1.0),21/07/26 11:00:00,A,MIO_NAC,S1311,B9,EE,2007,427.7,,
ESTAT:GOV_10A_MAIN(1.0),21/07/26 11:00:00,A,MIO_NAC,S1311,B9,EE,2008,-373.4,,
ESTAT:GOV_10A_MAIN(1.0),21/07/26 11:00:00,A,MIO_NAC,S1311,B9,EE,2009,-222.9,,
ESTAT:GOV_10A_MAIN(1.0),21/07/26 11:00:00,A,MIO_NAC,S1311,B9,EE,2010,-171.8,,
ESTAT:GOV_10A_MAIN(1.0),21/07/26 11:00:00,A,MIO_NAC,S1311,B9,EE,2011,-59.3,,
ESTAT:GOV_10A_MAIN(1.0),21/07/26 11:00:00,A,MIO_NAC,S1311,B9,EE,2012,-144.9,,
ESTAT:GOV_10A_MAIN(1.0),21/07/26 11:00:00,A,MIO_NAC,S1311,B9,EE,2013,-12.0,,
ESTAT:GOV_10A_MAIN(1.0),21/07/26 11:00:00,A,MIO_NAC,S1311,B9,EE,2014,135.2,,
ESTAT:GOV_10A_MAIN(1.0),21/07/26 11:00:00,A,MIO_NAC,S1311,B9,EE,2015,1.7,,
ESTAT:GOV_10A_MAIN(1.0),21/07/26 11:00:00,A,MIO_NAC,S1311,B9,EE,2016,-49.4,,
ESTAT:GOV_10A_MAIN(1.0),21/07/26 11:00:00,A,MIO_NAC,S1311,B9,EE,2017,-112.3,,
ESTAT:GOV_10A_MAIN(1.0),21/07/26 11:00:00,A,MIO_NAC,S1311,B9,EE,2018,-267.8,,
ESTAT:GOV_10A_MAIN(1.0),21/07/26 11:00:00,A,MIO_NAC,S1311,B9,EE,2019,-18.1,,
ESTAT:GOV_10A_MAIN(1.0),21/07/26 11:00:00,A,MIO_NAC,S1311,B9,EE,2020,-1176.6,,
ESTAT:GOV_10A_MAIN(1.0),21/07/26 11:00:00,A,MIO_NAC,S1311,B9,EE,2021,-813.8,,
ESTAT:GOV_10A_MAIN(1.0),21/07/26 11:00:00,A,MIO_NAC,S1311,B9,EE,2022,-394.3,,
ESTAT:GOV_10A_MAIN(1.0),21/07/26 11:00:00,A,MIO_NAC,S1311,B9,EE,2023,-976.7,,
ESTAT:GOV_10A_MAIN(1.0),21/07/26 11:00:00,A,MIO_NAC,S1311,B9,EE,2024,-334.2,,
ESTAT:GOV_10A_MAIN(1.0),21/07/26 11:00:00,A,MIO_NAC,S1311,B9,EE,2025,-660.9,,
ESTAT:GOV_10A_MAIN(1.0),21/07/26 11:00:00,A,MIO_NAC,S1311,B9,EL,1995,-10734.0,,
ESTAT:GOV_10A_MAIN(1.0),21/07/26 11:00:00,A,MIO_NAC,S1311,B9,EL,1996,-10525.0,,
ESTAT:GOV_10A_MAIN(1.0),21/07/26 11:00:00,A,MIO_NAC,S1311,B9,EL,1997,-9106.0,,
ESTAT:GOV_10A_MAIN(1.0),21/07/26 11:00:00,A,MIO_NAC,S1311,B9,EL,1998,-9773.0,,
ESTAT:GOV_10A_MAIN(1.0),21/07/26 11:00:00,A,MIO_NAC,S1311,B9,EL,1999,-9937.0,,
ESTAT:GOV_10A_MAIN(1.0),21/07/26 11:00:00,A,MIO_NAC,S1311,B9,EL,2000,-8328.0,,
ESTAT:GOV_10A_MAIN(1.0),21/07/26 11:00:00,A,MIO_NAC,S1311,B9,EL,2001,-10715.0,,
ESTAT:GOV_10A_MAIN(1.0),21/07/26 11:00:00,A,MIO_NAC,S1311,B9,EL,2002,-13235.0,,
ESTAT:GOV_10A_MAIN(1.0),21/07/26 11:00:00,A,MIO_NAC,S1311,B9,EL,2003,-17819.0,,
ESTAT:GOV_10A_MAIN(1.0),21/07/26 11:00:00,A,MIO_NAC,S1311,B9,EL,2004,-20356.0,,
ESTAT:GOV_10A_MAIN(1.0),21/07/26 11:00:00,A,MIO_NAC,S1311,B9,EL,2005,-14435.0,,
ESTAT:GOV_10A_MAIN(1.0),21/07/26 11:00:00,A,MIO_NAC,S1311,B9,EL,2006,-14401.0,,
ESTAT:GOV_10A_MAIN(1.0),21/07/26 11:00:00,A,MIO_NAC,S1311,B9,EL,2007,-16951.0,,
ESTAT:GOV_10A_MAIN(1.0),21/07/26 11:00:00,A,MIO_NAC,S1311,B9,EL,2008,-26658.0,,
ESTAT:GOV_10A_MAIN(1.0),21/07/26 11:00:00,A,MIO_NAC,S1311,B9,EL,2009,-35986.0,,
ESTAT:GOV_10A_MAIN(1.0),21/07/26 11:00:00,A,MIO_NAC,S1311,B9,EL,2010,-24354.0,,
ESTAT:GOV_10A_MAIN(1.0),21/07/26 11:00:00,A,MIO_NAC,S1311,B9,EL,2011,-19394.0,,
ESTAT:GOV_10A_MAIN(1.0),21/07/26 11:00:00,A,MIO_NAC,S1311,B9,EL,2012,-16205.0,,
ESTAT:GOV_10A_MAIN(1.0),21/07/26 11:00:00,A,MIO_NAC,S1311,B9,EL,2013,-28056.0,,
ESTAT:GOV_10A_MAIN(1.0),21/07/26 11:00:00,A,MIO_NAC,S1311,B9,EL,2014,-7888.0,,
ESTAT:GOV_10A_MAIN(1.0),21/07/26 11:00:00,A,MIO_NAC,S1311,B9,EL,2015,-9888.0,,
ESTAT:GOV_10A_MAIN(1.0),21/07/26 11:00:00,A,MIO_NAC,S1311,B9,EL,2016,-1712.0,,
ESTAT:GOV_10A_MAIN(1.0),21/07/26 11:00:00,A,MIO_NAC,S1311,B9,EL,2017,-1997.0,,
ESTAT:GOV_10A_MAIN(1.0),21/07/26 11:00:00,A,MIO_NAC,S1311,B9,EL,2018,-2292.0,,
ESTAT:GOV_10A_MAIN(1.0),21/07/26 11:00:00,A,MIO_NAC,S1311,B9,EL,2019,192.0,,
ESTAT:GOV_10A_MAIN(1.0),21/07/26 11:00:00,A,MIO_NAC,S1311,B9,EL,2020,-17236.0,,
ESTAT:GOV_10A_MAIN(1.0),21/07/26 11:00:00,A,MIO_NAC,S1311,B9,EL,2021,-14804.0,,
ESTAT:GOV_10A_MAIN(1.0),21/07/26 11:00:00,A,MIO_NAC,S1311,B9,EL,2022,-7717.0,,
ESTAT:GOV_10A_MAIN(1.0),21/07/26 11:00:00,A,MIO_NAC,S1311,B9,EL,2023,-3553.0,,
ESTAT:GOV_10A_MAIN(1.0),21/07/26 11:00:00,A,MIO_NAC,S1311,B9,EL,2024,2069.0,,
ESTAT:GOV_10A_MAIN(1.0),21/07/26 11:00:00,A,MIO_NAC,S1311,B9,EL,2025,2302.0,,
ESTAT:GOV_10A_MAIN(1.0),21/07/26 11:00:00,A,MIO_NAC,S1311,B9,ES,1995,-25670.0,,
ESTAT:GOV_10A_MAIN(1.0),21/07/26 11:00:00,A,MIO_NAC,S1311,B9,ES,1996,-20561.0,,
ESTAT:GOV_10A_MAIN(1.0),21/07/26 11:00:00,A,MIO_NAC,S1311,B9,ES,1997,-15271.0,,
ESTAT:GOV_10A_MAIN(1.0),21/07/26 11:00:00,A,MIO_NAC,S1311,B9,ES,1998,-11020.0,,
ESTAT:GOV_10A_MAIN(1.0),21/07/26 11:00:00,A,MIO_NAC,S1311,B9,ES,1999,-7278.0,,
ESTAT:GOV_10A_MAIN(1.0),21/07/26 11:00:00,A,MIO_NAC,S1311,B9,ES,2000,-7867.0,,
ESTAT:GOV_10A_MAIN(1.0),21/07/26 11:00:00,A,MIO_NAC,S1311,B9,ES,2001,-4353.0,,
ESTAT:GOV_10A_MAIN(1.0),21/07/26 11:00:00,A,MIO_NAC,S1311,B9,ES,2002,-3856.0,,
ESTAT:GOV_10A_MAIN(1.0),21/07/26 11:00:00,A,MIO_NAC,S1311,B9,ES,2003,-5227.0,,
ESTAT:GOV_10A_MAIN(1.0),21/07/26 11:00:00,A,MIO_NAC,S1311,B9,ES,2004,-8941.0,,
ESTAT:GOV_10A_MAIN(1.0),21/07/26 11:00:00,A,MIO_NAC,S1311,B9,ES,2005,4648.0,,
ESTAT:GOV_10A_MAIN(1.0),21/07/26 11:00:00,A,MIO_NAC,S1311,B9,ES,2006,8116.0,,
ESTAT:GOV_10A_MAIN(1.0),21/07/26 11:00:00,A,MIO_NAC,S1311,B9,ES,2007,13262.0,,
ESTAT:GOV_10A_MAIN(1.0),21/07/26 11:00:00,A,MIO_NAC,S1311,B9,ES,2008,-33616.0,,
ESTAT:GOV_10A_MAIN(1.0),21/07/26 11:00:00,A,MIO_NAC,S1311,B9,ES,2009,-100391.0,,
ESTAT:GOV_10A_MAIN(1.0),21/07/26 11:00:00,A,MIO_NAC,S1311,B9,ES,2010,-52075.0,,
ESTAT:GOV_10A_MAIN(1.0),21/07/26 11:00:00,A,MIO_NAC,S1311,B9,ES,2011,-38966.0,,
ESTAT:GOV_10A_MAIN(1.0),21/07/26 11:00:00,A,MIO_NAC,S1311,B9,ES,2012,-91769.0,,
ESTAT:GOV_10A_MAIN(1.0),21/07/26 11:00:00,A,MIO_NAC,S1311,B9,ES,2013,-54769.0,,
ESTAT:GOV_10A_MAIN(1.0),21/07/26 11:00:00,A,MIO_NAC,S1311,B9,ES,2014,-38860.0,,
ESTAT:GOV_10A_MAIN(1.0),21/07/26 11:00:00,A,MIO_NAC,S1311,B9,ES,2015,-30123.0,,
ESTAT:GOV_10A_MAIN(1.0),21/07/26 11:00:00,A,MIO_NAC,S1311,B9,ES,2016,-27522.0,,
ESTAT:GOV_10A_MAIN(1.0),21/07/26 11:00:00,A,MIO_NAC,S1311,B9,ES,2017,-21694.0,,
ESTAT:GOV_10A_MAIN(1.0),21/07/26 11:00:00,A,MIO_NAC,S1311,B9,ES,2018,-16805.0,,
ESTAT:GOV_10A_MAIN(1.0),21/07/26 11:00:00,A,MIO_NAC,S1311,B9,ES,2019,-18969.0,,
ESTAT:GOV_10A_MAIN(1.0),21/07/26 11:00:00,A,MIO_NAC,S1311,B9,ES,2020,-85813.0,,
ESTAT:GOV_10A_MAIN(1.0),21/07/26 11:00:00,A,MIO_NAC,S1311,B9,ES,2021,-73547.0,,
ESTAT:GOV_10A_MAIN(1.0),21/07/26 11:00:00,A,MIO_NAC,S1311,B9,ES,2022,-41036.0,,
ESTAT:GOV_10A_MAIN(1.0),21/07/26 11:00:00,A,MIO_NAC,S1311,B9,ES,2023,-29822.0,,
ESTAT:GOV_10A_MAIN(1.0),21/07/26 11:00:00,A,MIO_NAC,S1311,B9,ES,2024,-46889.0,,
ESTAT:GOV_10A_MAIN(1.0),21/07/26 11:00:00,A,MIO_NAC,S1311,B9,ES,2025,-33168.0,,
ESTAT:GOV_10A_MAIN(1.0),21/07/26 11:00:00,A,MIO_NAC,S1311,B9,EU27_2020,1995,-403311.7,,
ESTAT:GOV_10A_MAIN(1.0),21/07/26 11:00:00,A,MIO_NAC,S1311,B9,EU27_2020,1996,-241948.1,,
ESTAT:GOV_10A_MAIN(1.0),21/07/26 11:00:00,A,MIO_NAC,S1311,B9,EU27_2020,1997,-177941.7,,
ESTAT:GOV_10A_MAIN(1.0),21/07/26 11:00:00,A,MIO_NAC,S1311,B9,EU27_2020,1998,-152421.6,,
ESTAT:GOV_10A_MAIN(1.0),21/07/26 11:00:00,A,MIO_NAC,S1311,B9,EU27_2020,1999,-121608.2,,
ESTAT:GOV_10A_MAIN(1.0),21/07/26 11:00:00,A,MIO_NAC,S1311,B9,EU27_2020,2000,-107358.3,,
ESTAT:GOV_10A_MAIN(1.0),21/07/26 11:00:00,A,MIO_NAC,S1311,B9,EU27_2020,2001,-122910.8,,
ESTAT:GOV_10A_MAIN(1.0),21/07/26 11:00:00,A,MIO_NAC,S1311,B9,EU27_2020,2002,-192431.9,,
ESTAT:GOV_10A_MAIN(1.0),21/07/26 11:00:00,A,MIO_NAC,S1311,B9,EU27_2020,2003,-215628.5,,
ESTAT:GOV_10A_MAIN(1.0),21/07/26 11:00:00,A,MIO_NAC,S1311,B9,EU27_2020,2004,-209816.6,,
ESTAT:GOV_10A_MAIN(1.0),21/07/26 11:00:00,A,MIO_NAC,S1311,B9,EU27_2020,2005,-192853.4,,
ESTAT:GOV_10A_MAIN(1.0),21/07/26 11:00:00,A,MIO_NAC,S1311,B9,EU27_2020,2006,-148571.0,,
ESTAT:GOV_10A_MAIN(1.0),21/07/26 11:00:00,A,MIO_NAC,S1311,B9,EU27_2020,2007,-110199.9,,
ESTAT:GOV_10A_MAIN(1.0),21/07/26 11:00:00,A,MIO_NAC,S1311,B9,EU27_2020,2008,-235203.3,,
ESTAT:GOV_10A_MAIN(1.0),21/07/26 11:00:00,A,MIO_NAC,S1311,B9,EU27_2020,2009,-515440.5,,
ESTAT:GOV_10A_MAIN(1.0),21/07/26 11:00:00,A,MIO_NAC,S1311,B9,EU27_2020,2010,-533556.9,,
ESTAT:GOV_10A_MAIN(1.0),21/07/26 11:00:00,A,MIO_NAC,S1311,B9,EU27_2020,2011,-369402.0,,
ESTAT:GOV_10A_MAIN(1.0),21/07/26 11:00:00,A,MIO_NAC,S1311,B9,EU27_2020,2012,-396517.6,,
ESTAT:GOV_10A_MAIN(1.0),21/07/26 11:00:00,A,MIO_NAC,S1311,B9,EU27_2020,2013,-319086.0,,
ESTAT:GOV_10A_MAIN(1.0),21/07/26 11:00:00,A,MIO_NAC,S1311,B9,EU27_2020,2014,-251446.5,,
ESTAT:GOV_10A_MAIN(1.0),21/07/26 11:00:00,A,MIO_NAC,S1311,B9,EU27_2020,2015,-217350.7,,
ESTAT:GOV_10A_MAIN(1.0),21/07/26 11:00:00,A,MIO_NAC,S1311,B9,EU27_2020,2016,-194841.1,,
ESTAT:GOV_10A_MAIN(1.0),21/07/26 11:00:00,A,MIO_NAC,S1311,B9,EU27_2020,2017,-173073.0,,
ESTAT:GOV_10A_MAIN(1.0),21/07/26 11:00:00,A,MIO_NAC,S1311,B9,EU27_2020,2018,-117837.7,,
ESTAT:GOV_10A_MAIN(1.0),21/07/26 11:00:00,A,MIO_NAC,S1311,B9,EU27_2020,2019,-102886.2,,
ESTAT:GOV_10A_MAIN(1.0),21/07/26 11:00:00,A,MIO_NAC,S1311,B9,EU27_2020,2020,-766052.3,,
ESTAT:GOV_10A_MAIN(1.0),21/07/26 11:00:00,A,MIO_NAC,S1311,B9,EU27_2020,2021,-686589.1,,
ESTAT:GOV_10A_MAIN(1.0),21/07/26 11:00:00,A,MIO_NAC,S1311,B9,EU27_2020,2022,-557271.5,,
ESTAT:GOV_10A_MAIN(1.0),21/07/26 11:00:00,A,MIO_NAC,S1311,B9,EU27_2020,2023,-586188.3,,
ESTAT:GOV_10A_MAIN(1.0),21/07/26 11:00:00,A,MIO_NAC,S1311,B9,EU27_2020,2024,-503487.9,,
ESTAT:GOV_10A_MAIN(1.0),21/07/26 11:00:00,A,MIO_NAC,S1311,B9,EU27_2020,2025,-525880.9,,
ESTAT:GOV_10A_MAIN(1.0),21/07/26 11:00:00,A,MIO_NAC,S1311,B9,FI,1995,-10865.0,,
ESTAT:GOV_10A_MAIN(1.0),21/07/26 11:00:00,A,MIO_NAC,S1311,B9,FI,1996,-7663.0,,
ESTAT:GOV_10A_MAIN(1.0),21/07/26 11:00:00,A,MIO_NAC,S1311,B9,FI,1997,-4003.0,,
ESTAT:GOV_10A_MAIN(1.0),21/07/26 11:00:00,A,MIO_NAC,S1311,B9,FI,1998,-1745.0,,
ESTAT:GOV_10A_MAIN(1.0),21/07/26 11:00:00,A,MIO_NAC,S1311,B9,FI,1999,-1444.0,,
ESTAT:GOV_10A_MAIN(1.0),21/07/26 11:00:00,A,MIO_NAC,S1311,B9,FI,2000,3502.0,,
ESTAT:GOV_10A_MAIN(1.0),21/07/26 11:00:00,A,MIO_NAC,S1311,B9,FI,2001,2016.0,,
ESTAT:GOV_10A_MAIN(1.0),21/07/26 11:00:00,A,MIO_NAC,S1311,B9,FI,2002,1348.0,,
ESTAT:GOV_10A_MAIN(1.0),21/07/26 11:00:00,A,MIO_NAC,S1311,B9,FI,2003,100.0,,
ESTAT:GOV_10A_MAIN(1.0),21/07/26 11:00:00,A,MIO_NAC,S1311,B9,FI,2004,-101.0,,
ESTAT:GOV_10A_MAIN(1.0),21/07/26 11:00:00,A,MIO_NAC,S1311,B9,FI,2005,68.0,,
ESTAT:GOV_10A_MAIN(1.0),21/07/26 11:00:00,A,MIO_NAC,S1311,B9,FI,2006,-312.0,,
ESTAT:GOV_10A_MAIN(1.0),21/07/26 11:00:00,A,MIO_NAC,S1311,B9,FI,2007,1736.0,,
ESTAT:GOV_10A_MAIN(1.0),21/07/26 11:00:00,A,MIO_NAC,S1311,B9,FI,2008,997.0,,
ESTAT:GOV_10A_MAIN(1.0),21/07/26 11:00:00,A,MIO_NAC,S1311,B9,FI,2009,-8256.0,,
ESTAT:GOV_10A_MAIN(1.0),21/07/26 11:00:00,A,MIO_NAC,S1311,B9,FI,2010,-10029.0,,
ESTAT:GOV_10A_MAIN(1.0),21/07/26 11:00:00,A,MIO_NAC,S1311,B9,FI,2011,-6384.0,,
ESTAT:GOV_10A_MAIN(1.0),21/07/26 11:00:00,A,MIO_NAC,S1311,B9,FI,2012,-7385.0,,
ESTAT:GOV_10A_MAIN(1.0),21/07/26 11:00:00,A,MIO_NAC,S1311,B9,FI,2013,-7548.0,,
ESTAT:GOV_10A_MAIN(1.0),21/07/26 11:00:00,A,MIO_NAC,S1311,B9,FI,2014,-7732.0,,
ESTAT:GOV_10A_MAIN(1.0),21/07/26 11:00:00,A,MIO_NAC,S1311,B9,FI,2015,-6308.0,,
ESTAT:GOV_10A_MAIN(1.0),21/07/26 11:00:00,A,MIO_NAC,S1311,B9,FI,2016,-5710.0,,
ESTAT:GOV_10A_MAIN(1.0),21/07/26 11:00:00,A,MIO_NAC,S1311,B9,FI,2017,-4008.0,,
ESTAT:GOV_10A_MAIN(1.0),21/07/26 11:00:00,A,MIO_NAC,S1311,B9,FI,2018,-2999.0,,
ESTAT:GOV_10A_MAIN(1.0),21/07/26 11:00:00,A,MIO_NAC,S1311,B9,FI,2019,-2667.0,,
ESTAT:GOV_10A_MAIN(1.0),21/07/26 11:00:00,A,MIO_NAC,S1311,B9,FI,2020,-13026.0,,
ESTAT:GOV_10A_MAIN(1.0),21/07/26 11:00:00,A,MIO_NAC,S1311,B9,FI,2021,-8188.0,,
ESTAT:GOV_10A_MAIN(1.0),21/07/26 11:00:00,A,MIO_NAC,S1311,B9,FI,2022,-3598.0,,
ESTAT:GOV_10A_MAIN(1.0),21/07/26 11:00:00,A,MIO_NAC,S1311,B9,FI,2023,-9191.0,,
ESTAT:GOV_10A_MAIN(1.0),21/07/26 11:00:00,A,MIO_NAC,S1311,B9,FI,2024,-10235.0,,
ESTAT:GOV_10A_MAIN(1.0),21/07/26 11:00:00,A,MIO_NAC,S1311,B9,FI,2025,-11675.0,,
ESTAT:GOV_10A_MAIN(1.0),21/07/26 11:00:00,A,MIO_NAC,S1311,B9,FR,1995,-49274.0,,
ESTAT:GOV_10A_MAIN(1.0),21/07/26 11:00:00,A,MIO_NAC,S1311,B9,FR,1996,-42761.0,,
ESTAT:GOV_10A_MAIN(1.0),21/07/26 11:00:00,A,MIO_NAC,S1311,B9,FR,1997,-46207.3,,
ESTAT:GOV_10A_MAIN(1.0),21/07/26 11:00:00,A,MIO_NAC,S1311,B9,FR,1998,-34596.3,,
ESTAT:GOV_10A_MAIN(1.0),21/07/26 11:00:00,A,MIO_NAC,S1311,B9,FR,1999,-30182.6,,
ESTAT:GOV_10A_MAIN(1.0),21/07/26 11:00:00,A,MIO_NAC,S1311,B9,FR,2000,-31762.4,,
ESTAT:GOV_10A_MAIN(1.0),21/07/26 11:00:00,A,MIO_NAC,S1311,B9,FR,2001,-32766.3,,
ESTAT:GOV_10A_MAIN(1.0),21/07/26 11:00:00,A,MIO_NAC,S1311,B9,FR,2002,-54464.9,,
ESTAT:GOV_10A_MAIN(1.0),21/07/26 11:00:00,A,MIO_NAC,S1311,B9,FR,2003,-61899.6,,
ESTAT:GOV_10A_MAIN(1.0),21/07/26 11:00:00,A,MIO_NAC,S1311,B9,FR,2004,-45868.5,,
ESTAT:GOV_10A_MAIN(1.0),21/07/26 11:00:00,A,MIO_NAC,S1311,B9,FR,2005,-48930.9,,
ESTAT:GOV_10A_MAIN(1.0),21/07/26 11:00:00,A,MIO_NAC,S1311,B9,FR,2006,-46082.3,,
ESTAT:GOV_10A_MAIN(1.0),21/07/26 11:00:00,A,MIO_NAC,S1311,B9,FR,2007,-51905.5,,
ESTAT:GOV_10A_MAIN(1.0),21/07/26 11:00:00,A,MIO_NAC,S1311,B9,FR,2008,-71531.0,,
ESTAT:GOV_10A_MAIN(1.0),21/07/26 11:00:00,A,MIO_NAC,S1311,B9,FR,2009,-119237.1,,
ESTAT:GOV_10A_MAIN(1.0),21/07/26 11:00:00,A,MIO_NAC,S1311,B9,FR,2010,-114834.9,,
ESTAT:GOV_10A_MAIN(1.0),21/07/26 11:00:00,A,MIO_NAC,S1311,B9,FR,2011,-93239.6,,
ESTAT:GOV_10A_MAIN(1.0),21/07/26 11:00:00,A,MIO_NAC,S1311,B9,FR,2012,-88741.8,,
ESTAT:GOV_10A_MAIN(1.0),21/07/26 11:00:00,A,MIO_NAC,S1311,B9,FR,2013,-85613.8,,
ESTAT:GOV_10A_MAIN(1.0),21/07/26 11:00:00,A,MIO_NAC,S1311,B9,FR,2014,-83691.0,,
ESTAT:GOV_10A_MAIN(1.0),21/07/26 11:00:00,A,MIO_NAC,S1311,B9,FR,2015,-79584.0,,
ESTAT:GOV_10A_MAIN(1.0),21/07/26 11:00:00,A,MIO_NAC,S1311,B9,FR,2016,-81898.2,,
ESTAT:GOV_10A_MAIN(1.0),21/07/26 11:00:00,A,MIO_NAC,S1311,B9,FR,2017,-81875.7,,
ESTAT:GOV_10A_MAIN(1.0),21/07/26 11:00:00,A,MIO_NAC,S1311,B9,FR,2018,-65607.2,,
ESTAT:GOV_10A_MAIN(1.0),21/07/26 11:00:00,A,MIO_NAC,S1311,B9,FR,2019,-67768.5,,
ESTAT:GOV_10A_MAIN(1.0),21/07/26 11:00:00,A,MIO_NAC,S1311,B9,FR,2020,-154922.5,,
ESTAT:GOV_10A_MAIN(1.0),21/07/26 11:00:00,A,MIO_NAC,S1311,B9,FR,2021,-144546.7,,
ESTAT:GOV_10A_MAIN(1.0),21/07/26 11:00:00,A,MIO_NAC,S1311,B9,FR,2022,-133247.0,,
ESTAT:GOV_10A_MAIN(1.0),21/07/26 11:00:00,A,MIO_NAC,S1311,B9,FR,2023,-153819.0,,
ESTAT:GOV_10A_MAIN(1.0),21/07/26 11:00:00,A,MIO_NAC,S1311,B9,FR,2024,-152464.3,,
ESTAT:GOV_10A_MAIN(1.0),21/07/26 11:00:00,A,MIO_NAC,S1311,B9,FR,2025,-130237.3,,
ESTAT:GOV_10A_MAIN(1.0),21/07/26 11:00:00,A,MIO_NAC,S1311,B9,HR,1995,-117.4,,
ESTAT:GOV_10A_MAIN(1.0),21/07/26 11:00:00,A,MIO_NAC,S1311,B9,HR,1996,-853.6,,
ESTAT:GOV_10A_MAIN(1.0),21/07/26 11:00:00,A,MIO_NAC,S1311,B9,HR,1997,171.6,,
ESTAT:GOV_10A_MAIN(1.0),21/07/26 11:00:00,A,MIO_NAC,S1311,B9,HR,1998,-228.6,,
ESTAT:GOV_10A_MAIN(1.0),21/07/26 11:00:00,A,MIO_NAC,S1311,B9,HR,1999,-1476.0,,
ESTAT:GOV_10A_MAIN(1.0),21/07/26 11:00:00,A,MIO_NAC,S1311,B9,HR,2000,-1909.3,,
ESTAT:GOV_10A_MAIN(1.0),21/07/26 11:00:00,A,MIO_NAC,S1311,B9,HR,2001,-1225.7,,
ESTAT:GOV_10A_MAIN(1.0),21/07/26 11:00:00,A,MIO_NAC,S1311,B9,HR,2002,-948.1,,
ESTAT:GOV_10A_MAIN(1.0),21/07/26 11:00:00,A,MIO_NAC,S1311,B9,HR,2003,-1309.2,,
ESTAT:GOV_10A_MAIN(1.0),21/07/26 11:00:00,A,MIO_NAC,S1311,B9,HR,2004,-1721.0,,
ESTAT:GOV_10A_MAIN(1.0),21/07/26 11:00:00,A,MIO_NAC,S1311,B9,HR,2005,-880.8,,
ESTAT:GOV_10A_MAIN(1.0),21/07/26 11:00:00,A,MIO_NAC,S1311,B9,HR,2006,-654.2,,
ESTAT:GOV_10A_MAIN(1.0),21/07/26 11:00:00,A,MIO_NAC,S1311,B9,HR,2007,-953.0,,
ESTAT:GOV_10A_MAIN(1.0),21/07/26 11:00:00,A,MIO_NAC,S1311,B9,HR,2008,-1001.2,,
ESTAT:GOV_10A_MAIN(1.0),21/07/26 11:00:00,A,MIO_NAC,S1311,B9,HR,2009,-2761.8,,
ESTAT:GOV_10A_MAIN(1.0),21/07/26 11:00:00,A,MIO_NAC,S1311,B9,HR,2010,-2929.6,,
ESTAT:GOV_10A_MAIN(1.0),21/07/26 11:00:00,A,MIO_NAC,S1311,B9,HR,2011,-3306.4,,
ESTAT:GOV_10A_MAIN(1.0),21/07/26 11:00:00,A,MIO_NAC,S1311,B9,HR,2012,-2280.1,,
ESTAT:GOV_10A_MAIN(1.0),21/07/26 11:00:00,A,MIO_NAC,S1311,B9,HR,2013,-2690.6,,
ESTAT:GOV_10A_MAIN(1.0),21/07/26 11:00:00,A,MIO_NAC,S1311,B9,HR,2014,-2159.3,,
ESTAT:GOV_10A_MAIN(1.0),21/07/26 11:00:00,A,MIO_NAC,S1311,B9,HR,2015,-1404.9,,
ESTAT:GOV_10A_MAIN(1.0),21/07/26 11:00:00,A,MIO_NAC,S1311,B9,HR,2016,-556.9,,
ESTAT:GOV_10A_MAIN(1.0),21/07/26 11:00:00,A,MIO_NAC,S1311,B9,HR,2017,254.9,,
ESTAT:GOV_10A_MAIN(1.0),21/07/26 11:00:00,A,MIO_NAC,S1311,B9,HR,2018,9.2,,
ESTAT:GOV_10A_MAIN(1.0),21/07/26 11:00:00,A,MIO_NAC,S1311,B9,HR,2019,272.9,,
ESTAT:GOV_10A_MAIN(1.0),21/07/26 11:00:00,A,MIO_NAC,S1311,B9,HR,2020,-3149.8,,
ESTAT:GOV_10A_MAIN(1.0),21/07/26 11:00:00,A,MIO_NAC,S1311,B9,HR,2021,-1556.0,,
ESTAT:GOV_10A_MAIN(1.0),21/07/26 11:00:00,A,MIO_NAC,S1311,B9,HR,2022,-428.3,,
ESTAT:GOV_10A_MAIN(1.0),21/07/26 11:00:00,A,MIO_NAC,S1311,B9,HR,2023,-1205.1,,
ESTAT:GOV_10A_MAIN(1.0),21/07/26 11:00:00,A,MIO_NAC,S1311,B9,HR,2024,-2228.7,,
ESTAT:GOV_10A_MAIN(1.0),21/07/26 11:00:00,A,MIO_NAC,S1311,B9,HR,2025,-2291.4,,
ESTAT:GOV_10A_MAIN(1.0),21/07/26 11:00:00,A,MIO_NAC,S1311,B9,HU,1995,-509787.3,,
ESTAT:GOV_10A_MAIN(1.0),21/07/26 11:00:00,A,MIO_NAC,S1311,B9,HU,1996,-380270.0,,
ESTAT:GOV_10A_MAIN(1.0),21/07/26 11:00:00,A,MIO_NAC,S1311,B9,HU,1997,-497290.8,,
ESTAT:GOV_10A_MAIN(1.0),21/07/26 11:00:00,A,MIO_NAC,S1311,B9,HU,1998,-708854.6,,
ESTAT:GOV_10A_MAIN(1.0),21/07/26 11:00:00,A,MIO_NAC,S1311,B9,HU,1999,-595541.0,,
ESTAT:GOV_10A_MAIN(1.0),21/07/26 11:00:00,A,MIO_NAC,S1311,B9,HU,2000,-354854.0,,
ESTAT:GOV_10A_MAIN(1.0),21/07/26 11:00:00,A,MIO_NAC,S1311,B9,HU,2001,-703875.0,,
ESTAT:GOV_10A_MAIN(1.0),21/07/26 11:00:00,A,MIO_NAC,S1311,B9,HU,2002,-1332869.0,,
ESTAT:GOV_10A_MAIN(1.0),21/07/26 11:00:00,A,MIO_NAC,S1311,B9,HU,2003,-1102996.0,,
ESTAT:GOV_10A_MAIN(1.0),21/07/26 11:00:00,A,MIO_NAC,S1311,B9,HU,2004,-1270681.0,,
ESTAT:GOV_10A_MAIN(1.0),21/07/26 11:00:00,A,MIO_NAC,S1311,B9,HU,2005,-1599693.0,,
ESTAT:GOV_10A_MAIN(1.0),21/07/26 11:00:00,A,MIO_NAC,S1311,B9,HU,2006,-2439617.0,,
ESTAT:GOV_10A_MAIN(1.0),21/07/26 11:00:00,A,MIO_NAC,S1311,B9,HU,2007,-1456874.0,,
ESTAT:GOV_10A_MAIN(1.0),21/07/26 11:00:00,A,MIO_NAC,S1311,B9,HU,2008,-968598.0,,
ESTAT:GOV_10A_MAIN(1.0),21/07/26 11:00:00,A,MIO_NAC,S1311,B9,HU,2009,-1046412.0,,
ESTAT:GOV_10A_MAIN(1.0),21/07/26 11:00:00,A,MIO_NAC,S1311,B9,HU,2010,-1032846.0,,
ESTAT:GOV_10A_MAIN(1.0),21/07/26 11:00:00,A,MIO_NAC,S1311,B9,HU,2011,-1664946.0,,
ESTAT:GOV_10A_MAIN(1.0),21/07/26 11:00:00,A,MIO_NAC,S1311,B9,HU,2012,-809602.0,,
ESTAT:GOV_10A_MAIN(1.0),21/07/26 11:00:00,A,MIO_NAC,S1311,B9,HU,2013,-1676570.5,,
ESTAT:GOV_10A_MAIN(1.0),21/07/26 11:00:00,A,MIO_NAC,S1311,B9,HU,2014,-1394670.9,,
ESTAT:GOV_10A_MAIN(1.0),21/07/26 11:00:00,A,MIO_NAC,S1311,B9,HU,2015,-761143.4,,
ESTAT:GOV_10A_MAIN(1.0),21/07/26 11:00:00,A,MIO_NAC,S1311,B9,HU,2016,-717929.8,,
ESTAT:GOV_10A_MAIN(1.0),21/07/26 11:00:00,A,MIO_NAC,S1311,B9,HU,2017,-950327.8,,
ESTAT:GOV_10A_MAIN(1.0),21/07/26 11:00:00,A,MIO_NAC,S1311,B9,HU,2018,-997879.6,,
ESTAT:GOV_10A_MAIN(1.0),21/07/26 11:00:00,A,MIO_NAC,S1311,B9,HU,2019,-790841.0,,
ESTAT:GOV_10A_MAIN(1.0),21/07/26 11:00:00,A,MIO_NAC,S1311,B9,HU,2020,-3249171.2,,
ESTAT:GOV_10A_MAIN(1.0),21/07/26 11:00:00,A,MIO_NAC,S1311,B9,HU,2021,-4314975.0,,
ESTAT:GOV_10A_MAIN(1.0),21/07/26 11:00:00,A,MIO_NAC,S1311,B9,HU,2022,-4017127.0,,
ESTAT:GOV_10A_MAIN(1.0),21/07/26 11:00:00,A,MIO_NAC,S1311,B9,HU,2023,-5166605.8,,
ESTAT:GOV_10A_MAIN(1.0),21/07/26 11:00:00,A,MIO_NAC,S1311,B9,HU,2024,-4029472.4,,
ESTAT:GOV_10A_MAIN(1.0),21/07/26 11:00:00,A,MIO_NAC,S1311,B9,HU,2025,-4174100.2,,
ESTAT:GOV_10A_MAIN(1.0),21/07/26 11:00:00,A,MIO_NAC,S1311,B9,IE,1995,-1081.5,,
ESTAT:GOV_10A_MAIN(1.0),21/07/26 11:00:00,A,MIO_NAC,S1311,B9,IE,1996,-61.0,,
ESTAT:GOV_10A_MAIN(1.0),21/07/26 11:00:00,A,MIO_NAC,S1311,B9,IE,1997,987.6,,
ESTAT:GOV_10A_MAIN(1.0),21/07/26 11:00:00,A,MIO_NAC,S1311,B9,IE,1998,1756.5,,
ESTAT:GOV_10A_MAIN(1.0),21/07/26 11:00:00,A,MIO_NAC,S1311,B9,IE,1999,3031.5,,
ESTAT:GOV_10A_MAIN(1.0),21/07/26 11:00:00,A,MIO_NAC,S1311,B9,IE,2000,4776.5,,
ESTAT:GOV_10A_MAIN(1.0),21/07/26 11:00:00,A,MIO_NAC,S1311,B9,IE,2001,1023.0,,
ESTAT:GOV_10A_MAIN(1.0),21/07/26 11:00:00,A,MIO_NAC,S1311,B9,IE,2002,-40.6,,
ESTAT:GOV_10A_MAIN(1.0),21/07/26 11:00:00,A,MIO_NAC,S1311,B9,IE,2003,-201.5,,
ESTAT:GOV_10A_MAIN(1.0),21/07/26 11:00:00,A,MIO_NAC,S1311,B9,IE,2004,1522.3,,
ESTAT:GOV_10A_MAIN(1.0),21/07/26 11:00:00,A,MIO_NAC,S1311,B9,IE,2005,1792.0,,
ESTAT:GOV_10A_MAIN(1.0),21/07/26 11:00:00,A,MIO_NAC,S1311,B9,IE,2006,4315.9,,
ESTAT:GOV_10A_MAIN(1.0),21/07/26 11:00:00,A,MIO_NAC,S1311,B9,IE,2007,324.8,,
ESTAT:GOV_10A_MAIN(1.0),21/07/26 11:00:00,A,MIO_NAC,S1311,B9,IE,2008,-12133.4,,
ESTAT:GOV_10A_MAIN(1.0),21/07/26 11:00:00,A,MIO_NAC,S1311,B9,IE,2009,-20954.0,,
ESTAT:GOV_10A_MAIN(1.0),21/07/26 11:00:00,A,MIO_NAC,S1311,B9,IE,2010,-52717.1,,
ESTAT:GOV_10A_MAIN(1.0),21/07/26 11:00:00,A,MIO_NAC,S1311,B9,IE,2011,-22756.0,,
ESTAT:GOV_10A_MAIN(1.0),21/07/26 11:00:00,A,MIO_NAC,S1311,B9,IE,2012,-14696.6,,
ESTAT:GOV_10A_MAIN(1.0),21/07/26 11:00:00,A,MIO_NAC,S1311,B9,IE,2013,-11329.3,,
ESTAT:GOV_10A_MAIN(1.0),21/07/26 11:00:00,A,MIO_NAC,S1311,B9,IE,2014,-7344.6,,
ESTAT:GOV_10A_MAIN(1.0),21/07/26 11:00:00,A,MIO_NAC,S1311,B9,IE,2015,-5739.2,,
ESTAT:GOV_10A_MAIN(1.0),21/07/26 11:00:00,A,MIO_NAC,S1311,B9,IE,2016,-2801.6,,
ESTAT:GOV_10A_MAIN(1.0),21/07/26 11:00:00,A,MIO_NAC,S1311,B9,IE,2017,-1642.6,,
ESTAT:GOV_10A_MAIN(1.0),21/07/26 11:00:00,A,MIO_NAC,S1311,B9,IE,2018,-836.4,,
ESTAT:GOV_10A_MAIN(1.0),21/07/26 11:00:00,A,MIO_NAC,S1311,B9,IE,2019,369.5,,
ESTAT:GOV_10A_MAIN(1.0),21/07/26 11:00:00,A,MIO_NAC,S1311,B9,IE,2020,-15211.5,,
ESTAT:GOV_10A_MAIN(1.0),21/07/26 11:00:00,A,MIO_NAC,S1311,B9,IE,2021,-5064.7,,
ESTAT:GOV_10A_MAIN(1.0),21/07/26 11:00:00,A,MIO_NAC,S1311,B9,IE,2022,7240.7,,
ESTAT:GOV_10A_MAIN(1.0),21/07/26 11:00:00,A,MIO_NAC,S1311,B9,IE,2023,5630.6,,
ESTAT:GOV_10A_MAIN(1.0),21/07/26 11:00:00,A,MIO_NAC,S1311,B9,IE,2024,21264.9,,
ESTAT:GOV_10A_MAIN(1.0),21/07/26 11:00:00,A,MIO_NAC,S1311,B9,IE,2025,7677.9,,
ESTAT:GOV_10A_MAIN(1.0),21/07/26 11:00:00,A,MIO_NAC,S1311,B9,IS,1998,1351.1,,
ESTAT:GOV_10A_MAIN(1.0),21/07/26 11:00:00,A,MIO_NAC,S1311,B9,IS,1999,10300.7,,
ESTAT:GOV_10A_MAIN(1.0),21/07/26 11:00:00,A,MIO_NAC,S1311,B9,IS,2000,10756.6,,
ESTAT:GOV_10A_MAIN(1.0),21/07/26 11:00:00,A,MIO_NAC,S1311,B9,IS,2001,-122.0,,
ESTAT:GOV_10A_MAIN(1.0),21/07/26 11:00:00,A,MIO_NAC,S1311,B9,IS,2002,-8810.7,,
ESTAT:GOV_10A_MAIN(1.0),21/07/26 11:00:00,A,MIO_NAC,S1311,B9,IS,2003,-11899.4,,
ESTAT:GOV_10A_MAIN(1.0),21/07/26 11:00:00,A,MIO_NAC,S1311,B9,IS,2004,11730.0,,
ESTAT:GOV_10A_MAIN(1.0),21/07/26 11:00:00,A,MIO_NAC,S1311,B9,IS,2005,49016.8,,
ESTAT:GOV_10A_MAIN(1.0),21/07/26 11:00:00,A,MIO_NAC,S1311,B9,IS,2006,67772.5,,
ESTAT:GOV_10A_MAIN(1.0),21/07/26 11:00:00,A,MIO_NAC,S1311,B9,IS,2007,58340.2,,
ESTAT:GOV_10A_MAIN(1.0),21/07/26 11:00:00,A,MIO_NAC,S1311,B9,IS,2008,-184556.2,,
ESTAT:GOV_10A_MAIN(1.0),21/07/26 11:00:00,A,MIO_NAC,S1311,B9,IS,2009,-114231.8,,
ESTAT:GOV_10A_MAIN(1.0),21/07/26 11:00:00,A,MIO_NAC,S1311,B9,IS,2010,-100919.8,,
ESTAT:GOV_10A_MAIN(1.0),21/07/26 11:00:00,A,MIO_NAC,S1311,B9,IS,2011,-116891.6,,
ESTAT:GOV_10A_MAIN(1.0),21/07/26 11:00:00,A,MIO_NAC,S1311,B9,IS,2012,-40013.3,,
ESTAT:GOV_10A_MAIN(1.0),21/07/26 11:00:00,A,MIO_NAC,S1311,B9,IS,2013,-21869.4,,
ESTAT:GOV_10A_MAIN(1.0),21/07/26 11:00:00,A,MIO_NAC,S1311,B9,IS,2014,25200.5,,
ESTAT:GOV_10A_MAIN(1.0),21/07/26 11:00:00,A,MIO_NAC,S1311,B9,IS,2015,4034.8,,
ESTAT:GOV_10A_MAIN(1.0),21/07/26 11:00:00,A,MIO_NAC,S1311,B9,IS,2016,310043.5,,
ESTAT:GOV_10A_MAIN(1.0),21/07/26 11:00:00,A,MIO_NAC,S1311,B9,IS,2017,59359.8,,
ESTAT:GOV_10A_MAIN(1.0),21/07/26 11:00:00,A,MIO_NAC,S1311,B9,IS,2018,38331.2,,
ESTAT:GOV_10A_MAIN(1.0),21/07/26 11:00:00,A,MIO_NAC,S1311,B9,IS,2019,-34449.5,,
ESTAT:GOV_10A_MAIN(1.0),21/07/26 11:00:00,A,MIO_NAC,S1311,B9,IS,2020,-240230.6,,
ESTAT:GOV_10A_MAIN(1.0),21/07/26 11:00:00,A,MIO_NAC,S1311,B9,IS,2021,-241281.3,,
ESTAT:GOV_10A_MAIN(1.0),21/07/26 11:00:00,A,MIO_NAC,S1311,B9,IS,2022,-115126.4,,
ESTAT:GOV_10A_MAIN(1.0),21/07/26 11:00:00,A,MIO_NAC,S1311,B9,IS,2023,-58005.2,,
ESTAT:GOV_10A_MAIN(1.0),21/07/26 11:00:00,A,MIO_NAC,S1311,B9,IS,2024,-161410.6,,
ESTAT:GOV_10A_MAIN(1.0),21/07/26 11:00:00,A,MIO_NAC,S1311,B9,IS,2025,-98860.2,,
ESTAT:GOV_10A_MAIN(1.0),21/07/26 11:00:00,A,MIO_NAC,S1311,B9,IT,1995,-72205.0,,
ESTAT:GOV_10A_MAIN(1.0),21/07/26 11:00:00,A,MIO_NAC,S1311,B9,IT,1996,-68672.0,,
ESTAT:GOV_10A_MAIN(1.0),21/07/26 11:00:00,A,MIO_NAC,S1311,B9,IT,1997,-28174.0,,
ESTAT:GOV_10A_MAIN(1.0),21/07/26 11:00:00,A,MIO_NAC,S1311,B9,IT,1998,-22522.0,,
ESTAT:GOV_10A_MAIN(1.0),21/07/26 11:00:00,A,MIO_NAC,S1311,B9,IT,1999,-23854.0,,
ESTAT:GOV_10A_MAIN(1.0),21/07/26 11:00:00,A,MIO_NAC,S1311,B9,IT,2000,-28114.0,,
ESTAT:GOV_10A_MAIN(1.0),21/07/26 11:00:00,A,MIO_NAC,S1311,B9,IT,2001,-37728.0,,
ESTAT:GOV_10A_MAIN(1.0),21/07/26 11:00:00,A,MIO_NAC,S1311,B9,IT,2002,-38473.0,,
ESTAT:GOV_10A_MAIN(1.0),21/07/26 11:00:00,A,MIO_NAC,S1311,B9,IT,2003,-38377.0,,
ESTAT:GOV_10A_MAIN(1.0),21/07/26 11:00:00,A,MIO_NAC,S1311,B9,IT,2004,-43770.0,,
ESTAT:GOV_10A_MAIN(1.0),21/07/26 11:00:00,A,MIO_NAC,S1311,B9,IT,2005,-54516.0,,
ESTAT:GOV_10A_MAIN(1.0),21/07/26 11:00:00,A,MIO_NAC,S1311,B9,IT,2006,-44049.0,,
ESTAT:GOV_10A_MAIN(1.0),21/07/26 11:00:00,A,MIO_NAC,S1311,B9,IT,2007,-29589.0,,
ESTAT:GOV_10A_MAIN(1.0),21/07/26 11:00:00,A,MIO_NAC,S1311,B9,IT,2008,-42040.0,,
ESTAT:GOV_10A_MAIN(1.0),21/07/26 11:00:00,A,MIO_NAC,S1311,B9,IT,2009,-72310.0,,
ESTAT:GOV_10A_MAIN(1.0),21/07/26 11:00:00,A,MIO_NAC,S1311,B9,IT,2010,-65151.0,,
ESTAT:GOV_10A_MAIN(1.0),21/07/26 11:00:00,A,MIO_NAC,S1311,B9,IT,2011,-57683.0,,
ESTAT:GOV_10A_MAIN(1.0),21/07/26 11:00:00,A,MIO_NAC,S1311,B9,IT,2012,-56687.0,,
ESTAT:GOV_10A_MAIN(1.0),21/07/26 11:00:00,A,MIO_NAC,S1311,B9,IT,2013,-50030.0,,
ESTAT:GOV_10A_MAIN(1.0),21/07/26 11:00:00,A,MIO_NAC,S1311,B9,IT,2014,-50938.0,,
ESTAT:GOV_10A_MAIN(1.0),21/07/26 11:00:00,A,MIO_NAC,S1311,B9,IT,2015,-49302.0,,
ESTAT:GOV_10A_MAIN(1.0),21/07/26 11:00:00,A,MIO_NAC,S1311,B9,IT,2016,-46511.0,,
ESTAT:GOV_10A_MAIN(1.0),21/07/26 11:00:00,A,MIO_NAC,S1311,B9,IT,2017,-50110.0,,
ESTAT:GOV_10A_MAIN(1.0),21/07/26 11:00:00,A,MIO_NAC,S1311,B9,IT,2018,-45125.0,,
ESTAT:GOV_10A_MAIN(1.0),21/07/26 11:00:00,A,MIO_NAC,S1311,B9,IT,2019,-31411.0,,
ESTAT:GOV_10A_MAIN(1.0),21/07/26 11:00:00,A,MIO_NAC,S1311,B9,IT,2020,-156580.0,,
ESTAT:GOV_10A_MAIN(1.0),21/07/26 11:00:00,A,MIO_NAC,S1311,B9,IT,2021,-165393.0,,
ESTAT:GOV_10A_MAIN(1.0),21/07/26 11:00:00,A,MIO_NAC,S1311,B9,IT,2022,-161140.0,,
ESTAT:GOV_10A_MAIN(1.0),21/07/26 11:00:00,A,MIO_NAC,S1311,B9,IT,2023,-163508.0,,
ESTAT:GOV_10A_MAIN(1.0),21/07/26 11:00:00,A,MIO_NAC,S1311,B9,IT,2024,-85035.0,,
ESTAT:GOV_10A_MAIN(1.0),21/07/26 11:00:00,A,MIO_NAC,S1311,B9,IT,2025,-79510.0,,
ESTAT:GOV_10A_MAIN(1.0),21/07/26 11:00:00,A,MIO_NAC,S1311,B9,LT,1995,-198.3,,
ESTAT:GOV_10A_MAIN(1.0),21/07/26 11:00:00,A,MIO_NAC,S1311,B9,LT,1996,-346.4,,
ESTAT:GOV_10A_MAIN(1.0),21/07/26 11:00:00,A,MIO_NAC,S1311,B9,LT,1997,-1417.8,,
ESTAT:GOV_10A_MAIN(1.0),21/07/26 11:00:00,A,MIO_NAC,S1311,B9,LT,1998,-452.6,,
ESTAT:GOV_10A_MAIN(1.0),21/07/26 11:00:00,A,MIO_NAC,S1311,B9,LT,1999,-232.5,,
ESTAT:GOV_10A_MAIN(1.0),21/07/26 11:00:00,A,MIO_NAC,S1311,B9,LT,2000,-354.0,,
ESTAT:GOV_10A_MAIN(1.0),21/07/26 11:00:00,A,MIO_NAC,S1311,B9,LT,2001,-374.6,,
ESTAT:GOV_10A_MAIN(1.0),21/07/26 11:00:00,A,MIO_NAC,S1311,B9,LT,2002,-335.9,,
ESTAT:GOV_10A_MAIN(1.0),21/07/26 11:00:00,A,MIO_NAC,S1311,B9,LT,2003,-286.6,,
ESTAT:GOV_10A_MAIN(1.0),21/07/26 11:00:00,A,MIO_NAC,S1311,B9,LT,2004,-401.6,,
ESTAT:GOV_10A_MAIN(1.0),21/07/26 11:00:00,A,MIO_NAC,S1311,B9,LT,2005,-182.1,,
ESTAT:GOV_10A_MAIN(1.0),21/07/26 11:00:00,A,MIO_NAC,S1311,B9,LT,2006,-144.4,,
ESTAT:GOV_10A_MAIN(1.0),21/07/26 11:00:00,A,MIO_NAC,S1311,B9,LT,2007,-127.8,,
ESTAT:GOV_10A_MAIN(1.0),21/07/26 11:00:00,A,MIO_NAC,S1311,B9,LT,2008,-608.6,,
ESTAT:GOV_10A_MAIN(1.0),21/07/26 11:00:00,A,MIO_NAC,S1311,B9,LT,2009,-1465.1,,
ESTAT:GOV_10A_MAIN(1.0),21/07/26 11:00:00,A,MIO_NAC,S1311,B9,LT,2010,-1234.7,,
ESTAT:GOV_10A_MAIN(1.0),21/07/26 11:00:00,A,MIO_NAC,S1311,B9,LT,2011,-1158.1,,
ESTAT:GOV_10A_MAIN(1.0),21/07/26 11:00:00,A,MIO_NAC,S1311,B9,LT,2012,-401.3,,
ESTAT:GOV_10A_MAIN(1.0),21/07/26 11:00:00,A,MIO_NAC,S1311,B9,LT,2013,-503.0,,
ESTAT:GOV_10A_MAIN(1.0),21/07/26 11:00:00,A,MIO_NAC,S1311,B9,LT,2014,-257.7,,
ESTAT:GOV_10A_MAIN(1.0),21/07/26 11:00:00,A,MIO_NAC,S1311,B9,LT,2015,-413.6,,
ESTAT:GOV_10A_MAIN(1.0),21/07/26 11:00:00,A,MIO_NAC,S1311,B9,LT,2016,-187.7,,
ESTAT:GOV_10A_MAIN(1.0),21/07/26 11:00:00,A,MIO_NAC,S1311,B9,LT,2017,-112.5,,
ESTAT:GOV_10A_MAIN(1.0),21/07/26 11:00:00,A,MIO_NAC,S1311,B9,LT,2018,-3844.5,,
ESTAT:GOV_10A_MAIN(1.0),21/07/26 11:00:00,A,MIO_NAC,S1311,B9,LT,2019,-187.2,,
ESTAT:GOV_10A_MAIN(1.0),21/07/26 11:00:00,A,MIO_NAC,S1311,B9,LT,2020,-3563.8,,
ESTAT:GOV_10A_MAIN(1.0),21/07/26 11:00:00,A,MIO_NAC,S1311,B9,LT,2021,-1610.3,,
ESTAT:GOV_10A_MAIN(1.0),21/07/26 11:00:00,A,MIO_NAC,S1311,B9,LT,2022,-1591.2,,
ESTAT:GOV_10A_MAIN(1.0),21/07/26 11:00:00,A,MIO_NAC,S1311,B9,LT,2023,-1608.4,,
ESTAT:GOV_10A_MAIN(1.0),21/07/26 11:00:00,A,MIO_NAC,S1311,B9,LT,2024,-1997.9,,
ESTAT:GOV_10A_MAIN(1.0),21/07/26 11:00:00,A,MIO_NAC,S1311,B9,LT,2025,-2334.2,,
ESTAT:GOV_10A_MAIN(1.0),21/07/26 11:00:00,A,MIO_NAC,S1311,B9,LU,1995,119.2,,
ESTAT:GOV_10A_MAIN(1.0),21/07/26 11:00:00,A,MIO_NAC,S1311,B9,LU,1996,106.2,,
ESTAT:GOV_10A_MAIN(1.0),21/07/26 11:00:00,A,MIO_NAC,S1311,B9,LU,1997,209.1,,
ESTAT:GOV_10A_MAIN(1.0),21/07/26 11:00:00,A,MIO_NAC,S1311,B9,LU,1998,210.6,,
ESTAT:GOV_10A_MAIN(1.0),21/07/26 11:00:00,A,MIO_NAC,S1311,B9,LU,1999,318.3,,
ESTAT:GOV_10A_MAIN(1.0),21/07/26 11:00:00,A,MIO_NAC,S1311,B9,LU,2000,613.3,,
ESTAT:GOV_10A_MAIN(1.0),21/07/26 11:00:00,A,MIO_NAC,S1311,B9,LU,2001,639.0,,
ESTAT:GOV_10A_MAIN(1.0),21/07/26 11:00:00,A,MIO_NAC,S1311,B9,LU,2002,-61.5,,
ESTAT:GOV_10A_MAIN(1.0),21/07/26 11:00:00,A,MIO_NAC,S1311,B9,LU,2003,-371.0,,
ESTAT:GOV_10A_MAIN(1.0),21/07/26 11:00:00,A,MIO_NAC,S1311,B9,LU,2004,-748.8,,
ESTAT:GOV_10A_MAIN(1.0),21/07/26 11:00:00,A,MIO_NAC,S1311,B9,LU,2005,-442.0,,
ESTAT:GOV_10A_MAIN(1.0),21/07/26 11:00:00,A,MIO_NAC,S1311,B9,LU,2006,-22.3,,
ESTAT:GOV_10A_MAIN(1.0),21/07/26 11:00:00,A,MIO_NAC,S1311,B9,LU,2007,607.3,,
ESTAT:GOV_10A_MAIN(1.0),21/07/26 11:00:00,A,MIO_NAC,S1311,B9,LU,2008,91.7,,
ESTAT:GOV_10A_MAIN(1.0),21/07/26 11:00:00,A,MIO_NAC,S1311,B9,LU,2009,-785.1,,
ESTAT:GOV_10A_MAIN(1.0),21/07/26 11:00:00,A,MIO_NAC,S1311,B9,LU,2010,-874.6,,
ESTAT:GOV_10A_MAIN(1.0),21/07/26 11:00:00,A,MIO_NAC,S1311,B9,LU,2011,-660.7,,
ESTAT:GOV_10A_MAIN(1.0),21/07/26 11:00:00,A,MIO_NAC,S1311,B9,LU,2012,-830.2,,
ESTAT:GOV_10A_MAIN(1.0),21/07/26 11:00:00,A,MIO_NAC,S1311,B9,LU,2013,-479.9,,
ESTAT:GOV_10A_MAIN(1.0),21/07/26 11:00:00,A,MIO_NAC,S1311,B9,LU,2014,-139.3,,
ESTAT:GOV_10A_MAIN(1.0),21/07/26 11:00:00,A,MIO_NAC,S1311,B9,LU,2015,-199.4,,
ESTAT:GOV_10A_MAIN(1.0),21/07/26 11:00:00,A,MIO_NAC,S1311,B9,LU,2016,-34.0,,
ESTAT:GOV_10A_MAIN(1.0),21/07/26 11:00:00,A,MIO_NAC,S1311,B9,LU,2017,-290.2,,
ESTAT:GOV_10A_MAIN(1.0),21/07/26 11:00:00,A,MIO_NAC,S1311,B9,LU,2018,580.0,,
ESTAT:GOV_10A_MAIN(1.0),21/07/26 11:00:00,A,MIO_NAC,S1311,B9,LU,2019,154.2,,
ESTAT:GOV_10A_MAIN(1.0),21/07/26 11:00:00,A,MIO_NAC,S1311,B9,LU,2020,-2897.2,,
ESTAT:GOV_10A_MAIN(1.0),21/07/26 11:00:00,A,MIO_NAC,S1311,B9,LU,2021,-198.8,,
ESTAT:GOV_10A_MAIN(1.0),21/07/26 11:00:00,A,MIO_NAC,S1311,B9,LU,2022,-698.1,,
ESTAT:GOV_10A_MAIN(1.0),21/07/26 11:00:00,A,MIO_NAC,S1311,B9,LU,2023,-1429.9,,
ESTAT:GOV_10A_MAIN(1.0),21/07/26 11:00:00,A,MIO_NAC,S1311,B9,LU,2024,-222.2,,
ESTAT:GOV_10A_MAIN(1.0),21/07/26 11:00:00,A,MIO_NAC,S1311,B9,LU,2025,-2335.2,,
ESTAT:GOV_10A_MAIN(1.0),21/07/26 11:00:00,A,MIO_NAC,S1311,B9,LV,1995,-111.5,,
ESTAT:GOV_10A_MAIN(1.0),21/07/26 11:00:00,A,MIO_NAC,S1311,B9,LV,1996,-131.2,,
ESTAT:GOV_10A_MAIN(1.0),21/07/26 11:00:00,A,MIO_NAC,S1311,B9,LV,1997,1.5,,
ESTAT:GOV_10A_MAIN(1.0),21/07/26 11:00:00,A,MIO_NAC,S1311,B9,LV,1998,-5.2,,
ESTAT:GOV_10A_MAIN(1.0),21/07/26 11:00:00,A,MIO_NAC,S1311,B9,LV,1999,-114.0,,
ESTAT:GOV_10A_MAIN(1.0),21/07/26 11:00:00,A,MIO_NAC,S1311,B9,LV,2000,-138.0,,
ESTAT:GOV_10A_MAIN(1.0),21/07/26 11:00:00,A,MIO_NAC,S1311,B9,LV,2001,-75.7,,
ESTAT:GOV_10A_MAIN(1.0),21/07/26 11:00:00,A,MIO_NAC,S1311,B9,LV,2002,-142.5,,
ESTAT:GOV_10A_MAIN(1.0),21/07/26 11:00:00,A,MIO_NAC,S1311,B9,LV,2003,-197.5,,
ESTAT:GOV_10A_MAIN(1.0),21/07/26 11:00:00,A,MIO_NAC,S1311,B9,LV,2004,-194.7,,
ESTAT:GOV_10A_MAIN(1.0),21/07/26 11:00:00,A,MIO_NAC,S1311,B9,LV,2005,-198.9,,
ESTAT:GOV_10A_MAIN(1.0),21/07/26 11:00:00,A,MIO_NAC,S1311,B9,LV,2006,-320.5,,
ESTAT:GOV_10A_MAIN(1.0),21/07/26 11:00:00,A,MIO_NAC,S1311,B9,LV,2007,-504.9,,
ESTAT:GOV_10A_MAIN(1.0),21/07/26 11:00:00,A,MIO_NAC,S1311,B9,LV,2008,-1063.4,,
ESTAT:GOV_10A_MAIN(1.0),21/07/26 11:00:00,A,MIO_NAC,S1311,B9,LV,2009,-1136.7,,
ESTAT:GOV_10A_MAIN(1.0),21/07/26 11:00:00,A,MIO_NAC,S1311,B9,LV,2010,-1030.4,,
ESTAT:GOV_10A_MAIN(1.0),21/07/26 11:00:00,A,MIO_NAC,S1311,B9,LV,2011,-550.1,,
ESTAT:GOV_10A_MAIN(1.0),21/07/26 11:00:00,A,MIO_NAC,S1311,B9,LV,2012,-167.9,,
ESTAT:GOV_10A_MAIN(1.0),21/07/26 11:00:00,A,MIO_NAC,S1311,B9,LV,2013,-86.6,,
ESTAT:GOV_10A_MAIN(1.0),21/07/26 11:00:00,A,MIO_NAC,S1311,B9,LV,2014,-398.0,,
ESTAT:GOV_10A_MAIN(1.0),21/07/26 11:00:00,A,MIO_NAC,S1311,B9,LV,2015,-450.8,,
ESTAT:GOV_10A_MAIN(1.0),21/07/26 11:00:00,A,MIO_NAC,S1311,B9,LV,2016,-22.2,,
ESTAT:GOV_10A_MAIN(1.0),21/07/26 11:00:00,A,MIO_NAC,S1311,B9,LV,2017,-84.5,,
ESTAT:GOV_10A_MAIN(1.0),21/07/26 11:00:00,A,MIO_NAC,S1311,B9,LV,2018,-427.6,,
ESTAT:GOV_10A_MAIN(1.0),21/07/26 11:00:00,A,MIO_NAC,S1311,B9,LV,2019,-514.1,,
ESTAT:GOV_10A_MAIN(1.0),21/07/26 11:00:00,A,MIO_NAC,S1311,B9,LV,2020,-1315.9,,
ESTAT:GOV_10A_MAIN(1.0),21/07/26 11:00:00,A,MIO_NAC,S1311,B9,LV,2021,-2484.4,,
ESTAT:GOV_10A_MAIN(1.0),21/07/26 11:00:00,A,MIO_NAC,S1311,B9,LV,2022,-2001.5,,
ESTAT:GOV_10A_MAIN(1.0),21/07/26 11:00:00,A,MIO_NAC,S1311,B9,LV,2023,-1073.4,,
ESTAT:GOV_10A_MAIN(1.0),21/07/26 11:00:00,A,MIO_NAC,S1311,B9,LV,2024,-1137.5,,
ESTAT:GOV_10A_MAIN(1.0),21/07/26 11:00:00,A,MIO_NAC,S1311,B9,LV,2025,-1413.6,,
ESTAT:GOV_10A_MAIN(1.0),21/07/26 11:00:00,A,MIO_NAC,S1311,B9,MT,1995,-106.7,,
ESTAT:GOV_10A_MAIN(1.0),21/07/26 11:00:00,A,MIO_NAC,S1311,B9,MT,1996,-245.5,,
ESTAT:GOV_10A_MAIN(1.0),21/07/26 11:00:00,A,MIO_NAC,S1311,B9,MT,1997,-238.6,,
ESTAT:GOV_10A_MAIN(1.0),21/07/26 11:00:00,A,MIO_NAC,S1311,B9,MT,1998,-334.1,,
ESTAT:GOV_10A_MAIN(1.0),21/07/26 11:00:00,A,MIO_NAC,S1311,B9,MT,1999,-253.6,,
ESTAT:GOV_10A_MAIN(1.0),21/07/26 11:00:00,A,MIO_NAC,S1311,B9,MT,2000,-229.2,,
ESTAT:GOV_10A_MAIN(1.0),21/07/26 11:00:00,A,MIO_NAC,S1311,B9,MT,2001,-262.1,,
ESTAT:GOV_10A_MAIN(1.0),21/07/26 11:00:00,A,MIO_NAC,S1311,B9,MT,2002,-242.3,,
ESTAT:GOV_10A_MAIN(1.0),21/07/26 11:00:00,A,MIO_NAC,S1311,B9,MT,2003,-426.9,,
ESTAT:GOV_10A_MAIN(1.0),21/07/26 11:00:00,A,MIO_NAC,S1311,B9,MT,2004,-208.5,,
ESTAT:GOV_10A_MAIN(1.0),21/07/26 11:00:00,A,MIO_NAC,S1311,B9,MT,2005,-147.0,,
ESTAT:GOV_10A_MAIN(1.0),21/07/26 11:00:00,A,MIO_NAC,S1311,B9,MT,2006,-132.4,,
ESTAT:GOV_10A_MAIN(1.0),21/07/26 11:00:00,A,MIO_NAC,S1311,B9,MT,2007,-118.5,,
ESTAT:GOV_10A_MAIN(1.0),21/07/26 11:00:00,A,MIO_NAC,S1311,B9,MT,2008,-253.1,,
ESTAT:GOV_10A_MAIN(1.0),21/07/26 11:00:00,A,MIO_NAC,S1311,B9,MT,2009,-196.3,,
ESTAT:GOV_10A_MAIN(1.0),21/07/26 11:00:00,A,MIO_NAC,S1311,B9,MT,2010,-155.9,,
ESTAT:GOV_10A_MAIN(1.0),21/07/26 11:00:00,A,MIO_NAC,S1311,B9,MT,2011,-209.2,,
ESTAT:GOV_10A_MAIN(1.0),21/07/26 11:00:00,A,MIO_NAC,S1311,B9,MT,2012,-245.2,,
ESTAT:GOV_10A_MAIN(1.0),21/07/26 11:00:00,A,MIO_NAC,S1311,B9,MT,2013,-175.5,,
ESTAT:GOV_10A_MAIN(1.0),21/07/26 11:00:00,A,MIO_NAC,S1311,B9,MT,2014,-135.3,,
ESTAT:GOV_10A_MAIN(1.0),21/07/26 11:00:00,A,MIO_NAC,S1311,B9,MT,2015,-91.4,,
ESTAT:GOV_10A_MAIN(1.0),21/07/26 11:00:00,A,MIO_NAC,S1311,B9,MT,2016,114.1,,
ESTAT:GOV_10A_MAIN(1.0),21/07/26 11:00:00,A,MIO_NAC,S1311,B9,MT,2017,418.0,,
ESTAT:GOV_10A_MAIN(1.0),21/07/26 11:00:00,A,MIO_NAC,S1311,B9,MT,2018,247.6,,
ESTAT:GOV_10A_MAIN(1.0),21/07/26 11:00:00,A,MIO_NAC,S1311,B9,MT,2019,108.7,,
ESTAT:GOV_10A_MAIN(1.0),21/07/26 11:00:00,A,MIO_NAC,S1311,B9,MT,2020,-1257.0,,
ESTAT:GOV_10A_MAIN(1.0),21/07/26 11:00:00,A,MIO_NAC,S1311,B9,MT,2021,-1165.2,,
ESTAT:GOV_10A_MAIN(1.0),21/07/26 11:00:00,A,MIO_NAC,S1311,B9,MT,2022,-953.3,,
ESTAT:GOV_10A_MAIN(1.0),21/07/26 11:00:00,A,MIO_NAC,S1311,B9,MT,2023,-925.7,,
ESTAT:GOV_10A_MAIN(1.0),21/07/26 11:00:00,A,MIO_NAC,S1311,B9,MT,2024,-791.4,,
ESTAT:GOV_10A_MAIN(1.0),21/07/26 11:00:00,A,MIO_NAC,S1311,B9,MT,2025,-542.4,,
ESTAT:GOV_10A_MAIN(1.0),21/07/26 11:00:00,A,MIO_NAC,S1311,B9,NL,1995,-26539.0,,
ESTAT:GOV_10A_MAIN(1.0),21/07/26 11:00:00,A,MIO_NAC,S1311,B9,NL,1996,-5625.0,,
ESTAT:GOV_10A_MAIN(1.0),21/07/26 11:00:00,A,MIO_NAC,S1311,B9,NL,1997,-8822.0,,
ESTAT:GOV_10A_MAIN(1.0),21/07/26 11:00:00,A,MIO_NAC,S1311,B9,NL,1998,-6261.0,,
ESTAT:GOV_10A_MAIN(1.0),21/07/26 11:00:00,A,MIO_NAC,S1311,B9,NL,1999,-3507.0,,
ESTAT:GOV_10A_MAIN(1.0),21/07/26 11:00:00,A,MIO_NAC,S1311,B9,NL,2000,-1350.0,,
ESTAT:GOV_10A_MAIN(1.0),21/07/26 11:00:00,A,MIO_NAC,S1311,B9,NL,2001,-1556.0,,
ESTAT:GOV_10A_MAIN(1.0),21/07/26 11:00:00,A,MIO_NAC,S1311,B9,NL,2002,-6702.0,,
ESTAT:GOV_10A_MAIN(1.0),21/07/26 11:00:00,A,MIO_NAC,S1311,B9,NL,2003,-14238.0,,
ESTAT:GOV_10A_MAIN(1.0),21/07/26 11:00:00,A,MIO_NAC,S1311,B9,NL,2004,-8723.0,,
ESTAT:GOV_10A_MAIN(1.0),21/07/26 11:00:00,A,MIO_NAC,S1311,B9,NL,2005,-481.0,,
ESTAT:GOV_10A_MAIN(1.0),21/07/26 11:00:00,A,MIO_NAC,S1311,B9,NL,2006,3556.0,,
ESTAT:GOV_10A_MAIN(1.0),21/07/26 11:00:00,A,MIO_NAC,S1311,B9,NL,2007,1803.0,,
ESTAT:GOV_10A_MAIN(1.0),21/07/26 11:00:00,A,MIO_NAC,S1311,B9,NL,2008,658.0,,
ESTAT:GOV_10A_MAIN(1.0),21/07/26 11:00:00,A,MIO_NAC,S1311,B9,NL,2009,-18609.0,,
ESTAT:GOV_10A_MAIN(1.0),21/07/26 11:00:00,A,MIO_NAC,S1311,B9,NL,2010,-24790.0,,
ESTAT:GOV_10A_MAIN(1.0),21/07/26 11:00:00,A,MIO_NAC,S1311,B9,NL,2011,-17463.0,,
ESTAT:GOV_10A_MAIN(1.0),21/07/26 11:00:00,A,MIO_NAC,S1311,B9,NL,2012,-18874.0,,
ESTAT:GOV_10A_MAIN(1.0),21/07/26 11:00:00,A,MIO_NAC,S1311,B9,NL,2013,-8353.0,,
ESTAT:GOV_10A_MAIN(1.0),21/07/26 11:00:00,A,MIO_NAC,S1311,B9,NL,2014,-6749.0,,
ESTAT:GOV_10A_MAIN(1.0),21/07/26 11:00:00,A,MIO_NAC,S1311,B9,NL,2015,-11304.0,,
ESTAT:GOV_10A_MAIN(1.0),21/07/26 11:00:00,A,MIO_NAC,S1311,B9,NL,2016,-6310.0,,
ESTAT:GOV_10A_MAIN(1.0),21/07/26 11:00:00,A,MIO_NAC,S1311,B9,NL,2017,8033.0,,
ESTAT:GOV_10A_MAIN(1.0),21/07/26 11:00:00,A,MIO_NAC,S1311,B9,NL,2018,6981.0,,
ESTAT:GOV_10A_MAIN(1.0),21/07/26 11:00:00,A,MIO_NAC,S1311,B9,NL,2019,11188.0,,
ESTAT:GOV_10A_MAIN(1.0),21/07/26 11:00:00,A,MIO_NAC,S1311,B9,NL,2020,-33044.0,,
ESTAT:GOV_10A_MAIN(1.0),21/07/26 11:00:00,A,MIO_NAC,S1311,B9,NL,2021,-29787.0,,
ESTAT:GOV_10A_MAIN(1.0),21/07/26 11:00:00,A,MIO_NAC,S1311,B9,NL,2022,-14037.0,,
ESTAT:GOV_10A_MAIN(1.0),21/07/26 11:00:00,A,MIO_NAC,S1311,B9,NL,2023,-22349.0,,
ESTAT:GOV_10A_MAIN(1.0),21/07/26 11:00:00,A,MIO_NAC,S1311,B9,NL,2024,-19588.0,,
ESTAT:GOV_10A_MAIN(1.0),21/07/26 11:00:00,A,MIO_NAC,S1311,B9,NL,2025,-24548.0,p,
ESTAT:GOV_10A_MAIN(1.0),21/07/26 11:00:00,A,MIO_NAC,S1311,B9,NO,1995,30666.0,,
ESTAT:GOV_10A_MAIN(1.0),21/07/26 11:00:00,A,MIO_NAC,S1311,B9,NO,1996,66672.0,,
ESTAT:GOV_10A_MAIN(1.0),21/07/26 11:00:00,A,MIO_NAC,S1311,B9,NO,1997,86377.0,,
ESTAT:GOV_10A_MAIN(1.0),21/07/26 11:00:00,A,MIO_NAC,S1311,B9,NO,1998,52785.0,,
ESTAT:GOV_10A_MAIN(1.0),21/07/26 11:00:00,A,MIO_NAC,S1311,B9,NO,1999,83695.0,,
ESTAT:GOV_10A_MAIN(1.0),21/07/26 11:00:00,A,MIO_NAC,S1311,B9,NO,2000,232166.0,,
ESTAT:GOV_10A_MAIN(1.0),21/07/26 11:00:00,A,MIO_NAC,S1311,B9,NO,2001,217146.0,,
ESTAT:GOV_10A_MAIN(1.0),21/07/26 11:00:00,A,MIO_NAC,S1311,B9,NO,2002,140346.0,,
ESTAT:GOV_10A_MAIN(1.0),21/07/26 11:00:00,A,MIO_NAC,S1311,B9,NO,2003,132997.0,,
ESTAT:GOV_10A_MAIN(1.0),21/07/26 11:00:00,A,MIO_NAC,S1311,B9,NO,2004,204211.0,,
ESTAT:GOV_10A_MAIN(1.0),21/07/26 11:00:00,A,MIO_NAC,S1311,B9,NO,2005,294318.0,,
ESTAT:GOV_10A_MAIN(1.0),21/07/26 11:00:00,A,MIO_NAC,S1311,B9,NO,2006,399222.0,,
ESTAT:GOV_10A_MAIN(1.0),21/07/26 11:00:00,A,MIO_NAC,S1311,B9,NO,2007,412561.0,,
ESTAT:GOV_10A_MAIN(1.0),21/07/26 11:00:00,A,MIO_NAC,S1311,B9,NO,2008,512951.0,,
ESTAT:GOV_10A_MAIN(1.0),21/07/26 11:00:00,A,MIO_NAC,S1311,B9,NO,2009,272843.0,,
ESTAT:GOV_10A_MAIN(1.0),21/07/26 11:00:00,A,MIO_NAC,S1311,B9,NO,2010,304889.0,,
ESTAT:GOV_10A_MAIN(1.0),21/07/26 11:00:00,A,MIO_NAC,S1311,B9,NO,2011,392420.0,,
ESTAT:GOV_10A_MAIN(1.0),21/07/26 11:00:00,A,MIO_NAC,S1311,B9,NO,2012,424804.0,,
ESTAT:GOV_10A_MAIN(1.0),21/07/26 11:00:00,A,MIO_NAC,S1311,B9,NO,2013,351530.0,,
ESTAT:GOV_10A_MAIN(1.0),21/07/26 11:00:00,A,MIO_NAC,S1311,B9,NO,2014,293971.0,,
ESTAT:GOV_10A_MAIN(1.0),21/07/26 11:00:00,A,MIO_NAC,S1311,B9,NO,2015,197135.0,,
ESTAT:GOV_10A_MAIN(1.0),21/07/26 11:00:00,A,MIO_NAC,S1311,B9,NO,2016,138697.0,,
ESTAT:GOV_10A_MAIN(1.0),21/07/26 11:00:00,A,MIO_NAC,S1311,B9,NO,2017,177126.0,,
ESTAT:GOV_10A_MAIN(1.0),21/07/26 11:00:00,A,MIO_NAC,S1311,B9,NO,2018,295698.0,,
ESTAT:GOV_10A_MAIN(1.0),21/07/26 11:00:00,A,MIO_NAC,S1311,B9,NO,2019,269661.0,,
ESTAT:GOV_10A_MAIN(1.0),21/07/26 11:00:00,A,MIO_NAC,S1311,B9,NO,2020,-72079.0,,
ESTAT:GOV_10A_MAIN(1.0),21/07/26 11:00:00,A,MIO_NAC,S1311,B9,NO,2021,428968.0,,
ESTAT:GOV_10A_MAIN(1.0),21/07/26 11:00:00,A,MIO_NAC,S1311,B9,NO,2022,1509525.0,,
ESTAT:GOV_10A_MAIN(1.0),21/07/26 11:00:00,A,MIO_NAC,S1311,B9,NO,2023,887364.0,,
ESTAT:GOV_10A_MAIN(1.0),21/07/26 11:00:00,A,MIO_NAC,S1311,B9,NO,2024,735362.0,,
ESTAT:GOV_10A_MAIN(1.0),21/07/26 11:00:00,A,MIO_NAC,S1311,B9,NO,2025,612653.0,,
ESTAT:GOV_10A_MAIN(1.0),21/07/26 11:00:00,A,MIO_NAC,S1311,B9,PL,1995,-13300.0,,
ESTAT:GOV_10A_MAIN(1.0),21/07/26 11:00:00,A,MIO_NAC,S1311,B9,PL,1996,-21238.0,,
ESTAT:GOV_10A_MAIN(1.0),21/07/26 11:00:00,A,MIO_NAC,S1311,B9,PL,1997,-25983.0,,
ESTAT:GOV_10A_MAIN(1.0),21/07/26 11:00:00,A,MIO_NAC,S1311,B9,PL,1998,-26377.0,,
ESTAT:GOV_10A_MAIN(1.0),21/07/26 11:00:00,A,MIO_NAC,S1311,B9,PL,1999,-9855.0,,
ESTAT:GOV_10A_MAIN(1.0),21/07/26 11:00:00,A,MIO_NAC,S1311,B9,PL,2000,-20337.0,,
ESTAT:GOV_10A_MAIN(1.0),21/07/26 11:00:00,A,MIO_NAC,S1311,B9,PL,2001,-33806.0,,
ESTAT:GOV_10A_MAIN(1.0),21/07/26 11:00:00,A,MIO_NAC,S1311,B9,PL,2002,-33832.0,,
ESTAT:GOV_10A_MAIN(1.0),21/07/26 11:00:00,A,MIO_NAC,S1311,B9,PL,2003,-45761.0,,
ESTAT:GOV_10A_MAIN(1.0),21/07/26 11:00:00,A,MIO_NAC,S1311,B9,PL,2004,-45829.0,,
ESTAT:GOV_10A_MAIN(1.0),21/07/26 11:00:00,A,MIO_NAC,S1311,B9,PL,2005,-40034.4,,
ESTAT:GOV_10A_MAIN(1.0),21/07/26 11:00:00,A,MIO_NAC,S1311,B9,PL,2006,-42295.0,,
ESTAT:GOV_10A_MAIN(1.0),21/07/26 11:00:00,A,MIO_NAC,S1311,B9,PL,2007,-34946.0,,
ESTAT:GOV_10A_MAIN(1.0),21/07/26 11:00:00,A,MIO_NAC,S1311,B9,PL,2008,-49088.0,,
ESTAT:GOV_10A_MAIN(1.0),21/07/26 11:00:00,A,MIO_NAC,S1311,B9,PL,2009,-72574.0,,
ESTAT:GOV_10A_MAIN(1.0),21/07/26 11:00:00,A,MIO_NAC,S1311,B9,PL,2010,-85477.0,,
ESTAT:GOV_10A_MAIN(1.0),21/07/26 11:00:00,A,MIO_NAC,S1311,B9,PL,2011,-62968.0,,
ESTAT:GOV_10A_MAIN(1.0),21/07/26 11:00:00,A,MIO_NAC,S1311,B9,PL,2012,-59231.0,,
ESTAT:GOV_10A_MAIN(1.0),21/07/26 11:00:00,A,MIO_NAC,S1311,B9,PL,2013,-61272.0,,
ESTAT:GOV_10A_MAIN(1.0),21/07/26 11:00:00,A,MIO_NAC,S1311,B9,PL,2014,-38831.0,,
ESTAT:GOV_10A_MAIN(1.0),21/07/26 11:00:00,A,MIO_NAC,S1311,B9,PL,2015,-37947.0,,
ESTAT:GOV_10A_MAIN(1.0),21/07/26 11:00:00,A,MIO_NAC,S1311,B9,PL,2016,-47693.3,,
ESTAT:GOV_10A_MAIN(1.0),21/07/26 11:00:00,A,MIO_NAC,S1311,B9,PL,2017,-72637.0,,
ESTAT:GOV_10A_MAIN(1.0),21/07/26 11:00:00,A,MIO_NAC,S1311,B9,PL,2018,-11725.0,,
ESTAT:GOV_10A_MAIN(1.0),21/07/26 11:00:00,A,MIO_NAC,S1311,B9,PL,2019,-25048.0,,
ESTAT:GOV_10A_MAIN(1.0),21/07/26 11:00:00,A,MIO_NAC,S1311,B9,PL,2020,-183491.0,,
ESTAT:GOV_10A_MAIN(1.0),21/07/26 11:00:00,A,MIO_NAC,S1311,B9,PL,2021,-47179.0,,
ESTAT:GOV_10A_MAIN(1.0),21/07/26 11:00:00,A,MIO_NAC,S1311,B9,PL,2022,-92161.0,,
ESTAT:GOV_10A_MAIN(1.0),21/07/26 11:00:00,A,MIO_NAC,S1311,B9,PL,2023,-138610.0,,
ESTAT:GOV_10A_MAIN(1.0),21/07/26 11:00:00,A,MIO_NAC,S1311,B9,PL,2024,-243933.0,,
ESTAT:GOV_10A_MAIN(1.0),21/07/26 11:00:00,A,MIO_NAC,S1311,B9,PL,2025,-280082.0,,
ESTAT:GOV_10A_MAIN(1.0),21/07/26 11:00:00,A,MIO_NAC,S1311,B9,PT,1995,-4235.0,,
ESTAT:GOV_10A_MAIN(1.0),21/07/26 11:00:00,A,MIO_NAC,S1311,B9,PT,1996,-5091.4,,
ESTAT:GOV_10A_MAIN(1.0),21/07/26 11:00:00,A,MIO_NAC,S1311,B9,PT,1997,-4002.9,,
ESTAT:GOV_10A_MAIN(1.0),21/07/26 11:00:00,A,MIO_NAC,S1311,B9,PT,1998,-5382.0,,
ESTAT:GOV_10A_MAIN(1.0),21/07/26 11:00:00,A,MIO_NAC,S1311,B9,PT,1999,-4079.4,,
ESTAT:GOV_10A_MAIN(1.0),21/07/26 11:00:00,A,MIO_NAC,S1311,B9,PT,2000,-3746.0,,
ESTAT:GOV_10A_MAIN(1.0),21/07/26 11:00:00,A,MIO_NAC,S1311,B9,PT,2001,-5695.1,,
ESTAT:GOV_10A_MAIN(1.0),21/07/26 11:00:00,A,MIO_NAC,S1311,B9,PT,2002,-5026.1,,
ESTAT:GOV_10A_MAIN(1.0),21/07/26 11:00:00,A,MIO_NAC,S1311,B9,PT,2003,-8040.9,,
ESTAT:GOV_10A_MAIN(1.0),21/07/26 11:00:00,A,MIO_NAC,S1311,B9,PT,2004,-9227.2,,
ESTAT:GOV_10A_MAIN(1.0),21/07/26 11:00:00,A,MIO_NAC,S1311,B9,PT,2005,-9654.9,,
ESTAT:GOV_10A_MAIN(1.0),21/07/26 11:00:00,A,MIO_NAC,S1311,B9,PT,2006,-7539.8,,
ESTAT:GOV_10A_MAIN(1.0),21/07/26 11:00:00,A,MIO_NAC,S1311,B9,PT,2007,-6000.3,,
ESTAT:GOV_10A_MAIN(1.0),21/07/26 11:00:00,A,MIO_NAC,S1311,B9,PT,2008,-7409.2,,
ESTAT:GOV_10A_MAIN(1.0),21/07/26 11:00:00,A,MIO_NAC,S1311,B9,PT,2009,-16348.4,,
ESTAT:GOV_10A_MAIN(1.0),21/07/26 11:00:00,A,MIO_NAC,S1311,B9,PT,2010,-19799.0,,
ESTAT:GOV_10A_MAIN(1.0),21/07/26 11:00:00,A,MIO_NAC,S1311,B9,PT,2011,-13861.8,,
ESTAT:GOV_10A_MAIN(1.0),21/07/26 11:00:00,A,MIO_NAC,S1311,B9,PT,2012,-11602.7,,
ESTAT:GOV_10A_MAIN(1.0),21/07/26 11:00:00,A,MIO_NAC,S1311,B9,PT,2013,-9555.2,,
ESTAT:GOV_10A_MAIN(1.0),21/07/26 11:00:00,A,MIO_NAC,S1311,B9,PT,2014,-14213.9,,
ESTAT:GOV_10A_MAIN(1.0),21/07/26 11:00:00,A,MIO_NAC,S1311,B9,PT,2015,-9930.8,,
ESTAT:GOV_10A_MAIN(1.0),21/07/26 11:00:00,A,MIO_NAC,S1311,B9,PT,2016,-6055.0,,
ESTAT:GOV_10A_MAIN(1.0),21/07/26 11:00:00,A,MIO_NAC,S1311,B9,PT,2017,-8460.1,,
ESTAT:GOV_10A_MAIN(1.0),21/07/26 11:00:00,A,MIO_NAC,S1311,B9,PT,2018,-3406.9,,
ESTAT:GOV_10A_MAIN(1.0),21/07/26 11:00:00,A,MIO_NAC,S1311,B9,PT,2019,-3330.9,,
ESTAT:GOV_10A_MAIN(1.0),21/07/26 11:00:00,A,MIO_NAC,S1311,B9,PT,2020,-13554.6,,
ESTAT:GOV_10A_MAIN(1.0),21/07/26 11:00:00,A,MIO_NAC,S1311,B9,PT,2021,-7984.7,,
ESTAT:GOV_10A_MAIN(1.0),21/07/26 11:00:00,A,MIO_NAC,S1311,B9,PT,2022,-4966.1,,
ESTAT:GOV_10A_MAIN(1.0),21/07/26 11:00:00,A,MIO_NAC,S1311,B9,PT,2023,-2447.4,,
ESTAT:GOV_10A_MAIN(1.0),21/07/26 11:00:00,A,MIO_NAC,S1311,B9,PT,2024,-4423.9,,
ESTAT:GOV_10A_MAIN(1.0),21/07/26 11:00:00,A,MIO_NAC,S1311,B9,PT,2025,-5635.8,,
ESTAT:GOV_10A_MAIN(1.0),21/07/26 11:00:00,A,MIO_NAC,S1311,B9,RO,1995,-225.1,,
ESTAT:GOV_10A_MAIN(1.0),21/07/26 11:00:00,A,MIO_NAC,S1311,B9,RO,1996,-492.8,,
ESTAT:GOV_10A_MAIN(1.0),21/07/26 11:00:00,A,MIO_NAC,S1311,B9,RO,1997,-1182.2,,
ESTAT:GOV_10A_MAIN(1.0),21/07/26 11:00:00,A,MIO_NAC,S1311,B9,RO,1998,-920.7,,
ESTAT:GOV_10A_MAIN(1.0),21/07/26 11:00:00,A,MIO_NAC,S1311,B9,RO,1999,-2653.8,,
ESTAT:GOV_10A_MAIN(1.0),21/07/26 11:00:00,A,MIO_NAC,S1311,B9,RO,2000,-4072.9,,
ESTAT:GOV_10A_MAIN(1.0),21/07/26 11:00:00,A,MIO_NAC,S1311,B9,RO,2001,-4767.9,,
ESTAT:GOV_10A_MAIN(1.0),21/07/26 11:00:00,A,MIO_NAC,S1311,B9,RO,2002,-3189.9,,
ESTAT:GOV_10A_MAIN(1.0),21/07/26 11:00:00,A,MIO_NAC,S1311,B9,RO,2003,-3521.8,,
ESTAT:GOV_10A_MAIN(1.0),21/07/26 11:00:00,A,MIO_NAC,S1311,B9,RO,2004,-2356.9,,
ESTAT:GOV_10A_MAIN(1.0),21/07/26 11:00:00,A,MIO_NAC,S1311,B9,RO,2005,-2478.6,,
ESTAT:GOV_10A_MAIN(1.0),21/07/26 11:00:00,A,MIO_NAC,S1311,B9,RO,2006,-11027.4,,
ESTAT:GOV_10A_MAIN(1.0),21/07/26 11:00:00,A,MIO_NAC,S1311,B9,RO,2007,-14958.9,,
ESTAT:GOV_10A_MAIN(1.0),21/07/26 11:00:00,A,MIO_NAC,S1311,B9,RO,2008,-23264.7,,
ESTAT:GOV_10A_MAIN(1.0),21/07/26 11:00:00,A,MIO_NAC,S1311,B9,RO,2009,-40649.5,,
ESTAT:GOV_10A_MAIN(1.0),21/07/26 11:00:00,A,MIO_NAC,S1311,B9,RO,2010,-34134.5,,
ESTAT:GOV_10A_MAIN(1.0),21/07/26 11:00:00,A,MIO_NAC,S1311,B9,RO,2011,-28230.4,,
ESTAT:GOV_10A_MAIN(1.0),21/07/26 11:00:00,A,MIO_NAC,S1311,B9,RO,2012,-20636.1,,
ESTAT:GOV_10A_MAIN(1.0),21/07/26 11:00:00,A,MIO_NAC,S1311,B9,RO,2013,-17933.4,,
ESTAT:GOV_10A_MAIN(1.0),21/07/26 11:00:00,A,MIO_NAC,S1311,B9,RO,2014,-12591.5,,
ESTAT:GOV_10A_MAIN(1.0),21/07/26 11:00:00,A,MIO_NAC,S1311,B9,RO,2015,-10502.1,,
ESTAT:GOV_10A_MAIN(1.0),21/07/26 11:00:00,A,MIO_NAC,S1311,B9,RO,2016,-21273.3,,
ESTAT:GOV_10A_MAIN(1.0),21/07/26 11:00:00,A,MIO_NAC,S1311,B9,RO,2017,-24170.4,,
ESTAT:GOV_10A_MAIN(1.0),21/07/26 11:00:00,A,MIO_NAC,S1311,B9,RO,2018,-29797.8,,
ESTAT:GOV_10A_MAIN(1.0),21/07/26 11:00:00,A,MIO_NAC,S1311,B9,RO,2019,-45269.3,,
ESTAT:GOV_10A_MAIN(1.0),21/07/26 11:00:00,A,MIO_NAC,S1311,B9,RO,2020,-97323.1,,
ESTAT:GOV_10A_MAIN(1.0),21/07/26 11:00:00,A,MIO_NAC,S1311,B9,RO,2021,-85723.0,,
ESTAT:GOV_10A_MAIN(1.0),21/07/26 11:00:00,A,MIO_NAC,S1311,B9,RO,2022,-90308.1,,
ESTAT:GOV_10A_MAIN(1.0),21/07/26 11:00:00,A,MIO_NAC,S1311,B9,RO,2023,-103244.5,,
ESTAT:GOV_10A_MAIN(1.0),21/07/26 11:00:00,A,MIO_NAC,S1311,B9,RO,2024,-149733.4,,
ESTAT:GOV_10A_MAIN(1.0),21/07/26 11:00:00,A,MIO_NAC,S1311,B9,RO,2025,-149060.0,,
ESTAT:GOV_10A_MAIN(1.0),21/07/26 11:00:00,A,MIO_NAC,S1311,B9,SE,1995,-141189.0,,
ESTAT:GOV_10A_MAIN(1.0),21/07/26 11:00:00,A,MIO_NAC,S1311,B9,SE,1996,-66773.0,,
ESTAT:GOV_10A_MAIN(1.0),21/07/26 11:00:00,A,MIO_NAC,S1311,B9,SE,1997,-32563.0,,
ESTAT:GOV_10A_MAIN(1.0),21/07/26 11:00:00,A,MIO_NAC,S1311,B9,SE,1998,-3650.0,,
ESTAT:GOV_10A_MAIN(1.0),21/07/26 11:00:00,A,MIO_NAC,S1311,B9,SE,1999,62110.0,,
ESTAT:GOV_10A_MAIN(1.0),21/07/26 11:00:00,A,MIO_NAC,S1311,B9,SE,2000,82491.0,,
ESTAT:GOV_10A_MAIN(1.0),21/07/26 11:00:00,A,MIO_NAC,S1311,B9,SE,2001,164557.0,,
ESTAT:GOV_10A_MAIN(1.0),21/07/26 11:00:00,A,MIO_NAC,S1311,B9,SE,2002,-46312.0,,
ESTAT:GOV_10A_MAIN(1.0),21/07/26 11:00:00,A,MIO_NAC,S1311,B9,SE,2003,-49495.0,,
ESTAT:GOV_10A_MAIN(1.0),21/07/26 11:00:00,A,MIO_NAC,S1311,B9,SE,2004,-19691.0,,
ESTAT:GOV_10A_MAIN(1.0),21/07/26 11:00:00,A,MIO_NAC,S1311,B9,SE,2005,21689.0,,
ESTAT:GOV_10A_MAIN(1.0),21/07/26 11:00:00,A,MIO_NAC,S1311,B9,SE,2006,37636.0,,
ESTAT:GOV_10A_MAIN(1.0),21/07/26 11:00:00,A,MIO_NAC,S1311,B9,SE,2007,76543.0,,
ESTAT:GOV_10A_MAIN(1.0),21/07/26 11:00:00,A,MIO_NAC,S1311,B9,SE,2008,35368.0,,
ESTAT:GOV_10A_MAIN(1.0),21/07/26 11:00:00,A,MIO_NAC,S1311,B9,SE,2009,-27581.0,,
ESTAT:GOV_10A_MAIN(1.0),21/07/26 11:00:00,A,MIO_NAC,S1311,B9,SE,2010,-12860.0,,
ESTAT:GOV_10A_MAIN(1.0),21/07/26 11:00:00,A,MIO_NAC,S1311,B9,SE,2011,-18925.0,,
ESTAT:GOV_10A_MAIN(1.0),21/07/26 11:00:00,A,MIO_NAC,S1311,B9,SE,2012,-43849.0,,
ESTAT:GOV_10A_MAIN(1.0),21/07/26 11:00:00,A,MIO_NAC,S1311,B9,SE,2013,-47997.0,,
ESTAT:GOV_10A_MAIN(1.0),21/07/26 11:00:00,A,MIO_NAC,S1311,B9,SE,2014,-51874.0,,
ESTAT:GOV_10A_MAIN(1.0),21/07/26 11:00:00,A,MIO_NAC,S1311,B9,SE,2015,4854.0,,
ESTAT:GOV_10A_MAIN(1.0),21/07/26 11:00:00,A,MIO_NAC,S1311,B9,SE,2016,63641.0,,
ESTAT:GOV_10A_MAIN(1.0),21/07/26 11:00:00,A,MIO_NAC,S1311,B9,SE,2017,76109.0,,
ESTAT:GOV_10A_MAIN(1.0),21/07/26 11:00:00,A,MIO_NAC,S1311,B9,SE,2018,63439.0,,
ESTAT:GOV_10A_MAIN(1.0),21/07/26 11:00:00,A,MIO_NAC,S1311,B9,SE,2019,65769.0,,
ESTAT:GOV_10A_MAIN(1.0),21/07/26 11:00:00,A,MIO_NAC,S1311,B9,SE,2020,-143968.0,,
ESTAT:GOV_10A_MAIN(1.0),21/07/26 11:00:00,A,MIO_NAC,S1311,B9,SE,2021,-35428.0,,
ESTAT:GOV_10A_MAIN(1.0),21/07/26 11:00:00,A,MIO_NAC,S1311,B9,SE,2022,20870.0,,
ESTAT:GOV_10A_MAIN(1.0),21/07/26 11:00:00,A,MIO_NAC,S1311,B9,SE,2023,-7355.0,,
ESTAT:GOV_10A_MAIN(1.0),21/07/26 11:00:00,A,MIO_NAC,S1311,B9,SE,2024,-75751.0,,
ESTAT:GOV_10A_MAIN(1.0),21/07/26 11:00:00,A,MIO_NAC,S1311,B9,SE,2025,-89095.0,,
ESTAT:GOV_10A_MAIN(1.0),21/07/26 11:00:00,A,MIO_NAC,S1311,B9,SI,1995,-804.3,,
ESTAT:GOV_10A_MAIN(1.0),21/07/26 11:00:00,A,MIO_NAC,S1311,B9,SI,1996,-87.8,,
ESTAT:GOV_10A_MAIN(1.0),21/07/26 11:00:00,A,MIO_NAC,S1311,B9,SI,1997,-369.2,,
ESTAT:GOV_10A_MAIN(1.0),21/07/26 11:00:00,A,MIO_NAC,S1311,B9,SI,1998,-432.8,,
ESTAT:GOV_10A_MAIN(1.0),21/07/26 11:00:00,A,MIO_NAC,S1311,B9,SI,1999,-536.1,,
ESTAT:GOV_10A_MAIN(1.0),21/07/26 11:00:00,A,MIO_NAC,S1311,B9,SI,2000,-617.1,,
ESTAT:GOV_10A_MAIN(1.0),21/07/26 11:00:00,A,MIO_NAC,S1311,B9,SI,2001,-903.7,,
ESTAT:GOV_10A_MAIN(1.0),21/07/26 11:00:00,A,MIO_NAC,S1311,B9,SI,2002,-500.9,,
ESTAT:GOV_10A_MAIN(1.0),21/07/26 11:00:00,A,MIO_NAC,S1311,B9,SI,2003,-621.9,,
ESTAT:GOV_10A_MAIN(1.0),21/07/26 11:00:00,A,MIO_NAC,S1311,B9,SI,2004,-493.2,,
ESTAT:GOV_10A_MAIN(1.0),21/07/26 11:00:00,A,MIO_NAC,S1311,B9,SI,2005,-601.9,,
ESTAT:GOV_10A_MAIN(1.0),21/07/26 11:00:00,A,MIO_NAC,S1311,B9,SI,2006,-390.9,,
ESTAT:GOV_10A_MAIN(1.0),21/07/26 11:00:00,A,MIO_NAC,S1311,B9,SI,2007,-37.6,,
ESTAT:GOV_10A_MAIN(1.0),21/07/26 11:00:00,A,MIO_NAC,S1311,B9,SI,2008,-244.8,,
ESTAT:GOV_10A_MAIN(1.0),21/07/26 11:00:00,A,MIO_NAC,S1311,B9,SI,2009,-1785.4,,
ESTAT:GOV_10A_MAIN(1.0),21/07/26 11:00:00,A,MIO_NAC,S1311,B9,SI,2010,-1779.4,,
ESTAT:GOV_10A_MAIN(1.0),21/07/26 11:00:00,A,MIO_NAC,S1311,B9,SI,2011,-2483.3,,
ESTAT:GOV_10A_MAIN(1.0),21/07/26 11:00:00,A,MIO_NAC,S1311,B9,SI,2012,-1422.3,,
ESTAT:GOV_10A_MAIN(1.0),21/07/26 11:00:00,A,MIO_NAC,S1311,B9,SI,2013,-4058.2,,
ESTAT:GOV_10A_MAIN(1.0),21/07/26 11:00:00,A,MIO_NAC,S1311,B9,SI,2014,-1715.8,,
ESTAT:GOV_10A_MAIN(1.0),21/07/26 11:00:00,A,MIO_NAC,S1311,B9,SI,2015,-1251.0,,
ESTAT:GOV_10A_MAIN(1.0),21/07/26 11:00:00,A,MIO_NAC,S1311,B9,SI,2016,-804.5,,
ESTAT:GOV_10A_MAIN(1.0),21/07/26 11:00:00,A,MIO_NAC,S1311,B9,SI,2017,-38.3,,
ESTAT:GOV_10A_MAIN(1.0),21/07/26 11:00:00,A,MIO_NAC,S1311,B9,SI,2018,484.8,,
ESTAT:GOV_10A_MAIN(1.0),21/07/26 11:00:00,A,MIO_NAC,S1311,B9,SI,2019,348.0,,
ESTAT:GOV_10A_MAIN(1.0),21/07/26 11:00:00,A,MIO_NAC,S1311,B9,SI,2020,-3671.5,,
ESTAT:GOV_10A_MAIN(1.0),21/07/26 11:00:00,A,MIO_NAC,S1311,B9,SI,2021,-2619.4,,
ESTAT:GOV_10A_MAIN(1.0),21/07/26 11:00:00,A,MIO_NAC,S1311,B9,SI,2022,-1497.2,,
ESTAT:GOV_10A_MAIN(1.0),21/07/26 11:00:00,A,MIO_NAC,S1311,B9,SI,2023,-1739.1,,
ESTAT:GOV_10A_MAIN(1.0),21/07/26 11:00:00,A,MIO_NAC,S1311,B9,SI,2024,-464.2,,
ESTAT:GOV_10A_MAIN(1.0),21/07/26 11:00:00,A,MIO_NAC,S1311,B9,SI,2025,-1722.8,,
ESTAT:GOV_10A_MAIN(1.0),21/07/26 11:00:00,A,MIO_NAC,S1311,B9,SK,1995,-1093.7,,
ESTAT:GOV_10A_MAIN(1.0),21/07/26 11:00:00,A,MIO_NAC,S1311,B9,SK,1996,-2464.0,,
ESTAT:GOV_10A_MAIN(1.0),21/07/26 11:00:00,A,MIO_NAC,S1311,B9,SK,1997,-1251.8,,
ESTAT:GOV_10A_MAIN(1.0),21/07/26 11:00:00,A,MIO_NAC,S1311,B9,SK,1998,-1256.3,,
ESTAT:GOV_10A_MAIN(1.0),21/07/26 11:00:00,A,MIO_NAC,S1311,B9,SK,1999,-1797.3,,
ESTAT:GOV_10A_MAIN(1.0),21/07/26 11:00:00,A,MIO_NAC,S1311,B9,SK,2000,-4261.0,,
ESTAT:GOV_10A_MAIN(1.0),21/07/26 11:00:00,A,MIO_NAC,S1311,B9,SK,2001,-2913.6,,
ESTAT:GOV_10A_MAIN(1.0),21/07/26 11:00:00,A,MIO_NAC,S1311,B9,SK,2002,-3388.5,,
ESTAT:GOV_10A_MAIN(1.0),21/07/26 11:00:00,A,MIO_NAC,S1311,B9,SK,2003,-1312.8,,
ESTAT:GOV_10A_MAIN(1.0),21/07/26 11:00:00,A,MIO_NAC,S1311,B9,SK,2004,-1472.8,,
ESTAT:GOV_10A_MAIN(1.0),21/07/26 11:00:00,A,MIO_NAC,S1311,B9,SK,2005,-1304.3,,
ESTAT:GOV_10A_MAIN(1.0),21/07/26 11:00:00,A,MIO_NAC,S1311,B9,SK,2006,-2047.2,,
ESTAT:GOV_10A_MAIN(1.0),21/07/26 11:00:00,A,MIO_NAC,S1311,B9,SK,2007,-1526.3,,
ESTAT:GOV_10A_MAIN(1.0),21/07/26 11:00:00,A,MIO_NAC,S1311,B9,SK,2008,-2002.0,,
ESTAT:GOV_10A_MAIN(1.0),21/07/26 11:00:00,A,MIO_NAC,S1311,B9,SK,2009,-4453.1,,
ESTAT:GOV_10A_MAIN(1.0),21/07/26 11:00:00,A,MIO_NAC,S1311,B9,SK,2010,-4549.1,,
ESTAT:GOV_10A_MAIN(1.0),21/07/26 11:00:00,A,MIO_NAC,S1311,B9,SK,2011,-3380.2,,
ESTAT:GOV_10A_MAIN(1.0),21/07/26 11:00:00,A,MIO_NAC,S1311,B9,SK,2012,-3628.0,,
ESTAT:GOV_10A_MAIN(1.0),21/07/26 11:00:00,A,MIO_NAC,S1311,B9,SK,2013,-2203.6,,
ESTAT:GOV_10A_MAIN(1.0),21/07/26 11:00:00,A,MIO_NAC,S1311,B9,SK,2014,-2358.6,,
ESTAT:GOV_10A_MAIN(1.0),21/07/26 11:00:00,A,MIO_NAC,S1311,B9,SK,2015,-2212.2,,
ESTAT:GOV_10A_MAIN(1.0),21/07/26 11:00:00,A,MIO_NAC,S1311,B9,SK,2016,-2341.9,,
ESTAT:GOV_10A_MAIN(1.0),21/07/26 11:00:00,A,MIO_NAC,S1311,B9,SK,2017,-1115.2,,
ESTAT:GOV_10A_MAIN(1.0),21/07/26 11:00:00,A,MIO_NAC,S1311,B9,SK,2018,-1062.8,,
ESTAT:GOV_10A_MAIN(1.0),21/07/26 11:00:00,A,MIO_NAC,S1311,B9,SK,2019,-1438.1,,
ESTAT:GOV_10A_MAIN(1.0),21/07/26 11:00:00,A,MIO_NAC,S1311,B9,SK,2020,-5504.7,,
ESTAT:GOV_10A_MAIN(1.0),21/07/26 11:00:00,A,MIO_NAC,S1311,B9,SK,2021,-5452.1,,
ESTAT:GOV_10A_MAIN(1.0),21/07/26 11:00:00,A,MIO_NAC,S1311,B9,SK,2022,-1502.1,,
ESTAT:GOV_10A_MAIN(1.0),21/07/26 11:00:00,A,MIO_NAC,S1311,B9,SK,2023,-6913.6,,
ESTAT:GOV_10A_MAIN(1.0),21/07/26 11:00:00,A,MIO_NAC,S1311,B9,SK,2024,-7208.6,,
ESTAT:GOV_10A_MAIN(1.0),21/07/26 11:00:00,A,MIO_NAC,S1311,B9,SK,2025,-6930.5,,
ESTAT:GOV_10A_MAIN(1.0),21/07/26 11:00:00,A,MIO_NAC,S1312,B9,AT,1995,38.9,,
ESTAT:GOV_10A_MAIN(1.0),21/07/26 11:00:00,A,MIO_NAC,S1312,B9,AT,1996,431.0,,
ESTAT:GOV_10A_MAIN(1.0),21/07/26 11:00:00,A,MIO_NAC,S1312,B9,AT,1997,670.2,,
ESTAT:GOV_10A_MAIN(1.0),21/07/26 11:00:00,A,MIO_NAC,S1312,B9,AT,1998,325.2,,
ESTAT:GOV_10A_MAIN(1.0),21/07/26 11:00:00,A,MIO_NAC,S1312,B9,AT,1999,91.5,,
ESTAT:GOV_10A_MAIN(1.0),21/07/26 11:00:00,A,MIO_NAC,S1312,B9,AT,2000,-120.2,,
ESTAT:GOV_10A_MAIN(1.0),21/07/26 11:00:00,A,MIO_NAC,S1312,B9,AT,2001,-18.5,,
ESTAT:GOV_10A_MAIN(1.0),21/07/26 11:00:00,A,MIO_NAC,S1312,B9,AT,2002,-265.6,,
ESTAT:GOV_10A_MAIN(1.0),21/07/26 11:00:00,A,MIO_NAC,S1312,B9,AT,2003,-110.2,,
ESTAT:GOV_10A_MAIN(1.0),21/07/26 11:00:00,A,MIO_NAC,S1312,B9,AT,2004,-349.1,,
ESTAT:GOV_10A_MAIN(1.0),21/07/26 11:00:00,A,MIO_NAC,S1312,B9,AT,2005,-288.8,,
ESTAT:GOV_10A_MAIN(1.0),21/07/26 11:00:00,A,MIO_NAC,S1312,B9,AT,2006,-991.5,,
ESTAT:GOV_10A_MAIN(1.0),21/07/26 11:00:00,A,MIO_NAC,S1312,B9,AT,2007,-376.8,,
ESTAT:GOV_10A_MAIN(1.0),21/07/26 11:00:00,A,MIO_NAC,S1312,B9,AT,2008,-490.6,,
ESTAT:GOV_10A_MAIN(1.0),21/07/26 11:00:00,A,MIO_NAC,S1312,B9,AT,2009,-2007.9,,
ESTAT:GOV_10A_MAIN(1.0),21/07/26 11:00:00,A,MIO_NAC,S1312,B9,AT,2010,-2545.7,,
ESTAT:GOV_10A_MAIN(1.0),21/07/26 11:00:00,A,MIO_NAC,S1312,B9,AT,2011,-1026.0,,
ESTAT:GOV_10A_MAIN(1.0),21/07/26 11:00:00,A,MIO_NAC,S1312,B9,AT,2012,-382.8,,
ESTAT:GOV_10A_MAIN(1.0),21/07/26 11:00:00,A,MIO_NAC,S1312,B9,AT,2013,-23.7,,
ESTAT:GOV_10A_MAIN(1.0),21/07/26 11:00:00,A,MIO_NAC,S1312,B9,AT,2014,184.2,,
ESTAT:GOV_10A_MAIN(1.0),21/07/26 11:00:00,A,MIO_NAC,S1312,B9,AT,2015,449.1,,
ESTAT:GOV_10A_MAIN(1.0),21/07/26 11:00:00,A,MIO_NAC,S1312,B9,AT,2016,-1191.7,,
ESTAT:GOV_10A_MAIN(1.0),21/07/26 11:00:00,A,MIO_NAC,S1312,B9,AT,2017,292.8,,
ESTAT:GOV_10A_MAIN(1.0),21/07/26 11:00:00,A,MIO_NAC,S1312,B9,AT,2018,641.0,,
ESTAT:GOV_10A_MAIN(1.0),21/07/26 11:00:00,A,MIO_NAC,S1312,B9,AT,2019,544.3,,
ESTAT:GOV_10A_MAIN(1.0),21/07/26 11:00:00,A,MIO_NAC,S1312,B9,AT,2020,-1983.9,,
ESTAT:GOV_10A_MAIN(1.0),21/07/26 11:00:00,A,MIO_NAC,S1312,B9,AT,2021,-2056.5,,
ESTAT:GOV_10A_MAIN(1.0),21/07/26 11:00:00,A,MIO_NAC,S1312,B9,AT,2022,1983.1,,
ESTAT:GOV_10A_MAIN(1.0),21/07/26 11:00:00,A,MIO_NAC,S1312,B9,AT,2023,-453.6,,
ESTAT:GOV_10A_MAIN(1.0),21/07/26 11:00:00,A,MIO_NAC,S1312,B9,AT,2024,-2305.5,,
ESTAT:GOV_10A_MAIN(1.0),21/07/26 11:00:00,A,MIO_NAC,S1312,B9,AT,2025,-2287.7,,
ESTAT:GOV_10A_MAIN(1.0),21/07/26 11:00:00,A,MIO_NAC,S1312,B9,BE,1995,-1628.5,,
ESTAT:GOV_10A_MAIN(1.0),21/07/26 11:00:00,A,MIO_NAC,S1312,B9,BE,1996,-759.4,,
ESTAT:GOV_10A_MAIN(1.0),21/07/26 11:00:00,A,MIO_NAC,S1312,B9,BE,1997,-158.9,,
ESTAT:GOV_10A_MAIN(1.0),21/07/26 11:00:00,A,MIO_NAC,S1312,B9,BE,1998,780.7,,
ESTAT:GOV_10A_MAIN(1.0),21/07/26 11:00:00,A,MIO_NAC,S1312,B9,BE,1999,1089.0,,
ESTAT:GOV_10A_MAIN(1.0),21/07/26 11:00:00,A,MIO_NAC,S1312,B9,BE,2000,760.1,,
ESTAT:GOV_10A_MAIN(1.0),21/07/26 11:00:00,A,MIO_NAC,S1312,B9,BE,2001,2003.7,,
ESTAT:GOV_10A_MAIN(1.0),21/07/26 11:00:00,A,MIO_NAC,S1312,B9,BE,2002,-149.7,,
ESTAT:GOV_10A_MAIN(1.0),21/07/26 11:00:00,A,MIO_NAC,S1312,B9,BE,2003,147.1,,
ESTAT:GOV_10A_MAIN(1.0),21/07/26 11:00:00,A,MIO_NAC,S1312,B9,BE,2004,-79.6,,
ESTAT:GOV_10A_MAIN(1.0),21/07/26 11:00:00,A,MIO_NAC,S1312,B9,BE,2005,431.0,,
ESTAT:GOV_10A_MAIN(1.0),21/07/26 11:00:00,A,MIO_NAC,S1312,B9,BE,2006,481.0,,
ESTAT:GOV_10A_MAIN(1.0),21/07/26 11:00:00,A,MIO_NAC,S1312,B9,BE,2007,1226.3,,
ESTAT:GOV_10A_MAIN(1.0),21/07/26 11:00:00,A,MIO_NAC,S1312,B9,BE,2008,-410.6,,
ESTAT:GOV_10A_MAIN(1.0),21/07/26 11:00:00,A,MIO_NAC,S1312,B9,BE,2009,-2895.3,b,
ESTAT:GOV_10A_MAIN(1.0),21/07/26 11:00:00,A,MIO_NAC,S1312,B9,BE,2010,-2953.1,,
ESTAT:GOV_10A_MAIN(1.0),21/07/26 11:00:00,A,MIO_NAC,S1312,B9,BE,2011,-1855.9,,
ESTAT:GOV_10A_MAIN(1.0),21/07/26 11:00:00,A,MIO_NAC,S1312,B9,BE,2012,-745.2,,
ESTAT:GOV_10A_MAIN(1.0),21/07/26 11:00:00,A,MIO_NAC,S1312,B9,BE,2013,-1059.1,,
ESTAT:GOV_10A_MAIN(1.0),21/07/26 11:00:00,A,MIO_NAC,S1312,B9,BE,2014,-1548.9,,
ESTAT:GOV_10A_MAIN(1.0),21/07/26 11:00:00,A,MIO_NAC,S1312,B9,BE,2015,-6007.9,,
ESTAT:GOV_10A_MAIN(1.0),21/07/26 11:00:00,A,MIO_NAC,S1312,B9,BE,2016,179.6,,
ESTAT:GOV_10A_MAIN(1.0),21/07/26 11:00:00,A,MIO_NAC,S1312,B9,BE,2017,817.3,,
ESTAT:GOV_10A_MAIN(1.0),21/07/26 11:00:00,A,MIO_NAC,S1312,B9,BE,2018,-2060.5,,
ESTAT:GOV_10A_MAIN(1.0),21/07/26 11:00:00,A,MIO_NAC,S1312,B9,BE,2019,-1176.1,,
ESTAT:GOV_10A_MAIN(1.0),21/07/26 11:00:00,A,MIO_NAC,S1312,B9,BE,2020,-10118.7,,
ESTAT:GOV_10A_MAIN(1.0),21/07/26 11:00:00,A,MIO_NAC,S1312,B9,BE,2021,-8583.0,,
ESTAT:GOV_10A_MAIN(1.0),21/07/26 11:00:00,A,MIO_NAC,S1312,B9,BE,2022,-5279.7,,
ESTAT:GOV_10A_MAIN(1.0),21/07/26 11:00:00,A,MIO_NAC,S1312,B9,BE,2023,-6906.8,,
ESTAT:GOV_10A_MAIN(1.0),21/07/26 11:00:00,A,MIO_NAC,S1312,B9,BE,2024,-9420.1,p,
ESTAT:GOV_10A_MAIN(1.0),21/07/26 11:00:00,A,MIO_NAC,S1312,B9,BE,2025,-8947.8,p,
ESTAT:GOV_10A_MAIN(1.0),21/07/26 11:00:00,A,MIO_NAC,S1312,B9,BG,1995,,m,
ESTAT:GOV_10A_MAIN(1.0),21/07/26 11:00:00,A,MIO_NAC,S1312,B9,BG,1996,,m,
ESTAT:GOV_10A_MAIN(1.0),21/07/26 11:00:00,A,MIO_NAC,S1312,B9,BG,1997,,m,
ESTAT:GOV_10A_MAIN(1.0),21/07/26 11:00:00,A,MIO_NAC,S1312,B9,BG,1998,,m,
ESTAT:GOV_10A_MAIN(1.0),21/07/26 11:00:00,A,MIO_NAC,S1312,B9,BG,1999,,m,
ESTAT:GOV_10A_MAIN(1.0),21/07/26 11:00:00,A,MIO_NAC,S1312,B9,BG,2000,,m,
ESTAT:GOV_10A_MAIN(1.0),21/07/26 11:00:00,A,MIO_NAC,S1312,B9,BG,2001,,m,
ESTAT:GOV_10A_MAIN(1.0),21/07/26 11:00:00,A,MIO_NAC,S1312,B9,BG,2002,,m,
ESTAT:GOV_10A_MAIN(1.0),21/07/26 11:00:00,A,MIO_NAC,S1312,B9,BG,2003,,m,
ESTAT:GOV_10A_MAIN(1.0),21/07/26 11:00:00,A,MIO_NAC,S1312,B9,BG,2004,,m,
ESTAT:GOV_10A_MAIN(1.0),21/07/26 11:00:00,A,MIO_NAC,S1312,B9,BG,2005,,m,
ESTAT:GOV_10A_MAIN(1.0),21/07/26 11:00:00,A,MIO_NAC,S1312,B9,BG,2006,,m,
ESTAT:GOV_10A_MAIN(1.0),21/07/26 11:00:00,A,MIO_NAC,S1312,B9,BG,2007,,m,
ESTAT:GOV_10A_MAIN(1.0),21/07/26 11:00:00,A,MIO_NAC,S1312,B9,BG,2008,,m,
ESTAT:GOV_10A_MAIN(1.0),21/07/26 11:00:00,A,MIO_NAC,S1312,B9,BG,2009,,m,
ESTAT:GOV_10A_MAIN(1.0),21/07/26 11:00:00,A,MIO_NAC,S1312,B9,BG,2010,,m,
ESTAT:GOV_10A_MAIN(1.0),21/07/26 11:00:00,A,MIO_NAC,S1312,B9,BG,2011,,m,
ESTAT:GOV_10A_MAIN(1.0),21/07/26 11:00:00,A,MIO_NAC,S1312,B9,BG,2012,,m,
ESTAT:GOV_10A_MAIN(1.0),21/07/26 11:00:00,A,MIO_NAC,S1312,B9,BG,2013,,m,
ESTAT:GOV_10A_MAIN(1.0),21/07/26 11:00:00,A,MIO_NAC,S1312,B9,BG,2014,,m,
ESTAT:GOV_10A_MAIN(1.0),21/07/26 11:00:00,A,MIO_NAC,S1312,B9,BG,2015,,m,
ESTAT:GOV_10A_MAIN(1.0),21/07/26 11:00:00,A,MIO_NAC,S1312,B9,BG,2016,,m,
ESTAT:GOV_10A_MAIN(1.0),21/07/26 11:00:00,A,MIO_NAC,S1312,B9,BG,2017,,m,
ESTAT:GOV_10A_MAIN(1.0),21/07/26 11:00:00,A,MIO_NAC,S1312,B9,BG,2018,,m,
ESTAT:GOV_10A_MAIN(1.0),21/07/26 11:00:00,A,MIO_NAC,S1312,B9,BG,2019,,m,
ESTAT:GOV_10A_MAIN(1.0),21/07/26 11:00:00,A,MIO_NAC,S1312,B9,BG,2020,,m,
ESTAT:GOV_10A_MAIN(1.0),21/07/26 11:00:00,A,MIO_NAC,S1312,B9,BG,2021,,m,
ESTAT:GOV_10A_MAIN(1.0),21/07/26 11:00:00,A,MIO_NAC,S1312,B9,BG,2022,,m,
ESTAT:GOV_10A_MAIN(1.0),21/07/26 11:00:00,A,MIO_NAC,S1312,B9,BG,2023,,m,
ESTAT:GOV_10A_MAIN(1.0),21/07/26 11:00:00,A,MIO_NAC,S1312,B9,BG,2024,,m,
ESTAT:GOV_10A_MAIN(1.0),21/07/26 11:00:00,A,MIO_NAC,S1312,B9,BG,2025,,m,
ESTAT:GOV_10A_MAIN(1.0),21/07/26 11:00:00,A,MIO_NAC,S1312,B9,CH,1995,-1985.3,,
ESTAT:GOV_10A_MAIN(1.0),21/07/26 11:00:00,A,MIO_NAC,S1312,B9,CH,1996,-2165.1,,
ESTAT:GOV_10A_MAIN(1.0),21/07/26 11:00:00,A,MIO_NAC,S1312,B9,CH,1997,-2161.7,,
ESTAT:GOV_10A_MAIN(1.0),21/07/26 11:00:00,A,MIO_NAC,S1312,B9,CH,1998,-915.9,,
ESTAT:GOV_10A_MAIN(1.0),21/07/26 11:00:00,A,MIO_NAC,S1312,B9,CH,1999,465.1,,
ESTAT:GOV_10A_MAIN(1.0),21/07/26 11:00:00,A,MIO_NAC,S1312,B9,CH,2000,68.8,,
ESTAT:GOV_10A_MAIN(1.0),21/07/26 11:00:00,A,MIO_NAC,S1312,B9,CH,2001,-725.1,,
ESTAT:GOV_10A_MAIN(1.0),21/07/26 11:00:00,A,MIO_NAC,S1312,B9,CH,2002,-1020.3,,
ESTAT:GOV_10A_MAIN(1.0),21/07/26 11:00:00,A,MIO_NAC,S1312,B9,CH,2003,-2589.2,,
ESTAT:GOV_10A_MAIN(1.0),21/07/26 11:00:00,A,MIO_NAC,S1312,B9,CH,2004,-2668.7,,
ESTAT:GOV_10A_MAIN(1.0),21/07/26 11:00:00,A,MIO_NAC,S1312,B9,CH,2005,-1000.4,,
ESTAT:GOV_10A_MAIN(1.0),21/07/26 11:00:00,A,MIO_NAC,S1312,B9,CH,2006,1646.8,,
ESTAT:GOV_10A_MAIN(1.0),21/07/26 11:00:00,A,MIO_NAC,S1312,B9,CH,2007,3422.4,,
ESTAT:GOV_10A_MAIN(1.0),21/07/26 11:00:00,A,MIO_NAC,S1312,B9,CH,2008,4036.6,,
ESTAT:GOV_10A_MAIN(1.0),21/07/26 11:00:00,A,MIO_NAC,S1312,B9,CH,2009,2353.9,,
ESTAT:GOV_10A_MAIN(1.0),21/07/26 11:00:00,A,MIO_NAC,S1312,B9,CH,2010,1357.5,,
ESTAT:GOV_10A_MAIN(1.0),21/07/26 11:00:00,A,MIO_NAC,S1312,B9,CH,2011,1343.4,,
ESTAT:GOV_10A_MAIN(1.0),21/07/26 11:00:00,A,MIO_NAC,S1312,B9,CH,2012,-954.6,,
ESTAT:GOV_10A_MAIN(1.0),21/07/26 11:00:00,A,MIO_NAC,S1312,B9,CH,2013,-4309.7,,
ESTAT:GOV_10A_MAIN(1.0),21/07/26 11:00:00,A,MIO_NAC,S1312,B9,CH,2014,-2052.3,,
ESTAT:GOV_10A_MAIN(1.0),21/07/26 11:00:00,A,MIO_NAC,S1312,B9,CH,2015,478.3,,
ESTAT:GOV_10A_MAIN(1.0),21/07/26 11:00:00,A,MIO_NAC,S1312,B9,CH,2016,821.5,,
ESTAT:GOV_10A_MAIN(1.0),21/07/26 11:00:00,A,MIO_NAC,S1312,B9,CH,2017,2219.5,,
ESTAT:GOV_10A_MAIN(1.0),21/07/26 11:00:00,A,MIO_NAC,S1312,B9,CH,2018,2786.7,,
ESTAT:GOV_10A_MAIN(1.0),21/07/26 11:00:00,A,MIO_NAC,S1312,B9,CH,2019,3452.4,,
ESTAT:GOV_10A_MAIN(1.0),21/07/26 11:00:00,A,MIO_NAC,S1312,B9,CH,2020,-3749.9,,
ESTAT:GOV_10A_MAIN(1.0),21/07/26 11:00:00,A,MIO_NAC,S1312,B9,CH,2021,2919.3,,
ESTAT:GOV_10A_MAIN(1.0),21/07/26 11:00:00,A,MIO_NAC,S1312,B9,CH,2022,4883.6,,
ESTAT:GOV_10A_MAIN(1.0),21/07/26 11:00:00,A,MIO_NAC,S1312,B9,CH,2023,-128.9,,
ESTAT:GOV_10A_MAIN(1.0),21/07/26 11:00:00,A,MIO_NAC,S1312,B9,CH,2024,360.6,,
ESTAT:GOV_10A_MAIN(1.0),21/07/26 11:00:00,A,MIO_NAC,S1312,B9,CY,1995,,m,
ESTAT:GOV_10A_MAIN(1.0),21/07/26 11:00:00,A,MIO_NAC,S1312,B9,CY,1996,,m,
ESTAT:GOV_10A_MAIN(1.0),21/07/26 11:00:00,A,MIO_NAC,S1312,B9,CY,1997,,m,
ESTAT:GOV_10A_MAIN(1.0),21/07/26 11:00:00,A,MIO_NAC,S1312,B9,CY,1998,,m,
ESTAT:GOV_10A_MAIN(1.0),21/07/26 11:00:00,A,MIO_NAC,S1312,B9,CY,1999,,m,
ESTAT:GOV_10A_MAIN(1.0),21/07/26 11:00:00,A,MIO_NAC,S1312,B9,CY,2000,,m,
ESTAT:GOV_10A_MAIN(1.0),21/07/26 11:00:00,A,MIO_NAC,S1312,B9,CY,2001,,m,
ESTAT:GOV_10A_MAIN(1.0),21/07/26 11:00:00,A,MIO_NAC,S1312,B9,CY,2002,,m,
ESTAT:GOV_10A_MAIN(1.0),21/07/26 11:00:00,A,MIO_NAC,S1312,B9,CY,2003,,m,
ESTAT:GOV_10A_MAIN(1.0),21/07/26 11:00:00,A,MIO_NAC,S1312,B9,CY,2004,,m,
ESTAT:GOV_10A_MAIN(1.0),21/07/26 11:00:00,A,MIO_NAC,S1312,B9,CY,2005,,m,
ESTAT:GOV_10A_MAIN(1.0),21/07/26 11:00:00,A,MIO_NAC,S1312,B9,CY,2006,,m,
ESTAT:GOV_10A_MAIN(1.0),21/07/26 11:00:00,A,MIO_NAC,S1312,B9,CY,2007,,m,
ESTAT:GOV_10A_MAIN(1.0),21/07/26 11:00:00,A,MIO_NAC,S1312,B9,CY,2008,,m,
ESTAT:GOV_10A_MAIN(1.0),21/07/26 11:00:00,A,MIO_NAC,S1312,B9,CY,2009,,m,
ESTAT:GOV_10A_MAIN(1.0),21/07/26 11:00:00,A,MIO_NAC,S1312,B9,CY,2010,,m,
ESTAT:GOV_10A_MAIN(1.0),21/07/26 11:00:00,A,MIO_NAC,S1312,B9,CY,2011,,m,
ESTAT:GOV_10A_MAIN(1.0),21/07/26 11:00:00,A,MIO_NAC,S1312,B9,CY,2012,,m,
ESTAT:GOV_10A_MAIN(1.0),21/07/26 11:00:00,A,MIO_NAC,S1312,B9,CY,2013,,m,
ESTAT:GOV_10A_MAIN(1.0),21/07/26 11:00:00,A,MIO_NAC,S1312,B9,CY,2014,,m,
ESTAT:GOV_10A_MAIN(1.0),21/07/26 11:00:00,A,MIO_NAC,S1312,B9,CY,2015,,m,
ESTAT:GOV_10A_MAIN(1.0),21/07/26 11:00:00,A,MIO_NAC,S1312,B9,CY,2016,,m,
ESTAT:GOV_10A_MAIN(1.0),21/07/26 11:00:00,A,MIO_NAC,S1312,B9,CY,2017,,m,
ESTAT:GOV_10A_MAIN(1.0),21/07/26 11:00:00,A,MIO_NAC,S1312,B9,CY,2018,,m,
ESTAT:GOV_10A_MAIN(1.0),21/07/26 11:00:00,A,MIO_NAC,S1312,B9,CY,2019,,m,
ESTAT:GOV_10A_MAIN(1.0),21/07/26 11:00:00,A,MIO_NAC,S1312,B9,CY,2020,,m,
ESTAT:GOV_10A_MAIN(1.0),21/07/26 11:00:00,A,MIO_NAC,S1312,B9,CY,2021,,m,
ESTAT:GOV_10A_MAIN(1.0),21/07/26 11:00:00,A,MIO_NAC,S1312,B9,CY,2022,,m,
ESTAT:GOV_10A_MAIN(1.0),21/07/26 11:00:00,A,MIO_NAC,S1312,B9,CY,2023,,m,
ESTAT:GOV_10A_MAIN(1.0),21/07/26 11:00:00,A,MIO_NAC,S1312,B9,CY,2024,,m,
ESTAT:GOV_10A_MAIN(1.0),21/07/26 11:00:00,A,MIO_NAC,S1312,B9,CY,2025,,m,
ESTAT:GOV_10A_MAIN(1.0),21/07/26 11:00:00,A,MIO_NAC,S1312,B9,CZ,1995,,m,
ESTAT:GOV_10A_MAIN(1.0),21/07/26 11:00:00,A,MIO_NAC,S1312,B9,CZ,1996,,m,
ESTAT:GOV_10A_MAIN(1.0),21/07/26 11:00:00,A,MIO_NAC,S1312,B9,CZ,1997,,m,
ESTAT:GOV_10A_MAIN(1.0),21/07/26 11:00:00,A,MIO_NAC,S1312,B9,CZ,1998,,m,
ESTAT:GOV_10A_MAIN(1.0),21/07/26 11:00:00,A,MIO_NAC,S1312,B9,CZ,1999,,m,
ESTAT:GOV_10A_MAIN(1.0),21/07/26 11:00:00,A,MIO_NAC,S1312,B9,CZ,2000,,m,
ESTAT:GOV_10A_MAIN(1.0),21/07/26 11:00:00,A,MIO_NAC,S1312,B9,CZ,2001,,m,
ESTAT:GOV_10A_MAIN(1.0),21/07/26 11:00:00,A,MIO_NAC,S1312,B9,CZ,2002,,m,
ESTAT:GOV_10A_MAIN(1.0),21/07/26 11:00:00,A,MIO_NAC,S1312,B9,CZ,2003,,m,
ESTAT:GOV_10A_MAIN(1.0),21/07/26 11:00:00,A,MIO_NAC,S1312,B9,CZ,2004,,m,
ESTAT:GOV_10A_MAIN(1.0),21/07/26 11:00:00,A,MIO_NAC,S1312,B9,CZ,2005,,m,
ESTAT:GOV_10A_MAIN(1.0),21/07/26 11:00:00,A,MIO_NAC,S1312,B9,CZ,2006,,m,
ESTAT:GOV_10A_MAIN(1.0),21/07/26 11:00:00,A,MIO_NAC,S1312,B9,CZ,2007,,m,
ESTAT:GOV_10A_MAIN(1.0),21/07/26 11:00:00,A,MIO_NAC,S1312,B9,CZ,2008,,m,
ESTAT:GOV_10A_MAIN(1.0),21/07/26 11:00:00,A,MIO_NAC,S1312,B9,CZ,2009,,m,
ESTAT:GOV_10A_MAIN(1.0),21/07/26 11:00:00,A,MIO_NAC,S1312,B9,CZ,2010,,m,
ESTAT:GOV_10A_MAIN(1.0),21/07/26 11:00:00,A,MIO_NAC,S1312,B9,CZ,2011,,m,
ESTAT:GOV_10A_MAIN(1.0),21/07/26 11:00:00,A,MIO_NAC,S1312,B9,CZ,2012,,m,
ESTAT:GOV_10A_MAIN(1.0),21/07/26 11:00:00,A,MIO_NAC,S1312,B9,CZ,2013,,m,
ESTAT:GOV_10A_MAIN(1.0),21/07/26 11:00:00,A,MIO_NAC,S1312,B9,CZ,2014,,m,
ESTAT:GOV_10A_MAIN(1.0),21/07/26 11:00:00,A,MIO_NAC,S1312,B9,CZ,2015,,m,
ESTAT:GOV_10A_MAIN(1.0),21/07/26 11:00:00,A,MIO_NAC,S1312,B9,CZ,2016,,m,
ESTAT:GOV_10A_MAIN(1.0),21/07/26 11:00:00,A,MIO_NAC,S1312,B9,CZ,2017,,m,
ESTAT:GOV_10A_MAIN(1.0),21/07/26 11:00:00,A,MIO_NAC,S1312,B9,CZ,2018,,m,
ESTAT:GOV_10A_MAIN(1.0),21/07/26 11:00:00,A,MIO_NAC,S1312,B9,CZ,2019,,m,
ESTAT:GOV_10A_MAIN(1.0),21/07/26 11:00:00,A,MIO_NAC,S1312,B9,CZ,2020,,m,
ESTAT:GOV_10A_MAIN(1.0),21/07/26 11:00:00,A,MIO_NAC,S1312,B9,CZ,2021,,m,
ESTAT:GOV_10A_MAIN(1.0),21/07/26 11:00:00,A,MIO_NAC,S1312,B9,CZ,2022,,m,
ESTAT:GOV_10A_MAIN(1.0),21/07/26 11:00:00,A,MIO_NAC,S1312,B9,CZ,2023,,m,
ESTAT:GOV_10A_MAIN(1.0),21/07/26 11:00:00,A,MIO_NAC,S1312,B9,CZ,2024,,m,
ESTAT:GOV_10A_MAIN(1.0),21/07/26 11:00:00,A,MIO_NAC,S1312,B9,CZ,2025,,m,
ESTAT:GOV_10A_MAIN(1.0),21/07/26 11:00:00,A,MIO_NAC,S1312,B9,DE,1995,-25937.0,,
ESTAT:GOV_10A_MAIN(1.0),21/07/26 11:00:00,A,MIO_NAC,S1312,B9,DE,1996,-25372.0,,
ESTAT:GOV_10A_MAIN(1.0),21/07/26 11:00:00,A,MIO_NAC,S1312,B9,DE,1997,-25402.0,,
ESTAT:GOV_10A_MAIN(1.0),21/07/26 11:00:00,A,MIO_NAC,S1312,B9,DE,1998,-18103.0,,
ESTAT:GOV_10A_MAIN(1.0),21/07/26 11:00:00,A,MIO_NAC,S1312,B9,DE,1999,-13290.0,,
ESTAT:GOV_10A_MAIN(1.0),21/07/26 11:00:00,A,MIO_NAC,S1312,B9,DE,2000,-11352.0,,
ESTAT:GOV_10A_MAIN(1.0),21/07/26 11:00:00,A,MIO_NAC,S1312,B9,DE,2001,-31327.0,,
ESTAT:GOV_10A_MAIN(1.0),21/07/26 11:00:00,A,MIO_NAC,S1312,B9,DE,2002,-35271.0,,
ESTAT:GOV_10A_MAIN(1.0),21/07/26 11:00:00,A,MIO_NAC,S1312,B9,DE,2003,-35702.0,,
ESTAT:GOV_10A_MAIN(1.0),21/07/26 11:00:00,A,MIO_NAC,S1312,B9,DE,2004,-29155.0,,
ESTAT:GOV_10A_MAIN(1.0),21/07/26 11:00:00,A,MIO_NAC,S1312,B9,DE,2005,-23905.0,,
ESTAT:GOV_10A_MAIN(1.0),21/07/26 11:00:00,A,MIO_NAC,S1312,B9,DE,2006,-12839.0,,
ESTAT:GOV_10A_MAIN(1.0),21/07/26 11:00:00,A,MIO_NAC,S1312,B9,DE,2007,2009.0,,
ESTAT:GOV_10A_MAIN(1.0),21/07/26 11:00:00,A,MIO_NAC,S1312,B9,DE,2008,-3269.0,,
ESTAT:GOV_10A_MAIN(1.0),21/07/26 11:00:00,A,MIO_NAC,S1312,B9,DE,2009,-20026.0,,
ESTAT:GOV_10A_MAIN(1.0),21/07/26 11:00:00,A,MIO_NAC,S1312,B9,DE,2010,-21861.0,,
ESTAT:GOV_10A_MAIN(1.0),21/07/26 11:00:00,A,MIO_NAC,S1312,B9,DE,2011,-10688.0,,
ESTAT:GOV_10A_MAIN(1.0),21/07/26 11:00:00,A,MIO_NAC,S1312,B9,DE,2012,-5644.0,,
ESTAT:GOV_10A_MAIN(1.0),21/07/26 11:00:00,A,MIO_NAC,S1312,B9,DE,2013,-2356.0,,
ESTAT:GOV_10A_MAIN(1.0),21/07/26 11:00:00,A,MIO_NAC,S1312,B9,DE,2014,1864.0,,
ESTAT:GOV_10A_MAIN(1.0),21/07/26 11:00:00,A,MIO_NAC,S1312,B9,DE,2015,4641.0,,
ESTAT:GOV_10A_MAIN(1.0),21/07/26 11:00:00,A,MIO_NAC,S1312,B9,DE,2016,7309.0,,
ESTAT:GOV_10A_MAIN(1.0),21/07/26 11:00:00,A,MIO_NAC,S1312,B9,DE,2017,13076.0,,
ESTAT:GOV_10A_MAIN(1.0),21/07/26 11:00:00,A,MIO_NAC,S1312,B9,DE,2018,10735.0,,
ESTAT:GOV_10A_MAIN(1.0),21/07/26 11:00:00,A,MIO_NAC,S1312,B9,DE,2019,12856.0,,
ESTAT:GOV_10A_MAIN(1.0),21/07/26 11:00:00,A,MIO_NAC,S1312,B9,DE,2020,-31299.0,,
ESTAT:GOV_10A_MAIN(1.0),21/07/26 11:00:00,A,MIO_NAC,S1312,B9,DE,2021,6508.0,,
ESTAT:GOV_10A_MAIN(1.0),21/07/26 11:00:00,A,MIO_NAC,S1312,B9,DE,2022,19417.0,,
ESTAT:GOV_10A_MAIN(1.0),21/07/26 11:00:00,A,MIO_NAC,S1312,B9,DE,2023,-7789.0,,
ESTAT:GOV_10A_MAIN(1.0),21/07/26 11:00:00,A,MIO_NAC,S1312,B9,DE,2024,-21599.0,,
ESTAT:GOV_10A_MAIN(1.0),21/07/26 11:00:00,A,MIO_NAC,S1312,B9,DE,2025,-9772.0,,
ESTAT:GOV_10A_MAIN(1.0),21/07/26 11:00:00,A,MIO_NAC,S1312,B9,DK,1995,,m,
ESTAT:GOV_10A_MAIN(1.0),21/07/26 11:00:00,A,MIO_NAC,S1312,B9,DK,1996,,m,
ESTAT:GOV_10A_MAIN(1.0),21/07/26 11:00:00,A,MIO_NAC,S1312,B9,DK,1997,,m,
ESTAT:GOV_10A_MAIN(1.0),21/07/26 11:00:00,A,MIO_NAC,S1312,B9,DK,1998,,m,
ESTAT:GOV_10A_MAIN(1.0),21/07/26 11:00:00,A,MIO_NAC,S1312,B9,DK,1999,,m,
ESTAT:GOV_10A_MAIN(1.0),21/07/26 11:00:00,A,MIO_NAC,S1312,B9,DK,2000,,m,
ESTAT:GOV_10A_MAIN(1.0),21/07/26 11:00:00,A,MIO_NAC,S1312,B9,DK,2001,,m,
ESTAT:GOV_10A_MAIN(1.0),21/07/26 11:00:00,A,MIO_NAC,S1312,B9,DK,2002,,m,
ESTAT:GOV_10A_MAIN(1.0),21/07/26 11:00:00,A,MIO_NAC,S1312,B9,DK,2003,,m,
ESTAT:GOV_10A_MAIN(1.0),21/07/26 11:00:00,A,MIO_NAC,S1312,B9,DK,2004,,m,
ESTAT:GOV_10A_MAIN(1.0),21/07/26 11:00:00,A,MIO_NAC,S1312,B9,DK,2005,,m,
ESTAT:GOV_10A_MAIN(1.0),21/07/26 11:00:00,A,MIO_NAC,S1312,B9,DK,2006,,m,
ESTAT:GOV_10A_MAIN(1.0),21/07/26 11:00:00,A,MIO_NAC,S1312,B9,DK,2007,,m,
ESTAT:GOV_10A_MAIN(1.0),21/07/26 11:00:00,A,MIO_NAC,S1312,B9,DK,2008,,m,
ESTAT:GOV_10A_MAIN(1.0),21/07/26 11:00:00,A,MIO_NAC,S1312,B9,DK,2009,,m,
ESTAT:GOV_10A_MAIN(1.0),21/07/26 11:00:00,A,MIO_NAC,S1312,B9,DK,2010,,m,
ESTAT:GOV_10A_MAIN(1.0),21/07/26 11:00:00,A,MIO_NAC,S1312,B9,DK,2011,,m,
ESTAT:GOV_10A_MAIN(1.0),21/07/26 11:00:00,A,MIO_NAC,S1312,B9,DK,2012,,m,
ESTAT:GOV_10A_MAIN(1.0),21/07/26 11:00:00,A,MIO_NAC,S1312,B9,DK,2013,,m,
ESTAT:GOV_10A_MAIN(1.0),21/07/26 11:00:00,A,MIO_NAC,S1312,B9,DK,2014,,m,
ESTAT:GOV_10A_MAIN(1.0),21/07/26 11:00:00,A,MIO_NAC,S1312,B9,DK,2015,,m,
ESTAT:GOV_10A_MAIN(1.0),21/07/26 11:00:00,A,MIO_NAC,S1312,B9,DK,2016,,m,
ESTAT:GOV_10A_MAIN(1.0),21/07/26 11:00:00,A,MIO_NAC,S1312,B9,DK,2017,,m,
ESTAT:GOV_10A_MAIN(1.0),21/07/26 11:00:00,A,MIO_NAC,S1312,B9,DK,2018,,m,
ESTAT:GOV_10A_MAIN(1.0),21/07/26 11:00:00,A,MIO_NAC,S1312,B9,DK,2019,,m,
ESTAT:GOV_10A_MAIN(1.0),21/07/26 11:00:00,A,MIO_NAC,S1312,B9,DK,2020,,m,
ESTAT:GOV_10A_MAIN(1.0),21/07/26 11:00:00,A,MIO_NAC,S1312,B9,DK,2021,,m,
ESTAT:GOV_10A_MAIN(1.0),21/07/26 11:00:00,A,MIO_NAC,S1312,B9,DK,2022,,m,
ESTAT:GOV_10A_MAIN(1.0),21/07/26 11:00:00,A,MIO_NAC,S1312,B9,DK,2023,,m,
ESTAT:GOV_10A_MAIN(1.0),21/07/26 11:00:00,A,MIO_NAC,S1312,B9,DK,2024,,m,
ESTAT:GOV_10A_MAIN(1.0),21/07/26 11:00:00,A,MIO_NAC,S1312,B9,DK,2025,,m,
ESTAT:GOV_10A_MAIN(1.0),21/07/26 11:00:00,A,MIO_NAC,S1312,B9,EA19,1995,-31637.6,,
ESTAT:GOV_10A_MAIN(1.0),21/07/26 11:00:00,A,MIO_NAC,S1312,B9,EA19,1996,-29493.5,,
ESTAT:GOV_10A_MAIN(1.0),21/07/26 11:00:00,A,MIO_NAC,S1312,B9,EA19,1997,-26383.3,,
ESTAT:GOV_10A_MAIN(1.0),21/07/26 11:00:00,A,MIO_NAC,S1312,B9,EA19,1998,-18992.3,,
ESTAT:GOV_10A_MAIN(1.0),21/07/26 11:00:00,A,MIO_NAC,S1312,B9,EA19,1999,-13149.5,,
ESTAT:GOV_10A_MAIN(1.0),21/07/26 11:00:00,A,MIO_NAC,S1312,B9,EA19,2000,-13938.1,,
ESTAT:GOV_10A_MAIN(1.0),21/07/26 11:00:00,A,MIO_NAC,S1312,B9,EA19,2001,-33686.8,,
ESTAT:GOV_10A_MAIN(1.0),21/07/26 11:00:00,A,MIO_NAC,S1312,B9,EA19,2002,-39354.3,,
ESTAT:GOV_10A_MAIN(1.0),21/07/26 11:00:00,A,MIO_NAC,S1312,B9,EA19,2003,-39508.1,,
ESTAT:GOV_10A_MAIN(1.0),21/07/26 11:00:00,A,MIO_NAC,S1312,B9,EA19,2004,-30285.7,,
ESTAT:GOV_10A_MAIN(1.0),21/07/26 11:00:00,A,MIO_NAC,S1312,B9,EA19,2005,-26516.8,,
ESTAT:GOV_10A_MAIN(1.0),21/07/26 11:00:00,A,MIO_NAC,S1312,B9,EA19,2006,-13998.5,,
ESTAT:GOV_10A_MAIN(1.0),21/07/26 11:00:00,A,MIO_NAC,S1312,B9,EA19,2007,-620.5,,
ESTAT:GOV_10A_MAIN(1.0),21/07/26 11:00:00,A,MIO_NAC,S1312,B9,EA19,2008,-23329.2,,
ESTAT:GOV_10A_MAIN(1.0),21/07/26 11:00:00,A,MIO_NAC,S1312,B9,EA19,2009,-46833.2,,
ESTAT:GOV_10A_MAIN(1.0),21/07/26 11:00:00,A,MIO_NAC,S1312,B9,EA19,2010,-67757.8,,
ESTAT:GOV_10A_MAIN(1.0),21/07/26 11:00:00,A,MIO_NAC,S1312,B9,EA19,2011,-68430.9,,
ESTAT:GOV_10A_MAIN(1.0),21/07/26 11:00:00,A,MIO_NAC,S1312,B9,EA19,2012,-27385.0,,
ESTAT:GOV_10A_MAIN(1.0),21/07/26 11:00:00,A,MIO_NAC,S1312,B9,EA19,2013,-19814.8,,
ESTAT:GOV_10A_MAIN(1.0),21/07/26 11:00:00,A,MIO_NAC,S1312,B9,EA19,2014,-18201.7,,
ESTAT:GOV_10A_MAIN(1.0),21/07/26 11:00:00,A,MIO_NAC,S1312,B9,EA19,2015,-19765.8,,
ESTAT:GOV_10A_MAIN(1.0),21/07/26 11:00:00,A,MIO_NAC,S1312,B9,EA19,2016,-3165.1,,
ESTAT:GOV_10A_MAIN(1.0),21/07/26 11:00:00,A,MIO_NAC,S1312,B9,EA19,2017,10139.1,,
ESTAT:GOV_10A_MAIN(1.0),21/07/26 11:00:00,A,MIO_NAC,S1312,B9,EA19,2018,6127.5,,
ESTAT:GOV_10A_MAIN(1.0),21/07/26 11:00:00,A,MIO_NAC,S1312,B9,EA19,2019,4821.2,,
ESTAT:GOV_10A_MAIN(1.0),21/07/26 11:00:00,A,MIO_NAC,S1312,B9,EA19,2020,-45569.6,,
ESTAT:GOV_10A_MAIN(1.0),21/07/26 11:00:00,A,MIO_NAC,S1312,B9,EA19,2021,-4468.5,,
ESTAT:GOV_10A_MAIN(1.0),21/07/26 11:00:00,A,MIO_NAC,S1312,B9,EA19,2022,919.4,,
ESTAT:GOV_10A_MAIN(1.0),21/07/26 11:00:00,A,MIO_NAC,S1312,B9,EA19,2023,-27376.4,,
ESTAT:GOV_10A_MAIN(1.0),21/07/26 11:00:00,A,MIO_NAC,S1312,B9,EA19,2024,-36559.6,,
ESTAT:GOV_10A_MAIN(1.0),21/07/26 11:00:00,A,MIO_NAC,S1312,B9,EA19,2025,-27657.5,,
ESTAT:GOV_10A_MAIN(1.0),21/07/26 11:00:00,A,MIO_NAC,S1312,B9,EA20,1995,-31637.6,,
ESTAT:GOV_10A_MAIN(1.0),21/07/26 11:00:00,A,MIO_NAC,S1312,B9,EA20,1996,-29493.5,,
ESTAT:GOV_10A_MAIN(1.0),21/07/26 11:00:00,A,MIO_NAC,S1312,B9,EA20,1997,-26383.3,,
ESTAT:GOV_10A_MAIN(1.0),21/07/26 11:00:00,A,MIO_NAC,S1312,B9,EA20,1998,-18992.3,,
ESTAT:GOV_10A_MAIN(1.0),21/07/26 11:00:00,A,MIO_NAC,S1312,B9,EA20,1999,-13149.5,,
ESTAT:GOV_10A_MAIN(1.0),21/07/26 11:00:00,A,MIO_NAC,S1312,B9,EA20,2000,-13938.1,,
ESTAT:GOV_10A_MAIN(1.0),21/07/26 11:00:00,A,MIO_NAC,S1312,B9,EA20,2001,-33686.8,,
ESTAT:GOV_10A_MAIN(1.0),21/07/26 11:00:00,A,MIO_NAC,S1312,B9,EA20,2002,-39354.3,,
ESTAT:GOV_10A_MAIN(1.0),21/07/26 11:00:00,A,MIO_NAC,S1312,B9,EA20,2003,-39508.1,,
ESTAT:GOV_10A_MAIN(1.0),21/07/26 11:00:00,A,MIO_NAC,S1312,B9,EA20,2004,-30285.7,,
ESTAT:GOV_10A_MAIN(1.0),21/07/26 11:00:00,A,MIO_NAC,S1312,B9,EA20,2005,-26516.8,,
ESTAT:GOV_10A_MAIN(1.0),21/07/26 11:00:00,A,MIO_NAC,S1312,B9,EA20,2006,-13998.5,,
ESTAT:GOV_10A_MAIN(1.0),21/07/26 11:00:00,A,MIO_NAC,S1312,B9,EA20,2007,-620.5,,
ESTAT:GOV_10A_MAIN(1.0),21/07/26 11:00:00,A,MIO_NAC,S1312,B9,EA20,2008,-23329.2,,
ESTAT:GOV_10A_MAIN(1.0),21/07/26 11:00:00,A,MIO_NAC,S1312,B9,EA20,2009,-46833.2,,
ESTAT:GOV_10A_MAIN(1.0),21/07/26 11:00:00,A,MIO_NAC,S1312,B9,EA20,2010,-67757.8,,
ESTAT:GOV_10A_MAIN(1.0),21/07/26 11:00:00,A,MIO_NAC,S1312,B9,EA20,2011,-68430.9,,
ESTAT:GOV_10A_MAIN(1.0),21/07/26 11:00:00,A,MIO_NAC,S1312,B9,EA20,2012,-27385.0,,
ESTAT:GOV_10A_MAIN(1.0),21/07/26 11:00:00,A,MIO_NAC,S1312,B9,EA20,2013,-19814.8,,
ESTAT:GOV_10A_MAIN(1.0),21/07/26 11:00:00,A,MIO_NAC,S1312,B9,EA20,2014,-18201.7,,
ESTAT:GOV_10A_MAIN(1.0),21/07/26 11:00:00,A,MIO_NAC,S1312,B9,EA20,2015,-19765.8,,
ESTAT:GOV_10A_MAIN(1.0),21/07/26 11:00:00,A,MIO_NAC,S1312,B9,EA20,2016,-3165.1,,
ESTAT:GOV_10A_MAIN(1.0),21/07/26 11:00:00,A,MIO_NAC,S1312,B9,EA20,2017,10139.1,,
ESTAT:GOV_10A_MAIN(1.0),21/07/26 11:00:00,A,MIO_NAC,S1312,B9,EA20,2018,6127.5,,
ESTAT:GOV_10A_MAIN(1.0),21/07/26 11:00:00,A,MIO_NAC,S1312,B9,EA20,2019,4821.2,,
ESTAT:GOV_10A_MAIN(1.0),21/07/26 11:00:00,A,MIO_NAC,S1312,B9,EA20,2020,-45569.6,,
ESTAT:GOV_10A_MAIN(1.0),21/07/26 11:00:00,A,MIO_NAC,S1312,B9,EA20,2021,-4468.5,,
ESTAT:GOV_10A_MAIN(1.0),21/07/26 11:00:00,A,MIO_NAC,S1312,B9,EA20,2022,919.4,,
ESTAT:GOV_10A_MAIN(1.0),21/07/26 11:00:00,A,MIO_NAC,S1312,B9,EA20,2023,-27376.4,,
ESTAT:GOV_10A_MAIN(1.0),21/07/26 11:00:00,A,MIO_NAC,S1312,B9,EA20,2024,-36559.6,,
ESTAT:GOV_10A_MAIN(1.0),21/07/26 11:00:00,A,MIO_NAC,S1312,B9,EA20,2025,-27657.5,,
ESTAT:GOV_10A_MAIN(1.0),21/07/26 11:00:00,A,MIO_NAC,S1312,B9,EA21,1995,-31637.6,,
ESTAT:GOV_10A_MAIN(1.0),21/07/26 11:00:00,A,MIO_NAC,S1312,B9,EA21,1996,-29493.5,,
ESTAT:GOV_10A_MAIN(1.0),21/07/26 11:00:00,A,MIO_NAC,S1312,B9,EA21,1997,-26383.3,,
ESTAT:GOV_10A_MAIN(1.0),21/07/26 11:00:00,A,MIO_NAC,S1312,B9,EA21,1998,-18992.3,,
ESTAT:GOV_10A_MAIN(1.0),21/07/26 11:00:00,A,MIO_NAC,S1312,B9,EA21,1999,-13149.5,,
ESTAT:GOV_10A_MAIN(1.0),21/07/26 11:00:00,A,MIO_NAC,S1312,B9,EA21,2000,-13938.1,,
ESTAT:GOV_10A_MAIN(1.0),21/07/26 11:00:00,A,MIO_NAC,S1312,B9,EA21,2001,-33686.8,,
ESTAT:GOV_10A_MAIN(1.0),21/07/26 11:00:00,A,MIO_NAC,S1312,B9,EA21,2002,-39354.3,,
ESTAT:GOV_10A_MAIN(1.0),21/07/26 11:00:00,A,MIO_NAC,S1312,B9,EA21,2003,-39508.1,,
ESTAT:GOV_10A_MAIN(1.0),21/07/26 11:00:00,A,MIO_NAC,S1312,B9,EA21,2004,-30285.7,,
ESTAT:GOV_10A_MAIN(1.0),21/07/26 11:00:00,A,MIO_NAC,S1312,B9,EA21,2005,-26516.8,,
ESTAT:GOV_10A_MAIN(1.0),21/07/26 11:00:00,A,MIO_NAC,S1312,B9,EA21,2006,-13998.5,,
ESTAT:GOV_10A_MAIN(1.0),21/07/26 11:00:00,A,MIO_NAC,S1312,B9,EA21,2007,-620.5,,
ESTAT:GOV_10A_MAIN(1.0),21/07/26 11:00:00,A,MIO_NAC,S1312,B9,EA21,2008,-23329.2,,
ESTAT:GOV_10A_MAIN(1.0),21/07/26 11:00:00,A,MIO_NAC,S1312,B9,EA21,2009,-46833.2,,
ESTAT:GOV_10A_MAIN(1.0),21/07/26 11:00:00,A,MIO_NAC,S1312,B9,EA21,2010,-67757.8,,
ESTAT:GOV_10A_MAIN(1.0),21/07/26 11:00:00,A,MIO_NAC,S1312,B9,EA21,2011,-68430.9,,
ESTAT:GOV_10A_MAIN(1.0),21/07/26 11:00:00,A,MIO_NAC,S1312,B9,EA21,2012,-27385.0,,
ESTAT:GOV_10A_MAIN(1.0),21/07/26 11:00:00,A,MIO_NAC,S1312,B9,EA21,2013,-19814.8,,
ESTAT:GOV_10A_MAIN(1.0),21/07/26 11:00:00,A,MIO_NAC,S1312,B9,EA21,2014,-18201.7,,
ESTAT:GOV_10A_MAIN(1.0),21/07/26 11:00:00,A,MIO_NAC,S1312,B9,EA21,2015,-19765.8,,
ESTAT:GOV_10A_MAIN(1.0),21/07/26 11:00:00,A,MIO_NAC,S1312,B9,EA21,2016,-3165.1,,
ESTAT:GOV_10A_MAIN(1.0),21/07/26 11:00:00,A,MIO_NAC,S1312,B9,EA21,2017,10139.1,,
ESTAT:GOV_10A_MAIN(1.0),21/07/26 11:00:00,A,MIO_NAC,S1312,B9,EA21,2018,6127.5,,
ESTAT:GOV_10A_MAIN(1.0),21/07/26 11:00:00,A,MIO_NAC,S1312,B9,EA21,2019,4821.2,,
ESTAT:GOV_10A_MAIN(1.0),21/07/26 11:00:00,A,MIO_NAC,S1312,B9,EA21,2020,-45569.6,,
ESTAT:GOV_10A_MAIN(1.0),21/07/26 11:00:00,A,MIO_NAC,S1312,B9,EA21,2021,-4468.5,,
ESTAT:GOV_10A_MAIN(1.0),21/07/26 11:00:00,A,MIO_NAC,S1312,B9,EA21,2022,919.4,,
ESTAT:GOV_10A_MAIN(1.0),21/07/26 11:00:00,A,MIO_NAC,S1312,B9,EA21,2023,-27376.4,,
ESTAT:GOV_10A_MAIN(1.0),21/07/26 11:00:00,A,MIO_NAC,S1312,B9,EA21,2024,-36559.6,,
ESTAT:GOV_10A_MAIN(1.0),21/07/26 11:00:00,A,MIO_NAC,S1312,B9,EA21,2025,-27657.5,,
ESTAT:GOV_10A_MAIN(1.0),21/07/26 11:00:00,A,MIO_NAC,S1312,B9,EE,1995,,m,
ESTAT:GOV_10A_MAIN(1.0),21/07/26 11:00:00,A,MIO_NAC,S1312,B9,EE,1996,,m,
ESTAT:GOV_10A_MAIN(1.0),21/07/26 11:00:00,A,MIO_NAC,S1312,B9,EE,1997,,m,
ESTAT:GOV_10A_MAIN(1.0),21/07/26 11:00:00,A,MIO_NAC,S1312,B9,EE,1998,,m,
ESTAT:GOV_10A_MAIN(1.0),21/07/26 11:00:00,A,MIO_NAC,S1312,B9,EE,1999,,m,
ESTAT:GOV_10A_MAIN(1.0),21/07/26 11:00:00,A,MIO_NAC,S1312,B9,EE,2000,,m,
ESTAT:GOV_10A_MAIN(1.0),21/07/26 11:00:00,A,MIO_NAC,S1312,B9,EE,2001,,m,
ESTAT:GOV_10A_MAIN(1.0),21/07/26 11:00:00,A,MIO_NAC,S1312,B9,EE,2002,,m,
ESTAT:GOV_10A_MAIN(1.0),21/07/26 11:00:00,A,MIO_NAC,S1312,B9,EE,2003,,m,
ESTAT:GOV_10A_MAIN(1.0),21/07/26 11:00:00,A,MIO_NAC,S1312,B9,EE,2004,,m,
ESTAT:GOV_10A_MAIN(1.0),21/07/26 11:00:00,A,MIO_NAC,S1312,B9,EE,2005,,m,
ESTAT:GOV_10A_MAIN(1.0),21/07/26 11:00:00,A,MIO_NAC,S1312,B9,EE,2006,,m,
ESTAT:GOV_10A_MAIN(1.0),21/07/26 11:00:00,A,MIO_NAC,S1312,B9,EE,2007,,m,
ESTAT:GOV_10A_MAIN(1.0),21/07/26 11:00:00,A,MIO_NAC,S1312,B9,EE,2008,,m,
ESTAT:GOV_10A_MAIN(1.0),21/07/26 11:00:00,A,MIO_NAC,S1312,B9,EE,2009,,m,
ESTAT:GOV_10A_MAIN(1.0),21/07/26 11:00:00,A,MIO_NAC,S1312,B9,EE,2010,,m,
ESTAT:GOV_10A_MAIN(1.0),21/07/26 11:00:00,A,MIO_NAC,S1312,B9,EE,2011,,m,
ESTAT:GOV_10A_MAIN(1.0),21/07/26 11:00:00,A,MIO_NAC,S1312,B9,EE,2012,,m,
ESTAT:GOV_10A_MAIN(1.0),21/07/26 11:00:00,A,MIO_NAC,S1312,B9,EE,2013,,m,
ESTAT:GOV_10A_MAIN(1.0),21/07/26 11:00:00,A,MIO_NAC,S1312,B9,EE,2014,,m,
ESTAT:GOV_10A_MAIN(1.0),21/07/26 11:00:00,A,MIO_NAC,S1312,B9,EE,2015,,m,
ESTAT:GOV_10A_MAIN(1.0),21/07/26 11:00:00,A,MIO_NAC,S1312,B9,EE,2016,,m,
ESTAT:GOV_10A_MAIN(1.0),21/07/26 11:00:00,A,MIO_NAC,S1312,B9,EE,2017,,m,
ESTAT:GOV_10A_MAIN(1.0),21/07/26 11:00:00,A,MIO_NAC,S1312,B9,EE,2018,,m,
ESTAT:GOV_10A_MAIN(1.0),21/07/26 11:00:00,A,MIO_NAC,S1312,B9,EE,2019,,m,
ESTAT:GOV_10A_MAIN(1.0),21/07/26 11:00:00,A,MIO_NAC,S1312,B9,EE,2020,,m,
ESTAT:GOV_10A_MAIN(1.0),21/07/26 11:00:00,A,MIO_NAC,S1312,B9,EE,2021,,m,
ESTAT:GOV_10A_MAIN(1.0),21/07/26 11:00:00,A,MIO_NAC,S1312,B9,EE,2022,,m,
ESTAT:GOV_10A_MAIN(1.0),21/07/26 11:00:00,A,MIO_NAC,S1312,B9,EE,2023,,m,
ESTAT:GOV_10A_MAIN(1.0),21/07/26 11:00:00,A,MIO_NAC,S1312,B9,EE,2024,,m,
ESTAT:GOV_10A_MAIN(1.0),21/07/26 11:00:00,A,MIO_NAC,S1312,B9,EE,2025,,m,
ESTAT:GOV_10A_MAIN(1.0),21/07/26 11:00:00,A,MIO_NAC,S1312,B9,EL,1995,,m,
ESTAT:GOV_10A_MAIN(1.0),21/07/26 11:00:00,A,MIO_NAC,S1312,B9,EL,1996,,m,
ESTAT:GOV_10A_MAIN(1.0),21/07/26 11:00:00,A,MIO_NAC,S1312,B9,EL,1997,,m,
ESTAT:GOV_10A_MAIN(1.0),21/07/26 11:00:00,A,MIO_NAC,S1312,B9,EL,1998,,m,
ESTAT:GOV_10A_MAIN(1.0),21/07/26 11:00:00,A,MIO_NAC,S1312,B9,EL,1999,,m,
ESTAT:GOV_10A_MAIN(1.0),21/07/26 11:00:00,A,MIO_NAC,S1312,B9,EL,2000,,m,
ESTAT:GOV_10A_MAIN(1.0),21/07/26 11:00:00,A,MIO_NAC,S1312,B9,EL,2001,,m,
ESTAT:GOV_10A_MAIN(1.0),21/07/26 11:00:00,A,MIO_NAC,S1312,B9,EL,2002,,m,
ESTAT:GOV_10A_MAIN(1.0),21/07/26 11:00:00,A,MIO_NAC,S1312,B9,EL,2003,,m,
ESTAT:GOV_10A_MAIN(1.0),21/07/26 11:00:00,A,MIO_NAC,S1312,B9,EL,2004,,m,
ESTAT:GOV_10A_MAIN(1.0),21/07/26 11:00:00,A,MIO_NAC,S1312,B9,EL,2005,,m,
ESTAT:GOV_10A_MAIN(1.0),21/07/26 11:00:00,A,MIO_NAC,S1312,B9,EL,2006,,m,
ESTAT:GOV_10A_MAIN(1.0),21/07/26 11:00:00,A,MIO_NAC,S1312,B9,EL,2007,,m,
ESTAT:GOV_10A_MAIN(1.0),21/07/26 11:00:00,A,MIO_NAC,S1312,B9,EL,2008,,m,
ESTAT:GOV_10A_MAIN(1.0),21/07/26 11:00:00,A,MIO_NAC,S1312,B9,EL,2009,,m,
ESTAT:GOV_10A_MAIN(1.0),21/07/26 11:00:00,A,MIO_NAC,S1312,B9,EL,2010,,m,
ESTAT:GOV_10A_MAIN(1.0),21/07/26 11:00:00,A,MIO_NAC,S1312,B9,EL,2011,,m,
ESTAT:GOV_10A_MAIN(1.0),21/07/26 11:00:00,A,MIO_NAC,S1312,B9,EL,2012,,m,
ESTAT:GOV_10A_MAIN(1.0),21/07/26 11:00:00,A,MIO_NAC,S1312,B9,EL,2013,,m,
ESTAT:GOV_10A_MAIN(1.0),21/07/26 11:00:00,A,MIO_NAC,S1312,B9,EL,2014,,m,
ESTAT:GOV_10A_MAIN(1.0),21/07/26 11:00:00,A,MIO_NAC,S1312,B9,EL,2015,,m,
ESTAT:GOV_10A_MAIN(1.0),21/07/26 11:00:00,A,MIO_NAC,S1312,B9,EL,2016,,m,
ESTAT:GOV_10A_MAIN(1.0),21/07/26 11:00:00,A,MIO_NAC,S1312,B9,EL,2017,,m,
ESTAT:GOV_10A_MAIN(1.0),21/07/26 11:00:00,A,MIO_NAC,S1312,B9,EL,2018,,m,
ESTAT:GOV_10A_MAIN(1.0),21/07/26 11:00:00,A,MIO_NAC,S1312,B9,EL,2019,,m,
ESTAT:GOV_10A_MAIN(1.0),21/07/26 11:00:00,A,MIO_NAC,S1312,B9,EL,2020,,m,
ESTAT:GOV_10A_MAIN(1.0),21/07/26 11:00:00,A,MIO_NAC,S1312,B9,EL,2021,,m,
ESTAT:GOV_10A_MAIN(1.0),21/07/26 11:00:00,A,MIO_NAC,S1312,B9,EL,2022,,m,
ESTAT:GOV_10A_MAIN(1.0),21/07/26 11:00:00,A,MIO_NAC,S1312,B9,EL,2023,,m,
ESTAT:GOV_10A_MAIN(1.0),21/07/26 11:00:00,A,MIO_NAC,S1312,B9,EL,2024,,m,
ESTAT:GOV_10A_MAIN(1.0),21/07/26 11:00:00,A,MIO_NAC,S1312,B9,EL,2025,,m,
ESTAT:GOV_10A_MAIN(1.0),21/07/26 11:00:00,A,MIO_NAC,S1312,B9,ES,1995,-2842.0,,
ESTAT:GOV_10A_MAIN(1.0),21/07/26 11:00:00,A,MIO_NAC,S1312,B9,ES,1996,-3061.0,,
ESTAT:GOV_10A_MAIN(1.0),21/07/26 11:00:00,A,MIO_NAC,S1312,B9,ES,1997,-1596.0,,
ESTAT:GOV_10A_MAIN(1.0),21/07/26 11:00:00,A,MIO_NAC,S1312,B9,ES,1998,-2120.0,,
ESTAT:GOV_10A_MAIN(1.0),21/07/26 11:00:00,A,MIO_NAC,S1312,B9,ES,1999,-1040.0,,
ESTAT:GOV_10A_MAIN(1.0),21/07/26 11:00:00,A,MIO_NAC,S1312,B9,ES,2000,-3226.0,,
ESTAT:GOV_10A_MAIN(1.0),21/07/26 11:00:00,A,MIO_NAC,S1312,B9,ES,2001,-4345.0,,
ESTAT:GOV_10A_MAIN(1.0),21/07/26 11:00:00,A,MIO_NAC,S1312,B9,ES,2002,-3668.0,,
ESTAT:GOV_10A_MAIN(1.0),21/07/26 11:00:00,A,MIO_NAC,S1312,B9,ES,2003,-3843.0,,
ESTAT:GOV_10A_MAIN(1.0),21/07/26 11:00:00,A,MIO_NAC,S1312,B9,ES,2004,-702.0,,
ESTAT:GOV_10A_MAIN(1.0),21/07/26 11:00:00,A,MIO_NAC,S1312,B9,ES,2005,-2754.0,,
ESTAT:GOV_10A_MAIN(1.0),21/07/26 11:00:00,A,MIO_NAC,S1312,B9,ES,2006,-649.0,,
ESTAT:GOV_10A_MAIN(1.0),21/07/26 11:00:00,A,MIO_NAC,S1312,B9,ES,2007,-3479.0,,
ESTAT:GOV_10A_MAIN(1.0),21/07/26 11:00:00,A,MIO_NAC,S1312,B9,ES,2008,-19159.0,,
ESTAT:GOV_10A_MAIN(1.0),21/07/26 11:00:00,A,MIO_NAC,S1312,B9,ES,2009,-21904.0,,
ESTAT:GOV_10A_MAIN(1.0),21/07/26 11:00:00,A,MIO_NAC,S1312,B9,ES,2010,-40398.0,,
ESTAT:GOV_10A_MAIN(1.0),21/07/26 11:00:00,A,MIO_NAC,S1312,B9,ES,2011,-54861.0,,
ESTAT:GOV_10A_MAIN(1.0),21/07/26 11:00:00,A,MIO_NAC,S1312,B9,ES,2012,-20613.0,,
ESTAT:GOV_10A_MAIN(1.0),21/07/26 11:00:00,A,MIO_NAC,S1312,B9,ES,2013,-16376.0,,
ESTAT:GOV_10A_MAIN(1.0),21/07/26 11:00:00,A,MIO_NAC,S1312,B9,ES,2014,-18701.0,,
ESTAT:GOV_10A_MAIN(1.0),21/07/26 11:00:00,A,MIO_NAC,S1312,B9,ES,2015,-18848.0,,
ESTAT:GOV_10A_MAIN(1.0),21/07/26 11:00:00,A,MIO_NAC,S1312,B9,ES,2016,-9462.0,,
ESTAT:GOV_10A_MAIN(1.0),21/07/26 11:00:00,A,MIO_NAC,S1312,B9,ES,2017,-4047.0,,
ESTAT:GOV_10A_MAIN(1.0),21/07/26 11:00:00,A,MIO_NAC,S1312,B9,ES,2018,-3188.0,,
ESTAT:GOV_10A_MAIN(1.0),21/07/26 11:00:00,A,MIO_NAC,S1312,B9,ES,2019,-7403.0,,
ESTAT:GOV_10A_MAIN(1.0),21/07/26 11:00:00,A,MIO_NAC,S1312,B9,ES,2020,-2168.0,,
ESTAT:GOV_10A_MAIN(1.0),21/07/26 11:00:00,A,MIO_NAC,S1312,B9,ES,2021,-337.0,,
ESTAT:GOV_10A_MAIN(1.0),21/07/26 11:00:00,A,MIO_NAC,S1312,B9,ES,2022,-15201.0,,
ESTAT:GOV_10A_MAIN(1.0),21/07/26 11:00:00,A,MIO_NAC,S1312,B9,ES,2023,-12227.0,,
ESTAT:GOV_10A_MAIN(1.0),21/07/26 11:00:00,A,MIO_NAC,S1312,B9,ES,2024,-3235.0,,
ESTAT:GOV_10A_MAIN(1.0),21/07/26 11:00:00,A,MIO_NAC,S1312,B9,ES,2025,-6650.0,,
ESTAT:GOV_10A_MAIN(1.0),21/07/26 11:00:00,A,MIO_NAC,S1312,B9,EU27_2020,1995,-31637.6,,
ESTAT:GOV_10A_MAIN(1.0),21/07/26 11:00:00,A,MIO_NAC,S1312,B9,EU27_2020,1996,-29493.5,,
ESTAT:GOV_10A_MAIN(1.0),21/07/26 11:00:00,A,MIO_NAC,S1312,B9,EU27_2020,1997,-26383.3,,
ESTAT:GOV_10A_MAIN(1.0),21/07/26 11:00:00,A,MIO_NAC,S1312,B9,EU27_2020,1998,-18992.3,,
ESTAT:GOV_10A_MAIN(1.0),21/07/26 11:00:00,A,MIO_NAC,S1312,B9,EU27_2020,1999,-13149.5,,
ESTAT:GOV_10A_MAIN(1.0),21/07/26 11:00:00,A,MIO_NAC,S1312,B9,EU27_2020,2000,-13938.1,,
ESTAT:GOV_10A_MAIN(1.0),21/07/26 11:00:00,A,MIO_NAC,S1312,B9,EU27_2020,2001,-33686.8,,
ESTAT:GOV_10A_MAIN(1.0),21/07/26 11:00:00,A,MIO_NAC,S1312,B9,EU27_2020,2002,-39354.3,,
ESTAT:GOV_10A_MAIN(1.0),21/07/26 11:00:00,A,MIO_NAC,S1312,B9,EU27_2020,2003,-39508.1,,
ESTAT:GOV_10A_MAIN(1.0),21/07/26 11:00:00,A,MIO_NAC,S1312,B9,EU27_2020,2004,-30285.7,,
ESTAT:GOV_10A_MAIN(1.0),21/07/26 11:00:00,A,MIO_NAC,S1312,B9,EU27_2020,2005,-26516.8,,
ESTAT:GOV_10A_MAIN(1.0),21/07/26 11:00:00,A,MIO_NAC,S1312,B9,EU27_2020,2006,-13998.5,,
ESTAT:GOV_10A_MAIN(1.0),21/07/26 11:00:00,A,MIO_NAC,S1312,B9,EU27_2020,2007,-620.5,,
ESTAT:GOV_10A_MAIN(1.0),21/07/26 11:00:00,A,MIO_NAC,S1312,B9,EU27_2020,2008,-23329.2,,
ESTAT:GOV_10A_MAIN(1.0),21/07/26 11:00:00,A,MIO_NAC,S1312,B9,EU27_2020,2009,-46833.2,,
ESTAT:GOV_10A_MAIN(1.0),21/07/26 11:00:00,A,MIO_NAC,S1312,B9,EU27_2020,2010,-67757.8,,
ESTAT:GOV_10A_MAIN(1.0),21/07/26 11:00:00,A,MIO_NAC,S1312,B9,EU27_2020,2011,-68430.9,,
ESTAT:GOV_10A_MAIN(1.0),21/07/26 11:00:00,A,MIO_NAC,S1312,B9,EU27_2020,2012,-27385.0,,
ESTAT:GOV_10A_MAIN(1.0),21/07/26 11:00:00,A,MIO_NAC,S1312,B9,EU27_2020,2013,-19814.8,,
ESTAT:GOV_10A_MAIN(1.0),21/07/26 11:00:00,A,MIO_NAC,S1312,B9,EU27_2020,2014,-18201.7,,
ESTAT:GOV_10A_MAIN(1.0),21/07/26 11:00:00,A,MIO_NAC,S1312,B9,EU27_2020,2015,-19765.8,,
ESTAT:GOV_10A_MAIN(1.0),21/07/26 11:00:00,A,MIO_NAC,S1312,B9,EU27_2020,2016,-3165.1,,
ESTAT:GOV_10A_MAIN(1.0),21/07/26 11:00:00,A,MIO_NAC,S1312,B9,EU27_2020,2017,10139.1,,
ESTAT:GOV_10A_MAIN(1.0),21/07/26 11:00:00,A,MIO_NAC,S1312,B9,EU27_2020,2018,6127.5,,
ESTAT:GOV_10A_MAIN(1.0),21/07/26 11:00:00,A,MIO_NAC,S1312,B9,EU27_2020,2019,4821.2,,
ESTAT:GOV_10A_MAIN(1.0),21/07/26 11:00:00,A,MIO_NAC,S1312,B9,EU27_2020,2020,-45569.6,,
ESTAT:GOV_10A_MAIN(1.0),21/07/26 11:00:00,A,MIO_NAC,S1312,B9,EU27_2020,2021,-4468.5,,
ESTAT:GOV_10A_MAIN(1.0),21/07/26 11:00:00,A,MIO_NAC,S1312,B9,EU27_2020,2022,919.4,,
ESTAT:GOV_10A_MAIN(1.0),21/07/26 11:00:00,A,MIO_NAC,S1312,B9,EU27_2020,2023,-27376.4,,
ESTAT:GOV_10A_MAIN(1.0),21/07/26 11:00:00,A,MIO_NAC,S1312,B9,EU27_2020,2024,-36559.6,,
ESTAT:GOV_10A_MAIN(1.0),21/07/26 11:00:00,A,MIO_NAC,S1312,B9,EU27_2020,2025,-27657.5,,
ESTAT:GOV_10A_MAIN(1.0),21/07/26 11:00:00,A,MIO_NAC,S1312,B9,FI,1995,,m,
ESTAT:GOV_10A_MAIN(1.0),21/07/26 11:00:00,A,MIO_NAC,S1312,B9,FI,1996,,m,
ESTAT:GOV_10A_MAIN(1.0),21/07/26 11:00:00,A,MIO_NAC,S1312,B9,FI,1997,,m,
ESTAT:GOV_10A_MAIN(1.0),21/07/26 11:00:00,A,MIO_NAC,S1312,B9,FI,1998,,m,
ESTAT:GOV_10A_MAIN(1.0),21/07/26 11:00:00,A,MIO_NAC,S1312,B9,FI,1999,,m,
ESTAT:GOV_10A_MAIN(1.0),21/07/26 11:00:00,A,MIO_NAC,S1312,B9,FI,2000,,m,
ESTAT:GOV_10A_MAIN(1.0),21/07/26 11:00:00,A,MIO_NAC,S1312,B9,FI,2001,,m,
ESTAT:GOV_10A_MAIN(1.0),21/07/26 11:00:00,A,MIO_NAC,S1312,B9,FI,2002,,m,
ESTAT:GOV_10A_MAIN(1.0),21/07/26 11:00:00,A,MIO_NAC,S1312,B9,FI,2003,,m,
ESTAT:GOV_10A_MAIN(1.0),21/07/26 11:00:00,A,MIO_NAC,S1312,B9,FI,2004,,m,
ESTAT:GOV_10A_MAIN(1.0),21/07/26 11:00:00,A,MIO_NAC,S1312,B9,FI,2005,,m,
ESTAT:GOV_10A_MAIN(1.0),21/07/26 11:00:00,A,MIO_NAC,S1312,B9,FI,2006,,m,
ESTAT:GOV_10A_MAIN(1.0),21/07/26 11:00:00,A,MIO_NAC,S1312,B9,FI,2007,,m,
ESTAT:GOV_10A_MAIN(1.0),21/07/26 11:00:00,A,MIO_NAC,S1312,B9,FI,2008,,m,
ESTAT:GOV_10A_MAIN(1.0),21/07/26 11:00:00,A,MIO_NAC,S1312,B9,FI,2009,,m,
ESTAT:GOV_10A_MAIN(1.0),21/07/26 11:00:00,A,MIO_NAC,S1312,B9,FI,2010,,m,
ESTAT:GOV_10A_MAIN(1.0),21/07/26 11:00:00,A,MIO_NAC,S1312,B9,FI,2011,,m,
ESTAT:GOV_10A_MAIN(1.0),21/07/26 11:00:00,A,MIO_NAC,S1312,B9,FI,2012,,m,
ESTAT:GOV_10A_MAIN(1.0),21/07/26 11:00:00,A,MIO_NAC,S1312,B9,FI,2013,,m,
ESTAT:GOV_10A_MAIN(1.0),21/07/26 11:00:00,A,MIO_NAC,S1312,B9,FI,2014,,m,
ESTAT:GOV_10A_MAIN(1.0),21/07/26 11:00:00,A,MIO_NAC,S1312,B9,FI,2015,,m,
ESTAT:GOV_10A_MAIN(1.0),21/07/26 11:00:00,A,MIO_NAC,S1312,B9,FI,2016,,m,
ESTAT:GOV_10A_MAIN(1.0),21/07/26 11:00:00,A,MIO_NAC,S1312,B9,FI,2017,,m,
ESTAT:GOV_10A_MAIN(1.0),21/07/26 11:00:00,A,MIO_NAC,S1312,B9,FI,2018,,m,
ESTAT:GOV_10A_MAIN(1.0),21/07/26 11:00:00,A,MIO_NAC,S1312,B9,FI,2019,,m,
ESTAT:GOV_10A_MAIN(1.0),21/07/26 11:00:00,A,MIO_NAC,S1312,B9,FI,2020,,m,
ESTAT:GOV_10A_MAIN(1.0),21/07/26 11:00:00,A,MIO_NAC,S1312,B9,FI,2021,,m,
ESTAT:GOV_10A_MAIN(1.0),21/07/26 11:00:00,A,MIO_NAC,S1312,B9,FI,2022,,m,
ESTAT:GOV_10A_MAIN(1.0),21/07/26 11:00:00,A,MIO_NAC,S1312,B9,FI,2023,,m,
ESTAT:GOV_10A_MAIN(1.0),21/07/26 11:00:00,A,MIO_NAC,S1312,B9,FI,2024,,m,
ESTAT:GOV_10A_MAIN(1.0),21/07/26 11:00:00,A,MIO_NAC,S1312,B9,FI,2025,,m,
ESTAT:GOV_10A_MAIN(1.0),21/07/26 11:00:00,A,MIO_NAC,S1312,B9,FR,1995,,m,
ESTAT:GOV_10A_MAIN(1.0),21/07/26 11:00:00,A,MIO_NAC,S1312,B9,FR,1996,,m,
ESTAT:GOV_10A_MAIN(1.0),21/07/26 11:00:00,A,MIO_NAC,S1312,B9,FR,1997,,m,
ESTAT:GOV_10A_MAIN(1.0),21/07/26 11:00:00,A,MIO_NAC,S1312,B9,FR,1998,,m,
ESTAT:GOV_10A_MAIN(1.0),21/07/26 11:00:00,A,MIO_NAC,S1312,B9,FR,1999,,m,
ESTAT:GOV_10A_MAIN(1.0),21/07/26 11:00:00,A,MIO_NAC,S1312,B9,FR,2000,,m,
ESTAT:GOV_10A_MAIN(1.0),21/07/26 11:00:00,A,MIO_NAC,S1312,B9,FR,2001,,m,
ESTAT:GOV_10A_MAIN(1.0),21/07/26 11:00:00,A,MIO_NAC,S1312,B9,FR,2002,,m,
ESTAT:GOV_10A_MAIN(1.0),21/07/26 11:00:00,A,MIO_NAC,S1312,B9,FR,2003,,m,
ESTAT:GOV_10A_MAIN(1.0),21/07/26 11:00:00,A,MIO_NAC,S1312,B9,FR,2004,,m,
ESTAT:GOV_10A_MAIN(1.0),21/07/26 11:00:00,A,MIO_NAC,S1312,B9,FR,2005,,m,
ESTAT:GOV_10A_MAIN(1.0),21/07/26 11:00:00,A,MIO_NAC,S1312,B9,FR,2006,,m,
ESTAT:GOV_10A_MAIN(1.0),21/07/26 11:00:00,A,MIO_NAC,S1312,B9,FR,2007,,m,
ESTAT:GOV_10A_MAIN(1.0),21/07/26 11:00:00,A,MIO_NAC,S1312,B9,FR,2008,,m,
ESTAT:GOV_10A_MAIN(1.0),21/07/26 11:00:00,A,MIO_NAC,S1312,B9,FR,2009,,m,
ESTAT:GOV_10A_MAIN(1.0),21/07/26 11:00:00,A,MIO_NAC,S1312,B9,FR,2010,,m,
ESTAT:GOV_10A_MAIN(1.0),21/07/26 11:00:00,A,MIO_NAC,S1312,B9,FR,2011,,m,
ESTAT:GOV_10A_MAIN(1.0),21/07/26 11:00:00,A,MIO_NAC,S1312,B9,FR,2012,,m,
ESTAT:GOV_10A_MAIN(1.0),21/07/26 11:00:00,A,MIO_NAC,S1312,B9,FR,2013,,m,
ESTAT:GOV_10A_MAIN(1.0),21/07/26 11:00:00,A,MIO_NAC,S1312,B9,FR,2014,,m,
ESTAT:GOV_10A_MAIN(1.0),21/07/26 11:00:00,A,MIO_NAC,S1312,B9,FR,2015,,m,
ESTAT:GOV_10A_MAIN(1.0),21/07/26 11:00:00,A,MIO_NAC,S1312,B9,FR,2016,,m,
ESTAT:GOV_10A_MAIN(1.0),21/07/26 11:00:00,A,MIO_NAC,S1312,B9,FR,2017,,m,
ESTAT:GOV_10A_MAIN(1.0),21/07/26 11:00:00,A,MIO_NAC,S1312,B9,FR,2018,,m,
ESTAT:GOV_10A_MAIN(1.0),21/07/26 11:00:00,A,MIO_NAC,S1312,B9,FR,2019,,m,
ESTAT:GOV_10A_MAIN(1.0),21/07/26 11:00:00,A,MIO_NAC,S1312,B9,FR,2020,,m,
ESTAT:GOV_10A_MAIN(1.0),21/07/26 11:00:00,A,MIO_NAC,S1312,B9,FR,2021,,m,
ESTAT:GOV_10A_MAIN(1.0),21/07/26 11:00:00,A,MIO_NAC,S1312,B9,FR,2022,,m,
ESTAT:GOV_10A_MAIN(1.0),21/07/26 11:00:00,A,MIO_NAC,S1312,B9,FR,2023,,m,
ESTAT:GOV_10A_MAIN(1.0),21/07/26 11:00:00,A,MIO_NAC,S1312,B9,FR,2024,,m,
ESTAT:GOV_10A_MAIN(1.0),21/07/26 11:00:00,A,MIO_NAC,S1312,B9,FR,2025,,m,
ESTAT:GOV_10A_MAIN(1.0),21/07/26 11:00:00,A,MIO_NAC,S1312,B9,HR,1995,,m,
ESTAT:GOV_10A_MAIN(1.0),21/07/26 11:00:00,A,MIO_NAC,S1312,B9,HR,1996,,m,
ESTAT:GOV_10A_MAIN(1.0),21/07/26 11:00:00,A,MIO_NAC,S1312,B9,HR,1997,,m,
ESTAT:GOV_10A_MAIN(1.0),21/07/26 11:00:00,A,MIO_NAC,S1312,B9,HR,1998,,m,
ESTAT:GOV_10A_MAIN(1.0),21/07/26 11:00:00,A,MIO_NAC,S1312,B9,HR,1999,,m,
ESTAT:GOV_10A_MAIN(1.0),21/07/26 11:00:00,A,MIO_NAC,S1312,B9,HR,2000,,m,
ESTAT:GOV_10A_MAIN(1.0),21/07/26 11:00:00,A,MIO_NAC,S1312,B9,HR,2001,,m,
ESTAT:GOV_10A_MAIN(1.0),21/07/26 11:00:00,A,MIO_NAC,S1312,B9,HR,2002,,m,
ESTAT:GOV_10A_MAIN(1.0),21/07/26 11:00:00,A,MIO_NAC,S1312,B9,HR,2003,,m,
ESTAT:GOV_10A_MAIN(1.0),21/07/26 11:00:00,A,MIO_NAC,S1312,B9,HR,2004,,m,
ESTAT:GOV_10A_MAIN(1.0),21/07/26 11:00:00,A,MIO_NAC,S1312,B9,HR,2005,,m,
ESTAT:GOV_10A_MAIN(1.0),21/07/26 11:00:00,A,MIO_NAC,S1312,B9,HR,2006,,m,
ESTAT:GOV_10A_MAIN(1.0),21/07/26 11:00:00,A,MIO_NAC,S1312,B9,HR,2007,,m,
ESTAT:GOV_10A_MAIN(1.0),21/07/26 11:00:00,A,MIO_NAC,S1312,B9,HR,2008,,m,
ESTAT:GOV_10A_MAIN(1.0),21/07/26 11:00:00,A,MIO_NAC,S1312,B9,HR,2009,,m,
ESTAT:GOV_10A_MAIN(1.0),21/07/26 11:00:00,A,MIO_NAC,S1312,B9,HR,2010,,m,
ESTAT:GOV_10A_MAIN(1.0),21/07/26 11:00:00,A,MIO_NAC,S1312,B9,HR,2011,,m,
ESTAT:GOV_10A_MAIN(1.0),21/07/26 11:00:00,A,MIO_NAC,S1312,B9,HR,2012,,m,
ESTAT:GOV_10A_MAIN(1.0),21/07/26 11:00:00,A,MIO_NAC,S1312,B9,HR,2013,,m,
ESTAT:GOV_10A_MAIN(1.0),21/07/26 11:00:00,A,MIO_NAC,S1312,B9,HR,2014,,m,
ESTAT:GOV_10A_MAIN(1.0),21/07/26 11:00:00,A,MIO_NAC,S1312,B9,HR,2015,,m,
ESTAT:GOV_10A_MAIN(1.0),21/07/26 11:00:00,A,MIO_NAC,S1312,B9,HR,2016,,m,
ESTAT:GOV_10A_MAIN(1.0),21/07/26 11:00:00,A,MIO_NAC,S1312,B9,HR,2017,,m,
ESTAT:GOV_10A_MAIN(1.0),21/07/26 11:00:00,A,MIO_NAC,S1312,B9,HR,2018,,m,
ESTAT:GOV_10A_MAIN(1.0),21/07/26 11:00:00,A,MIO_NAC,S1312,B9,HR,2019,,m,
ESTAT:GOV_10A_MAIN(1.0),21/07/26 11:00:00,A,MIO_NAC,S1312,B9,HR,2020,,m,
ESTAT:GOV_10A_MAIN(1.0),21/07/26 11:00:00,A,MIO_NAC,S1312,B9,HR,2021,,m,
ESTAT:GOV_10A_MAIN(1.0),21/07/26 11:00:00,A,MIO_NAC,S1312,B9,HR,2022,,m,
ESTAT:GOV_10A_MAIN(1.0),21/07/26 11:00:00,A,MIO_NAC,S1312,B9,HR,2023,,m,
ESTAT:GOV_10A_MAIN(1.0),21/07/26 11:00:00,A,MIO_NAC,S1312,B9,HR,2024,,m,
ESTAT:GOV_10A_MAIN(1.0),21/07/26 11:00:00,A,MIO_NAC,S1312,B9,HR,2025,,m,
ESTAT:GOV_10A_MAIN(1.0),21/07/26 11:00:00,A,MIO_NAC,S1312,B9,HU,1995,,m,
ESTAT:GOV_10A_MAIN(1.0),21/07/26 11:00:00,A,MIO_NAC,S1312,B9,HU,1996,,m,
ESTAT:GOV_10A_MAIN(1.0),21/07/26 11:00:00,A,MIO_NAC,S1312,B9,HU,1997,,m,
ESTAT:GOV_10A_MAIN(1.0),21/07/26 11:00:00,A,MIO_NAC,S1312,B9,HU,1998,,m,
ESTAT:GOV_10A_MAIN(1.0),21/07/26 11:00:00,A,MIO_NAC,S1312,B9,HU,1999,,m,
ESTAT:GOV_10A_MAIN(1.0),21/07/26 11:00:00,A,MIO_NAC,S1312,B9,HU,2000,,m,
ESTAT:GOV_10A_MAIN(1.0),21/07/26 11:00:00,A,MIO_NAC,S1312,B9,HU,2001,,m,
ESTAT:GOV_10A_MAIN(1.0),21/07/26 11:00:00,A,MIO_NAC,S1312,B9,HU,2002,,m,
ESTAT:GOV_10A_MAIN(1.0),21/07/26 11:00:00,A,MIO_NAC,S1312,B9,HU,2003,,m,
ESTAT:GOV_10A_MAIN(1.0),21/07/26 11:00:00,A,MIO_NAC,S1312,B9,HU,2004,,m,
ESTAT:GOV_10A_MAIN(1.0),21/07/26 11:00:00,A,MIO_NAC,S1312,B9,HU,2005,,m,
ESTAT:GOV_10A_MAIN(1.0),21/07/26 11:00:00,A,MIO_NAC,S1312,B9,HU,2006,,m,
ESTAT:GOV_10A_MAIN(1.0),21/07/26 11:00:00,A,MIO_NAC,S1312,B9,HU,2007,,m,
ESTAT:GOV_10A_MAIN(1.0),21/07/26 11:00:00,A,MIO_NAC,S1312,B9,HU,2008,,m,
ESTAT:GOV_10A_MAIN(1.0),21/07/26 11:00:00,A,MIO_NAC,S1312,B9,HU,2009,,m,
ESTAT:GOV_10A_MAIN(1.0),21/07/26 11:00:00,A,MIO_NAC,S1312,B9,HU,2010,,m,
ESTAT:GOV_10A_MAIN(1.0),21/07/26 11:00:00,A,MIO_NAC,S1312,B9,HU,2011,,m,
ESTAT:GOV_10A_MAIN(1.0),21/07/26 11:00:00,A,MIO_NAC,S1312,B9,HU,2012,,m,
ESTAT:GOV_10A_MAIN(1.0),21/07/26 11:00:00,A,MIO_NAC,S1312,B9,HU,2013,,m,
ESTAT:GOV_10A_MAIN(1.0),21/07/26 11:00:00,A,MIO_NAC,S1312,B9,HU,2014,,m,
ESTAT:GOV_10A_MAIN(1.0),21/07/26 11:00:00,A,MIO_NAC,S1312,B9,HU,2015,,m,
ESTAT:GOV_10A_MAIN(1.0),21/07/26 11:00:00,A,MIO_NAC,S1312,B9,HU,2016,,m,
ESTAT:GOV_10A_MAIN(1.0),21/07/26 11:00:00,A,MIO_NAC,S1312,B9,HU,2017,,m,
ESTAT:GOV_10A_MAIN(1.0),21/07/26 11:00:00,A,MIO_NAC,S1312,B9,HU,2018,,m,
ESTAT:GOV_10A_MAIN(1.0),21/07/26 11:00:00,A,MIO_NAC,S1312,B9,HU,2019,,m,
ESTAT:GOV_10A_MAIN(1.0),21/07/26 11:00:00,A,MIO_NAC,S1312,B9,HU,2020,,m,
ESTAT:GOV_10A_MAIN(1.0),21/07/26 11:00:00,A,MIO_NAC,S1312,B9,HU,2021,,m,
ESTAT:GOV_10A_MAIN(1.0),21/07/26 11:00:00,A,MIO_NAC,S1312,B9,HU,2022,,m,
ESTAT:GOV_10A_MAIN(1.0),21/07/26 11:00:00,A,MIO_NAC,S1312,B9,HU,2023,,m,
ESTAT:GOV_10A_MAIN(1.0),21/07/26 11:00:00,A,MIO_NAC,S1312,B9,HU,2024,,m,
ESTAT:GOV_10A_MAIN(1.0),21/07/26 11:00:00,A,MIO_NAC,S1312,B9,HU,2025,,m,
ESTAT:GOV_10A_MAIN(1.0),21/07/26 11:00:00,A,MIO_NAC,S1312,B9,IE,1995,,m,
ESTAT:GOV_10A_MAIN(1.0),21/07/26 11:00:00,A,MIO_NAC,S1312,B9,IE,1996,,m,
ESTAT:GOV_10A_MAIN(1.0),21/07/26 11:00:00,A,MIO_NAC,S1312,B9,IE,1997,,m,
ESTAT:GOV_10A_MAIN(1.0),21/07/26 11:00:00,A,MIO_NAC,S1312,B9,IE,1998,,m,
ESTAT:GOV_10A_MAIN(1.0),21/07/26 11:00:00,A,MIO_NAC,S1312,B9,IE,1999,,m,
ESTAT:GOV_10A_MAIN(1.0),21/07/26 11:00:00,A,MIO_NAC,S1312,B9,IE,2000,,m,
ESTAT:GOV_10A_MAIN(1.0),21/07/26 11:00:00,A,MIO_NAC,S1312,B9,IE,2001,,m,
ESTAT:GOV_10A_MAIN(1.0),21/07/26 11:00:00,A,MIO_NAC,S1312,B9,IE,2002,,m,
ESTAT:GOV_10A_MAIN(1.0),21/07/26 11:00:00,A,MIO_NAC,S1312,B9,IE,2003,,m,
ESTAT:GOV_10A_MAIN(1.0),21/07/26 11:00:00,A,MIO_NAC,S1312,B9,IE,2004,,m,
ESTAT:GOV_10A_MAIN(1.0),21/07/26 11:00:00,A,MIO_NAC,S1312,B9,IE,2005,,m,
ESTAT:GOV_10A_MAIN(1.0),21/07/26 11:00:00,A,MIO_NAC,S1312,B9,IE,2006,,m,
ESTAT:GOV_10A_MAIN(1.0),21/07/26 11:00:00,A,MIO_NAC,S1312,B9,IE,2007,,m,
ESTAT:GOV_10A_MAIN(1.0),21/07/26 11:00:00,A,MIO_NAC,S1312,B9,IE,2008,,m,
ESTAT:GOV_10A_MAIN(1.0),21/07/26 11:00:00,A,MIO_NAC,S1312,B9,IE,2009,,m,
ESTAT:GOV_10A_MAIN(1.0),21/07/26 11:00:00,A,MIO_NAC,S1312,B9,IE,2010,,m,
ESTAT:GOV_10A_MAIN(1.0),21/07/26 11:00:00,A,MIO_NAC,S1312,B9,IE,2011,,m,
ESTAT:GOV_10A_MAIN(1.0),21/07/26 11:00:00,A,MIO_NAC,S1312,B9,IE,2012,,m,
ESTAT:GOV_10A_MAIN(1.0),21/07/26 11:00:00,A,MIO_NAC,S1312,B9,IE,2013,,m,
ESTAT:GOV_10A_MAIN(1.0),21/07/26 11:00:00,A,MIO_NAC,S1312,B9,IE,2014,,m,
ESTAT:GOV_10A_MAIN(1.0),21/07/26 11:00:00,A,MIO_NAC,S1312,B9,IE,2015,,m,
ESTAT:GOV_10A_MAIN(1.0),21/07/26 11:00:00,A,MIO_NAC,S1312,B9,IE,2016,,m,
ESTAT:GOV_10A_MAIN(1.0),21/07/26 11:00:00,A,MIO_NAC,S1312,B9,IE,2017,,m,
ESTAT:GOV_10A_MAIN(1.0),21/07/26 11:00:00,A,MIO_NAC,S1312,B9,IE,2018,,m,
ESTAT:GOV_10A_MAIN(1.0),21/07/26 11:00:00,A,MIO_NAC,S1312,B9,IE,2019,,m,
ESTAT:GOV_10A_MAIN(1.0),21/07/26 11:00:00,A,MIO_NAC,S1312,B9,IE,2020,,m,
ESTAT:GOV_10A_MAIN(1.0),21/07/26 11:00:00,A,MIO_NAC,S1312,B9,IE,2021,,m,
ESTAT:GOV_10A_MAIN(1.0),21/07/26 11:00:00,A,MIO_NAC,S1312,B9,IE,2022,,m,
ESTAT:GOV_10A_MAIN(1.0),21/07/26 11:00:00,A,MIO_NAC,S1312,B9,IE,2023,,m,
ESTAT:GOV_10A_MAIN(1.0),21/07/26 11:00:00,A,MIO_NAC,S1312,B9,IE,2024,,m,
ESTAT:GOV_10A_MAIN(1.0),21/07/26 11:00:00,A,MIO_NAC,S1312,B9,IE,2025,,m,
ESTAT:GOV_10A_MAIN(1.0),21/07/26 11:00:00,A,MIO_NAC,S1312,B9,IS,1998,,m,
ESTAT:GOV_10A_MAIN(1.0),21/07/26 11:00:00,A,MIO_NAC,S1312,B9,IS,1999,,m,
ESTAT:GOV_10A_MAIN(1.0),21/07/26 11:00:00,A,MIO_NAC,S1312,B9,IS,2000,,m,
ESTAT:GOV_10A_MAIN(1.0),21/07/26 11:00:00,A,MIO_NAC,S1312,B9,IS,2001,,m,
ESTAT:GOV_10A_MAIN(1.0),21/07/26 11:00:00,A,MIO_NAC,S1312,B9,IS,2002,,m,
ESTAT:GOV_10A_MAIN(1.0),21/07/26 11:00:00,A,MIO_NAC,S1312,B9,IS,2003,,m,
ESTAT:GOV_10A_MAIN(1.0),21/07/26 11:00:00,A,MIO_NAC,S1312,B9,IS,2004,,m,
ESTAT:GOV_10A_MAIN(1.0),21/07/26 11:00:00,A,MIO_NAC,S1312,B9,IS,2005,,m,
ESTAT:GOV_10A_MAIN(1.0),21/07/26 11:00:00,A,MIO_NAC,S1312,B9,IS,2006,,m,
ESTAT:GOV_10A_MAIN(1.0),21/07/26 11:00:00,A,MIO_NAC,S1312,B9,IS,2007,,m,
ESTAT:GOV_10A_MAIN(1.0),21/07/26 11:00:00,A,MIO_NAC,S1312,B9,IS,2008,,m,
ESTAT:GOV_10A_MAIN(1.0),21/07/26 11:00:00,A,MIO_NAC,S1312,B9,IS,2009,,m,
ESTAT:GOV_10A_MAIN(1.0),21/07/26 11:00:00,A,MIO_NAC,S1312,B9,IS,2010,,m,
ESTAT:GOV_10A_MAIN(1.0),21/07/26 11:00:00,A,MIO_NAC,S1312,B9,IS,2011,,m,
ESTAT:GOV_10A_MAIN(1.0),21/07/26 11:00:00,A,MIO_NAC,S1312,B9,IS,2012,,m,
ESTAT:GOV_10A_MAIN(1.0),21/07/26 11:00:00,A,MIO_NAC,S1312,B9,IS,2013,,m,
ESTAT:GOV_10A_MAIN(1.0),21/07/26 11:00:00,A,MIO_NAC,S1312,B9,IS,2014,,m,
ESTAT:GOV_10A_MAIN(1.0),21/07/26 11:00:00,A,MIO_NAC,S1312,B9,IS,2015,,m,
ESTAT:GOV_10A_MAIN(1.0),21/07/26 11:00:00,A,MIO_NAC,S1312,B9,IS,2016,,m,
ESTAT:GOV_10A_MAIN(1.0),21/07/26 11:00:00,A,MIO_NAC,S1312,B9,IS,2017,,m,
ESTAT:GOV_10A_MAIN(1.0),21/07/26 11:00:00,A,MIO_NAC,S1312,B9,IS,2018,,m,
ESTAT:GOV_10A_MAIN(1.0),21/07/26 11:00:00,A,MIO_NAC,S1312,B9,IS,2019,,m,
ESTAT:GOV_10A_MAIN(1.0),21/07/26 11:00:00,A,MIO_NAC,S1312,B9,IS,2020,,m,
ESTAT:GOV_10A_MAIN(1.0),21/07/26 11:00:00,A,MIO_NAC,S1312,B9,IS,2021,,m,
ESTAT:GOV_10A_MAIN(1.0),21/07/26 11:00:00,A,MIO_NAC,S1312,B9,IS,2022,,m,
ESTAT:GOV_10A_MAIN(1.0),21/07/26 11:00:00,A,MIO_NAC,S1312,B9,IS,2023,,m,
ESTAT:GOV_10A_MAIN(1.0),21/07/26 11:00:00,A,MIO_NAC,S1312,B9,IS,2024,,m,
ESTAT:GOV_10A_MAIN(1.0),21/07/26 11:00:00,A,MIO_NAC,S1312,B9,IS,2025,,m,
ESTAT:GOV_10A_MAIN(1.0),21/07/26 11:00:00,A,MIO_NAC,S1312,B9,IT,1995,,m,
ESTAT:GOV_10A_MAIN(1.0),21/07/26 11:00:00,A,MIO_NAC,S1312,B9,IT,1996,,m,
ESTAT:GOV_10A_MAIN(1.0),21/07/26 11:00:00,A,MIO_NAC,S1312,B9,IT,1997,,m,
ESTAT:GOV_10A_MAIN(1.0),21/07/26 11:00:00,A,MIO_NAC,S1312,B9,IT,1998,,m,
ESTAT:GOV_10A_MAIN(1.0),21/07/26 11:00:00,A,MIO_NAC,S1312,B9,IT,1999,,m,
ESTAT:GOV_10A_MAIN(1.0),21/07/26 11:00:00,A,MIO_NAC,S1312,B9,IT,2000,,m,
ESTAT:GOV_10A_MAIN(1.0),21/07/26 11:00:00,A,MIO_NAC,S1312,B9,IT,2001,,m,
ESTAT:GOV_10A_MAIN(1.0),21/07/26 11:00:00,A,MIO_NAC,S1312,B9,IT,2002,,m,
ESTAT:GOV_10A_MAIN(1.0),21/07/26 11:00:00,A,MIO_NAC,S1312,B9,IT,2003,,m,
ESTAT:GOV_10A_MAIN(1.0),21/07/26 11:00:00,A,MIO_NAC,S1312,B9,IT,2004,,m,
ESTAT:GOV_10A_MAIN(1.0),21/07/26 11:00:00,A,MIO_NAC,S1312,B9,IT,2005,,m,
ESTAT:GOV_10A_MAIN(1.0),21/07/26 11:00:00,A,MIO_NAC,S1312,B9,IT,2006,,m,
ESTAT:GOV_10A_MAIN(1.0),21/07/26 11:00:00,A,MIO_NAC,S1312,B9,IT,2007,,m,
ESTAT:GOV_10A_MAIN(1.0),21/07/26 11:00:00,A,MIO_NAC,S1312,B9,IT,2008,,m,
ESTAT:GOV_10A_MAIN(1.0),21/07/26 11:00:00,A,MIO_NAC,S1312,B9,IT,2009,,m,
ESTAT:GOV_10A_MAIN(1.0),21/07/26 11:00:00,A,MIO_NAC,S1312,B9,IT,2010,,m,
ESTAT:GOV_10A_MAIN(1.0),21/07/26 11:00:00,A,MIO_NAC,S1312,B9,IT,2011,,m,
ESTAT:GOV_10A_MAIN(1.0),21/07/26 11:00:00,A,MIO_NAC,S1312,B9,IT,2012,,m,
ESTAT:GOV_10A_MAIN(1.0),21/07/26 11:00:00,A,MIO_NAC,S1312,B9,IT,2013,,m,
ESTAT:GOV_10A_MAIN(1.0),21/07/26 11:00:00,A,MIO_NAC,S1312,B9,IT,2014,,m,
ESTAT:GOV_10A_MAIN(1.0),21/07/26 11:00:00,A,MIO_NAC,S1312,B9,IT,2015,,m,
ESTAT:GOV_10A_MAIN(1.0),21/07/26 11:00:00,A,MIO_NAC,S1312,B9,IT,2016,,m,
ESTAT:GOV_10A_MAIN(1.0),21/07/26 11:00:00,A,MIO_NAC,S1312,B9,IT,2017,,m,
ESTAT:GOV_10A_MAIN(1.0),21/07/26 11:00:00,A,MIO_NAC,S1312,B9,IT,2018,,m,
ESTAT:GOV_10A_MAIN(1.0),21/07/26 11:00:00,A,MIO_NAC,S1312,B9,IT,2019,,m,
ESTAT:GOV_10A_MAIN(1.0),21/07/26 11:00:00,A,MIO_NAC,S1312,B9,IT,2020,,m,
ESTAT:GOV_10A_MAIN(1.0),21/07/26 11:00:00,A,MIO_NAC,S1312,B9,IT,2021,,m,
ESTAT:GOV_10A_MAIN(1.0),21/07/26 11:00:00,A,MIO_NAC,S1312,B9,IT,2022,,m,
ESTAT:GOV_10A_MAIN(1.0),21/07/26 11:00:00,A,MIO_NAC,S1312,B9,IT,2023,,m,
ESTAT:GOV_10A_MAIN(1.0),21/07/26 11:00:00,A,MIO_NAC,S1312,B9,IT,2024,,m,
ESTAT:GOV_10A_MAIN(1.0),21/07/26 11:00:00,A,MIO_NAC,S1312,B9,IT,2025,,m,
ESTAT:GOV_10A_MAIN(1.0),21/07/26 11:00:00,A,MIO_NAC,S1312,B9,LT,1995,,m,
ESTAT:GOV_10A_MAIN(1.0),21/07/26 11:00:00,A,MIO_NAC,S1312,B9,LT,1996,,m,
ESTAT:GOV_10A_MAIN(1.0),21/07/26 11:00:00,A,MIO_NAC,S1312,B9,LT,1997,,m,
ESTAT:GOV_10A_MAIN(1.0),21/07/26 11:00:00,A,MIO_NAC,S1312,B9,LT,1998,,m,
ESTAT:GOV_10A_MAIN(1.0),21/07/26 11:00:00,A,MIO_NAC,S1312,B9,LT,1999,,m,
ESTAT:GOV_10A_MAIN(1.0),21/07/26 11:00:00,A,MIO_NAC,S1312,B9,LT,2000,,m,
ESTAT:GOV_10A_MAIN(1.0),21/07/26 11:00:00,A,MIO_NAC,S1312,B9,LT,2001,,m,
ESTAT:GOV_10A_MAIN(1.0),21/07/26 11:00:00,A,MIO_NAC,S1312,B9,LT,2002,,m,
ESTAT:GOV_10A_MAIN(1.0),21/07/26 11:00:00,A,MIO_NAC,S1312,B9,LT,2003,,m,
ESTAT:GOV_10A_MAIN(1.0),21/07/26 11:00:00,A,MIO_NAC,S1312,B9,LT,2004,,m,
ESTAT:GOV_10A_MAIN(1.0),21/07/26 11:00:00,A,MIO_NAC,S1312,B9,LT,2005,,m,
ESTAT:GOV_10A_MAIN(1.0),21/07/26 11:00:00,A,MIO_NAC,S1312,B9,LT,2006,,m,
ESTAT:GOV_10A_MAIN(1.0),21/07/26 11:00:00,A,MIO_NAC,S1312,B9,LT,2007,,m,
ESTAT:GOV_10A_MAIN(1.0),21/07/26 11:00:00,A,MIO_NAC,S1312,B9,LT,2008,,m,
ESTAT:GOV_10A_MAIN(1.0),21/07/26 11:00:00,A,MIO_NAC,S1312,B9,LT,2009,,m,
ESTAT:GOV_10A_MAIN(1.0),21/07/26 11:00:00,A,MIO_NAC,S1312,B9,LT,2010,,m,
ESTAT:GOV_10A_MAIN(1.0),21/07/26 11:00:00,A,MIO_NAC,S1312,B9,LT,2011,,m,
ESTAT:GOV_10A_MAIN(1.0),21/07/26 11:00:00,A,MIO_NAC,S1312,B9,LT,2012,,m,
ESTAT:GOV_10A_MAIN(1.0),21/07/26 11:00:00,A,MIO_NAC,S1312,B9,LT,2013,,m,
ESTAT:GOV_10A_MAIN(1.0),21/07/26 11:00:00,A,MIO_NAC,S1312,B9,LT,2014,,m,
ESTAT:GOV_10A_MAIN(1.0),21/07/26 11:00:00,A,MIO_NAC,S1312,B9,LT,2015,,m,
ESTAT:GOV_10A_MAIN(1.0),21/07/26 11:00:00,A,MIO_NAC,S1312,B9,LT,2016,,m,
ESTAT:GOV_10A_MAIN(1.0),21/07/26 11:00:00,A,MIO_NAC,S1312,B9,LT,2017,,m,
ESTAT:GOV_10A_MAIN(1.0),21/07/26 11:00:00,A,MIO_NAC,S1312,B9,LT,2018,,m,
ESTAT:GOV_10A_MAIN(1.0),21/07/26 11:00:00,A,MIO_NAC,S1312,B9,LT,2019,,m,
ESTAT:GOV_10A_MAIN(1.0),21/07/26 11:00:00,A,MIO_NAC,S1312,B9,LT,2020,,m,
ESTAT:GOV_10A_MAIN(1.0),21/07/26 11:00:00,A,MIO_NAC,S1312,B9,LT,2021,,m,
ESTAT:GOV_10A_MAIN(1.0),21/07/26 11:00:00,A,MIO_NAC,S1312,B9,LT,2022,,m,
ESTAT:GOV_10A_MAIN(1.0),21/07/26 11:00:00,A,MIO_NAC,S1312,B9,LT,2023,,m,
ESTAT:GOV_10A_MAIN(1.0),21/07/26 11:00:00,A,MIO_NAC,S1312,B9,LT,2024,,m,
ESTAT:GOV_10A_MAIN(1.0),21/07/26 11:00:00,A,MIO_NAC,S1312,B9,LT,2025,,m,
ESTAT:GOV_10A_MAIN(1.0),21/07/26 11:00:00,A,MIO_NAC,S1312,B9,LU,1995,,m,
ESTAT:GOV_10A_MAIN(1.0),21/07/26 11:00:00,A,MIO_NAC,S1312,B9,LU,1996,,m,
ESTAT:GOV_10A_MAIN(1.0),21/07/26 11:00:00,A,MIO_NAC,S1312,B9,LU,1997,,m,
ESTAT:GOV_10A_MAIN(1.0),21/07/26 11:00:00,A,MIO_NAC,S1312,B9,LU,1998,,m,
ESTAT:GOV_10A_MAIN(1.0),21/07/26 11:00:00,A,MIO_NAC,S1312,B9,LU,1999,,m,
ESTAT:GOV_10A_MAIN(1.0),21/07/26 11:00:00,A,MIO_NAC,S1312,B9,LU,2000,,m,
ESTAT:GOV_10A_MAIN(1.0),21/07/26 11:00:00,A,MIO_NAC,S1312,B9,LU,2001,,m,
ESTAT:GOV_10A_MAIN(1.0),21/07/26 11:00:00,A,MIO_NAC,S1312,B9,LU,2002,,m,
ESTAT:GOV_10A_MAIN(1.0),21/07/26 11:00:00,A,MIO_NAC,S1312,B9,LU,2003,,m,
ESTAT:GOV_10A_MAIN(1.0),21/07/26 11:00:00,A,MIO_NAC,S1312,B9,LU,2004,,m,
ESTAT:GOV_10A_MAIN(1.0),21/07/26 11:00:00,A,MIO_NAC,S1312,B9,LU,2005,,m,
ESTAT:GOV_10A_MAIN(1.0),21/07/26 11:00:00,A,MIO_NAC,S1312,B9,LU,2006,,m,
ESTAT:GOV_10A_MAIN(1.0),21/07/26 11:00:00,A,MIO_NAC,S1312,B9,LU,2007,,m,
ESTAT:GOV_10A_MAIN(1.0),21/07/26 11:00:00,A,MIO_NAC,S1312,B9,LU,2008,,m,
ESTAT:GOV_10A_MAIN(1.0),21/07/26 11:00:00,A,MIO_NAC,S1312,B9,LU,2009,,m,
ESTAT:GOV_10A_MAIN(1.0),21/07/26 11:00:00,A,MIO_NAC,S1312,B9,LU,2010,,m,
ESTAT:GOV_10A_MAIN(1.0),21/07/26 11:00:00,A,MIO_NAC,S1312,B9,LU,2011,,m,
ESTAT:GOV_10A_MAIN(1.0),21/07/26 11:00:00,A,MIO_NAC,S1312,B9,LU,2012,,m,
ESTAT:GOV_10A_MAIN(1.0),21/07/26 11:00:00,A,MIO_NAC,S1312,B9,LU,2013,,m,
ESTAT:GOV_10A_MAIN(1.0),21/07/26 11:00:00,A,MIO_NAC,S1312,B9,LU,2014,,m,
ESTAT:GOV_10A_MAIN(1.0),21/07/26 11:00:00,A,MIO_NAC,S1312,B9,LU,2015,,m,
ESTAT:GOV_10A_MAIN(1.0),21/07/26 11:00:00,A,MIO_NAC,S1312,B9,LU,2016,,m,
ESTAT:GOV_10A_MAIN(1.0),21/07/26 11:00:00,A,MIO_NAC,S1312,B9,LU,2017,,m,
ESTAT:GOV_10A_MAIN(1.0),21/07/26 11:00:00,A,MIO_NAC,S1312,B9,LU,2018,,m,
ESTAT:GOV_10A_MAIN(1.0),21/07/26 11:00:00,A,MIO_NAC,S1312,B9,LU,2019,,m,
ESTAT:GOV_10A_MAIN(1.0),21/07/26 11:00:00,A,MIO_NAC,S1312,B9,LU,2020,,m,
ESTAT:GOV_10A_MAIN(1.0),21/07/26 11:00:00,A,MIO_NAC,S1312,B9,LU,2021,,m,
ESTAT:GOV_10A_MAIN(1.0),21/07/26 11:00:00,A,MIO_NAC,S1312,B9,LU,2022,,m,
ESTAT:GOV_10A_MAIN(1.0),21/07/26 11:00:00,A,MIO_NAC,S1312,B9,LU,2023,,m,
ESTAT:GOV_10A_MAIN(1.0),21/07/26 11:00:00,A,MIO_NAC,S1312,B9,LU,2024,,m,
ESTAT:GOV_10A_MAIN(1.0),21/07/26 11:00:00,A,MIO_NAC,S1312,B9,LU,2025,,m,
ESTAT:GOV_10A_MAIN(1.0),21/07/26 11:00:00,A,MIO_NAC,S1312,B9,LV,1995,,m,
ESTAT:GOV_10A_MAIN(1.0),21/07/26 11:00:00,A,MIO_NAC,S1312,B9,LV,1996,,m,
ESTAT:GOV_10A_MAIN(1.0),21/07/26 11:00:00,A,MIO_NAC,S1312,B9,LV,1997,,m,
ESTAT:GOV_10A_MAIN(1.0),21/07/26 11:00:00,A,MIO_NAC,S1312,B9,LV,1998,,m,
ESTAT:GOV_10A_MAIN(1.0),21/07/26 11:00:00,A,MIO_NAC,S1312,B9,LV,1999,,m,
ESTAT:GOV_10A_MAIN(1.0),21/07/26 11:00:00,A,MIO_NAC,S1312,B9,LV,2000,,m,
ESTAT:GOV_10A_MAIN(1.0),21/07/26 11:00:00,A,MIO_NAC,S1312,B9,LV,2001,,m,
ESTAT:GOV_10A_MAIN(1.0),21/07/26 11:00:00,A,MIO_NAC,S1312,B9,LV,2002,,m,
ESTAT:GOV_10A_MAIN(1.0),21/07/26 11:00:00,A,MIO_NAC,S1312,B9,LV,2003,,m,
ESTAT:GOV_10A_MAIN(1.0),21/07/26 11:00:00,A,MIO_NAC,S1312,B9,LV,2004,,m,
ESTAT:GOV_10A_MAIN(1.0),21/07/26 11:00:00,A,MIO_NAC,S1312,B9,LV,2005,,m,
ESTAT:GOV_10A_MAIN(1.0),21/07/26 11:00:00,A,MIO_NAC,S1312,B9,LV,2006,,m,
ESTAT:GOV_10A_MAIN(1.0),21/07/26 11:00:00,A,MIO_NAC,S1312,B9,LV,2007,,m,
ESTAT:GOV_10A_MAIN(1.0),21/07/26 11:00:00,A,MIO_NAC,S1312,B9,LV,2008,,m,
ESTAT:GOV_10A_MAIN(1.0),21/07/26 11:00:00,A,MIO_NAC,S1312,B9,LV,2009,,m,
ESTAT:GOV_10A_MAIN(1.0),21/07/26 11:00:00,A,MIO_NAC,S1312,B9,LV,2010,,m,
ESTAT:GOV_10A_MAIN(1.0),21/07/26 11:00:00,A,MIO_NAC,S1312,B9,LV,2011,,m,
ESTAT:GOV_10A_MAIN(1.0),21/07/26 11:00:00,A,MIO_NAC,S1312,B9,LV,2012,,m,
ESTAT:GOV_10A_MAIN(1.0),21/07/26 11:00:00,A,MIO_NAC,S1312,B9,LV,2013,,m,
ESTAT:GOV_10A_MAIN(1.0),21/07/26 11:00:00,A,MIO_NAC,S1312,B9,LV,2014,,m,
ESTAT:GOV_10A_MAIN(1.0),21/07/26 11:00:00,A,MIO_NAC,S1312,B9,LV,2015,,m,
ESTAT:GOV_10A_MAIN(1.0),21/07/26 11:00:00,A,MIO_NAC,S1312,B9,LV,2016,,m,
ESTAT:GOV_10A_MAIN(1.0),21/07/26 11:00:00,A,MIO_NAC,S1312,B9,LV,2017,,m,
ESTAT:GOV_10A_MAIN(1.0),21/07/26 11:00:00,A,MIO_NAC,S1312,B9,LV,2018,,m,
ESTAT:GOV_10A_MAIN(1.0),21/07/26 11:00:00,A,MIO_NAC,S1312,B9,LV,2019,,m,
ESTAT:GOV_10A_MAIN(1.0),21/07/26 11:00:00,A,MIO_NAC,S1312,B9,LV,2020,,m,
ESTAT:GOV_10A_MAIN(1.0),21/07/26 11:00:00,A,MIO_NAC,S1312,B9,LV,2021,,m,
ESTAT:GOV_10A_MAIN(1.0),21/07/26 11:00:00,A,MIO_NAC,S1312,B9,LV,2022,,m,
ESTAT:GOV_10A_MAIN(1.0),21/07/26 11:00:00,A,MIO_NAC,S1312,B9,LV,2023,,m,
ESTAT:GOV_10A_MAIN(1.0),21/07/26 11:00:00,A,MIO_NAC,S1312,B9,LV,2024,,m,
ESTAT:GOV_10A_MAIN(1.0),21/07/26 11:00:00,A,MIO_NAC,S1312,B9,LV,2025,,m,
ESTAT:GOV_10A_MAIN(1.0),21/07/26 11:00:00,A,MIO_NAC,S1312,B9,MT,1995,,m,
ESTAT:GOV_10A_MAIN(1.0),21/07/26 11:00:00,A,MIO_NAC,S1312,B9,MT,1996,,m,
ESTAT:GOV_10A_MAIN(1.0),21/07/26 11:00:00,A,MIO_NAC,S1312,B9,MT,1997,,m,
ESTAT:GOV_10A_MAIN(1.0),21/07/26 11:00:00,A,MIO_NAC,S1312,B9,MT,1998,,m,
ESTAT:GOV_10A_MAIN(1.0),21/07/26 11:00:00,A,MIO_NAC,S1312,B9,MT,1999,,m,
ESTAT:GOV_10A_MAIN(1.0),21/07/26 11:00:00,A,MIO_NAC,S1312,B9,MT,2000,,m,
ESTAT:GOV_10A_MAIN(1.0),21/07/26 11:00:00,A,MIO_NAC,S1312,B9,MT,2001,,m,
ESTAT:GOV_10A_MAIN(1.0),21/07/26 11:00:00,A,MIO_NAC,S1312,B9,MT,2002,,m,
ESTAT:GOV_10A_MAIN(1.0),21/07/26 11:00:00,A,MIO_NAC,S1312,B9,MT,2003,,m,
ESTAT:GOV_10A_MAIN(1.0),21/07/26 11:00:00,A,MIO_NAC,S1312,B9,MT,2004,,m,
ESTAT:GOV_10A_MAIN(1.0),21/07/26 11:00:00,A,MIO_NAC,S1312,B9,MT,2005,,m,
ESTAT:GOV_10A_MAIN(1.0),21/07/26 11:00:00,A,MIO_NAC,S1312,B9,MT,2006,,m,
ESTAT:GOV_10A_MAIN(1.0),21/07/26 11:00:00,A,MIO_NAC,S1312,B9,MT,2007,,m,
ESTAT:GOV_10A_MAIN(1.0),21/07/26 11:00:00,A,MIO_NAC,S1312,B9,MT,2008,,m,
ESTAT:GOV_10A_MAIN(1.0),21/07/26 11:00:00,A,MIO_NAC,S1312,B9,MT,2009,,m,
ESTAT:GOV_10A_MAIN(1.0),21/07/26 11:00:00,A,MIO_NAC,S1312,B9,MT,2010,,m,
ESTAT:GOV_10A_MAIN(1.0),21/07/26 11:00:00,A,MIO_NAC,S1312,B9,MT,2011,,m,
ESTAT:GOV_10A_MAIN(1.0),21/07/26 11:00:00,A,MIO_NAC,S1312,B9,MT,2012,,m,
ESTAT:GOV_10A_MAIN(1.0),21/07/26 11:00:00,A,MIO_NAC,S1312,B9,MT,2013,,m,
ESTAT:GOV_10A_MAIN(1.0),21/07/26 11:00:00,A,MIO_NAC,S1312,B9,MT,2014,,m,
ESTAT:GOV_10A_MAIN(1.0),21/07/26 11:00:00,A,MIO_NAC,S1312,B9,MT,2015,,m,
ESTAT:GOV_10A_MAIN(1.0),21/07/26 11:00:00,A,MIO_NAC,S1312,B9,MT,2016,,m,
ESTAT:GOV_10A_MAIN(1.0),21/07/26 11:00:00,A,MIO_NAC,S1312,B9,MT,2017,,m,
ESTAT:GOV_10A_MAIN(1.0),21/07/26 11:00:00,A,MIO_NAC,S1312,B9,MT,2018,,m,
ESTAT:GOV_10A_MAIN(1.0),21/07/26 11:00:00,A,MIO_NAC,S1312,B9,MT,2019,,m,
ESTAT:GOV_10A_MAIN(1.0),21/07/26 11:00:00,A,MIO_NAC,S1312,B9,MT,2020,,m,
ESTAT:GOV_10A_MAIN(1.0),21/07/26 11:00:00,A,MIO_NAC,S1312,B9,MT,2021,,m,
ESTAT:GOV_10A_MAIN(1.0),21/07/26 11:00:00,A,MIO_NAC,S1312,B9,MT,2022,,m,
ESTAT:GOV_10A_MAIN(1.0),21/07/26 11:00:00,A,MIO_NAC,S1312,B9,MT,2023,,m,
ESTAT:GOV_10A_MAIN(1.0),21/07/26 11:00:00,A,MIO_NAC,S1312,B9,MT,2024,,m,
ESTAT:GOV_10A_MAIN(1.0),21/07/26 11:00:00,A,MIO_NAC,S1312,B9,MT,2025,,m,
ESTAT:GOV_10A_MAIN(1.0),21/07/26 11:00:00,A,MIO_NAC,S1312,B9,NL,1995,,m,
ESTAT:GOV_10A_MAIN(1.0),21/07/26 11:00:00,A,MIO_NAC,S1312,B9,NL,1996,,m,
ESTAT:GOV_10A_MAIN(1.0),21/07/26 11:00:00,A,MIO_NAC,S1312,B9,NL,1997,,m,
ESTAT:GOV_10A_MAIN(1.0),21/07/26 11:00:00,A,MIO_NAC,S1312,B9,NL,1998,,m,
ESTAT:GOV_10A_MAIN(1.0),21/07/26 11:00:00,A,MIO_NAC,S1312,B9,NL,1999,,m,
ESTAT:GOV_10A_MAIN(1.0),21/07/26 11:00:00,A,MIO_NAC,S1312,B9,NL,2000,,m,
ESTAT:GOV_10A_MAIN(1.0),21/07/26 11:00:00,A,MIO_NAC,S1312,B9,NL,2001,,m,
ESTAT:GOV_10A_MAIN(1.0),21/07/26 11:00:00,A,MIO_NAC,S1312,B9,NL,2002,,m,
ESTAT:GOV_10A_MAIN(1.0),21/07/26 11:00:00,A,MIO_NAC,S1312,B9,NL,2003,,m,
ESTAT:GOV_10A_MAIN(1.0),21/07/26 11:00:00,A,MIO_NAC,S1312,B9,NL,2004,,m,
ESTAT:GOV_10A_MAIN(1.0),21/07/26 11:00:00,A,MIO_NAC,S1312,B9,NL,2005,,m,
ESTAT:GOV_10A_MAIN(1.0),21/07/26 11:00:00,A,MIO_NAC,S1312,B9,NL,2006,,m,
ESTAT:GOV_10A_MAIN(1.0),21/07/26 11:00:00,A,MIO_NAC,S1312,B9,NL,2007,,m,
ESTAT:GOV_10A_MAIN(1.0),21/07/26 11:00:00,A,MIO_NAC,S1312,B9,NL,2008,,m,
ESTAT:GOV_10A_MAIN(1.0),21/07/26 11:00:00,A,MIO_NAC,S1312,B9,NL,2009,,m,
ESTAT:GOV_10A_MAIN(1.0),21/07/26 11:00:00,A,MIO_NAC,S1312,B9,NL,2010,,m,
ESTAT:GOV_10A_MAIN(1.0),21/07/26 11:00:00,A,MIO_NAC,S1312,B9,NL,2011,,m,
ESTAT:GOV_10A_MAIN(1.0),21/07/26 11:00:00,A,MIO_NAC,S1312,B9,NL,2012,,m,
ESTAT:GOV_10A_MAIN(1.0),21/07/26 11:00:00,A,MIO_NAC,S1312,B9,NL,2013,,m,
ESTAT:GOV_10A_MAIN(1.0),21/07/26 11:00:00,A,MIO_NAC,S1312,B9,NL,2014,,m,
ESTAT:GOV_10A_MAIN(1.0),21/07/26 11:00:00,A,MIO_NAC,S1312,B9,NL,2015,,m,
ESTAT:GOV_10A_MAIN(1.0),21/07/26 11:00:00,A,MIO_NAC,S1312,B9,NL,2016,,m,
ESTAT:GOV_10A_MAIN(1.0),21/07/26 11:00:00,A,MIO_NAC,S1312,B9,NL,2017,,m,
ESTAT:GOV_10A_MAIN(1.0),21/07/26 11:00:00,A,MIO_NAC,S1312,B9,NL,2018,,m,
ESTAT:GOV_10A_MAIN(1.0),21/07/26 11:00:00,A,MIO_NAC,S1312,B9,NL,2019,,m,
ESTAT:GOV_10A_MAIN(1.0),21/07/26 11:00:00,A,MIO_NAC,S1312,B9,NL,2020,,m,
ESTAT:GOV_10A_MAIN(1.0),21/07/26 11:00:00,A,MIO_NAC,S1312,B9,NL,2021,,m,
ESTAT:GOV_10A_MAIN(1.0),21/07/26 11:00:00,A,MIO_NAC,S1312,B9,NL,2022,,m,
ESTAT:GOV_10A_MAIN(1.0),21/07/26 11:00:00,A,MIO_NAC,S1312,B9,NL,2023,,m,
ESTAT:GOV_10A_MAIN(1.0),21/07/26 11:00:00,A,MIO_NAC,S1312,B9,NL,2024,,m,
ESTAT:GOV_10A_MAIN(1.0),21/07/26 11:00:00,A,MIO_NAC,S1312,B9,NL,2025,,m,
ESTAT:GOV_10A_MAIN(1.0),21/07/26 11:00:00,A,MIO_NAC,S1312,B9,NO,1995,,m,
ESTAT:GOV_10A_MAIN(1.0),21/07/26 11:00:00,A,MIO_NAC,S1312,B9,NO,1996,,m,
ESTAT:GOV_10A_MAIN(1.0),21/07/26 11:00:00,A,MIO_NAC,S1312,B9,NO,1997,,m,
ESTAT:GOV_10A_MAIN(1.0),21/07/26 11:00:00,A,MIO_NAC,S1312,B9,NO,1998,,m,
ESTAT:GOV_10A_MAIN(1.0),21/07/26 11:00:00,A,MIO_NAC,S1312,B9,NO,1999,,m,
ESTAT:GOV_10A_MAIN(1.0),21/07/26 11:00:00,A,MIO_NAC,S1312,B9,NO,2000,,m,
ESTAT:GOV_10A_MAIN(1.0),21/07/26 11:00:00,A,MIO_NAC,S1312,B9,NO,2001,,m,
ESTAT:GOV_10A_MAIN(1.0),21/07/26 11:00:00,A,MIO_NAC,S1312,B9,NO,2002,,m,
ESTAT:GOV_10A_MAIN(1.0),21/07/26 11:00:00,A,MIO_NAC,S1312,B9,NO,2003,,m,
ESTAT:GOV_10A_MAIN(1.0),21/07/26 11:00:00,A,MIO_NAC,S1312,B9,NO,2004,,m,
ESTAT:GOV_10A_MAIN(1.0),21/07/26 11:00:00,A,MIO_NAC,S1312,B9,NO,2005,,m,
ESTAT:GOV_10A_MAIN(1.0),21/07/26 11:00:00,A,MIO_NAC,S1312,B9,NO,2006,,m,
ESTAT:GOV_10A_MAIN(1.0),21/07/26 11:00:00,A,MIO_NAC,S1312,B9,NO,2007,,m,
ESTAT:GOV_10A_MAIN(1.0),21/07/26 11:00:00,A,MIO_NAC,S1312,B9,NO,2008,,m,
ESTAT:GOV_10A_MAIN(1.0),21/07/26 11:00:00,A,MIO_NAC,S1312,B9,NO,2009,,m,
ESTAT:GOV_10A_MAIN(1.0),21/07/26 11:00:00,A,MIO_NAC,S1312,B9,NO,2010,,m,
ESTAT:GOV_10A_MAIN(1.0),21/07/26 11:00:00,A,MIO_NAC,S1312,B9,NO,2011,,m,
ESTAT:GOV_10A_MAIN(1.0),21/07/26 11:00:00,A,MIO_NAC,S1312,B9,NO,2012,,m,
ESTAT:GOV_10A_MAIN(1.0),21/07/26 11:00:00,A,MIO_NAC,S1312,B9,NO,2013,,m,
ESTAT:GOV_10A_MAIN(1.0),21/07/26 11:00:00,A,MIO_NAC,S1312,B9,NO,2014,,m,
ESTAT:GOV_10A_MAIN(1.0),21/07/26 11:00:00,A,MIO_NAC,S1312,B9,NO,2015,,m,
ESTAT:GOV_10A_MAIN(1.0),21/07/26 11:00:00,A,MIO_NAC,S1312,B9,NO,2016,,m,
ESTAT:GOV_10A_MAIN(1.0),21/07/26 11:00:00,A,MIO_NAC,S1312,B9,NO,2017,,m,
ESTAT:GOV_10A_MAIN(1.0),21/07/26 11:00:00,A,MIO_NAC,S1312,B9,NO,2018,,m,
ESTAT:GOV_10A_MAIN(1.0),21/07/26 11:00:00,A,MIO_NAC,S1312,B9,NO,2019,,m,
ESTAT:GOV_10A_MAIN(1.0),21/07/26 11:00:00,A,MIO_NAC,S1312,B9,NO,2020,,m,
ESTAT:GOV_10A_MAIN(1.0),21/07/26 11:00:00,A,MIO_NAC,S1312,B9,NO,2021,,m,
ESTAT:GOV_10A_MAIN(1.0),21/07/26 11:00:00,A,MIO_NAC,S1312,B9,NO,2022,,m,
ESTAT:GOV_10A_MAIN(1.0),21/07/26 11:00:00,A,MIO_NAC,S1312,B9,NO,2023,,m,
ESTAT:GOV_10A_MAIN(1.0),21/07/26 11:00:00,A,MIO_NAC,S1312,B9,NO,2024,,m,
ESTAT:GOV_10A_MAIN(1.0),21/07/26 11:00:00,A,MIO_NAC,S1312,B9,NO,2025,,m,
ESTAT:GOV_10A_MAIN(1.0),21/07/26 11:00:00,A,MIO_NAC,S1312,B9,PL,1995,,m,
ESTAT:GOV_10A_MAIN(1.0),21/07/26 11:00:00,A,MIO_NAC,S1312,B9,PL,1996,,m,
ESTAT:GOV_10A_MAIN(1.0),21/07/26 11:00:00,A,MIO_NAC,S1312,B9,PL,1997,,m,
ESTAT:GOV_10A_MAIN(1.0),21/07/26 11:00:00,A,MIO_NAC,S1312,B9,PL,1998,,m,
ESTAT:GOV_10A_MAIN(1.0),21/07/26 11:00:00,A,MIO_NAC,S1312,B9,PL,1999,,m,
ESTAT:GOV_10A_MAIN(1.0),21/07/26 11:00:00,A,MIO_NAC,S1312,B9,PL,2000,,m,
ESTAT:GOV_10A_MAIN(1.0),21/07/26 11:00:00,A,MIO_NAC,S1312,B9,PL,2001,,m,
ESTAT:GOV_10A_MAIN(1.0),21/07/26 11:00:00,A,MIO_NAC,S1312,B9,PL,2002,,m,
ESTAT:GOV_10A_MAIN(1.0),21/07/26 11:00:00,A,MIO_NAC,S1312,B9,PL,2003,,m,
ESTAT:GOV_10A_MAIN(1.0),21/07/26 11:00:00,A,MIO_NAC,S1312,B9,PL,2004,,m,
ESTAT:GOV_10A_MAIN(1.0),21/07/26 11:00:00,A,MIO_NAC,S1312,B9,PL,2005,,m,
ESTAT:GOV_10A_MAIN(1.0),21/07/26 11:00:00,A,MIO_NAC,S1312,B9,PL,2006,,m,
ESTAT:GOV_10A_MAIN(1.0),21/07/26 11:00:00,A,MIO_NAC,S1312,B9,PL,2007,,m,
ESTAT:GOV_10A_MAIN(1.0),21/07/26 11:00:00,A,MIO_NAC,S1312,B9,PL,2008,,m,
ESTAT:GOV_10A_MAIN(1.0),21/07/26 11:00:00,A,MIO_NAC,S1312,B9,PL,2009,,m,
ESTAT:GOV_10A_MAIN(1.0),21/07/26 11:00:00,A,MIO_NAC,S1312,B9,PL,2010,,m,
ESTAT:GOV_10A_MAIN(1.0),21/07/26 11:00:00,A,MIO_NAC,S1312,B9,PL,2011,,m,
ESTAT:GOV_10A_MAIN(1.0),21/07/26 11:00:00,A,MIO_NAC,S1312,B9,PL,2012,,m,
ESTAT:GOV_10A_MAIN(1.0),21/07/26 11:00:00,A,MIO_NAC,S1312,B9,PL,2013,,m,
ESTAT:GOV_10A_MAIN(1.0),21/07/26 11:00:00,A,MIO_NAC,S1312,B9,PL,2014,,m,
ESTAT:GOV_10A_MAIN(1.0),21/07/26 11:00:00,A,MIO_NAC,S1312,B9,PL,2015,,m,
ESTAT:GOV_10A_MAIN(1.0),21/07/26 11:00:00,A,MIO_NAC,S1312,B9,PL,2016,,m,
ESTAT:GOV_10A_MAIN(1.0),21/07/26 11:00:00,A,MIO_NAC,S1312,B9,PL,2017,,m,
ESTAT:GOV_10A_MAIN(1.0),21/07/26 11:00:00,A,MIO_NAC,S1312,B9,PL,2018,,m,
ESTAT:GOV_10A_MAIN(1.0),21/07/26 11:00:00,A,MIO_NAC,S1312,B9,PL,2019,,m,
ESTAT:GOV_10A_MAIN(1.0),21/07/26 11:00:00,A,MIO_NAC,S1312,B9,PL,2020,,m,
ESTAT:GOV_10A_MAIN(1.0),21/07/26 11:00:00,A,MIO_NAC,S1312,B9,PL,2021,,m,
ESTAT:GOV_10A_MAIN(1.0),21/07/26 11:00:00,A,MIO_NAC,S1312,B9,PL,2022,,m,
ESTAT:GOV_10A_MAIN(1.0),21/07/26 11:00:00,A,MIO_NAC,S1312,B9,PL,2023,,m,
ESTAT:GOV_10A_MAIN(1.0),21/07/26 11:00:00,A,MIO_NAC,S1312,B9,PL,2024,,m,
ESTAT:GOV_10A_MAIN(1.0),21/07/26 11:00:00,A,MIO_NAC,S1312,B9,PL,2025,,m,
ESTAT:GOV_10A_MAIN(1.0),21/07/26 11:00:00,A,MIO_NAC,S1312,B9,PT,1995,,m,
ESTAT:GOV_10A_MAIN(1.0),21/07/26 11:00:00,A,MIO_NAC,S1312,B9,PT,1996,,m,
ESTAT:GOV_10A_MAIN(1.0),21/07/26 11:00:00,A,MIO_NAC,S1312,B9,PT,1997,,m,
ESTAT:GOV_10A_MAIN(1.0),21/07/26 11:00:00,A,MIO_NAC,S1312,B9,PT,1998,,m,
ESTAT:GOV_10A_MAIN(1.0),21/07/26 11:00:00,A,MIO_NAC,S1312,B9,PT,1999,,m,
ESTAT:GOV_10A_MAIN(1.0),21/07/26 11:00:00,A,MIO_NAC,S1312,B9,PT,2000,,m,
ESTAT:GOV_10A_MAIN(1.0),21/07/26 11:00:00,A,MIO_NAC,S1312,B9,PT,2001,,m,
ESTAT:GOV_10A_MAIN(1.0),21/07/26 11:00:00,A,MIO_NAC,S1312,B9,PT,2002,,m,
ESTAT:GOV_10A_MAIN(1.0),21/07/26 11:00:00,A,MIO_NAC,S1312,B9,PT,2003,,m,
ESTAT:GOV_10A_MAIN(1.0),21/07/26 11:00:00,A,MIO_NAC,S1312,B9,PT,2004,,m,
ESTAT:GOV_10A_MAIN(1.0),21/07/26 11:00:00,A,MIO_NAC,S1312,B9,PT,2005,,m,
ESTAT:GOV_10A_MAIN(1.0),21/07/26 11:00:00,A,MIO_NAC,S1312,B9,PT,2006,,m,
ESTAT:GOV_10A_MAIN(1.0),21/07/26 11:00:00,A,MIO_NAC,S1312,B9,PT,2007,,m,
ESTAT:GOV_10A_MAIN(1.0),21/07/26 11:00:00,A,MIO_NAC,S1312,B9,PT,2008,,m,
ESTAT:GOV_10A_MAIN(1.0),21/07/26 11:00:00,A,MIO_NAC,S1312,B9,PT,2009,,m,
ESTAT:GOV_10A_MAIN(1.0),21/07/26 11:00:00,A,MIO_NAC,S1312,B9,PT,2010,,m,
ESTAT:GOV_10A_MAIN(1.0),21/07/26 11:00:00,A,MIO_NAC,S1312,B9,PT,2011,,m,
ESTAT:GOV_10A_MAIN(1.0),21/07/26 11:00:00,A,MIO_NAC,S1312,B9,PT,2012,,m,
ESTAT:GOV_10A_MAIN(1.0),21/07/26 11:00:00,A,MIO_NAC,S1312,B9,PT,2013,,m,
ESTAT:GOV_10A_MAIN(1.0),21/07/26 11:00:00,A,MIO_NAC,S1312,B9,PT,2014,,m,
ESTAT:GOV_10A_MAIN(1.0),21/07/26 11:00:00,A,MIO_NAC,S1312,B9,PT,2015,,m,
ESTAT:GOV_10A_MAIN(1.0),21/07/26 11:00:00,A,MIO_NAC,S1312,B9,PT,2016,,m,
ESTAT:GOV_10A_MAIN(1.0),21/07/26 11:00:00,A,MIO_NAC,S1312,B9,PT,2017,,m,
ESTAT:GOV_10A_MAIN(1.0),21/07/26 11:00:00,A,MIO_NAC,S1312,B9,PT,2018,,m,
ESTAT:GOV_10A_MAIN(1.0),21/07/26 11:00:00,A,MIO_NAC,S1312,B9,PT,2019,,m,
ESTAT:GOV_10A_MAIN(1.0),21/07/26 11:00:00,A,MIO_NAC,S1312,B9,PT,2020,,m,
ESTAT:GOV_10A_MAIN(1.0),21/07/26 11:00:00,A,MIO_NAC,S1312,B9,PT,2021,,m,
ESTAT:GOV_10A_MAIN(1.0),21/07/26 11:00:00,A,MIO_NAC,S1312,B9,PT,2022,,m,
ESTAT:GOV_10A_MAIN(1.0),21/07/26 11:00:00,A,MIO_NAC,S1312,B9,PT,2023,,m,
ESTAT:GOV_10A_MAIN(1.0),21/07/26 11:00:00,A,MIO_NAC,S1312,B9,PT,2024,,m,
ESTAT:GOV_10A_MAIN(1.0),21/07/26 11:00:00,A,MIO_NAC,S1312,B9,PT,2025,,m,
ESTAT:GOV_10A_MAIN(1.0),21/07/26 11:00:00,A,MIO_NAC,S1312,B9,RO,1995,,m,
ESTAT:GOV_10A_MAIN(1.0),21/07/26 11:00:00,A,MIO_NAC,S1312,B9,RO,1996,,m,
ESTAT:GOV_10A_MAIN(1.0),21/07/26 11:00:00,A,MIO_NAC,S1312,B9,RO,1997,,m,
ESTAT:GOV_10A_MAIN(1.0),21/07/26 11:00:00,A,MIO_NAC,S1312,B9,RO,1998,,m,
ESTAT:GOV_10A_MAIN(1.0),21/07/26 11:00:00,A,MIO_NAC,S1312,B9,RO,1999,,m,
ESTAT:GOV_10A_MAIN(1.0),21/07/26 11:00:00,A,MIO_NAC,S1312,B9,RO,2000,,m,
ESTAT:GOV_10A_MAIN(1.0),21/07/26 11:00:00,A,MIO_NAC,S1312,B9,RO,2001,,m,
ESTAT:GOV_10A_MAIN(1.0),21/07/26 11:00:00,A,MIO_NAC,S1312,B9,RO,2002,,m,
ESTAT:GOV_10A_MAIN(1.0),21/07/26 11:00:00,A,MIO_NAC,S1312,B9,RO,2003,,m,
ESTAT:GOV_10A_MAIN(1.0),21/07/26 11:00:00,A,MIO_NAC,S1312,B9,RO,2004,,m,
ESTAT:GOV_10A_MAIN(1.0),21/07/26 11:00:00,A,MIO_NAC,S1312,B9,RO,2005,,m,
ESTAT:GOV_10A_MAIN(1.0),21/07/26 11:00:00,A,MIO_NAC,S1312,B9,RO,2006,,m,
ESTAT:GOV_10A_MAIN(1.0),21/07/26 11:00:00,A,MIO_NAC,S1312,B9,RO,2007,,m,
ESTAT:GOV_10A_MAIN(1.0),21/07/26 11:00:00,A,MIO_NAC,S1312,B9,RO,2008,,m,
ESTAT:GOV_10A_MAIN(1.0),21/07/26 11:00:00,A,MIO_NAC,S1312,B9,RO,2009,,m,
ESTAT:GOV_10A_MAIN(1.0),21/07/26 11:00:00,A,MIO_NAC,S1312,B9,RO,2010,,m,
ESTAT:GOV_10A_MAIN(1.0),21/07/26 11:00:00,A,MIO_NAC,S1312,B9,RO,2011,,m,
ESTAT:GOV_10A_MAIN(1.0),21/07/26 11:00:00,A,MIO_NAC,S1312,B9,RO,2012,,m,
ESTAT:GOV_10A_MAIN(1.0),21/07/26 11:00:00,A,MIO_NAC,S1312,B9,RO,2013,,m,
ESTAT:GOV_10A_MAIN(1.0),21/07/26 11:00:00,A,MIO_NAC,S1312,B9,RO,2014,,m,
ESTAT:GOV_10A_MAIN(1.0),21/07/26 11:00:00,A,MIO_NAC,S1312,B9,RO,2015,,m,
ESTAT:GOV_10A_MAIN(1.0),21/07/26 11:00:00,A,MIO_NAC,S1312,B9,RO,2016,,m,
ESTAT:GOV_10A_MAIN(1.0),21/07/26 11:00:00,A,MIO_NAC,S1312,B9,RO,2017,,m,
ESTAT:GOV_10A_MAIN(1.0),21/07/26 11:00:00,A,MIO_NAC,S1312,B9,RO,2018,,m,
ESTAT:GOV_10A_MAIN(1.0),21/07/26 11:00:00,A,MIO_NAC,S1312,B9,RO,2019,,m,
ESTAT:GOV_10A_MAIN(1.0),21/07/26 11:00:00,A,MIO_NAC,S1312,B9,RO,2020,,m,
ESTAT:GOV_10A_MAIN(1.0),21/07/26 11:00:00,A,MIO_NAC,S1312,B9,RO,2021,,m,
ESTAT:GOV_10A_MAIN(1.0),21/07/26 11:00:00,A,MIO_NAC,S1312,B9,RO,2022,,m,
ESTAT:GOV_10A_MAIN(1.0),21/07/26 11:00:00,A,MIO_NAC,S1312,B9,RO,2023,,m,
ESTAT:GOV_10A_MAIN(1.0),21/07/26 11:00:00,A,MIO_NAC,S1312,B9,RO,2024,,m,
ESTAT:GOV_10A_MAIN(1.0),21/07/26 11:00:00,A,MIO_NAC,S1312,B9,RO,2025,,m,
ESTAT:GOV_10A_MAIN(1.0),21/07/26 11:00:00,A,MIO_NAC,S1312,B9,SE,1995,,m,
ESTAT:GOV_10A_MAIN(1.0),21/07/26 11:00:00,A,MIO_NAC,S1312,B9,SE,1996,,m,
ESTAT:GOV_10A_MAIN(1.0),21/07/26 11:00:00,A,MIO_NAC,S1312,B9,SE,1997,,m,
ESTAT:GOV_10A_MAIN(1.0),21/07/26 11:00:00,A,MIO_NAC,S1312,B9,SE,1998,,m,
ESTAT:GOV_10A_MAIN(1.0),21/07/26 11:00:00,A,MIO_NAC,S1312,B9,SE,1999,,m,
ESTAT:GOV_10A_MAIN(1.0),21/07/26 11:00:00,A,MIO_NAC,S1312,B9,SE,2000,,m,
ESTAT:GOV_10A_MAIN(1.0),21/07/26 11:00:00,A,MIO_NAC,S1312,B9,SE,2001,,m,
ESTAT:GOV_10A_MAIN(1.0),21/07/26 11:00:00,A,MIO_NAC,S1312,B9,SE,2002,,m,
ESTAT:GOV_10A_MAIN(1.0),21/07/26 11:00:00,A,MIO_NAC,S1312,B9,SE,2003,,m,
ESTAT:GOV_10A_MAIN(1.0),21/07/26 11:00:00,A,MIO_NAC,S1312,B9,SE,2004,,m,
ESTAT:GOV_10A_MAIN(1.0),21/07/26 11:00:00,A,MIO_NAC,S1312,B9,SE,2005,,m,
ESTAT:GOV_10A_MAIN(1.0),21/07/26 11:00:00,A,MIO_NAC,S1312,B9,SE,2006,,m,
ESTAT:GOV_10A_MAIN(1.0),21/07/26 11:00:00,A,MIO_NAC,S1312,B9,SE,2007,,m,
ESTAT:GOV_10A_MAIN(1.0),21/07/26 11:00:00,A,MIO_NAC,S1312,B9,SE,2008,,m,
ESTAT:GOV_10A_MAIN(1.0),21/07/26 11:00:00,A,MIO_NAC,S1312,B9,SE,2009,,m,
ESTAT:GOV_10A_MAIN(1.0),21/07/26 11:00:00,A,MIO_NAC,S1312,B9,SE,2010,,m,
ESTAT:GOV_10A_MAIN(1.0),21/07/26 11:00:00,A,MIO_NAC,S1312,B9,SE,2011,,m,
ESTAT:GOV_10A_MAIN(1.0),21/07/26 11:00:00,A,MIO_NAC,S1312,B9,SE,2012,,m,
ESTAT:GOV_10A_MAIN(1.0),21/07/26 11:00:00,A,MIO_NAC,S1312,B9,SE,2013,,m,
ESTAT:GOV_10A_MAIN(1.0),21/07/26 11:00:00,A,MIO_NAC,S1312,B9,SE,2014,,m,
ESTAT:GOV_10A_MAIN(1.0),21/07/26 11:00:00,A,MIO_NAC,S1312,B9,SE,2015,,m,
ESTAT:GOV_10A_MAIN(1.0),21/07/26 11:00:00,A,MIO_NAC,S1312,B9,SE,2016,,m,
ESTAT:GOV_10A_MAIN(1.0),21/07/26 11:00:00,A,MIO_NAC,S1312,B9,SE,2017,,m,
ESTAT:GOV_10A_MAIN(1.0),21/07/26 11:00:00,A,MIO_NAC,S1312,B9,SE,2018,,m,
ESTAT:GOV_10A_MAIN(1.0),21/07/26 11:00:00,A,MIO_NAC,S1312,B9,SE,2019,,m,
ESTAT:GOV_10A_MAIN(1.0),21/07/26 11:00:00,A,MIO_NAC,S1312,B9,SE,2020,,m,
ESTAT:GOV_10A_MAIN(1.0),21/07/26 11:00:00,A,MIO_NAC,S1312,B9,SE,2021,,m,
ESTAT:GOV_10A_MAIN(1.0),21/07/26 11:00:00,A,MIO_NAC,S1312,B9,SE,2022,,m,
ESTAT:GOV_10A_MAIN(1.0),21/07/26 11:00:00,A,MIO_NAC,S1312,B9,SE,2023,,m,
ESTAT:GOV_10A_MAIN(1.0),21/07/26 11:00:00,A,MIO_NAC,S1312,B9,SE,2024,,m,
ESTAT:GOV_10A_MAIN(1.0),21/07/26 11:00:00,A,MIO_NAC,S1312,B9,SE,2025,,m,
ESTAT:GOV_10A_MAIN(1.0),21/07/26 11:00:00,A,MIO_NAC,S1312,B9,SI,1995,,m,
ESTAT:GOV_10A_MAIN(1.0),21/07/26 11:00:00,A,MIO_NAC,S1312,B9,SI,1996,,m,
ESTAT:GOV_10A_MAIN(1.0),21/07/26 11:00:00,A,MIO_NAC,S1312,B9,SI,1997,,m,
ESTAT:GOV_10A_MAIN(1.0),21/07/26 11:00:00,A,MIO_NAC,S1312,B9,SI,1998,,m,
ESTAT:GOV_10A_MAIN(1.0),21/07/26 11:00:00,A,MIO_NAC,S1312,B9,SI,1999,,m,
ESTAT:GOV_10A_MAIN(1.0),21/07/26 11:00:00,A,MIO_NAC,S1312,B9,SI,2000,,m,
ESTAT:GOV_10A_MAIN(1.0),21/07/26 11:00:00,A,MIO_NAC,S1312,B9,SI,2001,,m,
ESTAT:GOV_10A_MAIN(1.0),21/07/26 11:00:00,A,MIO_NAC,S1312,B9,SI,2002,,m,
ESTAT:GOV_10A_MAIN(1.0),21/07/26 11:00:00,A,MIO_NAC,S1312,B9,SI,2003,,m,
ESTAT:GOV_10A_MAIN(1.0),21/07/26 11:00:00,A,MIO_NAC,S1312,B9,SI,2004,,m,
ESTAT:GOV_10A_MAIN(1.0),21/07/26 11:00:00,A,MIO_NAC,S1312,B9,SI,2005,,m,
ESTAT:GOV_10A_MAIN(1.0),21/07/26 11:00:00,A,MIO_NAC,S1312,B9,SI,2006,,m,
ESTAT:GOV_10A_MAIN(1.0),21/07/26 11:00:00,A,MIO_NAC,S1312,B9,SI,2007,,m,
ESTAT:GOV_10A_MAIN(1.0),21/07/26 11:00:00,A,MIO_NAC,S1312,B9,SI,2008,,m,
ESTAT:GOV_10A_MAIN(1.0),21/07/26 11:00:00,A,MIO_NAC,S1312,B9,SI,2009,,m,
ESTAT:GOV_10A_MAIN(1.0),21/07/26 11:00:00,A,MIO_NAC,S1312,B9,SI,2010,,m,
ESTAT:GOV_10A_MAIN(1.0),21/07/26 11:00:00,A,MIO_NAC,S1312,B9,SI,2011,,m,
ESTAT:GOV_10A_MAIN(1.0),21/07/26 11:00:00,A,MIO_NAC,S1312,B9,SI,2012,,m,
ESTAT:GOV_10A_MAIN(1.0),21/07/26 11:00:00,A,MIO_NAC,S1312,B9,SI,2013,,m,
ESTAT:GOV_10A_MAIN(1.0),21/07/26 11:00:00,A,MIO_NAC,S1312,B9,SI,2014,,m,
ESTAT:GOV_10A_MAIN(1.0),21/07/26 11:00:00,A,MIO_NAC,S1312,B9,SI,2015,,m,
ESTAT:GOV_10A_MAIN(1.0),21/07/26 11:00:00,A,MIO_NAC,S1312,B9,SI,2016,,m,
ESTAT:GOV_10A_MAIN(1.0),21/07/26 11:00:00,A,MIO_NAC,S1312,B9,SI,2017,,m,
ESTAT:GOV_10A_MAIN(1.0),21/07/26 11:00:00,A,MIO_NAC,S1312,B9,SI,2018,,m,
ESTAT:GOV_10A_MAIN(1.0),21/07/26 11:00:00,A,MIO_NAC,S1312,B9,SI,2019,,m,
ESTAT:GOV_10A_MAIN(1.0),21/07/26 11:00:00,A,MIO_NAC,S1312,B9,SI,2020,,m,
ESTAT:GOV_10A_MAIN(1.0),21/07/26 11:00:00,A,MIO_NAC,S1312,B9,SI,2021,,m,
ESTAT:GOV_10A_MAIN(1.0),21/07/26 11:00:00,A,MIO_NAC,S1312,B9,SI,2022,,m,
ESTAT:GOV_10A_MAIN(1.0),21/07/26 11:00:00,A,MIO_NAC,S1312,B9,SI,2023,,m,
ESTAT:GOV_10A_MAIN(1.0),21/07/26 11:00:00,A,MIO_NAC,S1312,B9,SI,2024,,m,
ESTAT:GOV_10A_MAIN(1.0),21/07/26 11:00:00,A,MIO_NAC,S1312,B9,SI,2025,,m,
ESTAT:GOV_10A_MAIN(1.0),21/07/26 11:00:00,A,MIO_NAC,S1312,B9,SK,1995,,m,
ESTAT:GOV_10A_MAIN(1.0),21/07/26 11:00:00,A,MIO_NAC,S1312,B9,SK,1996,,m,
ESTAT:GOV_10A_MAIN(1.0),21/07/26 11:00:00,A,MIO_NAC,S1312,B9,SK,1997,,m,
ESTAT:GOV_10A_MAIN(1.0),21/07/26 11:00:00,A,MIO_NAC,S1312,B9,SK,1998,,m,
ESTAT:GOV_10A_MAIN(1.0),21/07/26 11:00:00,A,MIO_NAC,S1312,B9,SK,1999,,m,
ESTAT:GOV_10A_MAIN(1.0),21/07/26 11:00:00,A,MIO_NAC,S1312,B9,SK,2000,,m,
ESTAT:GOV_10A_MAIN(1.0),21/07/26 11:00:00,A,MIO_NAC,S1312,B9,SK,2001,,m,
ESTAT:GOV_10A_MAIN(1.0),21/07/26 11:00:00,A,MIO_NAC,S1312,B9,SK,2002,,m,
ESTAT:GOV_10A_MAIN(1.0),21/07/26 11:00:00,A,MIO_NAC,S1312,B9,SK,2003,,m,
ESTAT:GOV_10A_MAIN(1.0),21/07/26 11:00:00,A,MIO_NAC,S1312,B9,SK,2004,,m,
ESTAT:GOV_10A_MAIN(1.0),21/07/26 11:00:00,A,MIO_NAC,S1312,B9,SK,2005,,m,
ESTAT:GOV_10A_MAIN(1.0),21/07/26 11:00:00,A,MIO_NAC,S1312,B9,SK,2006,,m,
ESTAT:GOV_10A_MAIN(1.0),21/07/26 11:00:00,A,MIO_NAC,S1312,B9,SK,2007,,m,
ESTAT:GOV_10A_MAIN(1.0),21/07/26 11:00:00,A,MIO_NAC,S1312,B9,SK,2008,,m,
ESTAT:GOV_10A_MAIN(1.0),21/07/26 11:00:00,A,MIO_NAC,S1312,B9,SK,2009,,m,
ESTAT:GOV_10A_MAIN(1.0),21/07/26 11:00:00,A,MIO_NAC,S1312,B9,SK,2010,,m,
ESTAT:GOV_10A_MAIN(1.0),21/07/26 11:00:00,A,MIO_NAC,S1312,B9,SK,2011,,m,
ESTAT:GOV_10A_MAIN(1.0),21/07/26 11:00:00,A,MIO_NAC,S1312,B9,SK,2012,,m,
ESTAT:GOV_10A_MAIN(1.0),21/07/26 11:00:00,A,MIO_NAC,S1312,B9,SK,2013,,m,
ESTAT:GOV_10A_MAIN(1.0),21/07/26 11:00:00,A,MIO_NAC,S1312,B9,SK,2014,,m,
ESTAT:GOV_10A_MAIN(1.0),21/07/26 11:00:00,A,MIO_NAC,S1312,B9,SK,2015,,m,
ESTAT:GOV_10A_MAIN(1.0),21/07/26 11:00:00,A,MIO_NAC,S1312,B9,SK,2016,,m,
ESTAT:GOV_10A_MAIN(1.0),21/07/26 11:00:00,A,MIO_NAC,S1312,B9,SK,2017,,m,
ESTAT:GOV_10A_MAIN(1.0),21/07/26 11:00:00,A,MIO_NAC,S1312,B9,SK,2018,,m,
ESTAT:GOV_10A_MAIN(1.0),21/07/26 11:00:00,A,MIO_NAC,S1312,B9,SK,2019,,m,
ESTAT:GOV_10A_MAIN(1.0),21/07/26 11:00:00,A,MIO_NAC,S1312,B9,SK,2020,,m,
ESTAT:GOV_10A_MAIN(1.0),21/07/26 11:00:00,A,MIO_NAC,S1312,B9,SK,2021,,m,
ESTAT:GOV_10A_MAIN(1.0),21/07/26 11:00:00,A,MIO_NAC,S1312,B9,SK,2022,,m,
ESTAT:GOV_10A_MAIN(1.0),21/07/26 11:00:00,A,MIO_NAC,S1312,B9,SK,2023,,m,
ESTAT:GOV_10A_MAIN(1.0),21/07/26 11:00:00,A,MIO_NAC,S1312,B9,SK,2024,,m,
ESTAT:GOV_10A_MAIN(1.0),21/07/26 11:00:00,A,MIO_NAC,S1312,B9,SK,2025,,m,
ESTAT:GOV_10A_MAIN(1.0),21/07/26 11:00:00,A,MIO_NAC,S1313,B9,AT,1995,-1154.2,,
ESTAT:GOV_10A_MAIN(1.0),21/07/26 11:00:00,A,MIO_NAC,S1313,B9,AT,1996,-497.2,,
ESTAT:GOV_10A_MAIN(1.0),21/07/26 11:00:00,A,MIO_NAC,S1313,B9,AT,1997,188.3,,
ESTAT:GOV_10A_MAIN(1.0),21/07/26 11:00:00,A,MIO_NAC,S1313,B9,AT,1998,-1.0,,
ESTAT:GOV_10A_MAIN(1.0),21/07/26 11:00:00,A,MIO_NAC,S1313,B9,AT,1999,-200.3,,
ESTAT:GOV_10A_MAIN(1.0),21/07/26 11:00:00,A,MIO_NAC,S1313,B9,AT,2000,-212.5,,
ESTAT:GOV_10A_MAIN(1.0),21/07/26 11:00:00,A,MIO_NAC,S1313,B9,AT,2001,383.4,,
ESTAT:GOV_10A_MAIN(1.0),21/07/26 11:00:00,A,MIO_NAC,S1313,B9,AT,2002,96.2,,
ESTAT:GOV_10A_MAIN(1.0),21/07/26 11:00:00,A,MIO_NAC,S1313,B9,AT,2003,-82.7,,
ESTAT:GOV_10A_MAIN(1.0),21/07/26 11:00:00,A,MIO_NAC,S1313,B9,AT,2004,-216.0,,
ESTAT:GOV_10A_MAIN(1.0),21/07/26 11:00:00,A,MIO_NAC,S1313,B9,AT,2005,-19.4,,
ESTAT:GOV_10A_MAIN(1.0),21/07/26 11:00:00,A,MIO_NAC,S1313,B9,AT,2006,-123.6,,
ESTAT:GOV_10A_MAIN(1.0),21/07/26 11:00:00,A,MIO_NAC,S1313,B9,AT,2007,-108.1,,
ESTAT:GOV_10A_MAIN(1.0),21/07/26 11:00:00,A,MIO_NAC,S1313,B9,AT,2008,-269.9,,
ESTAT:GOV_10A_MAIN(1.0),21/07/26 11:00:00,A,MIO_NAC,S1313,B9,AT,2009,-1304.9,,
ESTAT:GOV_10A_MAIN(1.0),21/07/26 11:00:00,A,MIO_NAC,S1313,B9,AT,2010,-1372.8,,
ESTAT:GOV_10A_MAIN(1.0),21/07/26 11:00:00,A,MIO_NAC,S1313,B9,AT,2011,-471.3,,
ESTAT:GOV_10A_MAIN(1.0),21/07/26 11:00:00,A,MIO_NAC,S1313,B9,AT,2012,-263.3,,
ESTAT:GOV_10A_MAIN(1.0),21/07/26 11:00:00,A,MIO_NAC,S1313,B9,AT,2013,-221.0,,
ESTAT:GOV_10A_MAIN(1.0),21/07/26 11:00:00,A,MIO_NAC,S1313,B9,AT,2014,-159.3,,
ESTAT:GOV_10A_MAIN(1.0),21/07/26 11:00:00,A,MIO_NAC,S1313,B9,AT,2015,-80.5,,
ESTAT:GOV_10A_MAIN(1.0),21/07/26 11:00:00,A,MIO_NAC,S1313,B9,AT,2016,-296.7,,
ESTAT:GOV_10A_MAIN(1.0),21/07/26 11:00:00,A,MIO_NAC,S1313,B9,AT,2017,-317.6,,
ESTAT:GOV_10A_MAIN(1.0),21/07/26 11:00:00,A,MIO_NAC,S1313,B9,AT,2018,29.8,,
ESTAT:GOV_10A_MAIN(1.0),21/07/26 11:00:00,A,MIO_NAC,S1313,B9,AT,2019,-96.8,,
ESTAT:GOV_10A_MAIN(1.0),21/07/26 11:00:00,A,MIO_NAC,S1313,B9,AT,2020,-1135.3,,
ESTAT:GOV_10A_MAIN(1.0),21/07/26 11:00:00,A,MIO_NAC,S1313,B9,AT,2021,-177.2,,
ESTAT:GOV_10A_MAIN(1.0),21/07/26 11:00:00,A,MIO_NAC,S1313,B9,AT,2022,784.2,,
ESTAT:GOV_10A_MAIN(1.0),21/07/26 11:00:00,A,MIO_NAC,S1313,B9,AT,2023,-2339.5,,
ESTAT:GOV_10A_MAIN(1.0),21/07/26 11:00:00,A,MIO_NAC,S1313,B9,AT,2024,-3084.7,,
ESTAT:GOV_10A_MAIN(1.0),21/07/26 11:00:00,A,MIO_NAC,S1313,B9,AT,2025,-3343.7,,
ESTAT:GOV_10A_MAIN(1.0),21/07/26 11:00:00,A,MIO_NAC,S1313,B9,BE,1995,418.4,,
ESTAT:GOV_10A_MAIN(1.0),21/07/26 11:00:00,A,MIO_NAC,S1313,B9,BE,1996,291.0,,
ESTAT:GOV_10A_MAIN(1.0),21/07/26 11:00:00,A,MIO_NAC,S1313,B9,BE,1997,181.9,,
ESTAT:GOV_10A_MAIN(1.0),21/07/26 11:00:00,A,MIO_NAC,S1313,B9,BE,1998,208.6,,
ESTAT:GOV_10A_MAIN(1.0),21/07/26 11:00:00,A,MIO_NAC,S1313,B9,BE,1999,40.2,,
ESTAT:GOV_10A_MAIN(1.0),21/07/26 11:00:00,A,MIO_NAC,S1313,B9,BE,2000,-772.1,,
ESTAT:GOV_10A_MAIN(1.0),21/07/26 11:00:00,A,MIO_NAC,S1313,B9,BE,2001,-207.9,,
ESTAT:GOV_10A_MAIN(1.0),21/07/26 11:00:00,A,MIO_NAC,S1313,B9,BE,2002,-343.9,,
ESTAT:GOV_10A_MAIN(1.0),21/07/26 11:00:00,A,MIO_NAC,S1313,B9,BE,2003,-124.5,,
ESTAT:GOV_10A_MAIN(1.0),21/07/26 11:00:00,A,MIO_NAC,S1313,B9,BE,2004,156.7,,
ESTAT:GOV_10A_MAIN(1.0),21/07/26 11:00:00,A,MIO_NAC,S1313,B9,BE,2005,22.0,,
ESTAT:GOV_10A_MAIN(1.0),21/07/26 11:00:00,A,MIO_NAC,S1313,B9,BE,2006,-112.8,,
ESTAT:GOV_10A_MAIN(1.0),21/07/26 11:00:00,A,MIO_NAC,S1313,B9,BE,2007,534.3,,
ESTAT:GOV_10A_MAIN(1.0),21/07/26 11:00:00,A,MIO_NAC,S1313,B9,BE,2008,847.4,,
ESTAT:GOV_10A_MAIN(1.0),21/07/26 11:00:00,A,MIO_NAC,S1313,B9,BE,2009,219.5,b,
ESTAT:GOV_10A_MAIN(1.0),21/07/26 11:00:00,A,MIO_NAC,S1313,B9,BE,2010,-193.1,,
ESTAT:GOV_10A_MAIN(1.0),21/07/26 11:00:00,A,MIO_NAC,S1313,B9,BE,2011,-546.6,,
ESTAT:GOV_10A_MAIN(1.0),21/07/26 11:00:00,A,MIO_NAC,S1313,B9,BE,2012,-1840.3,,
ESTAT:GOV_10A_MAIN(1.0),21/07/26 11:00:00,A,MIO_NAC,S1313,B9,BE,2013,-808.0,,
ESTAT:GOV_10A_MAIN(1.0),21/07/26 11:00:00,A,MIO_NAC,S1313,B9,BE,2014,-475.9,,
ESTAT:GOV_10A_MAIN(1.0),21/07/26 11:00:00,A,MIO_NAC,S1313,B9,BE,2015,494.8,,
ESTAT:GOV_10A_MAIN(1.0),21/07/26 11:00:00,A,MIO_NAC,S1313,B9,BE,2016,858.2,,
ESTAT:GOV_10A_MAIN(1.0),21/07/26 11:00:00,A,MIO_NAC,S1313,B9,BE,2017,871.0,,
ESTAT:GOV_10A_MAIN(1.0),21/07/26 11:00:00,A,MIO_NAC,S1313,B9,BE,2018,-807.7,,
ESTAT:GOV_10A_MAIN(1.0),21/07/26 11:00:00,A,MIO_NAC,S1313,B9,BE,2019,-277.8,,
ESTAT:GOV_10A_MAIN(1.0),21/07/26 11:00:00,A,MIO_NAC,S1313,B9,BE,2020,355.8,,
ESTAT:GOV_10A_MAIN(1.0),21/07/26 11:00:00,A,MIO_NAC,S1313,B9,BE,2021,-69.3,,
ESTAT:GOV_10A_MAIN(1.0),21/07/26 11:00:00,A,MIO_NAC,S1313,B9,BE,2022,-496.4,,
ESTAT:GOV_10A_MAIN(1.0),21/07/26 11:00:00,A,MIO_NAC,S1313,B9,BE,2023,19.0,,
ESTAT:GOV_10A_MAIN(1.0),21/07/26 11:00:00,A,MIO_NAC,S1313,B9,BE,2024,-1083.6,p,
ESTAT:GOV_10A_MAIN(1.0),21/07/26 11:00:00,A,MIO_NAC,S1313,B9,BE,2025,-365.5,p,
ESTAT:GOV_10A_MAIN(1.0),21/07/26 11:00:00,A,MIO_NAC,S1313,B9,BG,1995,-10.6,,
ESTAT:GOV_10A_MAIN(1.0),21/07/26 11:00:00,A,MIO_NAC,S1313,B9,BG,1996,-16.0,,
ESTAT:GOV_10A_MAIN(1.0),21/07/26 11:00:00,A,MIO_NAC,S1313,B9,BG,1997,6.5,,
ESTAT:GOV_10A_MAIN(1.0),21/07/26 11:00:00,A,MIO_NAC,S1313,B9,BG,1998,-8.4,,
ESTAT:GOV_10A_MAIN(1.0),21/07/26 11:00:00,A,MIO_NAC,S1313,B9,BG,1999,-29.4,,
ESTAT:GOV_10A_MAIN(1.0),21/07/26 11:00:00,A,MIO_NAC,S1313,B9,BG,2000,-17.0,,
ESTAT:GOV_10A_MAIN(1.0),21/07/26 11:00:00,A,MIO_NAC,S1313,B9,BG,2001,-10.1,,
ESTAT:GOV_10A_MAIN(1.0),21/07/26 11:00:00,A,MIO_NAC,S1313,B9,BG,2002,16.6,,
ESTAT:GOV_10A_MAIN(1.0),21/07/26 11:00:00,A,MIO_NAC,S1313,B9,BG,2003,-32.2,,
ESTAT:GOV_10A_MAIN(1.0),21/07/26 11:00:00,A,MIO_NAC,S1313,B9,BG,2004,63.6,,
ESTAT:GOV_10A_MAIN(1.0),21/07/26 11:00:00,A,MIO_NAC,S1313,B9,BG,2005,-92.4,,
ESTAT:GOV_10A_MAIN(1.0),21/07/26 11:00:00,A,MIO_NAC,S1313,B9,BG,2006,52.2,,
ESTAT:GOV_10A_MAIN(1.0),21/07/26 11:00:00,A,MIO_NAC,S1313,B9,BG,2007,-33.5,,
ESTAT:GOV_10A_MAIN(1.0),21/07/26 11:00:00,A,MIO_NAC,S1313,B9,BG,2008,-137.2,,
ESTAT:GOV_10A_MAIN(1.0),21/07/26 11:00:00,A,MIO_NAC,S1313,B9,BG,2009,-313.8,,
ESTAT:GOV_10A_MAIN(1.0),21/07/26 11:00:00,A,MIO_NAC,S1313,B9,BG,2010,-4.4,,
ESTAT:GOV_10A_MAIN(1.0),21/07/26 11:00:00,A,MIO_NAC,S1313,B9,BG,2011,-9.6,,
ESTAT:GOV_10A_MAIN(1.0),21/07/26 11:00:00,A,MIO_NAC,S1313,B9,BG,2012,104.6,,
ESTAT:GOV_10A_MAIN(1.0),21/07/26 11:00:00,A,MIO_NAC,S1313,B9,BG,2013,160.9,,
ESTAT:GOV_10A_MAIN(1.0),21/07/26 11:00:00,A,MIO_NAC,S1313,B9,BG,2014,-16.7,,
ESTAT:GOV_10A_MAIN(1.0),21/07/26 11:00:00,A,MIO_NAC,S1313,B9,BG,2015,-426.7,,
ESTAT:GOV_10A_MAIN(1.0),21/07/26 11:00:00,A,MIO_NAC,S1313,B9,BG,2016,36.6,,
ESTAT:GOV_10A_MAIN(1.0),21/07/26 11:00:00,A,MIO_NAC,S1313,B9,BG,2017,122.9,,
ESTAT:GOV_10A_MAIN(1.0),21/07/26 11:00:00,A,MIO_NAC,S1313,B9,BG,2018,77.1,,
ESTAT:GOV_10A_MAIN(1.0),21/07/26 11:00:00,A,MIO_NAC,S1313,B9,BG,2019,-76.8,,
ESTAT:GOV_10A_MAIN(1.0),21/07/26 11:00:00,A,MIO_NAC,S1313,B9,BG,2020,173.0,,
ESTAT:GOV_10A_MAIN(1.0),21/07/26 11:00:00,A,MIO_NAC,S1313,B9,BG,2021,69.4,,
ESTAT:GOV_10A_MAIN(1.0),21/07/26 11:00:00,A,MIO_NAC,S1313,B9,BG,2022,224.9,,
ESTAT:GOV_10A_MAIN(1.0),21/07/26 11:00:00,A,MIO_NAC,S1313,B9,BG,2023,-110.0,,
ESTAT:GOV_10A_MAIN(1.0),21/07/26 11:00:00,A,MIO_NAC,S1313,B9,BG,2024,-432.3,,
ESTAT:GOV_10A_MAIN(1.0),21/07/26 11:00:00,A,MIO_NAC,S1313,B9,BG,2025,-253.9,,
ESTAT:GOV_10A_MAIN(1.0),21/07/26 11:00:00,A,MIO_NAC,S1313,B9,CH,1995,-1090.4,,
ESTAT:GOV_10A_MAIN(1.0),21/07/26 11:00:00,A,MIO_NAC,S1313,B9,CH,1996,-592.4,,
ESTAT:GOV_10A_MAIN(1.0),21/07/26 11:00:00,A,MIO_NAC,S1313,B9,CH,1997,-812.7,,
ESTAT:GOV_10A_MAIN(1.0),21/07/26 11:00:00,A,MIO_NAC,S1313,B9,CH,1998,-747.5,,
ESTAT:GOV_10A_MAIN(1.0),21/07/26 11:00:00,A,MIO_NAC,S1313,B9,CH,1999,592.4,,
ESTAT:GOV_10A_MAIN(1.0),21/07/26 11:00:00,A,MIO_NAC,S1313,B9,CH,2000,1109.7,,
ESTAT:GOV_10A_MAIN(1.0),21/07/26 11:00:00,A,MIO_NAC,S1313,B9,CH,2001,1064.8,,
ESTAT:GOV_10A_MAIN(1.0),21/07/26 11:00:00,A,MIO_NAC,S1313,B9,CH,2002,952.9,,
ESTAT:GOV_10A_MAIN(1.0),21/07/26 11:00:00,A,MIO_NAC,S1313,B9,CH,2003,-319.9,,
ESTAT:GOV_10A_MAIN(1.0),21/07/26 11:00:00,A,MIO_NAC,S1313,B9,CH,2004,237.0,,
ESTAT:GOV_10A_MAIN(1.0),21/07/26 11:00:00,A,MIO_NAC,S1313,B9,CH,2005,69.0,,
ESTAT:GOV_10A_MAIN(1.0),21/07/26 11:00:00,A,MIO_NAC,S1313,B9,CH,2006,1013.1,,
ESTAT:GOV_10A_MAIN(1.0),21/07/26 11:00:00,A,MIO_NAC,S1313,B9,CH,2007,2117.5,,
ESTAT:GOV_10A_MAIN(1.0),21/07/26 11:00:00,A,MIO_NAC,S1313,B9,CH,2008,345.6,,
ESTAT:GOV_10A_MAIN(1.0),21/07/26 11:00:00,A,MIO_NAC,S1313,B9,CH,2009,-321.4,,
ESTAT:GOV_10A_MAIN(1.0),21/07/26 11:00:00,A,MIO_NAC,S1313,B9,CH,2010,-611.1,,
ESTAT:GOV_10A_MAIN(1.0),21/07/26 11:00:00,A,MIO_NAC,S1313,B9,CH,2011,-121.9,,
ESTAT:GOV_10A_MAIN(1.0),21/07/26 11:00:00,A,MIO_NAC,S1313,B9,CH,2012,-752.6,,
ESTAT:GOV_10A_MAIN(1.0),21/07/26 11:00:00,A,MIO_NAC,S1313,B9,CH,2013,-1284.4,,
ESTAT:GOV_10A_MAIN(1.0),21/07/26 11:00:00,A,MIO_NAC,S1313,B9,CH,2014,-1658.7,,
ESTAT:GOV_10A_MAIN(1.0),21/07/26 11:00:00,A,MIO_NAC,S1313,B9,CH,2015,-652.9,,
ESTAT:GOV_10A_MAIN(1.0),21/07/26 11:00:00,A,MIO_NAC,S1313,B9,CH,2016,-347.1,,
ESTAT:GOV_10A_MAIN(1.0),21/07/26 11:00:00,A,MIO_NAC,S1313,B9,CH,2017,-603.6,,
ESTAT:GOV_10A_MAIN(1.0),21/07/26 11:00:00,A,MIO_NAC,S1313,B9,CH,2018,218.2,,
ESTAT:GOV_10A_MAIN(1.0),21/07/26 11:00:00,A,MIO_NAC,S1313,B9,CH,2019,-625.5,,
ESTAT:GOV_10A_MAIN(1.0),21/07/26 11:00:00,A,MIO_NAC,S1313,B9,CH,2020,-1286.4,,
ESTAT:GOV_10A_MAIN(1.0),21/07/26 11:00:00,A,MIO_NAC,S1313,B9,CH,2021,-203.7,,
ESTAT:GOV_10A_MAIN(1.0),21/07/26 11:00:00,A,MIO_NAC,S1313,B9,CH,2022,644.7,,
ESTAT:GOV_10A_MAIN(1.0),21/07/26 11:00:00,A,MIO_NAC,S1313,B9,CH,2023,-593.8,,
ESTAT:GOV_10A_MAIN(1.0),21/07/26 11:00:00,A,MIO_NAC,S1313,B9,CH,2024,-36.0,,
ESTAT:GOV_10A_MAIN(1.0),21/07/26 11:00:00,A,MIO_NAC,S1313,B9,CY,1995,25.0,,
ESTAT:GOV_10A_MAIN(1.0),21/07/26 11:00:00,A,MIO_NAC,S1313,B9,CY,1996,27.9,,
ESTAT:GOV_10A_MAIN(1.0),21/07/26 11:00:00,A,MIO_NAC,S1313,B9,CY,1997,24.6,,
ESTAT:GOV_10A_MAIN(1.0),21/07/26 11:00:00,A,MIO_NAC,S1313,B9,CY,1998,30.6,,
ESTAT:GOV_10A_MAIN(1.0),21/07/26 11:00:00,A,MIO_NAC,S1313,B9,CY,1999,26.8,,
ESTAT:GOV_10A_MAIN(1.0),21/07/26 11:00:00,A,MIO_NAC,S1313,B9,CY,2000,32.6,,
ESTAT:GOV_10A_MAIN(1.0),21/07/26 11:00:00,A,MIO_NAC,S1313,B9,CY,2001,21.7,,
ESTAT:GOV_10A_MAIN(1.0),21/07/26 11:00:00,A,MIO_NAC,S1313,B9,CY,2002,21.0,,
ESTAT:GOV_10A_MAIN(1.0),21/07/26 11:00:00,A,MIO_NAC,S1313,B9,CY,2003,1.6,,
ESTAT:GOV_10A_MAIN(1.0),21/07/26 11:00:00,A,MIO_NAC,S1313,B9,CY,2004,-1.3,,
ESTAT:GOV_10A_MAIN(1.0),21/07/26 11:00:00,A,MIO_NAC,S1313,B9,CY,2005,-2.2,,
ESTAT:GOV_10A_MAIN(1.0),21/07/26 11:00:00,A,MIO_NAC,S1313,B9,CY,2006,-10.4,,
ESTAT:GOV_10A_MAIN(1.0),21/07/26 11:00:00,A,MIO_NAC,S1313,B9,CY,2007,-30.5,,
ESTAT:GOV_10A_MAIN(1.0),21/07/26 11:00:00,A,MIO_NAC,S1313,B9,CY,2008,-58.3,,
ESTAT:GOV_10A_MAIN(1.0),21/07/26 11:00:00,A,MIO_NAC,S1313,B9,CY,2009,-59.7,,
ESTAT:GOV_10A_MAIN(1.0),21/07/26 11:00:00,A,MIO_NAC,S1313,B9,CY,2010,-93.1,,
ESTAT:GOV_10A_MAIN(1.0),21/07/26 11:00:00,A,MIO_NAC,S1313,B9,CY,2011,-84.1,,
ESTAT:GOV_10A_MAIN(1.0),21/07/26 11:00:00,A,MIO_NAC,S1313,B9,CY,2012,-63.7,,
ESTAT:GOV_10A_MAIN(1.0),21/07/26 11:00:00,A,MIO_NAC,S1313,B9,CY,2013,9.9,,
ESTAT:GOV_10A_MAIN(1.0),21/07/26 11:00:00,A,MIO_NAC,S1313,B9,CY,2014,6.2,,
ESTAT:GOV_10A_MAIN(1.0),21/07/26 11:00:00,A,MIO_NAC,S1313,B9,CY,2015,29.0,,
ESTAT:GOV_10A_MAIN(1.0),21/07/26 11:00:00,A,MIO_NAC,S1313,B9,CY,2016,28.6,,
ESTAT:GOV_10A_MAIN(1.0),21/07/26 11:00:00,A,MIO_NAC,S1313,B9,CY,2017,75.0,,
ESTAT:GOV_10A_MAIN(1.0),21/07/26 11:00:00,A,MIO_NAC,S1313,B9,CY,2018,249.8,,
ESTAT:GOV_10A_MAIN(1.0),21/07/26 11:00:00,A,MIO_NAC,S1313,B9,CY,2019,41.1,,
ESTAT:GOV_10A_MAIN(1.0),21/07/26 11:00:00,A,MIO_NAC,S1313,B9,CY,2020,16.9,,
ESTAT:GOV_10A_MAIN(1.0),21/07/26 11:00:00,A,MIO_NAC,S1313,B9,CY,2021,-5.3,,
ESTAT:GOV_10A_MAIN(1.0),21/07/26 11:00:00,A,MIO_NAC,S1313,B9,CY,2022,30.3,,
ESTAT:GOV_10A_MAIN(1.0),21/07/26 11:00:00,A,MIO_NAC,S1313,B9,CY,2023,-7.0,,
ESTAT:GOV_10A_MAIN(1.0),21/07/26 11:00:00,A,MIO_NAC,S1313,B9,CY,2024,-9.3,,
ESTAT:GOV_10A_MAIN(1.0),21/07/26 11:00:00,A,MIO_NAC,S1313,B9,CY,2025,6.4,,
ESTAT:GOV_10A_MAIN(1.0),21/07/26 11:00:00,A,MIO_NAC,S1313,B9,CZ,1995,31329.0,,
ESTAT:GOV_10A_MAIN(1.0),21/07/26 11:00:00,A,MIO_NAC,S1313,B9,CZ,1996,42314.0,,
ESTAT:GOV_10A_MAIN(1.0),21/07/26 11:00:00,A,MIO_NAC,S1313,B9,CZ,1997,-9552.0,,
ESTAT:GOV_10A_MAIN(1.0),21/07/26 11:00:00,A,MIO_NAC,S1313,B9,CZ,1998,10187.0,,
ESTAT:GOV_10A_MAIN(1.0),21/07/26 11:00:00,A,MIO_NAC,S1313,B9,CZ,1999,3226.0,,
ESTAT:GOV_10A_MAIN(1.0),21/07/26 11:00:00,A,MIO_NAC,S1313,B9,CZ,2000,-12476.0,,
ESTAT:GOV_10A_MAIN(1.0),21/07/26 11:00:00,A,MIO_NAC,S1313,B9,CZ,2001,-11132.0,,
ESTAT:GOV_10A_MAIN(1.0),21/07/26 11:00:00,A,MIO_NAC,S1313,B9,CZ,2002,-10033.0,,
ESTAT:GOV_10A_MAIN(1.0),21/07/26 11:00:00,A,MIO_NAC,S1313,B9,CZ,2003,-11761.0,,
ESTAT:GOV_10A_MAIN(1.0),21/07/26 11:00:00,A,MIO_NAC,S1313,B9,CZ,2004,-1063.0,,
ESTAT:GOV_10A_MAIN(1.0),21/07/26 11:00:00,A,MIO_NAC,S1313,B9,CZ,2005,-2803.0,,
ESTAT:GOV_10A_MAIN(1.0),21/07/26 11:00:00,A,MIO_NAC,S1313,B9,CZ,2006,-11417.0,,
ESTAT:GOV_10A_MAIN(1.0),21/07/26 11:00:00,A,MIO_NAC,S1313,B9,CZ,2007,10865.0,,
ESTAT:GOV_10A_MAIN(1.0),21/07/26 11:00:00,A,MIO_NAC,S1313,B9,CZ,2008,-7690.0,,
ESTAT:GOV_10A_MAIN(1.0),21/07/26 11:00:00,A,MIO_NAC,S1313,B9,CZ,2009,-24725.0,,
ESTAT:GOV_10A_MAIN(1.0),21/07/26 11:00:00,A,MIO_NAC,S1313,B9,CZ,2010,-15188.0,,
ESTAT:GOV_10A_MAIN(1.0),21/07/26 11:00:00,A,MIO_NAC,S1313,B9,CZ,2011,-11268.0,,
ESTAT:GOV_10A_MAIN(1.0),21/07/26 11:00:00,A,MIO_NAC,S1313,B9,CZ,2012,-2092.0,,
ESTAT:GOV_10A_MAIN(1.0),21/07/26 11:00:00,A,MIO_NAC,S1313,B9,CZ,2013,12135.0,,
ESTAT:GOV_10A_MAIN(1.0),21/07/26 11:00:00,A,MIO_NAC,S1313,B9,CZ,2014,7675.0,,
ESTAT:GOV_10A_MAIN(1.0),21/07/26 11:00:00,A,MIO_NAC,S1313,B9,CZ,2015,25990.0,,
ESTAT:GOV_10A_MAIN(1.0),21/07/26 11:00:00,A,MIO_NAC,S1313,B9,CZ,2016,49678.0,,
ESTAT:GOV_10A_MAIN(1.0),21/07/26 11:00:00,A,MIO_NAC,S1313,B9,CZ,2017,41923.0,,
ESTAT:GOV_10A_MAIN(1.0),21/07/26 11:00:00,A,MIO_NAC,S1313,B9,CZ,2018,23555.0,,
ESTAT:GOV_10A_MAIN(1.0),21/07/26 11:00:00,A,MIO_NAC,S1313,B9,CZ,2019,37595.0,,
ESTAT:GOV_10A_MAIN(1.0),21/07/26 11:00:00,A,MIO_NAC,S1313,B9,CZ,2020,27044.0,,
ESTAT:GOV_10A_MAIN(1.0),21/07/26 11:00:00,A,MIO_NAC,S1313,B9,CZ,2021,55464.0,,
ESTAT:GOV_10A_MAIN(1.0),21/07/26 11:00:00,A,MIO_NAC,S1313,B9,CZ,2022,65059.0,,
ESTAT:GOV_10A_MAIN(1.0),21/07/26 11:00:00,A,MIO_NAC,S1313,B9,CZ,2023,64356.0,,
ESTAT:GOV_10A_MAIN(1.0),21/07/26 11:00:00,A,MIO_NAC,S1313,B9,CZ,2024,60579.0,,
ESTAT:GOV_10A_MAIN(1.0),21/07/26 11:00:00,A,MIO_NAC,S1313,B9,CZ,2025,29386.0,,
ESTAT:GOV_10A_MAIN(1.0),21/07/26 11:00:00,A,MIO_NAC,S1313,B9,DE,1995,-4211.0,,
ESTAT:GOV_10A_MAIN(1.0),21/07/26 11:00:00,A,MIO_NAC,S1313,B9,DE,1996,-3258.0,,
ESTAT:GOV_10A_MAIN(1.0),21/07/26 11:00:00,A,MIO_NAC,S1313,B9,DE,1997,-3692.0,,
ESTAT:GOV_10A_MAIN(1.0),21/07/26 11:00:00,A,MIO_NAC,S1313,B9,DE,1998,97.0,,
ESTAT:GOV_10A_MAIN(1.0),21/07/26 11:00:00,A,MIO_NAC,S1313,B9,DE,1999,291.0,,
ESTAT:GOV_10A_MAIN(1.0),21/07/26 11:00:00,A,MIO_NAC,S1313,B9,DE,2000,-289.0,,
ESTAT:GOV_10A_MAIN(1.0),21/07/26 11:00:00,A,MIO_NAC,S1313,B9,DE,2001,-7319.0,,
ESTAT:GOV_10A_MAIN(1.0),21/07/26 11:00:00,A,MIO_NAC,S1313,B9,DE,2002,-10365.0,,
ESTAT:GOV_10A_MAIN(1.0),21/07/26 11:00:00,A,MIO_NAC,S1313,B9,DE,2003,-12783.0,,
ESTAT:GOV_10A_MAIN(1.0),21/07/26 11:00:00,A,MIO_NAC,S1313,B9,DE,2004,-7478.0,,
ESTAT:GOV_10A_MAIN(1.0),21/07/26 11:00:00,A,MIO_NAC,S1313,B9,DE,2005,-3820.0,,
ESTAT:GOV_10A_MAIN(1.0),21/07/26 11:00:00,A,MIO_NAC,S1313,B9,DE,2006,-1266.0,,
ESTAT:GOV_10A_MAIN(1.0),21/07/26 11:00:00,A,MIO_NAC,S1313,B9,DE,2007,6221.0,,
ESTAT:GOV_10A_MAIN(1.0),21/07/26 11:00:00,A,MIO_NAC,S1313,B9,DE,2008,4113.0,,
ESTAT:GOV_10A_MAIN(1.0),21/07/26 11:00:00,A,MIO_NAC,S1313,B9,DE,2009,-7519.0,,
ESTAT:GOV_10A_MAIN(1.0),21/07/26 11:00:00,A,MIO_NAC,S1313,B9,DE,2010,-10058.0,,
ESTAT:GOV_10A_MAIN(1.0),21/07/26 11:00:00,A,MIO_NAC,S1313,B9,DE,2011,-2201.0,,
ESTAT:GOV_10A_MAIN(1.0),21/07/26 11:00:00,A,MIO_NAC,S1313,B9,DE,2012,1519.0,,
ESTAT:GOV_10A_MAIN(1.0),21/07/26 11:00:00,A,MIO_NAC,S1313,B9,DE,2013,11.0,,
ESTAT:GOV_10A_MAIN(1.0),21/07/26 11:00:00,A,MIO_NAC,S1313,B9,DE,2014,-454.0,,
ESTAT:GOV_10A_MAIN(1.0),21/07/26 11:00:00,A,MIO_NAC,S1313,B9,DE,2015,2635.0,,
ESTAT:GOV_10A_MAIN(1.0),21/07/26 11:00:00,A,MIO_NAC,S1313,B9,DE,2016,5382.0,,
ESTAT:GOV_10A_MAIN(1.0),21/07/26 11:00:00,A,MIO_NAC,S1313,B9,DE,2017,10287.0,,
ESTAT:GOV_10A_MAIN(1.0),21/07/26 11:00:00,A,MIO_NAC,S1313,B9,DE,2018,15783.0,,
ESTAT:GOV_10A_MAIN(1.0),21/07/26 11:00:00,A,MIO_NAC,S1313,B9,DE,2019,6979.0,,
ESTAT:GOV_10A_MAIN(1.0),21/07/26 11:00:00,A,MIO_NAC,S1313,B9,DE,2020,6324.0,,
ESTAT:GOV_10A_MAIN(1.0),21/07/26 11:00:00,A,MIO_NAC,S1313,B9,DE,2021,6483.0,,
ESTAT:GOV_10A_MAIN(1.0),21/07/26 11:00:00,A,MIO_NAC,S1313,B9,DE,2022,6823.0,,
ESTAT:GOV_10A_MAIN(1.0),21/07/26 11:00:00,A,MIO_NAC,S1313,B9,DE,2023,-13535.0,,
ESTAT:GOV_10A_MAIN(1.0),21/07/26 11:00:00,A,MIO_NAC,S1313,B9,DE,2024,-20956.0,,
ESTAT:GOV_10A_MAIN(1.0),21/07/26 11:00:00,A,MIO_NAC,S1313,B9,DE,2025,-28080.0,,
ESTAT:GOV_10A_MAIN(1.0),21/07/26 11:00:00,A,MIO_NAC,S1313,B9,DK,1995,2200.0,,
ESTAT:GOV_10A_MAIN(1.0),21/07/26 11:00:00,A,MIO_NAC,S1313,B9,DK,1996,-3628.0,,
ESTAT:GOV_10A_MAIN(1.0),21/07/26 11:00:00,A,MIO_NAC,S1313,B9,DK,1997,-3232.0,,
ESTAT:GOV_10A_MAIN(1.0),21/07/26 11:00:00,A,MIO_NAC,S1313,B9,DK,1998,-2049.0,,
ESTAT:GOV_10A_MAIN(1.0),21/07/26 11:00:00,A,MIO_NAC,S1313,B9,DK,1999,2389.0,,
ESTAT:GOV_10A_MAIN(1.0),21/07/26 11:00:00,A,MIO_NAC,S1313,B9,DK,2000,-694.0,,
ESTAT:GOV_10A_MAIN(1.0),21/07/26 11:00:00,A,MIO_NAC,S1313,B9,DK,2001,-2036.0,,
ESTAT:GOV_10A_MAIN(1.0),21/07/26 11:00:00,A,MIO_NAC,S1313,B9,DK,2002,-3828.0,,
ESTAT:GOV_10A_MAIN(1.0),21/07/26 11:00:00,A,MIO_NAC,S1313,B9,DK,2003,-7932.0,,
ESTAT:GOV_10A_MAIN(1.0),21/07/26 11:00:00,A,MIO_NAC,S1313,B9,DK,2004,1832.0,,
ESTAT:GOV_10A_MAIN(1.0),21/07/26 11:00:00,A,MIO_NAC,S1313,B9,DK,2005,-7156.0,,
ESTAT:GOV_10A_MAIN(1.0),21/07/26 11:00:00,A,MIO_NAC,S1313,B9,DK,2006,-3435.0,,
ESTAT:GOV_10A_MAIN(1.0),21/07/26 11:00:00,A,MIO_NAC,S1313,B9,DK,2007,-4197.0,,
ESTAT:GOV_10A_MAIN(1.0),21/07/26 11:00:00,A,MIO_NAC,S1313,B9,DK,2008,-6753.0,,
ESTAT:GOV_10A_MAIN(1.0),21/07/26 11:00:00,A,MIO_NAC,S1313,B9,DK,2009,-10978.0,,
ESTAT:GOV_10A_MAIN(1.0),21/07/26 11:00:00,A,MIO_NAC,S1313,B9,DK,2010,-1440.0,,
ESTAT:GOV_10A_MAIN(1.0),21/07/26 11:00:00,A,MIO_NAC,S1313,B9,DK,2011,2245.0,,
ESTAT:GOV_10A_MAIN(1.0),21/07/26 11:00:00,A,MIO_NAC,S1313,B9,DK,2012,1051.0,,
ESTAT:GOV_10A_MAIN(1.0),21/07/26 11:00:00,A,MIO_NAC,S1313,B9,DK,2013,4607.0,,
ESTAT:GOV_10A_MAIN(1.0),21/07/26 11:00:00,A,MIO_NAC,S1313,B9,DK,2014,3484.0,,
ESTAT:GOV_10A_MAIN(1.0),21/07/26 11:00:00,A,MIO_NAC,S1313,B9,DK,2015,5048.0,,
ESTAT:GOV_10A_MAIN(1.0),21/07/26 11:00:00,A,MIO_NAC,S1313,B9,DK,2016,7839.0,,
ESTAT:GOV_10A_MAIN(1.0),21/07/26 11:00:00,A,MIO_NAC,S1313,B9,DK,2017,5081.0,,
ESTAT:GOV_10A_MAIN(1.0),21/07/26 11:00:00,A,MIO_NAC,S1313,B9,DK,2018,200.0,,
ESTAT:GOV_10A_MAIN(1.0),21/07/26 11:00:00,A,MIO_NAC,S1313,B9,DK,2019,4690.0,,
ESTAT:GOV_10A_MAIN(1.0),21/07/26 11:00:00,A,MIO_NAC,S1313,B9,DK,2020,6534.0,,
ESTAT:GOV_10A_MAIN(1.0),21/07/26 11:00:00,A,MIO_NAC,S1313,B9,DK,2021,5882.0,,
ESTAT:GOV_10A_MAIN(1.0),21/07/26 11:00:00,A,MIO_NAC,S1313,B9,DK,2022,3438.0,,
ESTAT:GOV_10A_MAIN(1.0),21/07/26 11:00:00,A,MIO_NAC,S1313,B9,DK,2023,5235.0,,
ESTAT:GOV_10A_MAIN(1.0),21/07/26 11:00:00,A,MIO_NAC,S1313,B9,DK,2024,10945.0,,
ESTAT:GOV_10A_MAIN(1.0),21/07/26 11:00:00,A,MIO_NAC,S1313,B9,DK,2025,1121.0,,
ESTAT:GOV_10A_MAIN(1.0),21/07/26 11:00:00,A,MIO_NAC,S1313,B9,EA19,1995,-6808.3,,
ESTAT:GOV_10A_MAIN(1.0),21/07/26 11:00:00,A,MIO_NAC,S1313,B9,EA19,1996,-5525.4,,
ESTAT:GOV_10A_MAIN(1.0),21/07/26 11:00:00,A,MIO_NAC,S1313,B9,EA19,1997,-4313.6,,
ESTAT:GOV_10A_MAIN(1.0),21/07/26 11:00:00,A,MIO_NAC,S1313,B9,EA19,1998,-4641.5,,
ESTAT:GOV_10A_MAIN(1.0),21/07/26 11:00:00,A,MIO_NAC,S1313,B9,EA19,1999,1789.3,,
ESTAT:GOV_10A_MAIN(1.0),21/07/26 11:00:00,A,MIO_NAC,S1313,B9,EA19,2000,-3039.2,,
ESTAT:GOV_10A_MAIN(1.0),21/07/26 11:00:00,A,MIO_NAC,S1313,B9,EA19,2001,-14379.8,,
ESTAT:GOV_10A_MAIN(1.0),21/07/26 11:00:00,A,MIO_NAC,S1313,B9,EA19,2002,-25254.4,,
ESTAT:GOV_10A_MAIN(1.0),21/07/26 11:00:00,A,MIO_NAC,S1313,B9,EA19,2003,-23204.4,,
ESTAT:GOV_10A_MAIN(1.0),21/07/26 11:00:00,A,MIO_NAC,S1313,B9,EA19,2004,-27252.3,,
ESTAT:GOV_10A_MAIN(1.0),21/07/26 11:00:00,A,MIO_NAC,S1313,B9,EA19,2005,-22850.1,,
ESTAT:GOV_10A_MAIN(1.0),21/07/26 11:00:00,A,MIO_NAC,S1313,B9,EA19,2006,-21370.5,,
ESTAT:GOV_10A_MAIN(1.0),21/07/26 11:00:00,A,MIO_NAC,S1313,B9,EA19,2007,-9113.7,,
ESTAT:GOV_10A_MAIN(1.0),21/07/26 11:00:00,A,MIO_NAC,S1313,B9,EA19,2008,-20628.9,,
ESTAT:GOV_10A_MAIN(1.0),21/07/26 11:00:00,A,MIO_NAC,S1313,B9,EA19,2009,-33697.7,,
ESTAT:GOV_10A_MAIN(1.0),21/07/26 11:00:00,A,MIO_NAC,S1313,B9,EA19,2010,-38535.7,,
ESTAT:GOV_10A_MAIN(1.0),21/07/26 11:00:00,A,MIO_NAC,S1313,B9,EA19,2011,-23234.7,,
ESTAT:GOV_10A_MAIN(1.0),21/07/26 11:00:00,A,MIO_NAC,S1313,B9,EA19,2012,-833.5,,
ESTAT:GOV_10A_MAIN(1.0),21/07/26 11:00:00,A,MIO_NAC,S1313,B9,EA19,2013,-5546.5,,
ESTAT:GOV_10A_MAIN(1.0),21/07/26 11:00:00,A,MIO_NAC,S1313,B9,EA19,2014,-93.4,,
ESTAT:GOV_10A_MAIN(1.0),21/07/26 11:00:00,A,MIO_NAC,S1313,B9,EA19,2015,12408.7,,
ESTAT:GOV_10A_MAIN(1.0),21/07/26 11:00:00,A,MIO_NAC,S1313,B9,EA19,2016,20022.7,,
ESTAT:GOV_10A_MAIN(1.0),21/07/26 11:00:00,A,MIO_NAC,S1313,B9,EA19,2017,21682.1,,
ESTAT:GOV_10A_MAIN(1.0),21/07/26 11:00:00,A,MIO_NAC,S1313,B9,EA19,2018,24700.4,,
ESTAT:GOV_10A_MAIN(1.0),21/07/26 11:00:00,A,MIO_NAC,S1313,B9,EA19,2019,5229.0,,
ESTAT:GOV_10A_MAIN(1.0),21/07/26 11:00:00,A,MIO_NAC,S1313,B9,EA19,2020,343.5,,
ESTAT:GOV_10A_MAIN(1.0),21/07/26 11:00:00,A,MIO_NAC,S1313,B9,EA19,2021,4334.7,,
ESTAT:GOV_10A_MAIN(1.0),21/07/26 11:00:00,A,MIO_NAC,S1313,B9,EA19,2022,3426.1,,
ESTAT:GOV_10A_MAIN(1.0),21/07/26 11:00:00,A,MIO_NAC,S1313,B9,EA19,2023,-26312.2,,
ESTAT:GOV_10A_MAIN(1.0),21/07/26 11:00:00,A,MIO_NAC,S1313,B9,EA19,2024,-40756.5,,
ESTAT:GOV_10A_MAIN(1.0),21/07/26 11:00:00,A,MIO_NAC,S1313,B9,EA19,2025,-47392.6,,
ESTAT:GOV_10A_MAIN(1.0),21/07/26 11:00:00,A,MIO_NAC,S1313,B9,EA20,1995,-6820.0,,
ESTAT:GOV_10A_MAIN(1.0),21/07/26 11:00:00,A,MIO_NAC,S1313,B9,EA20,1996,-5500.1,,
ESTAT:GOV_10A_MAIN(1.0),21/07/26 11:00:00,A,MIO_NAC,S1313,B9,EA20,1997,-4332.4,,
ESTAT:GOV_10A_MAIN(1.0),21/07/26 11:00:00,A,MIO_NAC,S1313,B9,EA20,1998,-4668.8,,
ESTAT:GOV_10A_MAIN(1.0),21/07/26 11:00:00,A,MIO_NAC,S1313,B9,EA20,1999,1691.4,,
ESTAT:GOV_10A_MAIN(1.0),21/07/26 11:00:00,A,MIO_NAC,S1313,B9,EA20,2000,-3027.9,,
ESTAT:GOV_10A_MAIN(1.0),21/07/26 11:00:00,A,MIO_NAC,S1313,B9,EA20,2001,-14346.1,,
ESTAT:GOV_10A_MAIN(1.0),21/07/26 11:00:00,A,MIO_NAC,S1313,B9,EA20,2002,-25144.4,,
ESTAT:GOV_10A_MAIN(1.0),21/07/26 11:00:00,A,MIO_NAC,S1313,B9,EA20,2003,-23257.5,,
ESTAT:GOV_10A_MAIN(1.0),21/07/26 11:00:00,A,MIO_NAC,S1313,B9,EA20,2004,-27340.8,,
ESTAT:GOV_10A_MAIN(1.0),21/07/26 11:00:00,A,MIO_NAC,S1313,B9,EA20,2005,-23023.7,,
ESTAT:GOV_10A_MAIN(1.0),21/07/26 11:00:00,A,MIO_NAC,S1313,B9,EA20,2006,-21461.7,,
ESTAT:GOV_10A_MAIN(1.0),21/07/26 11:00:00,A,MIO_NAC,S1313,B9,EA20,2007,-9210.7,,
ESTAT:GOV_10A_MAIN(1.0),21/07/26 11:00:00,A,MIO_NAC,S1313,B9,EA20,2008,-20710.1,,
ESTAT:GOV_10A_MAIN(1.0),21/07/26 11:00:00,A,MIO_NAC,S1313,B9,EA20,2009,-34058.9,,
ESTAT:GOV_10A_MAIN(1.0),21/07/26 11:00:00,A,MIO_NAC,S1313,B9,EA20,2010,-38539.8,,
ESTAT:GOV_10A_MAIN(1.0),21/07/26 11:00:00,A,MIO_NAC,S1313,B9,EA20,2011,-23284.6,,
ESTAT:GOV_10A_MAIN(1.0),21/07/26 11:00:00,A,MIO_NAC,S1313,B9,EA20,2012,-809.1,,
ESTAT:GOV_10A_MAIN(1.0),21/07/26 11:00:00,A,MIO_NAC,S1313,B9,EA20,2013,-5541.2,,
ESTAT:GOV_10A_MAIN(1.0),21/07/26 11:00:00,A,MIO_NAC,S1313,B9,EA20,2014,-40.7,,
ESTAT:GOV_10A_MAIN(1.0),21/07/26 11:00:00,A,MIO_NAC,S1313,B9,EA20,2015,12469.2,,
ESTAT:GOV_10A_MAIN(1.0),21/07/26 11:00:00,A,MIO_NAC,S1313,B9,EA20,2016,20006.7,,
ESTAT:GOV_10A_MAIN(1.0),21/07/26 11:00:00,A,MIO_NAC,S1313,B9,EA20,2017,21673.0,,
ESTAT:GOV_10A_MAIN(1.0),21/07/26 11:00:00,A,MIO_NAC,S1313,B9,EA20,2018,24647.4,,
ESTAT:GOV_10A_MAIN(1.0),21/07/26 11:00:00,A,MIO_NAC,S1313,B9,EA20,2019,5004.6,,
ESTAT:GOV_10A_MAIN(1.0),21/07/26 11:00:00,A,MIO_NAC,S1313,B9,EA20,2020,-140.7,,
ESTAT:GOV_10A_MAIN(1.0),21/07/26 11:00:00,A,MIO_NAC,S1313,B9,EA20,2021,4175.5,,
ESTAT:GOV_10A_MAIN(1.0),21/07/26 11:00:00,A,MIO_NAC,S1313,B9,EA20,2022,3810.6,,
ESTAT:GOV_10A_MAIN(1.0),21/07/26 11:00:00,A,MIO_NAC,S1313,B9,EA20,2023,-25867.3,,
ESTAT:GOV_10A_MAIN(1.0),21/07/26 11:00:00,A,MIO_NAC,S1313,B9,EA20,2024,-40534.9,,
ESTAT:GOV_10A_MAIN(1.0),21/07/26 11:00:00,A,MIO_NAC,S1313,B9,EA20,2025,-47809.4,,
ESTAT:GOV_10A_MAIN(1.0),21/07/26 11:00:00,A,MIO_NAC,S1313,B9,EA21,1995,-7056.0,,
ESTAT:GOV_10A_MAIN(1.0),21/07/26 11:00:00,A,MIO_NAC,S1313,B9,EA21,1996,-5640.8,,
ESTAT:GOV_10A_MAIN(1.0),21/07/26 11:00:00,A,MIO_NAC,S1313,B9,EA21,1997,-4325.7,,
ESTAT:GOV_10A_MAIN(1.0),21/07/26 11:00:00,A,MIO_NAC,S1313,B9,EA21,1998,-4677.2,,
ESTAT:GOV_10A_MAIN(1.0),21/07/26 11:00:00,A,MIO_NAC,S1313,B9,EA21,1999,1662.0,,
ESTAT:GOV_10A_MAIN(1.0),21/07/26 11:00:00,A,MIO_NAC,S1313,B9,EA21,2000,-3045.0,,
ESTAT:GOV_10A_MAIN(1.0),21/07/26 11:00:00,A,MIO_NAC,S1313,B9,EA21,2001,-14356.2,,
ESTAT:GOV_10A_MAIN(1.0),21/07/26 11:00:00,A,MIO_NAC,S1313,B9,EA21,2002,-25127.8,,
ESTAT:GOV_10A_MAIN(1.0),21/07/26 11:00:00,A,MIO_NAC,S1313,B9,EA21,2003,-23289.8,,
ESTAT:GOV_10A_MAIN(1.0),21/07/26 11:00:00,A,MIO_NAC,S1313,B9,EA21,2004,-27277.1,,
ESTAT:GOV_10A_MAIN(1.0),21/07/26 11:00:00,A,MIO_NAC,S1313,B9,EA21,2005,-23116.1,,
ESTAT:GOV_10A_MAIN(1.0),21/07/26 11:00:00,A,MIO_NAC,S1313,B9,EA21,2006,-21409.5,,
ESTAT:GOV_10A_MAIN(1.0),21/07/26 11:00:00,A,MIO_NAC,S1313,B9,EA21,2007,-9244.2,,
ESTAT:GOV_10A_MAIN(1.0),21/07/26 11:00:00,A,MIO_NAC,S1313,B9,EA21,2008,-20847.3,,
ESTAT:GOV_10A_MAIN(1.0),21/07/26 11:00:00,A,MIO_NAC,S1313,B9,EA21,2009,-34372.7,,
ESTAT:GOV_10A_MAIN(1.0),21/07/26 11:00:00,A,MIO_NAC,S1313,B9,EA21,2010,-38544.2,,
ESTAT:GOV_10A_MAIN(1.0),21/07/26 11:00:00,A,MIO_NAC,S1313,B9,EA21,2011,-23294.2,,
ESTAT:GOV_10A_MAIN(1.0),21/07/26 11:00:00,A,MIO_NAC,S1313,B9,EA21,2012,-704.5,,
ESTAT:GOV_10A_MAIN(1.0),21/07/26 11:00:00,A,MIO_NAC,S1313,B9,EA21,2013,-5380.3,,
ESTAT:GOV_10A_MAIN(1.0),21/07/26 11:00:00,A,MIO_NAC,S1313,B9,EA21,2014,-57.4,,
ESTAT:GOV_10A_MAIN(1.0),21/07/26 11:00:00,A,MIO_NAC,S1313,B9,EA21,2015,12042.5,,
ESTAT:GOV_10A_MAIN(1.0),21/07/26 11:00:00,A,MIO_NAC,S1313,B9,EA21,2016,20043.3,,
ESTAT:GOV_10A_MAIN(1.0),21/07/26 11:00:00,A,MIO_NAC,S1313,B9,EA21,2017,21795.9,,
ESTAT:GOV_10A_MAIN(1.0),21/07/26 11:00:00,A,MIO_NAC,S1313,B9,EA21,2018,24724.5,,
ESTAT:GOV_10A_MAIN(1.0),21/07/26 11:00:00,A,MIO_NAC,S1313,B9,EA21,2019,4927.8,,
ESTAT:GOV_10A_MAIN(1.0),21/07/26 11:00:00,A,MIO_NAC,S1313,B9,EA21,2020,32.3,,
ESTAT:GOV_10A_MAIN(1.0),21/07/26 11:00:00,A,MIO_NAC,S1313,B9,EA21,2021,4244.9,,
ESTAT:GOV_10A_MAIN(1.0),21/07/26 11:00:00,A,MIO_NAC,S1313,B9,EA21,2022,4035.5,,
ESTAT:GOV_10A_MAIN(1.0),21/07/26 11:00:00,A,MIO_NAC,S1313,B9,EA21,2023,-25977.3,,
ESTAT:GOV_10A_MAIN(1.0),21/07/26 11:00:00,A,MIO_NAC,S1313,B9,EA21,2024,-40967.2,,
ESTAT:GOV_10A_MAIN(1.0),21/07/26 11:00:00,A,MIO_NAC,S1313,B9,EA21,2025,-48063.3,,
ESTAT:GOV_10A_MAIN(1.0),21/07/26 11:00:00,A,MIO_NAC,S1313,B9,EE,1995,-1.9,,
ESTAT:GOV_10A_MAIN(1.0),21/07/26 11:00:00,A,MIO_NAC,S1313,B9,EE,1996,-17.2,,
ESTAT:GOV_10A_MAIN(1.0),21/07/26 11:00:00,A,MIO_NAC,S1313,B9,EE,1997,1.1,,
ESTAT:GOV_10A_MAIN(1.0),21/07/26 11:00:00,A,MIO_NAC,S1313,B9,EE,1998,-7.8,,
ESTAT:GOV_10A_MAIN(1.0),21/07/26 11:00:00,A,MIO_NAC,S1313,B9,EE,1999,-13.7,,
ESTAT:GOV_10A_MAIN(1.0),21/07/26 11:00:00,A,MIO_NAC,S1313,B9,EE,2000,-18.3,,
ESTAT:GOV_10A_MAIN(1.0),21/07/26 11:00:00,A,MIO_NAC,S1313,B9,EE,2001,-27.8,,
ESTAT:GOV_10A_MAIN(1.0),21/07/26 11:00:00,A,MIO_NAC,S1313,B9,EE,2002,-40.4,,
ESTAT:GOV_10A_MAIN(1.0),21/07/26 11:00:00,A,MIO_NAC,S1313,B9,EE,2003,-26.2,,
ESTAT:GOV_10A_MAIN(1.0),21/07/26 11:00:00,A,MIO_NAC,S1313,B9,EE,2004,-62.1,,
ESTAT:GOV_10A_MAIN(1.0),21/07/26 11:00:00,A,MIO_NAC,S1313,B9,EE,2005,-34.4,,
ESTAT:GOV_10A_MAIN(1.0),21/07/26 11:00:00,A,MIO_NAC,S1313,B9,EE,2006,-29.8,,
ESTAT:GOV_10A_MAIN(1.0),21/07/26 11:00:00,A,MIO_NAC,S1313,B9,EE,2007,-78.7,,
ESTAT:GOV_10A_MAIN(1.0),21/07/26 11:00:00,A,MIO_NAC,S1313,B9,EE,2008,-102.7,,
ESTAT:GOV_10A_MAIN(1.0),21/07/26 11:00:00,A,MIO_NAC,S1313,B9,EE,2009,-69.5,,
ESTAT:GOV_10A_MAIN(1.0),21/07/26 11:00:00,A,MIO_NAC,S1313,B9,EE,2010,27.7,,
ESTAT:GOV_10A_MAIN(1.0),21/07/26 11:00:00,A,MIO_NAC,S1313,B9,EE,2011,16.0,,
ESTAT:GOV_10A_MAIN(1.0),21/07/26 11:00:00,A,MIO_NAC,S1313,B9,EE,2012,-48.7,,
ESTAT:GOV_10A_MAIN(1.0),21/07/26 11:00:00,A,MIO_NAC,S1313,B9,EE,2013,-94.1,,
ESTAT:GOV_10A_MAIN(1.0),21/07/26 11:00:00,A,MIO_NAC,S1313,B9,EE,2014,-23.2,,
ESTAT:GOV_10A_MAIN(1.0),21/07/26 11:00:00,A,MIO_NAC,S1313,B9,EE,2015,27.2,,
ESTAT:GOV_10A_MAIN(1.0),21/07/26 11:00:00,A,MIO_NAC,S1313,B9,EE,2016,21.2,,
ESTAT:GOV_10A_MAIN(1.0),21/07/26 11:00:00,A,MIO_NAC,S1313,B9,EE,2017,-71.9,,
ESTAT:GOV_10A_MAIN(1.0),21/07/26 11:00:00,A,MIO_NAC,S1313,B9,EE,2018,48.5,,
ESTAT:GOV_10A_MAIN(1.0),21/07/26 11:00:00,A,MIO_NAC,S1313,B9,EE,2019,-87.0,,
ESTAT:GOV_10A_MAIN(1.0),21/07/26 11:00:00,A,MIO_NAC,S1313,B9,EE,2020,-18.0,,
ESTAT:GOV_10A_MAIN(1.0),21/07/26 11:00:00,A,MIO_NAC,S1313,B9,EE,2021,-118.8,,
ESTAT:GOV_10A_MAIN(1.0),21/07/26 11:00:00,A,MIO_NAC,S1313,B9,EE,2022,-124.6,,
ESTAT:GOV_10A_MAIN(1.0),21/07/26 11:00:00,A,MIO_NAC,S1313,B9,EE,2023,-216.9,,
ESTAT:GOV_10A_MAIN(1.0),21/07/26 11:00:00,A,MIO_NAC,S1313,B9,EE,2024,-160.8,,
ESTAT:GOV_10A_MAIN(1.0),21/07/26 11:00:00,A,MIO_NAC,S1313,B9,EE,2025,-95.2,,
ESTAT:GOV_10A_MAIN(1.0),21/07/26 11:00:00,A,MIO_NAC,S1313,B9,EL,1995,39.0,,
ESTAT:GOV_10A_MAIN(1.0),21/07/26 11:00:00,A,MIO_NAC,S1313,B9,EL,1996,49.0,,
ESTAT:GOV_10A_MAIN(1.0),21/07/26 11:00:00,A,MIO_NAC,S1313,B9,EL,1997,-4.0,,
ESTAT:GOV_10A_MAIN(1.0),21/07/26 11:00:00,A,MIO_NAC,S1313,B9,EL,1998,-123.0,,
ESTAT:GOV_10A_MAIN(1.0),21/07/26 11:00:00,A,MIO_NAC,S1313,B9,EL,1999,144.0,,
ESTAT:GOV_10A_MAIN(1.0),21/07/26 11:00:00,A,MIO_NAC,S1313,B9,EL,2000,-19.0,,
ESTAT:GOV_10A_MAIN(1.0),21/07/26 11:00:00,A,MIO_NAC,S1313,B9,EL,2001,234.0,,
ESTAT:GOV_10A_MAIN(1.0),21/07/26 11:00:00,A,MIO_NAC,S1313,B9,EL,2002,-30.0,,
ESTAT:GOV_10A_MAIN(1.0),21/07/26 11:00:00,A,MIO_NAC,S1313,B9,EL,2003,93.0,,
ESTAT:GOV_10A_MAIN(1.0),21/07/26 11:00:00,A,MIO_NAC,S1313,B9,EL,2004,-260.0,,
ESTAT:GOV_10A_MAIN(1.0),21/07/26 11:00:00,A,MIO_NAC,S1313,B9,EL,2005,70.0,,
ESTAT:GOV_10A_MAIN(1.0),21/07/26 11:00:00,A,MIO_NAC,S1313,B9,EL,2006,-69.0,,
ESTAT:GOV_10A_MAIN(1.0),21/07/26 11:00:00,A,MIO_NAC,S1313,B9,EL,2007,-27.0,,
ESTAT:GOV_10A_MAIN(1.0),21/07/26 11:00:00,A,MIO_NAC,S1313,B9,EL,2008,-116.0,,
ESTAT:GOV_10A_MAIN(1.0),21/07/26 11:00:00,A,MIO_NAC,S1313,B9,EL,2009,-40.0,,
ESTAT:GOV_10A_MAIN(1.0),21/07/26 11:00:00,A,MIO_NAC,S1313,B9,EL,2010,-670.0,,
ESTAT:GOV_10A_MAIN(1.0),21/07/26 11:00:00,A,MIO_NAC,S1313,B9,EL,2011,487.0,,
ESTAT:GOV_10A_MAIN(1.0),21/07/26 11:00:00,A,MIO_NAC,S1313,B9,EL,2012,618.0,,
ESTAT:GOV_10A_MAIN(1.0),21/07/26 11:00:00,A,MIO_NAC,S1313,B9,EL,2013,763.0,,
ESTAT:GOV_10A_MAIN(1.0),21/07/26 11:00:00,A,MIO_NAC,S1313,B9,EL,2014,531.0,,
ESTAT:GOV_10A_MAIN(1.0),21/07/26 11:00:00,A,MIO_NAC,S1313,B9,EL,2015,491.0,,
ESTAT:GOV_10A_MAIN(1.0),21/07/26 11:00:00,A,MIO_NAC,S1313,B9,EL,2016,553.0,,
ESTAT:GOV_10A_MAIN(1.0),21/07/26 11:00:00,A,MIO_NAC,S1313,B9,EL,2017,647.0,,
ESTAT:GOV_10A_MAIN(1.0),21/07/26 11:00:00,A,MIO_NAC,S1313,B9,EL,2018,664.0,,
ESTAT:GOV_10A_MAIN(1.0),21/07/26 11:00:00,A,MIO_NAC,S1313,B9,EL,2019,65.0,,
ESTAT:GOV_10A_MAIN(1.0),21/07/26 11:00:00,A,MIO_NAC,S1313,B9,EL,2020,57.0,,
ESTAT:GOV_10A_MAIN(1.0),21/07/26 11:00:00,A,MIO_NAC,S1313,B9,EL,2021,-161.0,,
ESTAT:GOV_10A_MAIN(1.0),21/07/26 11:00:00,A,MIO_NAC,S1313,B9,EL,2022,-350.0,,
ESTAT:GOV_10A_MAIN(1.0),21/07/26 11:00:00,A,MIO_NAC,S1313,B9,EL,2023,-597.0,,
ESTAT:GOV_10A_MAIN(1.0),21/07/26 11:00:00,A,MIO_NAC,S1313,B9,EL,2024,19.0,,
ESTAT:GOV_10A_MAIN(1.0),21/07/26 11:00:00,A,MIO_NAC,S1313,B9,EL,2025,230.0,,
ESTAT:GOV_10A_MAIN(1.0),21/07/26 11:00:00,A,MIO_NAC,S1313,B9,ES,1995,-135.0,,
ESTAT:GOV_10A_MAIN(1.0),21/07/26 11:00:00,A,MIO_NAC,S1313,B9,ES,1996,34.0,,
ESTAT:GOV_10A_MAIN(1.0),21/07/26 11:00:00,A,MIO_NAC,S1313,B9,ES,1997,120.0,,
ESTAT:GOV_10A_MAIN(1.0),21/07/26 11:00:00,A,MIO_NAC,S1313,B9,ES,1998,161.0,,
ESTAT:GOV_10A_MAIN(1.0),21/07/26 11:00:00,A,MIO_NAC,S1313,B9,ES,1999,-34.0,,
ESTAT:GOV_10A_MAIN(1.0),21/07/26 11:00:00,A,MIO_NAC,S1313,B9,ES,2000,584.0,,
ESTAT:GOV_10A_MAIN(1.0),21/07/26 11:00:00,A,MIO_NAC,S1313,B9,ES,2001,-256.0,,
ESTAT:GOV_10A_MAIN(1.0),21/07/26 11:00:00,A,MIO_NAC,S1313,B9,ES,2002,-860.0,,
ESTAT:GOV_10A_MAIN(1.0),21/07/26 11:00:00,A,MIO_NAC,S1313,B9,ES,2003,-1903.0,,
ESTAT:GOV_10A_MAIN(1.0),21/07/26 11:00:00,A,MIO_NAC,S1313,B9,ES,2004,112.0,,
ESTAT:GOV_10A_MAIN(1.0),21/07/26 11:00:00,A,MIO_NAC,S1313,B9,ES,2005,-548.0,,
ESTAT:GOV_10A_MAIN(1.0),21/07/26 11:00:00,A,MIO_NAC,S1313,B9,ES,2006,759.0,,
ESTAT:GOV_10A_MAIN(1.0),21/07/26 11:00:00,A,MIO_NAC,S1313,B9,ES,2007,-3338.0,,
ESTAT:GOV_10A_MAIN(1.0),21/07/26 11:00:00,A,MIO_NAC,S1313,B9,ES,2008,-5375.0,,
ESTAT:GOV_10A_MAIN(1.0),21/07/26 11:00:00,A,MIO_NAC,S1313,B9,ES,2009,-5910.0,,
ESTAT:GOV_10A_MAIN(1.0),21/07/26 11:00:00,A,MIO_NAC,S1313,B9,ES,2010,-7051.0,,
ESTAT:GOV_10A_MAIN(1.0),21/07/26 11:00:00,A,MIO_NAC,S1313,B9,ES,2011,-8506.0,,
ESTAT:GOV_10A_MAIN(1.0),21/07/26 11:00:00,A,MIO_NAC,S1313,B9,ES,2012,3303.0,,
ESTAT:GOV_10A_MAIN(1.0),21/07/26 11:00:00,A,MIO_NAC,S1313,B9,ES,2013,5689.0,,
ESTAT:GOV_10A_MAIN(1.0),21/07/26 11:00:00,A,MIO_NAC,S1313,B9,ES,2014,5452.0,,
ESTAT:GOV_10A_MAIN(1.0),21/07/26 11:00:00,A,MIO_NAC,S1313,B9,ES,2015,4576.0,,
ESTAT:GOV_10A_MAIN(1.0),21/07/26 11:00:00,A,MIO_NAC,S1313,B9,ES,2016,6984.0,,
ESTAT:GOV_10A_MAIN(1.0),21/07/26 11:00:00,A,MIO_NAC,S1313,B9,ES,2017,6613.0,,
ESTAT:GOV_10A_MAIN(1.0),21/07/26 11:00:00,A,MIO_NAC,S1313,B9,ES,2018,6360.0,,
ESTAT:GOV_10A_MAIN(1.0),21/07/26 11:00:00,A,MIO_NAC,S1313,B9,ES,2019,3810.0,,
ESTAT:GOV_10A_MAIN(1.0),21/07/26 11:00:00,A,MIO_NAC,S1313,B9,ES,2020,2752.0,,
ESTAT:GOV_10A_MAIN(1.0),21/07/26 11:00:00,A,MIO_NAC,S1313,B9,ES,2021,3416.0,,
ESTAT:GOV_10A_MAIN(1.0),21/07/26 11:00:00,A,MIO_NAC,S1313,B9,ES,2022,-952.0,,
ESTAT:GOV_10A_MAIN(1.0),21/07/26 11:00:00,A,MIO_NAC,S1313,B9,ES,2023,295.0,,
ESTAT:GOV_10A_MAIN(1.0),21/07/26 11:00:00,A,MIO_NAC,S1313,B9,ES,2024,7075.0,,
ESTAT:GOV_10A_MAIN(1.0),21/07/26 11:00:00,A,MIO_NAC,S1313,B9,ES,2025,5068.0,,
ESTAT:GOV_10A_MAIN(1.0),21/07/26 11:00:00,A,MIO_NAC,S1313,B9,EU27_2020,1995,-8939.5,,
ESTAT:GOV_10A_MAIN(1.0),21/07/26 11:00:00,A,MIO_NAC,S1313,B9,EU27_2020,1996,-7671.8,,
ESTAT:GOV_10A_MAIN(1.0),21/07/26 11:00:00,A,MIO_NAC,S1313,B9,EU27_2020,1997,-8304.3,,
ESTAT:GOV_10A_MAIN(1.0),21/07/26 11:00:00,A,MIO_NAC,S1313,B9,EU27_2020,1998,-7239.9,,
ESTAT:GOV_10A_MAIN(1.0),21/07/26 11:00:00,A,MIO_NAC,S1313,B9,EU27_2020,1999,-45.0,,
ESTAT:GOV_10A_MAIN(1.0),21/07/26 11:00:00,A,MIO_NAC,S1313,B9,EU27_2020,2000,-4127.7,,
ESTAT:GOV_10A_MAIN(1.0),21/07/26 11:00:00,A,MIO_NAC,S1313,B9,EU27_2020,2001,-15636.3,,
ESTAT:GOV_10A_MAIN(1.0),21/07/26 11:00:00,A,MIO_NAC,S1313,B9,EU27_2020,2002,-28876.6,,
ESTAT:GOV_10A_MAIN(1.0),21/07/26 11:00:00,A,MIO_NAC,S1313,B9,EU27_2020,2003,-26369.9,,
ESTAT:GOV_10A_MAIN(1.0),21/07/26 11:00:00,A,MIO_NAC,S1313,B9,EU27_2020,2004,-27105.5,,
ESTAT:GOV_10A_MAIN(1.0),21/07/26 11:00:00,A,MIO_NAC,S1313,B9,EU27_2020,2005,-24082.8,,
ESTAT:GOV_10A_MAIN(1.0),21/07/26 11:00:00,A,MIO_NAC,S1313,B9,EU27_2020,2006,-23500.9,,
ESTAT:GOV_10A_MAIN(1.0),21/07/26 11:00:00,A,MIO_NAC,S1313,B9,EU27_2020,2007,-9680.8,,
ESTAT:GOV_10A_MAIN(1.0),21/07/26 11:00:00,A,MIO_NAC,S1313,B9,EU27_2020,2008,-24740.4,,
ESTAT:GOV_10A_MAIN(1.0),21/07/26 11:00:00,A,MIO_NAC,S1313,B9,EU27_2020,2009,-42403.5,,
ESTAT:GOV_10A_MAIN(1.0),21/07/26 11:00:00,A,MIO_NAC,S1313,B9,EU27_2020,2010,-44632.2,,
ESTAT:GOV_10A_MAIN(1.0),21/07/26 11:00:00,A,MIO_NAC,S1313,B9,EU27_2020,2011,-28694.4,,
ESTAT:GOV_10A_MAIN(1.0),21/07/26 11:00:00,A,MIO_NAC,S1313,B9,EU27_2020,2012,-3322.1,,
ESTAT:GOV_10A_MAIN(1.0),21/07/26 11:00:00,A,MIO_NAC,S1313,B9,EU27_2020,2013,-3591.4,,
ESTAT:GOV_10A_MAIN(1.0),21/07/26 11:00:00,A,MIO_NAC,S1313,B9,EU27_2020,2014,-1409.8,,
ESTAT:GOV_10A_MAIN(1.0),21/07/26 11:00:00,A,MIO_NAC,S1313,B9,EU27_2020,2015,11863.7,,
ESTAT:GOV_10A_MAIN(1.0),21/07/26 11:00:00,A,MIO_NAC,S1313,B9,EU27_2020,2016,21361.2,,
ESTAT:GOV_10A_MAIN(1.0),21/07/26 11:00:00,A,MIO_NAC,S1313,B9,EU27_2020,2017,23147.7,,
ESTAT:GOV_10A_MAIN(1.0),21/07/26 11:00:00,A,MIO_NAC,S1313,B9,EU27_2020,2018,20367.6,,
ESTAT:GOV_10A_MAIN(1.0),21/07/26 11:00:00,A,MIO_NAC,S1313,B9,EU27_2020,2019,494.6,,
ESTAT:GOV_10A_MAIN(1.0),21/07/26 11:00:00,A,MIO_NAC,S1313,B9,EU27_2020,2020,1660.2,,
ESTAT:GOV_10A_MAIN(1.0),21/07/26 11:00:00,A,MIO_NAC,S1313,B9,EU27_2020,2021,13695.6,,
ESTAT:GOV_10A_MAIN(1.0),21/07/26 11:00:00,A,MIO_NAC,S1313,B9,EU27_2020,2022,5637.9,,
ESTAT:GOV_10A_MAIN(1.0),21/07/26 11:00:00,A,MIO_NAC,S1313,B9,EU27_2020,2023,-34717.6,,
ESTAT:GOV_10A_MAIN(1.0),21/07/26 11:00:00,A,MIO_NAC,S1313,B9,EU27_2020,2024,-41853.3,,
ESTAT:GOV_10A_MAIN(1.0),21/07/26 11:00:00,A,MIO_NAC,S1313,B9,EU27_2020,2025,-49566.3,,
ESTAT:GOV_10A_MAIN(1.0),21/07/26 11:00:00,A,MIO_NAC,S1313,B9,FI,1995,1397.0,,
ESTAT:GOV_10A_MAIN(1.0),21/07/26 11:00:00,A,MIO_NAC,S1313,B9,FI,1996,1059.0,,
ESTAT:GOV_10A_MAIN(1.0),21/07/26 11:00:00,A,MIO_NAC,S1313,B9,FI,1997,-546.0,,
ESTAT:GOV_10A_MAIN(1.0),21/07/26 11:00:00,A,MIO_NAC,S1313,B9,FI,1998,-268.0,,
ESTAT:GOV_10A_MAIN(1.0),21/07/26 11:00:00,A,MIO_NAC,S1313,B9,FI,1999,-205.0,,
ESTAT:GOV_10A_MAIN(1.0),21/07/26 11:00:00,A,MIO_NAC,S1313,B9,FI,2000,298.0,,
ESTAT:GOV_10A_MAIN(1.0),21/07/26 11:00:00,A,MIO_NAC,S1313,B9,FI,2001,-618.0,,
ESTAT:GOV_10A_MAIN(1.0),21/07/26 11:00:00,A,MIO_NAC,S1313,B9,FI,2002,-522.0,,
ESTAT:GOV_10A_MAIN(1.0),21/07/26 11:00:00,A,MIO_NAC,S1313,B9,FI,2003,-1020.0,,
ESTAT:GOV_10A_MAIN(1.0),21/07/26 11:00:00,A,MIO_NAC,S1313,B9,FI,2004,-1231.0,,
ESTAT:GOV_10A_MAIN(1.0),21/07/26 11:00:00,A,MIO_NAC,S1313,B9,FI,2005,-1187.0,,
ESTAT:GOV_10A_MAIN(1.0),21/07/26 11:00:00,A,MIO_NAC,S1313,B9,FI,2006,-548.0,,
ESTAT:GOV_10A_MAIN(1.0),21/07/26 11:00:00,A,MIO_NAC,S1313,B9,FI,2007,-339.0,,
ESTAT:GOV_10A_MAIN(1.0),21/07/26 11:00:00,A,MIO_NAC,S1313,B9,FI,2008,-758.0,,
ESTAT:GOV_10A_MAIN(1.0),21/07/26 11:00:00,A,MIO_NAC,S1313,B9,FI,2009,-1129.0,,
ESTAT:GOV_10A_MAIN(1.0),21/07/26 11:00:00,A,MIO_NAC,S1313,B9,FI,2010,-386.0,,
ESTAT:GOV_10A_MAIN(1.0),21/07/26 11:00:00,A,MIO_NAC,S1313,B9,FI,2011,-1036.0,,
ESTAT:GOV_10A_MAIN(1.0),21/07/26 11:00:00,A,MIO_NAC,S1313,B9,FI,2012,-2097.0,,
ESTAT:GOV_10A_MAIN(1.0),21/07/26 11:00:00,A,MIO_NAC,S1313,B9,FI,2013,-1418.0,,
ESTAT:GOV_10A_MAIN(1.0),21/07/26 11:00:00,A,MIO_NAC,S1313,B9,FI,2014,-1497.0,,
ESTAT:GOV_10A_MAIN(1.0),21/07/26 11:00:00,A,MIO_NAC,S1313,B9,FI,2015,-1295.0,,
ESTAT:GOV_10A_MAIN(1.0),21/07/26 11:00:00,A,MIO_NAC,S1313,B9,FI,2016,-869.0,,
ESTAT:GOV_10A_MAIN(1.0),21/07/26 11:00:00,A,MIO_NAC,S1313,B9,FI,2017,-417.0,,
ESTAT:GOV_10A_MAIN(1.0),21/07/26 11:00:00,A,MIO_NAC,S1313,B9,FI,2018,-2006.0,,
ESTAT:GOV_10A_MAIN(1.0),21/07/26 11:00:00,A,MIO_NAC,S1313,B9,FI,2019,-2982.0,,
ESTAT:GOV_10A_MAIN(1.0),21/07/26 11:00:00,A,MIO_NAC,S1313,B9,FI,2020,-74.0,,
ESTAT:GOV_10A_MAIN(1.0),21/07/26 11:00:00,A,MIO_NAC,S1313,B9,FI,2021,-821.0,,
ESTAT:GOV_10A_MAIN(1.0),21/07/26 11:00:00,A,MIO_NAC,S1313,B9,FI,2022,-375.0,,
ESTAT:GOV_10A_MAIN(1.0),21/07/26 11:00:00,A,MIO_NAC,S1313,B9,FI,2023,-2737.0,,
ESTAT:GOV_10A_MAIN(1.0),21/07/26 11:00:00,A,MIO_NAC,S1313,B9,FI,2024,-2642.0,,
ESTAT:GOV_10A_MAIN(1.0),21/07/26 11:00:00,A,MIO_NAC,S1313,B9,FI,2025,-770.0,,
ESTAT:GOV_10A_MAIN(1.0),21/07/26 11:00:00,A,MIO_NAC,S1313,B9,FR,1995,-3894.5,,
ESTAT:GOV_10A_MAIN(1.0),21/07/26 11:00:00,A,MIO_NAC,S1313,B9,FR,1996,-1000.1,,
ESTAT:GOV_10A_MAIN(1.0),21/07/26 11:00:00,A,MIO_NAC,S1313,B9,FR,1997,1385.8,,
ESTAT:GOV_10A_MAIN(1.0),21/07/26 11:00:00,A,MIO_NAC,S1313,B9,FR,1998,2546.1,,
ESTAT:GOV_10A_MAIN(1.0),21/07/26 11:00:00,A,MIO_NAC,S1313,B9,FR,1999,2764.1,,
ESTAT:GOV_10A_MAIN(1.0),21/07/26 11:00:00,A,MIO_NAC,S1313,B9,FR,2000,1065.3,,
ESTAT:GOV_10A_MAIN(1.0),21/07/26 11:00:00,A,MIO_NAC,S1313,B9,FR,2001,802.9,,
ESTAT:GOV_10A_MAIN(1.0),21/07/26 11:00:00,A,MIO_NAC,S1313,B9,FR,2002,1323.3,,
ESTAT:GOV_10A_MAIN(1.0),21/07/26 11:00:00,A,MIO_NAC,S1313,B9,FR,2003,212.5,,
ESTAT:GOV_10A_MAIN(1.0),21/07/26 11:00:00,A,MIO_NAC,S1313,B9,FR,2004,-2970.0,,
ESTAT:GOV_10A_MAIN(1.0),21/07/26 11:00:00,A,MIO_NAC,S1313,B9,FR,2005,-3584.9,,
ESTAT:GOV_10A_MAIN(1.0),21/07/26 11:00:00,A,MIO_NAC,S1313,B9,FR,2006,-4082.8,,
ESTAT:GOV_10A_MAIN(1.0),21/07/26 11:00:00,A,MIO_NAC,S1313,B9,FR,2007,-8274.7,,
ESTAT:GOV_10A_MAIN(1.0),21/07/26 11:00:00,A,MIO_NAC,S1313,B9,FR,2008,-10130.8,,
ESTAT:GOV_10A_MAIN(1.0),21/07/26 11:00:00,A,MIO_NAC,S1313,B9,FR,2009,-6459.3,,
ESTAT:GOV_10A_MAIN(1.0),21/07/26 11:00:00,A,MIO_NAC,S1313,B9,FR,2010,-2137.7,,
ESTAT:GOV_10A_MAIN(1.0),21/07/26 11:00:00,A,MIO_NAC,S1313,B9,FR,2011,-1481.4,,
ESTAT:GOV_10A_MAIN(1.0),21/07/26 11:00:00,A,MIO_NAC,S1313,B9,FR,2012,-4700.2,,
ESTAT:GOV_10A_MAIN(1.0),21/07/26 11:00:00,A,MIO_NAC,S1313,B9,FR,2013,-8281.0,,
ESTAT:GOV_10A_MAIN(1.0),21/07/26 11:00:00,A,MIO_NAC,S1313,B9,FR,2014,-5682.0,,
ESTAT:GOV_10A_MAIN(1.0),21/07/26 11:00:00,A,MIO_NAC,S1313,B9,FR,2015,-436.0,,
ESTAT:GOV_10A_MAIN(1.0),21/07/26 11:00:00,A,MIO_NAC,S1313,B9,FR,2016,2258.0,,
ESTAT:GOV_10A_MAIN(1.0),21/07/26 11:00:00,A,MIO_NAC,S1313,B9,FR,2017,1410.0,,
ESTAT:GOV_10A_MAIN(1.0),21/07/26 11:00:00,A,MIO_NAC,S1313,B9,FR,2018,1776.0,,
ESTAT:GOV_10A_MAIN(1.0),21/07/26 11:00:00,A,MIO_NAC,S1313,B9,FR,2019,-2543.8,,
ESTAT:GOV_10A_MAIN(1.0),21/07/26 11:00:00,A,MIO_NAC,S1313,B9,FR,2020,-3858.3,,
ESTAT:GOV_10A_MAIN(1.0),21/07/26 11:00:00,A,MIO_NAC,S1313,B9,FR,2021,-891.7,,
ESTAT:GOV_10A_MAIN(1.0),21/07/26 11:00:00,A,MIO_NAC,S1313,B9,FR,2022,-1149.2,,
ESTAT:GOV_10A_MAIN(1.0),21/07/26 11:00:00,A,MIO_NAC,S1313,B9,FR,2023,-9946.9,,
ESTAT:GOV_10A_MAIN(1.0),21/07/26 11:00:00,A,MIO_NAC,S1313,B9,FR,2024,-17793.9,,
ESTAT:GOV_10A_MAIN(1.0),21/07/26 11:00:00,A,MIO_NAC,S1313,B9,FR,2025,-15555.9,,
ESTAT:GOV_10A_MAIN(1.0),21/07/26 11:00:00,A,MIO_NAC,S1313,B9,HR,1995,-10.5,,
ESTAT:GOV_10A_MAIN(1.0),21/07/26 11:00:00,A,MIO_NAC,S1313,B9,HR,1996,22.8,,
ESTAT:GOV_10A_MAIN(1.0),21/07/26 11:00:00,A,MIO_NAC,S1313,B9,HR,1997,-17.4,,
ESTAT:GOV_10A_MAIN(1.0),21/07/26 11:00:00,A,MIO_NAC,S1313,B9,HR,1998,-25.9,,
ESTAT:GOV_10A_MAIN(1.0),21/07/26 11:00:00,A,MIO_NAC,S1313,B9,HR,1999,-98.4,,
ESTAT:GOV_10A_MAIN(1.0),21/07/26 11:00:00,A,MIO_NAC,S1313,B9,HR,2000,11.4,,
ESTAT:GOV_10A_MAIN(1.0),21/07/26 11:00:00,A,MIO_NAC,S1313,B9,HR,2001,33.5,,
ESTAT:GOV_10A_MAIN(1.0),21/07/26 11:00:00,A,MIO_NAC,S1313,B9,HR,2002,108.2,,
ESTAT:GOV_10A_MAIN(1.0),21/07/26 11:00:00,A,MIO_NAC,S1313,B9,HR,2003,-53.3,,
ESTAT:GOV_10A_MAIN(1.0),21/07/26 11:00:00,A,MIO_NAC,S1313,B9,HR,2004,-88.0,,
ESTAT:GOV_10A_MAIN(1.0),21/07/26 11:00:00,A,MIO_NAC,S1313,B9,HR,2005,-170.5,,
ESTAT:GOV_10A_MAIN(1.0),21/07/26 11:00:00,A,MIO_NAC,S1313,B9,HR,2006,-88.6,,
ESTAT:GOV_10A_MAIN(1.0),21/07/26 11:00:00,A,MIO_NAC,S1313,B9,HR,2007,-94.5,,
ESTAT:GOV_10A_MAIN(1.0),21/07/26 11:00:00,A,MIO_NAC,S1313,B9,HR,2008,-77.9,,
ESTAT:GOV_10A_MAIN(1.0),21/07/26 11:00:00,A,MIO_NAC,S1313,B9,HR,2009,-351.9,,
ESTAT:GOV_10A_MAIN(1.0),21/07/26 11:00:00,A,MIO_NAC,S1313,B9,HR,2010,-4.0,,
ESTAT:GOV_10A_MAIN(1.0),21/07/26 11:00:00,A,MIO_NAC,S1313,B9,HR,2011,-49.3,,
ESTAT:GOV_10A_MAIN(1.0),21/07/26 11:00:00,A,MIO_NAC,S1313,B9,HR,2012,24.3,,
ESTAT:GOV_10A_MAIN(1.0),21/07/26 11:00:00,A,MIO_NAC,S1313,B9,HR,2013,5.3,,
ESTAT:GOV_10A_MAIN(1.0),21/07/26 11:00:00,A,MIO_NAC,S1313,B9,HR,2014,53.4,,
ESTAT:GOV_10A_MAIN(1.0),21/07/26 11:00:00,A,MIO_NAC,S1313,B9,HR,2015,61.2,,
ESTAT:GOV_10A_MAIN(1.0),21/07/26 11:00:00,A,MIO_NAC,S1313,B9,HR,2016,-16.0,,
ESTAT:GOV_10A_MAIN(1.0),21/07/26 11:00:00,A,MIO_NAC,S1313,B9,HR,2017,-9.0,,
ESTAT:GOV_10A_MAIN(1.0),21/07/26 11:00:00,A,MIO_NAC,S1313,B9,HR,2018,-52.2,,
ESTAT:GOV_10A_MAIN(1.0),21/07/26 11:00:00,A,MIO_NAC,S1313,B9,HR,2019,-220.9,,
ESTAT:GOV_10A_MAIN(1.0),21/07/26 11:00:00,A,MIO_NAC,S1313,B9,HR,2020,-484.4,,
ESTAT:GOV_10A_MAIN(1.0),21/07/26 11:00:00,A,MIO_NAC,S1313,B9,HR,2021,-159.1,,
ESTAT:GOV_10A_MAIN(1.0),21/07/26 11:00:00,A,MIO_NAC,S1313,B9,HR,2022,384.5,,
ESTAT:GOV_10A_MAIN(1.0),21/07/26 11:00:00,A,MIO_NAC,S1313,B9,HR,2023,444.9,,
ESTAT:GOV_10A_MAIN(1.0),21/07/26 11:00:00,A,MIO_NAC,S1313,B9,HR,2024,221.6,,
ESTAT:GOV_10A_MAIN(1.0),21/07/26 11:00:00,A,MIO_NAC,S1313,B9,HR,2025,-416.8,,
ESTAT:GOV_10A_MAIN(1.0),21/07/26 11:00:00,A,MIO_NAC,S1313,B9,HU,1995,7797.0,,
ESTAT:GOV_10A_MAIN(1.0),21/07/26 11:00:00,A,MIO_NAC,S1313,B9,HU,1996,26976.0,,
ESTAT:GOV_10A_MAIN(1.0),21/07/26 11:00:00,A,MIO_NAC,S1313,B9,HU,1997,-1808.0,,
ESTAT:GOV_10A_MAIN(1.0),21/07/26 11:00:00,A,MIO_NAC,S1313,B9,HU,1998,-31033.0,,
ESTAT:GOV_10A_MAIN(1.0),21/07/26 11:00:00,A,MIO_NAC,S1313,B9,HU,1999,252.0,,
ESTAT:GOV_10A_MAIN(1.0),21/07/26 11:00:00,A,MIO_NAC,S1313,B9,HU,2000,-35845.0,,
ESTAT:GOV_10A_MAIN(1.0),21/07/26 11:00:00,A,MIO_NAC,S1313,B9,HU,2001,17530.0,,
ESTAT:GOV_10A_MAIN(1.0),21/07/26 11:00:00,A,MIO_NAC,S1313,B9,HU,2002,-149560.0,,
ESTAT:GOV_10A_MAIN(1.0),21/07/26 11:00:00,A,MIO_NAC,S1313,B9,HU,2003,-29272.0,,
ESTAT:GOV_10A_MAIN(1.0),21/07/26 11:00:00,A,MIO_NAC,S1313,B9,HU,2004,-58927.0,,
ESTAT:GOV_10A_MAIN(1.0),21/07/26 11:00:00,A,MIO_NAC,S1313,B9,HU,2005,-120609.6,,
ESTAT:GOV_10A_MAIN(1.0),21/07/26 11:00:00,A,MIO_NAC,S1313,B9,HU,2006,-191665.0,,
ESTAT:GOV_10A_MAIN(1.0),21/07/26 11:00:00,A,MIO_NAC,S1313,B9,HU,2007,-28761.0,,
ESTAT:GOV_10A_MAIN(1.0),21/07/26 11:00:00,A,MIO_NAC,S1313,B9,HU,2008,18346.0,,
ESTAT:GOV_10A_MAIN(1.0),21/07/26 11:00:00,A,MIO_NAC,S1313,B9,HU,2009,-103345.0,,
ESTAT:GOV_10A_MAIN(1.0),21/07/26 11:00:00,A,MIO_NAC,S1313,B9,HU,2010,-231019.0,,
ESTAT:GOV_10A_MAIN(1.0),21/07/26 11:00:00,A,MIO_NAC,S1313,B9,HU,2011,169981.0,,
ESTAT:GOV_10A_MAIN(1.0),21/07/26 11:00:00,A,MIO_NAC,S1313,B9,HU,2012,139700.0,,
ESTAT:GOV_10A_MAIN(1.0),21/07/26 11:00:00,A,MIO_NAC,S1313,B9,HU,2013,751396.0,,
ESTAT:GOV_10A_MAIN(1.0),21/07/26 11:00:00,A,MIO_NAC,S1313,B9,HU,2014,441853.9,,
ESTAT:GOV_10A_MAIN(1.0),21/07/26 11:00:00,A,MIO_NAC,S1313,B9,HU,2015,57544.7,,
ESTAT:GOV_10A_MAIN(1.0),21/07/26 11:00:00,A,MIO_NAC,S1313,B9,HU,2016,103177.9,,
ESTAT:GOV_10A_MAIN(1.0),21/07/26 11:00:00,A,MIO_NAC,S1313,B9,HU,2017,20538.7,,
ESTAT:GOV_10A_MAIN(1.0),21/07/26 11:00:00,A,MIO_NAC,S1313,B9,HU,2018,29947.0,,
ESTAT:GOV_10A_MAIN(1.0),21/07/26 11:00:00,A,MIO_NAC,S1313,B9,HU,2019,-42989.1,,
ESTAT:GOV_10A_MAIN(1.0),21/07/26 11:00:00,A,MIO_NAC,S1313,B9,HU,2020,51203.8,,
ESTAT:GOV_10A_MAIN(1.0),21/07/26 11:00:00,A,MIO_NAC,S1313,B9,HU,2021,87648.5,,
ESTAT:GOV_10A_MAIN(1.0),21/07/26 11:00:00,A,MIO_NAC,S1313,B9,HU,2022,-158855.0,,
ESTAT:GOV_10A_MAIN(1.0),21/07/26 11:00:00,A,MIO_NAC,S1313,B9,HU,2023,-188433.0,,
ESTAT:GOV_10A_MAIN(1.0),21/07/26 11:00:00,A,MIO_NAC,S1313,B9,HU,2024,-423852.0,,
ESTAT:GOV_10A_MAIN(1.0),21/07/26 11:00:00,A,MIO_NAC,S1313,B9,HU,2025,49012.2,,
ESTAT:GOV_10A_MAIN(1.0),21/07/26 11:00:00,A,MIO_NAC,S1313,B9,IE,1995,-38.5,,
ESTAT:GOV_10A_MAIN(1.0),21/07/26 11:00:00,A,MIO_NAC,S1313,B9,IE,1996,-41.8,,
ESTAT:GOV_10A_MAIN(1.0),21/07/26 11:00:00,A,MIO_NAC,S1313,B9,IE,1997,-26.2,,
ESTAT:GOV_10A_MAIN(1.0),21/07/26 11:00:00,A,MIO_NAC,S1313,B9,IE,1998,-142.0,,
ESTAT:GOV_10A_MAIN(1.0),21/07/26 11:00:00,A,MIO_NAC,S1313,B9,IE,1999,-58.2,,
ESTAT:GOV_10A_MAIN(1.0),21/07/26 11:00:00,A,MIO_NAC,S1313,B9,IE,2000,-134.2,,
ESTAT:GOV_10A_MAIN(1.0),21/07/26 11:00:00,A,MIO_NAC,S1313,B9,IE,2001,-557.1,,
ESTAT:GOV_10A_MAIN(1.0),21/07/26 11:00:00,A,MIO_NAC,S1313,B9,IE,2002,-437.1,,
ESTAT:GOV_10A_MAIN(1.0),21/07/26 11:00:00,A,MIO_NAC,S1313,B9,IE,2003,422.3,,
ESTAT:GOV_10A_MAIN(1.0),21/07/26 11:00:00,A,MIO_NAC,S1313,B9,IE,2004,117.4,,
ESTAT:GOV_10A_MAIN(1.0),21/07/26 11:00:00,A,MIO_NAC,S1313,B9,IE,2005,333.1,,
ESTAT:GOV_10A_MAIN(1.0),21/07/26 11:00:00,A,MIO_NAC,S1313,B9,IE,2006,322.0,,
ESTAT:GOV_10A_MAIN(1.0),21/07/26 11:00:00,A,MIO_NAC,S1313,B9,IE,2007,-368.4,,
ESTAT:GOV_10A_MAIN(1.0),21/07/26 11:00:00,A,MIO_NAC,S1313,B9,IE,2008,-681.3,,
ESTAT:GOV_10A_MAIN(1.0),21/07/26 11:00:00,A,MIO_NAC,S1313,B9,IE,2009,-106.9,,
ESTAT:GOV_10A_MAIN(1.0),21/07/26 11:00:00,A,MIO_NAC,S1313,B9,IE,2010,-21.0,,
ESTAT:GOV_10A_MAIN(1.0),21/07/26 11:00:00,A,MIO_NAC,S1313,B9,IE,2011,-233.2,,
ESTAT:GOV_10A_MAIN(1.0),21/07/26 11:00:00,A,MIO_NAC,S1313,B9,IE,2012,-146.5,,
ESTAT:GOV_10A_MAIN(1.0),21/07/26 11:00:00,A,MIO_NAC,S1313,B9,IE,2013,-141.6,,
ESTAT:GOV_10A_MAIN(1.0),21/07/26 11:00:00,A,MIO_NAC,S1313,B9,IE,2014,272.7,,
ESTAT:GOV_10A_MAIN(1.0),21/07/26 11:00:00,A,MIO_NAC,S1313,B9,IE,2015,378.2,,
ESTAT:GOV_10A_MAIN(1.0),21/07/26 11:00:00,A,MIO_NAC,S1313,B9,IE,2016,188.7,,
ESTAT:GOV_10A_MAIN(1.0),21/07/26 11:00:00,A,MIO_NAC,S1313,B9,IE,2017,63.8,,
ESTAT:GOV_10A_MAIN(1.0),21/07/26 11:00:00,A,MIO_NAC,S1313,B9,IE,2018,-2.6,,
ESTAT:GOV_10A_MAIN(1.0),21/07/26 11:00:00,A,MIO_NAC,S1313,B9,IE,2019,-581.2,,
ESTAT:GOV_10A_MAIN(1.0),21/07/26 11:00:00,A,MIO_NAC,S1313,B9,IE,2020,-287.8,,
ESTAT:GOV_10A_MAIN(1.0),21/07/26 11:00:00,A,MIO_NAC,S1313,B9,IE,2021,-485.3,,
ESTAT:GOV_10A_MAIN(1.0),21/07/26 11:00:00,A,MIO_NAC,S1313,B9,IE,2022,-715.0,,
ESTAT:GOV_10A_MAIN(1.0),21/07/26 11:00:00,A,MIO_NAC,S1313,B9,IE,2023,-1132.1,,
ESTAT:GOV_10A_MAIN(1.0),21/07/26 11:00:00,A,MIO_NAC,S1313,B9,IE,2024,-1702.7,,
ESTAT:GOV_10A_MAIN(1.0),21/07/26 11:00:00,A,MIO_NAC,S1313,B9,IE,2025,-751.6,,
ESTAT:GOV_10A_MAIN(1.0),21/07/26 11:00:00,A,MIO_NAC,S1313,B9,IS,1998,-6024.6,,
ESTAT:GOV_10A_MAIN(1.0),21/07/26 11:00:00,A,MIO_NAC,S1313,B9,IS,1999,-3694.0,,
ESTAT:GOV_10A_MAIN(1.0),21/07/26 11:00:00,A,MIO_NAC,S1313,B9,IS,2000,-2851.5,,
ESTAT:GOV_10A_MAIN(1.0),21/07/26 11:00:00,A,MIO_NAC,S1313,B9,IS,2001,-5180.3,,
ESTAT:GOV_10A_MAIN(1.0),21/07/26 11:00:00,A,MIO_NAC,S1313,B9,IS,2002,-10407.5,,
ESTAT:GOV_10A_MAIN(1.0),21/07/26 11:00:00,A,MIO_NAC,S1313,B9,IS,2003,-5955.7,,
ESTAT:GOV_10A_MAIN(1.0),21/07/26 11:00:00,A,MIO_NAC,S1313,B9,IS,2004,-6664.1,,
ESTAT:GOV_10A_MAIN(1.0),21/07/26 11:00:00,A,MIO_NAC,S1313,B9,IS,2005,951.6,,
ESTAT:GOV_10A_MAIN(1.0),21/07/26 11:00:00,A,MIO_NAC,S1313,B9,IS,2006,3772.2,,
ESTAT:GOV_10A_MAIN(1.0),21/07/26 11:00:00,A,MIO_NAC,S1313,B9,IS,2007,8642.7,,
ESTAT:GOV_10A_MAIN(1.0),21/07/26 11:00:00,A,MIO_NAC,S1313,B9,IS,2008,-12228.2,,
ESTAT:GOV_10A_MAIN(1.0),21/07/26 11:00:00,A,MIO_NAC,S1313,B9,IS,2009,-14217.3,,
ESTAT:GOV_10A_MAIN(1.0),21/07/26 11:00:00,A,MIO_NAC,S1313,B9,IS,2010,-12613.3,,
ESTAT:GOV_10A_MAIN(1.0),21/07/26 11:00:00,A,MIO_NAC,S1313,B9,IS,2011,-4333.7,,
ESTAT:GOV_10A_MAIN(1.0),21/07/26 11:00:00,A,MIO_NAC,S1313,B9,IS,2012,-8910.4,,
ESTAT:GOV_10A_MAIN(1.0),21/07/26 11:00:00,A,MIO_NAC,S1313,B9,IS,2013,-1510.3,,
ESTAT:GOV_10A_MAIN(1.0),21/07/26 11:00:00,A,MIO_NAC,S1313,B9,IS,2014,-11317.1,,
ESTAT:GOV_10A_MAIN(1.0),21/07/26 11:00:00,A,MIO_NAC,S1313,B9,IS,2015,-8539.1,,
ESTAT:GOV_10A_MAIN(1.0),21/07/26 11:00:00,A,MIO_NAC,S1313,B9,IS,2016,7069.6,,
ESTAT:GOV_10A_MAIN(1.0),21/07/26 11:00:00,A,MIO_NAC,S1313,B9,IS,2017,-26662.3,,
ESTAT:GOV_10A_MAIN(1.0),21/07/26 11:00:00,A,MIO_NAC,S1313,B9,IS,2018,-14260.7,,
ESTAT:GOV_10A_MAIN(1.0),21/07/26 11:00:00,A,MIO_NAC,S1313,B9,IS,2019,-14373.2,,
ESTAT:GOV_10A_MAIN(1.0),21/07/26 11:00:00,A,MIO_NAC,S1313,B9,IS,2020,-32148.9,,
ESTAT:GOV_10A_MAIN(1.0),21/07/26 11:00:00,A,MIO_NAC,S1313,B9,IS,2021,-33303.1,,
ESTAT:GOV_10A_MAIN(1.0),21/07/26 11:00:00,A,MIO_NAC,S1313,B9,IS,2022,-52830.2,,
ESTAT:GOV_10A_MAIN(1.0),21/07/26 11:00:00,A,MIO_NAC,S1313,B9,IS,2023,-39602.4,,
ESTAT:GOV_10A_MAIN(1.0),21/07/26 11:00:00,A,MIO_NAC,S1313,B9,IS,2024,-24599.8,,
ESTAT:GOV_10A_MAIN(1.0),21/07/26 11:00:00,A,MIO_NAC,S1313,B9,IS,2025,-22311.9,,
ESTAT:GOV_10A_MAIN(1.0),21/07/26 11:00:00,A,MIO_NAC,S1313,B9,IT,1995,1269.0,,
ESTAT:GOV_10A_MAIN(1.0),21/07/26 11:00:00,A,MIO_NAC,S1313,B9,IT,1996,-2387.0,,
ESTAT:GOV_10A_MAIN(1.0),21/07/26 11:00:00,A,MIO_NAC,S1313,B9,IT,1997,-4283.0,,
ESTAT:GOV_10A_MAIN(1.0),21/07/26 11:00:00,A,MIO_NAC,S1313,B9,IT,1998,-7563.0,,
ESTAT:GOV_10A_MAIN(1.0),21/07/26 11:00:00,A,MIO_NAC,S1313,B9,IT,1999,-1107.0,,
ESTAT:GOV_10A_MAIN(1.0),21/07/26 11:00:00,A,MIO_NAC,S1313,B9,IT,2000,-3204.0,,
ESTAT:GOV_10A_MAIN(1.0),21/07/26 11:00:00,A,MIO_NAC,S1313,B9,IT,2001,-5272.0,,
ESTAT:GOV_10A_MAIN(1.0),21/07/26 11:00:00,A,MIO_NAC,S1313,B9,IT,2002,-10951.0,,
ESTAT:GOV_10A_MAIN(1.0),21/07/26 11:00:00,A,MIO_NAC,S1313,B9,IT,2003,-4903.0,,
ESTAT:GOV_10A_MAIN(1.0),21/07/26 11:00:00,A,MIO_NAC,S1313,B9,IT,2004,-13222.0,,
ESTAT:GOV_10A_MAIN(1.0),21/07/26 11:00:00,A,MIO_NAC,S1313,B9,IT,2005,-11766.0,,
ESTAT:GOV_10A_MAIN(1.0),21/07/26 11:00:00,A,MIO_NAC,S1313,B9,IT,2006,-14209.0,,
ESTAT:GOV_10A_MAIN(1.0),21/07/26 11:00:00,A,MIO_NAC,S1313,B9,IT,2007,-588.0,,
ESTAT:GOV_10A_MAIN(1.0),21/07/26 11:00:00,A,MIO_NAC,S1313,B9,IT,2008,-2052.0,,
ESTAT:GOV_10A_MAIN(1.0),21/07/26 11:00:00,A,MIO_NAC,S1313,B9,IT,2009,-3144.0,,
ESTAT:GOV_10A_MAIN(1.0),21/07/26 11:00:00,A,MIO_NAC,S1313,B9,IT,2010,-7321.0,,
ESTAT:GOV_10A_MAIN(1.0),21/07/26 11:00:00,A,MIO_NAC,S1313,B9,IT,2011,-4633.0,,
ESTAT:GOV_10A_MAIN(1.0),21/07/26 11:00:00,A,MIO_NAC,S1313,B9,IT,2012,4584.0,,
ESTAT:GOV_10A_MAIN(1.0),21/07/26 11:00:00,A,MIO_NAC,S1313,B9,IT,2013,869.0,,
ESTAT:GOV_10A_MAIN(1.0),21/07/26 11:00:00,A,MIO_NAC,S1313,B9,IT,2014,2844.0,,
ESTAT:GOV_10A_MAIN(1.0),21/07/26 11:00:00,A,MIO_NAC,S1313,B9,IT,2015,5515.0,,
ESTAT:GOV_10A_MAIN(1.0),21/07/26 11:00:00,A,MIO_NAC,S1313,B9,IT,2016,2725.0,,
ESTAT:GOV_10A_MAIN(1.0),21/07/26 11:00:00,A,MIO_NAC,S1313,B9,IT,2017,2489.0,,
ESTAT:GOV_10A_MAIN(1.0),21/07/26 11:00:00,A,MIO_NAC,S1313,B9,IT,2018,3320.0,,
ESTAT:GOV_10A_MAIN(1.0),21/07/26 11:00:00,A,MIO_NAC,S1313,B9,IT,2019,1833.0,,
ESTAT:GOV_10A_MAIN(1.0),21/07/26 11:00:00,A,MIO_NAC,S1313,B9,IT,2020,-2229.0,,
ESTAT:GOV_10A_MAIN(1.0),21/07/26 11:00:00,A,MIO_NAC,S1313,B9,IT,2021,-4093.0,,
ESTAT:GOV_10A_MAIN(1.0),21/07/26 11:00:00,A,MIO_NAC,S1313,B9,IT,2022,-2262.0,,
ESTAT:GOV_10A_MAIN(1.0),21/07/26 11:00:00,A,MIO_NAC,S1313,B9,IT,2023,5963.0,,
ESTAT:GOV_10A_MAIN(1.0),21/07/26 11:00:00,A,MIO_NAC,S1313,B9,IT,2024,2205.0,,
ESTAT:GOV_10A_MAIN(1.0),21/07/26 11:00:00,A,MIO_NAC,S1313,B9,IT,2025,195.0,,
ESTAT:GOV_10A_MAIN(1.0),21/07/26 11:00:00,A,MIO_NAC,S1313,B9,LT,1995,-25.4,,
ESTAT:GOV_10A_MAIN(1.0),21/07/26 11:00:00,A,MIO_NAC,S1313,B9,LT,1996,-25.0,,
ESTAT:GOV_10A_MAIN(1.0),21/07/26 11:00:00,A,MIO_NAC,S1313,B9,LT,1997,-21.4,,
ESTAT:GOV_10A_MAIN(1.0),21/07/26 11:00:00,A,MIO_NAC,S1313,B9,LT,1998,124.2,,
ESTAT:GOV_10A_MAIN(1.0),21/07/26 11:00:00,A,MIO_NAC,S1313,B9,LT,1999,-70.9,,
ESTAT:GOV_10A_MAIN(1.0),21/07/26 11:00:00,A,MIO_NAC,S1313,B9,LT,2000,-8.5,,
ESTAT:GOV_10A_MAIN(1.0),21/07/26 11:00:00,A,MIO_NAC,S1313,B9,LT,2001,-61.7,,
ESTAT:GOV_10A_MAIN(1.0),21/07/26 11:00:00,A,MIO_NAC,S1313,B9,LT,2002,2.1,,
ESTAT:GOV_10A_MAIN(1.0),21/07/26 11:00:00,A,MIO_NAC,S1313,B9,LT,2003,-5.9,,
ESTAT:GOV_10A_MAIN(1.0),21/07/26 11:00:00,A,MIO_NAC,S1313,B9,LT,2004,26.6,,
ESTAT:GOV_10A_MAIN(1.0),21/07/26 11:00:00,A,MIO_NAC,S1313,B9,LT,2005,-10.7,,
ESTAT:GOV_10A_MAIN(1.0),21/07/26 11:00:00,A,MIO_NAC,S1313,B9,LT,2006,-83.6,,
ESTAT:GOV_10A_MAIN(1.0),21/07/26 11:00:00,A,MIO_NAC,S1313,B9,LT,2007,-93.5,,
ESTAT:GOV_10A_MAIN(1.0),21/07/26 11:00:00,A,MIO_NAC,S1313,B9,LT,2008,-78.3,,
ESTAT:GOV_10A_MAIN(1.0),21/07/26 11:00:00,A,MIO_NAC,S1313,B9,LT,2009,-115.7,,
ESTAT:GOV_10A_MAIN(1.0),21/07/26 11:00:00,A,MIO_NAC,S1313,B9,LT,2010,18.9,,
ESTAT:GOV_10A_MAIN(1.0),21/07/26 11:00:00,A,MIO_NAC,S1313,B9,LT,2011,-115.5,,
ESTAT:GOV_10A_MAIN(1.0),21/07/26 11:00:00,A,MIO_NAC,S1313,B9,LT,2012,-83.8,,
ESTAT:GOV_10A_MAIN(1.0),21/07/26 11:00:00,A,MIO_NAC,S1313,B9,LT,2013,-96.4,,
ESTAT:GOV_10A_MAIN(1.0),21/07/26 11:00:00,A,MIO_NAC,S1313,B9,LT,2014,44.4,,
ESTAT:GOV_10A_MAIN(1.0),21/07/26 11:00:00,A,MIO_NAC,S1313,B9,LT,2015,122.5,,
ESTAT:GOV_10A_MAIN(1.0),21/07/26 11:00:00,A,MIO_NAC,S1313,B9,LT,2016,192.1,,
ESTAT:GOV_10A_MAIN(1.0),21/07/26 11:00:00,A,MIO_NAC,S1313,B9,LT,2017,82.3,,
ESTAT:GOV_10A_MAIN(1.0),21/07/26 11:00:00,A,MIO_NAC,S1313,B9,LT,2018,84.8,,
ESTAT:GOV_10A_MAIN(1.0),21/07/26 11:00:00,A,MIO_NAC,S1313,B9,LT,2019,39.7,,
ESTAT:GOV_10A_MAIN(1.0),21/07/26 11:00:00,A,MIO_NAC,S1313,B9,LT,2020,18.4,,
ESTAT:GOV_10A_MAIN(1.0),21/07/26 11:00:00,A,MIO_NAC,S1313,B9,LT,2021,163.4,,
ESTAT:GOV_10A_MAIN(1.0),21/07/26 11:00:00,A,MIO_NAC,S1313,B9,LT,2022,129.3,,
ESTAT:GOV_10A_MAIN(1.0),21/07/26 11:00:00,A,MIO_NAC,S1313,B9,LT,2023,123.9,,
ESTAT:GOV_10A_MAIN(1.0),21/07/26 11:00:00,A,MIO_NAC,S1313,B9,LT,2024,-16.2,,
ESTAT:GOV_10A_MAIN(1.0),21/07/26 11:00:00,A,MIO_NAC,S1313,B9,LT,2025,-122.6,,
ESTAT:GOV_10A_MAIN(1.0),21/07/26 11:00:00,A,MIO_NAC,S1313,B9,LU,1995,54.4,,
ESTAT:GOV_10A_MAIN(1.0),21/07/26 11:00:00,A,MIO_NAC,S1313,B9,LU,1996,69.0,,
ESTAT:GOV_10A_MAIN(1.0),21/07/26 11:00:00,A,MIO_NAC,S1313,B9,LU,1997,75.3,,
ESTAT:GOV_10A_MAIN(1.0),21/07/26 11:00:00,A,MIO_NAC,S1313,B9,LU,1998,46.5,,
ESTAT:GOV_10A_MAIN(1.0),21/07/26 11:00:00,A,MIO_NAC,S1313,B9,LU,1999,32.4,,
ESTAT:GOV_10A_MAIN(1.0),21/07/26 11:00:00,A,MIO_NAC,S1313,B9,LU,2000,110.5,,
ESTAT:GOV_10A_MAIN(1.0),21/07/26 11:00:00,A,MIO_NAC,S1313,B9,LU,2001,31.9,,
ESTAT:GOV_10A_MAIN(1.0),21/07/26 11:00:00,A,MIO_NAC,S1313,B9,LU,2002,29.4,,
ESTAT:GOV_10A_MAIN(1.0),21/07/26 11:00:00,A,MIO_NAC,S1313,B9,LU,2003,-0.5,,
ESTAT:GOV_10A_MAIN(1.0),21/07/26 11:00:00,A,MIO_NAC,S1313,B9,LU,2004,-28.7,,
ESTAT:GOV_10A_MAIN(1.0),21/07/26 11:00:00,A,MIO_NAC,S1313,B9,LU,2005,-91.5,,
ESTAT:GOV_10A_MAIN(1.0),21/07/26 11:00:00,A,MIO_NAC,S1313,B9,LU,2006,71.1,,
ESTAT:GOV_10A_MAIN(1.0),21/07/26 11:00:00,A,MIO_NAC,S1313,B9,LU,2007,138.3,,
ESTAT:GOV_10A_MAIN(1.0),21/07/26 11:00:00,A,MIO_NAC,S1313,B9,LU,2008,169.6,,
ESTAT:GOV_10A_MAIN(1.0),21/07/26 11:00:00,A,MIO_NAC,S1313,B9,LU,2009,-49.1,,
ESTAT:GOV_10A_MAIN(1.0),21/07/26 11:00:00,A,MIO_NAC,S1313,B9,LU,2010,66.7,,
ESTAT:GOV_10A_MAIN(1.0),21/07/26 11:00:00,A,MIO_NAC,S1313,B9,LU,2011,134.1,,
ESTAT:GOV_10A_MAIN(1.0),21/07/26 11:00:00,A,MIO_NAC,S1313,B9,LU,2012,227.9,,
ESTAT:GOV_10A_MAIN(1.0),21/07/26 11:00:00,A,MIO_NAC,S1313,B9,LU,2013,159.8,,
ESTAT:GOV_10A_MAIN(1.0),21/07/26 11:00:00,A,MIO_NAC,S1313,B9,LU,2014,142.7,,
ESTAT:GOV_10A_MAIN(1.0),21/07/26 11:00:00,A,MIO_NAC,S1313,B9,LU,2015,159.9,,
ESTAT:GOV_10A_MAIN(1.0),21/07/26 11:00:00,A,MIO_NAC,S1313,B9,LU,2016,137.1,,
ESTAT:GOV_10A_MAIN(1.0),21/07/26 11:00:00,A,MIO_NAC,S1313,B9,LU,2017,81.2,,
ESTAT:GOV_10A_MAIN(1.0),21/07/26 11:00:00,A,MIO_NAC,S1313,B9,LU,2018,240.4,,
ESTAT:GOV_10A_MAIN(1.0),21/07/26 11:00:00,A,MIO_NAC,S1313,B9,LU,2019,298.9,,
ESTAT:GOV_10A_MAIN(1.0),21/07/26 11:00:00,A,MIO_NAC,S1313,B9,LU,2020,42.7,,
ESTAT:GOV_10A_MAIN(1.0),21/07/26 11:00:00,A,MIO_NAC,S1313,B9,LU,2021,61.7,,
ESTAT:GOV_10A_MAIN(1.0),21/07/26 11:00:00,A,MIO_NAC,S1313,B9,LU,2022,-158.9,,
ESTAT:GOV_10A_MAIN(1.0),21/07/26 11:00:00,A,MIO_NAC,S1313,B9,LU,2023,-269.9,,
ESTAT:GOV_10A_MAIN(1.0),21/07/26 11:00:00,A,MIO_NAC,S1313,B9,LU,2024,67.1,,
ESTAT:GOV_10A_MAIN(1.0),21/07/26 11:00:00,A,MIO_NAC,S1313,B9,LU,2025,-121.8,,
ESTAT:GOV_10A_MAIN(1.0),21/07/26 11:00:00,A,MIO_NAC,S1313,B9,LV,1995,-3.9,,
ESTAT:GOV_10A_MAIN(1.0),21/07/26 11:00:00,A,MIO_NAC,S1313,B9,LV,1996,95.6,,
ESTAT:GOV_10A_MAIN(1.0),21/07/26 11:00:00,A,MIO_NAC,S1313,B9,LV,1997,35.6,,
ESTAT:GOV_10A_MAIN(1.0),21/07/26 11:00:00,A,MIO_NAC,S1313,B9,LV,1998,22.7,,
ESTAT:GOV_10A_MAIN(1.0),21/07/26 11:00:00,A,MIO_NAC,S1313,B9,LV,1999,-36.5,,
ESTAT:GOV_10A_MAIN(1.0),21/07/26 11:00:00,A,MIO_NAC,S1313,B9,LV,2000,-17.3,,
ESTAT:GOV_10A_MAIN(1.0),21/07/26 11:00:00,A,MIO_NAC,S1313,B9,LV,2001,-53.7,,
ESTAT:GOV_10A_MAIN(1.0),21/07/26 11:00:00,A,MIO_NAC,S1313,B9,LV,2002,-73.7,,
ESTAT:GOV_10A_MAIN(1.0),21/07/26 11:00:00,A,MIO_NAC,S1313,B9,LV,2003,-15.5,,
ESTAT:GOV_10A_MAIN(1.0),21/07/26 11:00:00,A,MIO_NAC,S1313,B9,LV,2004,-41.6,,
ESTAT:GOV_10A_MAIN(1.0),21/07/26 11:00:00,A,MIO_NAC,S1313,B9,LV,2005,-31.9,,
ESTAT:GOV_10A_MAIN(1.0),21/07/26 11:00:00,A,MIO_NAC,S1313,B9,LV,2006,-84.8,,
ESTAT:GOV_10A_MAIN(1.0),21/07/26 11:00:00,A,MIO_NAC,S1313,B9,LV,2007,-156.9,,
ESTAT:GOV_10A_MAIN(1.0),21/07/26 11:00:00,A,MIO_NAC,S1313,B9,LV,2008,-303.3,,
ESTAT:GOV_10A_MAIN(1.0),21/07/26 11:00:00,A,MIO_NAC,S1313,B9,LV,2009,-341.5,,
ESTAT:GOV_10A_MAIN(1.0),21/07/26 11:00:00,A,MIO_NAC,S1313,B9,LV,2010,-74.3,,
ESTAT:GOV_10A_MAIN(1.0),21/07/26 11:00:00,A,MIO_NAC,S1313,B9,LV,2011,-122.8,,
ESTAT:GOV_10A_MAIN(1.0),21/07/26 11:00:00,A,MIO_NAC,S1313,B9,LV,2012,-95.7,,
ESTAT:GOV_10A_MAIN(1.0),21/07/26 11:00:00,A,MIO_NAC,S1313,B9,LV,2013,-111.8,,
ESTAT:GOV_10A_MAIN(1.0),21/07/26 11:00:00,A,MIO_NAC,S1313,B9,LV,2014,-78.3,,
ESTAT:GOV_10A_MAIN(1.0),21/07/26 11:00:00,A,MIO_NAC,S1313,B9,LV,2015,52.0,,
ESTAT:GOV_10A_MAIN(1.0),21/07/26 11:00:00,A,MIO_NAC,S1313,B9,LV,2016,42.0,,
ESTAT:GOV_10A_MAIN(1.0),21/07/26 11:00:00,A,MIO_NAC,S1313,B9,LV,2017,-85.8,,
ESTAT:GOV_10A_MAIN(1.0),21/07/26 11:00:00,A,MIO_NAC,S1313,B9,LV,2018,-203.3,,
ESTAT:GOV_10A_MAIN(1.0),21/07/26 11:00:00,A,MIO_NAC,S1313,B9,LV,2019,174.8,,
ESTAT:GOV_10A_MAIN(1.0),21/07/26 11:00:00,A,MIO_NAC,S1313,B9,LV,2020,-44.6,,
ESTAT:GOV_10A_MAIN(1.0),21/07/26 11:00:00,A,MIO_NAC,S1313,B9,LV,2021,-88.5,,
ESTAT:GOV_10A_MAIN(1.0),21/07/26 11:00:00,A,MIO_NAC,S1313,B9,LV,2022,25.0,,
ESTAT:GOV_10A_MAIN(1.0),21/07/26 11:00:00,A,MIO_NAC,S1313,B9,LV,2023,-141.2,,
ESTAT:GOV_10A_MAIN(1.0),21/07/26 11:00:00,A,MIO_NAC,S1313,B9,LV,2024,66.2,,
ESTAT:GOV_10A_MAIN(1.0),21/07/26 11:00:00,A,MIO_NAC,S1313,B9,LV,2025,-171.6,,
ESTAT:GOV_10A_MAIN(1.0),21/07/26 11:00:00,A,MIO_NAC,S1313,B9,MT,1995,1.0,,
ESTAT:GOV_10A_MAIN(1.0),21/07/26 11:00:00,A,MIO_NAC,S1313,B9,MT,1996,-0.4,,
ESTAT:GOV_10A_MAIN(1.0),21/07/26 11:00:00,A,MIO_NAC,S1313,B9,MT,1997,-0.9,,
ESTAT:GOV_10A_MAIN(1.0),21/07/26 11:00:00,A,MIO_NAC,S1313,B9,MT,1998,1.2,,
ESTAT:GOV_10A_MAIN(1.0),21/07/26 11:00:00,A,MIO_NAC,S1313,B9,MT,1999,-0.8,,
ESTAT:GOV_10A_MAIN(1.0),21/07/26 11:00:00,A,MIO_NAC,S1313,B9,MT,2000,2.3,,
ESTAT:GOV_10A_MAIN(1.0),21/07/26 11:00:00,A,MIO_NAC,S1313,B9,MT,2001,2.1,,
ESTAT:GOV_10A_MAIN(1.0),21/07/26 11:00:00,A,MIO_NAC,S1313,B9,MT,2002,1.1,,
ESTAT:GOV_10A_MAIN(1.0),21/07/26 11:00:00,A,MIO_NAC,S1313,B9,MT,2003,-1.0,,
ESTAT:GOV_10A_MAIN(1.0),21/07/26 11:00:00,A,MIO_NAC,S1313,B9,MT,2004,0.5,,
ESTAT:GOV_10A_MAIN(1.0),21/07/26 11:00:00,A,MIO_NAC,S1313,B9,MT,2005,1.2,,
ESTAT:GOV_10A_MAIN(1.0),21/07/26 11:00:00,A,MIO_NAC,S1313,B9,MT,2006,0.0,,
ESTAT:GOV_10A_MAIN(1.0),21/07/26 11:00:00,A,MIO_NAC,S1313,B9,MT,2007,-0.2,,
ESTAT:GOV_10A_MAIN(1.0),21/07/26 11:00:00,A,MIO_NAC,S1313,B9,MT,2008,0.2,,
ESTAT:GOV_10A_MAIN(1.0),21/07/26 11:00:00,A,MIO_NAC,S1313,B9,MT,2009,0.5,,
ESTAT:GOV_10A_MAIN(1.0),21/07/26 11:00:00,A,MIO_NAC,S1313,B9,MT,2010,3.5,,
ESTAT:GOV_10A_MAIN(1.0),21/07/26 11:00:00,A,MIO_NAC,S1313,B9,MT,2011,-0.8,,
ESTAT:GOV_10A_MAIN(1.0),21/07/26 11:00:00,A,MIO_NAC,S1313,B9,MT,2012,-2.0,,
ESTAT:GOV_10A_MAIN(1.0),21/07/26 11:00:00,A,MIO_NAC,S1313,B9,MT,2013,-2.2,,
ESTAT:GOV_10A_MAIN(1.0),21/07/26 11:00:00,A,MIO_NAC,S1313,B9,MT,2014,2.3,,
ESTAT:GOV_10A_MAIN(1.0),21/07/26 11:00:00,A,MIO_NAC,S1313,B9,MT,2015,5.7,,
ESTAT:GOV_10A_MAIN(1.0),21/07/26 11:00:00,A,MIO_NAC,S1313,B9,MT,2016,5.0,,
ESTAT:GOV_10A_MAIN(1.0),21/07/26 11:00:00,A,MIO_NAC,S1313,B9,MT,2017,8.7,,
ESTAT:GOV_10A_MAIN(1.0),21/07/26 11:00:00,A,MIO_NAC,S1313,B9,MT,2018,6.5,,
ESTAT:GOV_10A_MAIN(1.0),21/07/26 11:00:00,A,MIO_NAC,S1313,B9,MT,2019,7.5,,
ESTAT:GOV_10A_MAIN(1.0),21/07/26 11:00:00,A,MIO_NAC,S1313,B9,MT,2020,7.2,,
ESTAT:GOV_10A_MAIN(1.0),21/07/26 11:00:00,A,MIO_NAC,S1313,B9,MT,2021,6.7,,
ESTAT:GOV_10A_MAIN(1.0),21/07/26 11:00:00,A,MIO_NAC,S1313,B9,MT,2022,1.5,,
ESTAT:GOV_10A_MAIN(1.0),21/07/26 11:00:00,A,MIO_NAC,S1313,B9,MT,2023,-2.7,,
ESTAT:GOV_10A_MAIN(1.0),21/07/26 11:00:00,A,MIO_NAC,S1313,B9,MT,2024,-2.6,,
ESTAT:GOV_10A_MAIN(1.0),21/07/26 11:00:00,A,MIO_NAC,S1313,B9,MT,2025,-2.9,,
ESTAT:GOV_10A_MAIN(1.0),21/07/26 11:00:00,A,MIO_NAC,S1313,B9,NL,1995,96.0,,
ESTAT:GOV_10A_MAIN(1.0),21/07/26 11:00:00,A,MIO_NAC,S1313,B9,NL,1996,668.0,,
ESTAT:GOV_10A_MAIN(1.0),21/07/26 11:00:00,A,MIO_NAC,S1313,B9,NL,1997,2853.0,,
ESTAT:GOV_10A_MAIN(1.0),21/07/26 11:00:00,A,MIO_NAC,S1313,B9,NL,1998,-28.0,,
ESTAT:GOV_10A_MAIN(1.0),21/07/26 11:00:00,A,MIO_NAC,S1313,B9,NL,1999,40.0,,
ESTAT:GOV_10A_MAIN(1.0),21/07/26 11:00:00,A,MIO_NAC,S1313,B9,NL,2000,-65.0,,
ESTAT:GOV_10A_MAIN(1.0),21/07/26 11:00:00,A,MIO_NAC,S1313,B9,NL,2001,-928.0,,
ESTAT:GOV_10A_MAIN(1.0),21/07/26 11:00:00,A,MIO_NAC,S1313,B9,NL,2002,-2486.0,,
ESTAT:GOV_10A_MAIN(1.0),21/07/26 11:00:00,A,MIO_NAC,S1313,B9,NL,2003,-2348.0,,
ESTAT:GOV_10A_MAIN(1.0),21/07/26 11:00:00,A,MIO_NAC,S1313,B9,NL,2004,-1769.0,,
ESTAT:GOV_10A_MAIN(1.0),21/07/26 11:00:00,A,MIO_NAC,S1313,B9,NL,2005,-1688.0,,
ESTAT:GOV_10A_MAIN(1.0),21/07/26 11:00:00,A,MIO_NAC,S1313,B9,NL,2006,-1633.0,,
ESTAT:GOV_10A_MAIN(1.0),21/07/26 11:00:00,A,MIO_NAC,S1313,B9,NL,2007,-2125.0,,
ESTAT:GOV_10A_MAIN(1.0),21/07/26 11:00:00,A,MIO_NAC,S1313,B9,NL,2008,-4520.0,,
ESTAT:GOV_10A_MAIN(1.0),21/07/26 11:00:00,A,MIO_NAC,S1313,B9,NL,2009,-5756.0,,
ESTAT:GOV_10A_MAIN(1.0),21/07/26 11:00:00,A,MIO_NAC,S1313,B9,NL,2010,-7090.0,,
ESTAT:GOV_10A_MAIN(1.0),21/07/26 11:00:00,A,MIO_NAC,S1313,B9,NL,2011,-4248.0,,
ESTAT:GOV_10A_MAIN(1.0),21/07/26 11:00:00,A,MIO_NAC,S1313,B9,NL,2012,-2800.0,,
ESTAT:GOV_10A_MAIN(1.0),21/07/26 11:00:00,A,MIO_NAC,S1313,B9,NL,2013,-2384.0,,
ESTAT:GOV_10A_MAIN(1.0),21/07/26 11:00:00,A,MIO_NAC,S1313,B9,NL,2014,-1568.0,,
ESTAT:GOV_10A_MAIN(1.0),21/07/26 11:00:00,A,MIO_NAC,S1313,B9,NL,2015,-1265.0,,
ESTAT:GOV_10A_MAIN(1.0),21/07/26 11:00:00,A,MIO_NAC,S1313,B9,NL,2016,438.0,,
ESTAT:GOV_10A_MAIN(1.0),21/07/26 11:00:00,A,MIO_NAC,S1313,B9,NL,2017,-383.0,,
ESTAT:GOV_10A_MAIN(1.0),21/07/26 11:00:00,A,MIO_NAC,S1313,B9,NL,2018,-1380.0,,
ESTAT:GOV_10A_MAIN(1.0),21/07/26 11:00:00,A,MIO_NAC,S1313,B9,NL,2019,-2168.0,,
ESTAT:GOV_10A_MAIN(1.0),21/07/26 11:00:00,A,MIO_NAC,S1313,B9,NL,2020,-1632.0,,
ESTAT:GOV_10A_MAIN(1.0),21/07/26 11:00:00,A,MIO_NAC,S1313,B9,NL,2021,1683.0,,
ESTAT:GOV_10A_MAIN(1.0),21/07/26 11:00:00,A,MIO_NAC,S1313,B9,NL,2022,2824.0,,
ESTAT:GOV_10A_MAIN(1.0),21/07/26 11:00:00,A,MIO_NAC,S1313,B9,NL,2023,-1688.0,,
ESTAT:GOV_10A_MAIN(1.0),21/07/26 11:00:00,A,MIO_NAC,S1313,B9,NL,2024,-2652.0,,
ESTAT:GOV_10A_MAIN(1.0),21/07/26 11:00:00,A,MIO_NAC,S1313,B9,NL,2025,-3974.0,p,
ESTAT:GOV_10A_MAIN(1.0),21/07/26 11:00:00,A,MIO_NAC,S1313,B9,NO,1995,-401.0,,
ESTAT:GOV_10A_MAIN(1.0),21/07/26 11:00:00,A,MIO_NAC,S1313,B9,NO,1996,-1645.0,,
ESTAT:GOV_10A_MAIN(1.0),21/07/26 11:00:00,A,MIO_NAC,S1313,B9,NO,1997,-1233.0,,
ESTAT:GOV_10A_MAIN(1.0),21/07/26 11:00:00,A,MIO_NAC,S1313,B9,NO,1998,-15760.0,,
ESTAT:GOV_10A_MAIN(1.0),21/07/26 11:00:00,A,MIO_NAC,S1313,B9,NO,1999,-10156.0,,
ESTAT:GOV_10A_MAIN(1.0),21/07/26 11:00:00,A,MIO_NAC,S1313,B9,NO,2000,-5095.0,,
ESTAT:GOV_10A_MAIN(1.0),21/07/26 11:00:00,A,MIO_NAC,S1313,B9,NO,2001,-10761.0,,
ESTAT:GOV_10A_MAIN(1.0),21/07/26 11:00:00,A,MIO_NAC,S1313,B9,NO,2002,848.0,,
ESTAT:GOV_10A_MAIN(1.0),21/07/26 11:00:00,A,MIO_NAC,S1313,B9,NO,2003,-15990.0,,
ESTAT:GOV_10A_MAIN(1.0),21/07/26 11:00:00,A,MIO_NAC,S1313,B9,NO,2004,-10473.0,,
ESTAT:GOV_10A_MAIN(1.0),21/07/26 11:00:00,A,MIO_NAC,S1313,B9,NO,2005,-337.0,,
ESTAT:GOV_10A_MAIN(1.0),21/07/26 11:00:00,A,MIO_NAC,S1313,B9,NO,2006,-1382.0,,
ESTAT:GOV_10A_MAIN(1.0),21/07/26 11:00:00,A,MIO_NAC,S1313,B9,NO,2007,-10442.0,,
ESTAT:GOV_10A_MAIN(1.0),21/07/26 11:00:00,A,MIO_NAC,S1313,B9,NO,2008,-27047.0,,
ESTAT:GOV_10A_MAIN(1.0),21/07/26 11:00:00,A,MIO_NAC,S1313,B9,NO,2009,-24128.0,,
ESTAT:GOV_10A_MAIN(1.0),21/07/26 11:00:00,A,MIO_NAC,S1313,B9,NO,2010,-21653.0,,
ESTAT:GOV_10A_MAIN(1.0),21/07/26 11:00:00,A,MIO_NAC,S1313,B9,NO,2011,-19461.0,,
ESTAT:GOV_10A_MAIN(1.0),21/07/26 11:00:00,A,MIO_NAC,S1313,B9,NO,2012,-16730.0,,
ESTAT:GOV_10A_MAIN(1.0),21/07/26 11:00:00,A,MIO_NAC,S1313,B9,NO,2013,-23918.0,,
ESTAT:GOV_10A_MAIN(1.0),21/07/26 11:00:00,A,MIO_NAC,S1313,B9,NO,2014,-23979.0,,
ESTAT:GOV_10A_MAIN(1.0),21/07/26 11:00:00,A,MIO_NAC,S1313,B9,NO,2015,-10000.0,,
ESTAT:GOV_10A_MAIN(1.0),21/07/26 11:00:00,A,MIO_NAC,S1313,B9,NO,2016,-13024.0,,
ESTAT:GOV_10A_MAIN(1.0),21/07/26 11:00:00,A,MIO_NAC,S1313,B9,NO,2017,-12128.0,,
ESTAT:GOV_10A_MAIN(1.0),21/07/26 11:00:00,A,MIO_NAC,S1313,B9,NO,2018,-19988.0,,
ESTAT:GOV_10A_MAIN(1.0),21/07/26 11:00:00,A,MIO_NAC,S1313,B9,NO,2019,-35337.0,,
ESTAT:GOV_10A_MAIN(1.0),21/07/26 11:00:00,A,MIO_NAC,S1313,B9,NO,2020,-22703.0,,
ESTAT:GOV_10A_MAIN(1.0),21/07/26 11:00:00,A,MIO_NAC,S1313,B9,NO,2021,16963.0,,
ESTAT:GOV_10A_MAIN(1.0),21/07/26 11:00:00,A,MIO_NAC,S1313,B9,NO,2022,-48682.0,,
ESTAT:GOV_10A_MAIN(1.0),21/07/26 11:00:00,A,MIO_NAC,S1313,B9,NO,2023,-44306.0,,
ESTAT:GOV_10A_MAIN(1.0),21/07/26 11:00:00,A,MIO_NAC,S1313,B9,NO,2024,-49665.0,,
ESTAT:GOV_10A_MAIN(1.0),21/07/26 11:00:00,A,MIO_NAC,S1313,B9,NO,2025,-31415.0,,
ESTAT:GOV_10A_MAIN(1.0),21/07/26 11:00:00,A,MIO_NAC,S1313,B9,PL,1995,-7567.0,,
ESTAT:GOV_10A_MAIN(1.0),21/07/26 11:00:00,A,MIO_NAC,S1313,B9,PL,1996,-7433.0,,
ESTAT:GOV_10A_MAIN(1.0),21/07/26 11:00:00,A,MIO_NAC,S1313,B9,PL,1997,-8118.0,,
ESTAT:GOV_10A_MAIN(1.0),21/07/26 11:00:00,A,MIO_NAC,S1313,B9,PL,1998,-8009.0,,
ESTAT:GOV_10A_MAIN(1.0),21/07/26 11:00:00,A,MIO_NAC,S1313,B9,PL,1999,-5350.0,,
ESTAT:GOV_10A_MAIN(1.0),21/07/26 11:00:00,A,MIO_NAC,S1313,B9,PL,2000,-2794.0,,
ESTAT:GOV_10A_MAIN(1.0),21/07/26 11:00:00,A,MIO_NAC,S1313,B9,PL,2001,-594.0,,
ESTAT:GOV_10A_MAIN(1.0),21/07/26 11:00:00,A,MIO_NAC,S1313,B9,PL,2002,-2431.0,,
ESTAT:GOV_10A_MAIN(1.0),21/07/26 11:00:00,A,MIO_NAC,S1313,B9,PL,2003,-2976.0,,
ESTAT:GOV_10A_MAIN(1.0),21/07/26 11:00:00,A,MIO_NAC,S1313,B9,PL,2004,1434.0,,
ESTAT:GOV_10A_MAIN(1.0),21/07/26 11:00:00,A,MIO_NAC,S1313,B9,PL,2005,-1185.4,,
ESTAT:GOV_10A_MAIN(1.0),21/07/26 11:00:00,A,MIO_NAC,S1313,B9,PL,2006,-2843.0,,
ESTAT:GOV_10A_MAIN(1.0),21/07/26 11:00:00,A,MIO_NAC,S1313,B9,PL,2007,-79.0,,
ESTAT:GOV_10A_MAIN(1.0),21/07/26 11:00:00,A,MIO_NAC,S1313,B9,PL,2008,-2552.0,,
ESTAT:GOV_10A_MAIN(1.0),21/07/26 11:00:00,A,MIO_NAC,S1313,B9,PL,2009,-14844.0,,
ESTAT:GOV_10A_MAIN(1.0),21/07/26 11:00:00,A,MIO_NAC,S1313,B9,PL,2010,-18556.0,,
ESTAT:GOV_10A_MAIN(1.0),21/07/26 11:00:00,A,MIO_NAC,S1313,B9,PL,2011,-13482.0,,
ESTAT:GOV_10A_MAIN(1.0),21/07/26 11:00:00,A,MIO_NAC,S1313,B9,PL,2012,-5799.0,,
ESTAT:GOV_10A_MAIN(1.0),21/07/26 11:00:00,A,MIO_NAC,S1313,B9,PL,2013,-3640.0,,
ESTAT:GOV_10A_MAIN(1.0),21/07/26 11:00:00,A,MIO_NAC,S1313,B9,PL,2014,-5032.4,,
ESTAT:GOV_10A_MAIN(1.0),21/07/26 11:00:00,A,MIO_NAC,S1313,B9,PL,2015,-1121.9,,
ESTAT:GOV_10A_MAIN(1.0),21/07/26 11:00:00,A,MIO_NAC,S1313,B9,PL,2016,4995.0,,
ESTAT:GOV_10A_MAIN(1.0),21/07/26 11:00:00,A,MIO_NAC,S1313,B9,PL,2017,1996.0,,
ESTAT:GOV_10A_MAIN(1.0),21/07/26 11:00:00,A,MIO_NAC,S1313,B9,PL,2018,-6786.0,,
ESTAT:GOV_10A_MAIN(1.0),21/07/26 11:00:00,A,MIO_NAC,S1313,B9,PL,2019,-4812.0,,
ESTAT:GOV_10A_MAIN(1.0),21/07/26 11:00:00,A,MIO_NAC,S1313,B9,PL,2020,4131.0,,
ESTAT:GOV_10A_MAIN(1.0),21/07/26 11:00:00,A,MIO_NAC,S1313,B9,PL,2021,14836.0,,
ESTAT:GOV_10A_MAIN(1.0),21/07/26 11:00:00,A,MIO_NAC,S1313,B9,PL,2022,-13274.0,,
ESTAT:GOV_10A_MAIN(1.0),21/07/26 11:00:00,A,MIO_NAC,S1313,B9,PL,2023,-24811.0,,
ESTAT:GOV_10A_MAIN(1.0),21/07/26 11:00:00,A,MIO_NAC,S1313,B9,PL,2024,14105.0,,
ESTAT:GOV_10A_MAIN(1.0),21/07/26 11:00:00,A,MIO_NAC,S1313,B9,PL,2025,637.0,,
ESTAT:GOV_10A_MAIN(1.0),21/07/26 11:00:00,A,MIO_NAC,S1313,B9,PT,1995,66.1,,
ESTAT:GOV_10A_MAIN(1.0),21/07/26 11:00:00,A,MIO_NAC,S1313,B9,PT,1996,-261.0,,
ESTAT:GOV_10A_MAIN(1.0),21/07/26 11:00:00,A,MIO_NAC,S1313,B9,PT,1997,-412.7,,
ESTAT:GOV_10A_MAIN(1.0),21/07/26 11:00:00,A,MIO_NAC,S1313,B9,PT,1998,412.4,,
ESTAT:GOV_10A_MAIN(1.0),21/07/26 11:00:00,A,MIO_NAC,S1313,B9,PT,1999,279.3,,
ESTAT:GOV_10A_MAIN(1.0),21/07/26 11:00:00,A,MIO_NAC,S1313,B9,PT,2000,-483.1,,
ESTAT:GOV_10A_MAIN(1.0),21/07/26 11:00:00,A,MIO_NAC,S1313,B9,PT,2001,-534.5,,
ESTAT:GOV_10A_MAIN(1.0),21/07/26 11:00:00,A,MIO_NAC,S1313,B9,PT,2002,-652.5,,
ESTAT:GOV_10A_MAIN(1.0),21/07/26 11:00:00,A,MIO_NAC,S1313,B9,PT,2003,-690.5,,
ESTAT:GOV_10A_MAIN(1.0),21/07/26 11:00:00,A,MIO_NAC,S1313,B9,PT,2004,-525.4,,
ESTAT:GOV_10A_MAIN(1.0),21/07/26 11:00:00,A,MIO_NAC,S1313,B9,PT,2005,-577.0,,
ESTAT:GOV_10A_MAIN(1.0),21/07/26 11:00:00,A,MIO_NAC,S1313,B9,PT,2006,-205.7,,
ESTAT:GOV_10A_MAIN(1.0),21/07/26 11:00:00,A,MIO_NAC,S1313,B9,PT,2007,-465.1,,
ESTAT:GOV_10A_MAIN(1.0),21/07/26 11:00:00,A,MIO_NAC,S1313,B9,PT,2008,-1096.1,,
ESTAT:GOV_10A_MAIN(1.0),21/07/26 11:00:00,A,MIO_NAC,S1313,B9,PT,2009,-1385.0,,
ESTAT:GOV_10A_MAIN(1.0),21/07/26 11:00:00,A,MIO_NAC,S1313,B9,PT,2010,-1543.0,,
ESTAT:GOV_10A_MAIN(1.0),21/07/26 11:00:00,A,MIO_NAC,S1313,B9,PT,2011,-201.2,,
ESTAT:GOV_10A_MAIN(1.0),21/07/26 11:00:00,A,MIO_NAC,S1313,B9,PT,2012,835.3,,
ESTAT:GOV_10A_MAIN(1.0),21/07/26 11:00:00,A,MIO_NAC,S1313,B9,PT,2013,309.1,,
ESTAT:GOV_10A_MAIN(1.0),21/07/26 11:00:00,A,MIO_NAC,S1313,B9,PT,2014,654.8,,
ESTAT:GOV_10A_MAIN(1.0),21/07/26 11:00:00,A,MIO_NAC,S1313,B9,PT,2015,776.3,,
ESTAT:GOV_10A_MAIN(1.0),21/07/26 11:00:00,A,MIO_NAC,S1313,B9,PT,2016,863.0,,
ESTAT:GOV_10A_MAIN(1.0),21/07/26 11:00:00,A,MIO_NAC,S1313,B9,PT,2017,348.0,,
ESTAT:GOV_10A_MAIN(1.0),21/07/26 11:00:00,A,MIO_NAC,S1313,B9,PT,2018,499.2,,
ESTAT:GOV_10A_MAIN(1.0),21/07/26 11:00:00,A,MIO_NAC,S1313,B9,PT,2019,604.4,,
ESTAT:GOV_10A_MAIN(1.0),21/07/26 11:00:00,A,MIO_NAC,S1313,B9,PT,2020,-207.2,,
ESTAT:GOV_10A_MAIN(1.0),21/07/26 11:00:00,A,MIO_NAC,S1313,B9,PT,2021,-600.6,,
ESTAT:GOV_10A_MAIN(1.0),21/07/26 11:00:00,A,MIO_NAC,S1313,B9,PT,2022,-90.5,,
ESTAT:GOV_10A_MAIN(1.0),21/07/26 11:00:00,A,MIO_NAC,S1313,B9,PT,2023,-243.0,,
ESTAT:GOV_10A_MAIN(1.0),21/07/26 11:00:00,A,MIO_NAC,S1313,B9,PT,2024,255.9,,
ESTAT:GOV_10A_MAIN(1.0),21/07/26 11:00:00,A,MIO_NAC,S1313,B9,PT,2025,629.7,,
ESTAT:GOV_10A_MAIN(1.0),21/07/26 11:00:00,A,MIO_NAC,S1313,B9,RO,1995,6.4,,
ESTAT:GOV_10A_MAIN(1.0),21/07/26 11:00:00,A,MIO_NAC,S1313,B9,RO,1996,13.7,,
ESTAT:GOV_10A_MAIN(1.0),21/07/26 11:00:00,A,MIO_NAC,S1313,B9,RO,1997,11.1,,
ESTAT:GOV_10A_MAIN(1.0),21/07/26 11:00:00,A,MIO_NAC,S1313,B9,RO,1998,-3.8,,
ESTAT:GOV_10A_MAIN(1.0),21/07/26 11:00:00,A,MIO_NAC,S1313,B9,RO,1999,70.1,,
ESTAT:GOV_10A_MAIN(1.0),21/07/26 11:00:00,A,MIO_NAC,S1313,B9,RO,2000,228.9,,
ESTAT:GOV_10A_MAIN(1.0),21/07/26 11:00:00,A,MIO_NAC,S1313,B9,RO,2001,220.9,,
ESTAT:GOV_10A_MAIN(1.0),21/07/26 11:00:00,A,MIO_NAC,S1313,B9,RO,2002,-5.0,,
ESTAT:GOV_10A_MAIN(1.0),21/07/26 11:00:00,A,MIO_NAC,S1313,B9,RO,2003,345.9,,
ESTAT:GOV_10A_MAIN(1.0),21/07/26 11:00:00,A,MIO_NAC,S1313,B9,RO,2004,-484.3,,
ESTAT:GOV_10A_MAIN(1.0),21/07/26 11:00:00,A,MIO_NAC,S1313,B9,RO,2005,-71.8,,
ESTAT:GOV_10A_MAIN(1.0),21/07/26 11:00:00,A,MIO_NAC,S1313,B9,RO,2006,25.2,,
ESTAT:GOV_10A_MAIN(1.0),21/07/26 11:00:00,A,MIO_NAC,S1313,B9,RO,2007,-986.2,,
ESTAT:GOV_10A_MAIN(1.0),21/07/26 11:00:00,A,MIO_NAC,S1313,B9,RO,2008,-5420.9,,
ESTAT:GOV_10A_MAIN(1.0),21/07/26 11:00:00,A,MIO_NAC,S1313,B9,RO,2009,-3811.3,,
ESTAT:GOV_10A_MAIN(1.0),21/07/26 11:00:00,A,MIO_NAC,S1313,B9,RO,2010,-528.4,,
ESTAT:GOV_10A_MAIN(1.0),21/07/26 11:00:00,A,MIO_NAC,S1313,B9,RO,2011,-3456.9,,
ESTAT:GOV_10A_MAIN(1.0),21/07/26 11:00:00,A,MIO_NAC,S1313,B9,RO,2012,-2782.1,,
ESTAT:GOV_10A_MAIN(1.0),21/07/26 11:00:00,A,MIO_NAC,S1313,B9,RO,2013,717.2,,
ESTAT:GOV_10A_MAIN(1.0),21/07/26 11:00:00,A,MIO_NAC,S1313,B9,RO,2014,3424.6,,
ESTAT:GOV_10A_MAIN(1.0),21/07/26 11:00:00,A,MIO_NAC,S1313,B9,RO,2015,5187.5,,
ESTAT:GOV_10A_MAIN(1.0),21/07/26 11:00:00,A,MIO_NAC,S1313,B9,RO,2016,1487.9,,
ESTAT:GOV_10A_MAIN(1.0),21/07/26 11:00:00,A,MIO_NAC,S1313,B9,RO,2017,1496.7,,
ESTAT:GOV_10A_MAIN(1.0),21/07/26 11:00:00,A,MIO_NAC,S1313,B9,RO,2018,-558.3,,
ESTAT:GOV_10A_MAIN(1.0),21/07/26 11:00:00,A,MIO_NAC,S1313,B9,RO,2019,-1673.7,,
ESTAT:GOV_10A_MAIN(1.0),21/07/26 11:00:00,A,MIO_NAC,S1313,B9,RO,2020,-2951.6,,
ESTAT:GOV_10A_MAIN(1.0),21/07/26 11:00:00,A,MIO_NAC,S1313,B9,RO,2021,2874.9,,
ESTAT:GOV_10A_MAIN(1.0),21/07/26 11:00:00,A,MIO_NAC,S1313,B9,RO,2022,1359.6,,
ESTAT:GOV_10A_MAIN(1.0),21/07/26 11:00:00,A,MIO_NAC,S1313,B9,RO,2023,-3257.9,,
ESTAT:GOV_10A_MAIN(1.0),21/07/26 11:00:00,A,MIO_NAC,S1313,B9,RO,2024,-9367.7,,
ESTAT:GOV_10A_MAIN(1.0),21/07/26 11:00:00,A,MIO_NAC,S1313,B9,RO,2025,-3564.7,,
ESTAT:GOV_10A_MAIN(1.0),21/07/26 11:00:00,A,MIO_NAC,S1313,B9,SE,1995,-7199.0,,
ESTAT:GOV_10A_MAIN(1.0),21/07/26 11:00:00,A,MIO_NAC,S1313,B9,SE,1996,-6542.0,,
ESTAT:GOV_10A_MAIN(1.0),21/07/26 11:00:00,A,MIO_NAC,S1313,B9,SE,1997,-9526.0,,
ESTAT:GOV_10A_MAIN(1.0),21/07/26 11:00:00,A,MIO_NAC,S1313,B9,SE,1998,-3516.0,,
ESTAT:GOV_10A_MAIN(1.0),21/07/26 11:00:00,A,MIO_NAC,S1313,B9,SE,1999,-7875.0,,
ESTAT:GOV_10A_MAIN(1.0),21/07/26 11:00:00,A,MIO_NAC,S1313,B9,SE,2000,683.0,,
ESTAT:GOV_10A_MAIN(1.0),21/07/26 11:00:00,A,MIO_NAC,S1313,B9,SE,2001,-6216.0,,
ESTAT:GOV_10A_MAIN(1.0),21/07/26 11:00:00,A,MIO_NAC,S1313,B9,SE,2002,-15213.0,,
ESTAT:GOV_10A_MAIN(1.0),21/07/26 11:00:00,A,MIO_NAC,S1313,B9,SE,2003,-8610.0,,
ESTAT:GOV_10A_MAIN(1.0),21/07/26 11:00:00,A,MIO_NAC,S1313,B9,SE,2004,-40.0,,
ESTAT:GOV_10A_MAIN(1.0),21/07/26 11:00:00,A,MIO_NAC,S1313,B9,SE,2005,8247.0,,
ESTAT:GOV_10A_MAIN(1.0),21/07/26 11:00:00,A,MIO_NAC,S1313,B9,SE,2006,2034.0,,
ESTAT:GOV_10A_MAIN(1.0),21/07/26 11:00:00,A,MIO_NAC,S1313,B9,SE,2007,1540.0,,
ESTAT:GOV_10A_MAIN(1.0),21/07/26 11:00:00,A,MIO_NAC,S1313,B9,SE,2008,-5321.0,,
ESTAT:GOV_10A_MAIN(1.0),21/07/26 11:00:00,A,MIO_NAC,S1313,B9,SE,2009,-9807.0,,
ESTAT:GOV_10A_MAIN(1.0),21/07/26 11:00:00,A,MIO_NAC,S1313,B9,SE,2010,3007.0,,
ESTAT:GOV_10A_MAIN(1.0),21/07/26 11:00:00,A,MIO_NAC,S1313,B9,SE,2011,-15932.0,,
ESTAT:GOV_10A_MAIN(1.0),21/07/26 11:00:00,A,MIO_NAC,S1313,B9,SE,2012,-10000.0,,
ESTAT:GOV_10A_MAIN(1.0),21/07/26 11:00:00,A,MIO_NAC,S1313,B9,SE,2013,-9708.0,,
ESTAT:GOV_10A_MAIN(1.0),21/07/26 11:00:00,A,MIO_NAC,S1313,B9,SE,2014,-28185.0,,
ESTAT:GOV_10A_MAIN(1.0),21/07/26 11:00:00,A,MIO_NAC,S1313,B9,SE,2015,-27058.0,,
ESTAT:GOV_10A_MAIN(1.0),21/07/26 11:00:00,A,MIO_NAC,S1313,B9,SE,2016,-32006.0,,
ESTAT:GOV_10A_MAIN(1.0),21/07/26 11:00:00,A,MIO_NAC,S1313,B9,SE,2017,-17214.0,,
ESTAT:GOV_10A_MAIN(1.0),21/07/26 11:00:00,A,MIO_NAC,S1313,B9,SE,2018,-37788.0,,
ESTAT:GOV_10A_MAIN(1.0),21/07/26 11:00:00,A,MIO_NAC,S1313,B9,SE,2019,-52113.0,,
ESTAT:GOV_10A_MAIN(1.0),21/07/26 11:00:00,A,MIO_NAC,S1313,B9,SE,2020,-7722.0,,
ESTAT:GOV_10A_MAIN(1.0),21/07/26 11:00:00,A,MIO_NAC,S1313,B9,SE,2021,24536.0,,
ESTAT:GOV_10A_MAIN(1.0),21/07/26 11:00:00,A,MIO_NAC,S1313,B9,SE,2022,15465.0,,
ESTAT:GOV_10A_MAIN(1.0),21/07/26 11:00:00,A,MIO_NAC,S1313,B9,SE,2023,-63240.0,,
ESTAT:GOV_10A_MAIN(1.0),21/07/26 11:00:00,A,MIO_NAC,S1313,B9,SE,2024,-58140.0,,
ESTAT:GOV_10A_MAIN(1.0),21/07/26 11:00:00,A,MIO_NAC,S1313,B9,SE,2025,-26670.0,,
ESTAT:GOV_10A_MAIN(1.0),21/07/26 11:00:00,A,MIO_NAC,S1313,B9,SI,1995,19.0,,
ESTAT:GOV_10A_MAIN(1.0),21/07/26 11:00:00,A,MIO_NAC,S1313,B9,SI,1996,16.1,,
ESTAT:GOV_10A_MAIN(1.0),21/07/26 11:00:00,A,MIO_NAC,S1313,B9,SI,1997,48.1,,
ESTAT:GOV_10A_MAIN(1.0),21/07/26 11:00:00,A,MIO_NAC,S1313,B9,SI,1998,30.4,,
ESTAT:GOV_10A_MAIN(1.0),21/07/26 11:00:00,A,MIO_NAC,S1313,B9,SI,1999,12.6,,
ESTAT:GOV_10A_MAIN(1.0),21/07/26 11:00:00,A,MIO_NAC,S1313,B9,SI,2000,5.2,,
ESTAT:GOV_10A_MAIN(1.0),21/07/26 11:00:00,A,MIO_NAC,S1313,B9,SI,2001,-7.8,,
ESTAT:GOV_10A_MAIN(1.0),21/07/26 11:00:00,A,MIO_NAC,S1313,B9,SI,2002,-40.5,,
ESTAT:GOV_10A_MAIN(1.0),21/07/26 11:00:00,A,MIO_NAC,S1313,B9,SI,2003,-17.4,,
ESTAT:GOV_10A_MAIN(1.0),21/07/26 11:00:00,A,MIO_NAC,S1313,B9,SI,2004,-24.5,,
ESTAT:GOV_10A_MAIN(1.0),21/07/26 11:00:00,A,MIO_NAC,S1313,B9,SI,2005,-13.1,,
ESTAT:GOV_10A_MAIN(1.0),21/07/26 11:00:00,A,MIO_NAC,S1313,B9,SI,2006,-24.4,,
ESTAT:GOV_10A_MAIN(1.0),21/07/26 11:00:00,A,MIO_NAC,S1313,B9,SI,2007,-47.2,,
ESTAT:GOV_10A_MAIN(1.0),21/07/26 11:00:00,A,MIO_NAC,S1313,B9,SI,2008,-258.4,,
ESTAT:GOV_10A_MAIN(1.0),21/07/26 11:00:00,A,MIO_NAC,S1313,B9,SI,2009,-175.9,,
ESTAT:GOV_10A_MAIN(1.0),21/07/26 11:00:00,A,MIO_NAC,S1313,B9,SI,2010,-94.9,,
ESTAT:GOV_10A_MAIN(1.0),21/07/26 11:00:00,A,MIO_NAC,S1313,B9,SI,2011,29.0,,
ESTAT:GOV_10A_MAIN(1.0),21/07/26 11:00:00,A,MIO_NAC,S1313,B9,SI,2012,18.7,,
ESTAT:GOV_10A_MAIN(1.0),21/07/26 11:00:00,A,MIO_NAC,S1313,B9,SI,2013,-52.8,,
ESTAT:GOV_10A_MAIN(1.0),21/07/26 11:00:00,A,MIO_NAC,S1313,B9,SI,2014,-49.7,,
ESTAT:GOV_10A_MAIN(1.0),21/07/26 11:00:00,A,MIO_NAC,S1313,B9,SI,2015,112.6,,
ESTAT:GOV_10A_MAIN(1.0),21/07/26 11:00:00,A,MIO_NAC,S1313,B9,SI,2016,71.8,,
ESTAT:GOV_10A_MAIN(1.0),21/07/26 11:00:00,A,MIO_NAC,S1313,B9,SI,2017,4.2,,
ESTAT:GOV_10A_MAIN(1.0),21/07/26 11:00:00,A,MIO_NAC,S1313,B9,SI,2018,-91.7,,
ESTAT:GOV_10A_MAIN(1.0),21/07/26 11:00:00,A,MIO_NAC,S1313,B9,SI,2019,-33.7,,
ESTAT:GOV_10A_MAIN(1.0),21/07/26 11:00:00,A,MIO_NAC,S1313,B9,SI,2020,72.7,,
ESTAT:GOV_10A_MAIN(1.0),21/07/26 11:00:00,A,MIO_NAC,S1313,B9,SI,2021,50.5,,
ESTAT:GOV_10A_MAIN(1.0),21/07/26 11:00:00,A,MIO_NAC,S1313,B9,SI,2022,-111.1,,
ESTAT:GOV_10A_MAIN(1.0),21/07/26 11:00:00,A,MIO_NAC,S1313,B9,SI,2023,62.1,,
ESTAT:GOV_10A_MAIN(1.0),21/07/26 11:00:00,A,MIO_NAC,S1313,B9,SI,2024,-239.0,,
ESTAT:GOV_10A_MAIN(1.0),21/07/26 11:00:00,A,MIO_NAC,S1313,B9,SI,2025,-80.4,,
ESTAT:GOV_10A_MAIN(1.0),21/07/26 11:00:00,A,MIO_NAC,S1313,B9,SK,1995,-601.1,,
ESTAT:GOV_10A_MAIN(1.0),21/07/26 11:00:00,A,MIO_NAC,S1313,B9,SK,1996,-438.5,,
ESTAT:GOV_10A_MAIN(1.0),21/07/26 11:00:00,A,MIO_NAC,S1313,B9,SK,1997,-292.4,,
ESTAT:GOV_10A_MAIN(1.0),21/07/26 11:00:00,A,MIO_NAC,S1313,B9,SK,1998,-231.2,,
ESTAT:GOV_10A_MAIN(1.0),21/07/26 11:00:00,A,MIO_NAC,S1313,B9,SK,1999,-195.6,,
ESTAT:GOV_10A_MAIN(1.0),21/07/26 11:00:00,A,MIO_NAC,S1313,B9,SK,2000,125.0,,
ESTAT:GOV_10A_MAIN(1.0),21/07/26 11:00:00,A,MIO_NAC,S1313,B9,SK,2001,-0.7,,
ESTAT:GOV_10A_MAIN(1.0),21/07/26 11:00:00,A,MIO_NAC,S1313,B9,SK,2002,130.5,,
ESTAT:GOV_10A_MAIN(1.0),21/07/26 11:00:00,A,MIO_NAC,S1313,B9,SK,2003,-14.8,,
ESTAT:GOV_10A_MAIN(1.0),21/07/26 11:00:00,A,MIO_NAC,S1313,B9,SK,2004,221.3,,
ESTAT:GOV_10A_MAIN(1.0),21/07/26 11:00:00,A,MIO_NAC,S1313,B9,SK,2005,125.6,,
ESTAT:GOV_10A_MAIN(1.0),21/07/26 11:00:00,A,MIO_NAC,S1313,B9,SK,2006,-47.9,,
ESTAT:GOV_10A_MAIN(1.0),21/07/26 11:00:00,A,MIO_NAC,S1313,B9,SK,2007,37.8,,
ESTAT:GOV_10A_MAIN(1.0),21/07/26 11:00:00,A,MIO_NAC,S1313,B9,SK,2008,42.6,,
ESTAT:GOV_10A_MAIN(1.0),21/07/26 11:00:00,A,MIO_NAC,S1313,B9,SK,2009,-353.6,,
ESTAT:GOV_10A_MAIN(1.0),21/07/26 11:00:00,A,MIO_NAC,S1313,B9,SK,2010,-547.2,,
ESTAT:GOV_10A_MAIN(1.0),21/07/26 11:00:00,A,MIO_NAC,S1313,B9,SK,2011,-20.5,,
ESTAT:GOV_10A_MAIN(1.0),21/07/26 11:00:00,A,MIO_NAC,S1313,B9,SK,2012,202.6,,
ESTAT:GOV_10A_MAIN(1.0),21/07/26 11:00:00,A,MIO_NAC,S1313,B9,SK,2013,253.9,,
ESTAT:GOV_10A_MAIN(1.0),21/07/26 11:00:00,A,MIO_NAC,S1313,B9,SK,2014,-56.1,,
ESTAT:GOV_10A_MAIN(1.0),21/07/26 11:00:00,A,MIO_NAC,S1313,B9,SK,2015,110.0,,
ESTAT:GOV_10A_MAIN(1.0),21/07/26 11:00:00,A,MIO_NAC,S1313,B9,SK,2016,440.7,,
ESTAT:GOV_10A_MAIN(1.0),21/07/26 11:00:00,A,MIO_NAC,S1313,B9,SK,2017,-22.9,,
ESTAT:GOV_10A_MAIN(1.0),21/07/26 11:00:00,A,MIO_NAC,S1313,B9,SK,2018,129.6,,
ESTAT:GOV_10A_MAIN(1.0),21/07/26 11:00:00,A,MIO_NAC,S1313,B9,SK,2019,145.8,,
ESTAT:GOV_10A_MAIN(1.0),21/07/26 11:00:00,A,MIO_NAC,S1313,B9,SK,2020,183.0,,
ESTAT:GOV_10A_MAIN(1.0),21/07/26 11:00:00,A,MIO_NAC,S1313,B9,SK,2021,-17.8,,
ESTAT:GOV_10A_MAIN(1.0),21/07/26 11:00:00,A,MIO_NAC,S1313,B9,SK,2022,-406.6,,
ESTAT:GOV_10A_MAIN(1.0),21/07/26 11:00:00,A,MIO_NAC,S1313,B9,SK,2023,81.0,,
ESTAT:GOV_10A_MAIN(1.0),21/07/26 11:00:00,A,MIO_NAC,S1313,B9,SK,2024,-101.9,,
ESTAT:GOV_10A_MAIN(1.0),21/07/26 11:00:00,A,MIO_NAC,S1313,B9,SK,2025,-86.5,,
ESTAT:GOV_10A_MAIN(1.0),21/07/26 11:00:00,A,MIO_NAC,S1314,B9,AT,1995,-228.7,,
ESTAT:GOV_10A_MAIN(1.0),21/07/26 11:00:00,A,MIO_NAC,S1314,B9,AT,1996,-15.4,,
ESTAT:GOV_10A_MAIN(1.0),21/07/26 11:00:00,A,MIO_NAC,S1314,B9,AT,1997,293.9,,
ESTAT:GOV_10A_MAIN(1.0),21/07/26 11:00:00,A,MIO_NAC,S1314,B9,AT,1998,218.2,,
ESTAT:GOV_10A_MAIN(1.0),21/07/26 11:00:00,A,MIO_NAC,S1314,B9,AT,1999,-77.6,,
ESTAT:GOV_10A_MAIN(1.0),21/07/26 11:00:00,A,MIO_NAC,S1314,B9,AT,2000,-257.6,,
ESTAT:GOV_10A_MAIN(1.0),21/07/26 11:00:00,A,MIO_NAC,S1314,B9,AT,2001,-28.0,,
ESTAT:GOV_10A_MAIN(1.0),21/07/26 11:00:00,A,MIO_NAC,S1314,B9,AT,2002,-101.0,,
ESTAT:GOV_10A_MAIN(1.0),21/07/26 11:00:00,A,MIO_NAC,S1314,B9,AT,2003,-128.7,,
ESTAT:GOV_10A_MAIN(1.0),21/07/26 11:00:00,A,MIO_NAC,S1314,B9,AT,2004,-193.8,,
ESTAT:GOV_10A_MAIN(1.0),21/07/26 11:00:00,A,MIO_NAC,S1314,B9,AT,2005,-51.2,,
ESTAT:GOV_10A_MAIN(1.0),21/07/26 11:00:00,A,MIO_NAC,S1314,B9,AT,2006,29.7,,
ESTAT:GOV_10A_MAIN(1.0),21/07/26 11:00:00,A,MIO_NAC,S1314,B9,AT,2007,-273.9,,
ESTAT:GOV_10A_MAIN(1.0),21/07/26 11:00:00,A,MIO_NAC,S1314,B9,AT,2008,126.5,,
ESTAT:GOV_10A_MAIN(1.0),21/07/26 11:00:00,A,MIO_NAC,S1314,B9,AT,2009,223.6,,
ESTAT:GOV_10A_MAIN(1.0),21/07/26 11:00:00,A,MIO_NAC,S1314,B9,AT,2010,460.8,,
ESTAT:GOV_10A_MAIN(1.0),21/07/26 11:00:00,A,MIO_NAC,S1314,B9,AT,2011,697.3,,
ESTAT:GOV_10A_MAIN(1.0),21/07/26 11:00:00,A,MIO_NAC,S1314,B9,AT,2012,593.4,,
ESTAT:GOV_10A_MAIN(1.0),21/07/26 11:00:00,A,MIO_NAC,S1314,B9,AT,2013,447.8,,
ESTAT:GOV_10A_MAIN(1.0),21/07/26 11:00:00,A,MIO_NAC,S1314,B9,AT,2014,509.0,,
ESTAT:GOV_10A_MAIN(1.0),21/07/26 11:00:00,A,MIO_NAC,S1314,B9,AT,2015,274.4,,
ESTAT:GOV_10A_MAIN(1.0),21/07/26 11:00:00,A,MIO_NAC,S1314,B9,AT,2016,442.2,,
ESTAT:GOV_10A_MAIN(1.0),21/07/26 11:00:00,A,MIO_NAC,S1314,B9,AT,2017,477.9,,
ESTAT:GOV_10A_MAIN(1.0),21/07/26 11:00:00,A,MIO_NAC,S1314,B9,AT,2018,484.6,,
ESTAT:GOV_10A_MAIN(1.0),21/07/26 11:00:00,A,MIO_NAC,S1314,B9,AT,2019,197.6,,
ESTAT:GOV_10A_MAIN(1.0),21/07/26 11:00:00,A,MIO_NAC,S1314,B9,AT,2020,47.1,,
ESTAT:GOV_10A_MAIN(1.0),21/07/26 11:00:00,A,MIO_NAC,S1314,B9,AT,2021,117.0,,
ESTAT:GOV_10A_MAIN(1.0),21/07/26 11:00:00,A,MIO_NAC,S1314,B9,AT,2022,-510.0,,
ESTAT:GOV_10A_MAIN(1.0),21/07/26 11:00:00,A,MIO_NAC,S1314,B9,AT,2023,-675.5,,
ESTAT:GOV_10A_MAIN(1.0),21/07/26 11:00:00,A,MIO_NAC,S1314,B9,AT,2024,-876.5,,
ESTAT:GOV_10A_MAIN(1.0),21/07/26 11:00:00,A,MIO_NAC,S1314,B9,AT,2025,-643.8,,
ESTAT:GOV_10A_MAIN(1.0),21/07/26 11:00:00,A,MIO_NAC,S1314,B9,BE,1995,-307.1,,
ESTAT:GOV_10A_MAIN(1.0),21/07/26 11:00:00,A,MIO_NAC,S1314,B9,BE,1996,-768.4,,
ESTAT:GOV_10A_MAIN(1.0),21/07/26 11:00:00,A,MIO_NAC,S1314,B9,BE,1997,461.5,,
ESTAT:GOV_10A_MAIN(1.0),21/07/26 11:00:00,A,MIO_NAC,S1314,B9,BE,1998,505.6,,
ESTAT:GOV_10A_MAIN(1.0),21/07/26 11:00:00,A,MIO_NAC,S1314,B9,BE,1999,1071.3,,
ESTAT:GOV_10A_MAIN(1.0),21/07/26 11:00:00,A,MIO_NAC,S1314,B9,BE,2000,852.8,,
ESTAT:GOV_10A_MAIN(1.0),21/07/26 11:00:00,A,MIO_NAC,S1314,B9,BE,2001,1677.0,,
ESTAT:GOV_10A_MAIN(1.0),21/07/26 11:00:00,A,MIO_NAC,S1314,B9,BE,2002,997.9,,
ESTAT:GOV_10A_MAIN(1.0),21/07/26 11:00:00,A,MIO_NAC,S1314,B9,BE,2003,-1174.9,,
ESTAT:GOV_10A_MAIN(1.0),21/07/26 11:00:00,A,MIO_NAC,S1314,B9,BE,2004,-257.8,,
ESTAT:GOV_10A_MAIN(1.0),21/07/26 11:00:00,A,MIO_NAC,S1314,B9,BE,2005,-320.9,,
ESTAT:GOV_10A_MAIN(1.0),21/07/26 11:00:00,A,MIO_NAC,S1314,B9,BE,2006,778.5,,
ESTAT:GOV_10A_MAIN(1.0),21/07/26 11:00:00,A,MIO_NAC,S1314,B9,BE,2007,1454.8,,
ESTAT:GOV_10A_MAIN(1.0),21/07/26 11:00:00,A,MIO_NAC,S1314,B9,BE,2008,1208.7,,
ESTAT:GOV_10A_MAIN(1.0),21/07/26 11:00:00,A,MIO_NAC,S1314,B9,BE,2009,-2620.7,b,
ESTAT:GOV_10A_MAIN(1.0),21/07/26 11:00:00,A,MIO_NAC,S1314,B9,BE,2010,-729.7,,
ESTAT:GOV_10A_MAIN(1.0),21/07/26 11:00:00,A,MIO_NAC,S1314,B9,BE,2011,62.1,,
ESTAT:GOV_10A_MAIN(1.0),21/07/26 11:00:00,A,MIO_NAC,S1314,B9,BE,2012,-380.4,,
ESTAT:GOV_10A_MAIN(1.0),21/07/26 11:00:00,A,MIO_NAC,S1314,B9,BE,2013,-351.8,,
ESTAT:GOV_10A_MAIN(1.0),21/07/26 11:00:00,A,MIO_NAC,S1314,B9,BE,2014,-140.5,,
ESTAT:GOV_10A_MAIN(1.0),21/07/26 11:00:00,A,MIO_NAC,S1314,B9,BE,2015,799.5,,
ESTAT:GOV_10A_MAIN(1.0),21/07/26 11:00:00,A,MIO_NAC,S1314,B9,BE,2016,-267.9,,
ESTAT:GOV_10A_MAIN(1.0),21/07/26 11:00:00,A,MIO_NAC,S1314,B9,BE,2017,807.1,,
ESTAT:GOV_10A_MAIN(1.0),21/07/26 11:00:00,A,MIO_NAC,S1314,B9,BE,2018,-253.7,,
ESTAT:GOV_10A_MAIN(1.0),21/07/26 11:00:00,A,MIO_NAC,S1314,B9,BE,2019,1046.5,,
ESTAT:GOV_10A_MAIN(1.0),21/07/26 11:00:00,A,MIO_NAC,S1314,B9,BE,2020,1123.6,,
ESTAT:GOV_10A_MAIN(1.0),21/07/26 11:00:00,A,MIO_NAC,S1314,B9,BE,2021,1411.4,,
ESTAT:GOV_10A_MAIN(1.0),21/07/26 11:00:00,A,MIO_NAC,S1314,B9,BE,2022,-723.6,,
ESTAT:GOV_10A_MAIN(1.0),21/07/26 11:00:00,A,MIO_NAC,S1314,B9,BE,2023,1847.5,,
ESTAT:GOV_10A_MAIN(1.0),21/07/26 11:00:00,A,MIO_NAC,S1314,B9,BE,2024,221.9,p,
ESTAT:GOV_10A_MAIN(1.0),21/07/26 11:00:00,A,MIO_NAC,S1314,B9,BE,2025,173.1,p,
ESTAT:GOV_10A_MAIN(1.0),21/07/26 11:00:00,A,MIO_NAC,S1314,B9,BG,1995,6.9,,
ESTAT:GOV_10A_MAIN(1.0),21/07/26 11:00:00,A,MIO_NAC,S1314,B9,BG,1996,9.5,,
ESTAT:GOV_10A_MAIN(1.0),21/07/26 11:00:00,A,MIO_NAC,S1314,B9,BG,1997,16.4,,
ESTAT:GOV_10A_MAIN(1.0),21/07/26 11:00:00,A,MIO_NAC,S1314,B9,BG,1998,-8.6,,
ESTAT:GOV_10A_MAIN(1.0),21/07/26 11:00:00,A,MIO_NAC,S1314,B9,BG,1999,60.7,,
ESTAT:GOV_10A_MAIN(1.0),21/07/26 11:00:00,A,MIO_NAC,S1314,B9,BG,2000,161.1,,
ESTAT:GOV_10A_MAIN(1.0),21/07/26 11:00:00,A,MIO_NAC,S1314,B9,BG,2001,88.3,,
ESTAT:GOV_10A_MAIN(1.0),21/07/26 11:00:00,A,MIO_NAC,S1314,B9,BG,2002,102.0,,
ESTAT:GOV_10A_MAIN(1.0),21/07/26 11:00:00,A,MIO_NAC,S1314,B9,BG,2003,59.3,,
ESTAT:GOV_10A_MAIN(1.0),21/07/26 11:00:00,A,MIO_NAC,S1314,B9,BG,2004,26.1,,
ESTAT:GOV_10A_MAIN(1.0),21/07/26 11:00:00,A,MIO_NAC,S1314,B9,BG,2005,2.0,,
ESTAT:GOV_10A_MAIN(1.0),21/07/26 11:00:00,A,MIO_NAC,S1314,B9,BG,2006,-128.2,,
ESTAT:GOV_10A_MAIN(1.0),21/07/26 11:00:00,A,MIO_NAC,S1314,B9,BG,2007,40.0,,
ESTAT:GOV_10A_MAIN(1.0),21/07/26 11:00:00,A,MIO_NAC,S1314,B9,BG,2008,94.7,,
ESTAT:GOV_10A_MAIN(1.0),21/07/26 11:00:00,A,MIO_NAC,S1314,B9,BG,2009,127.0,,
ESTAT:GOV_10A_MAIN(1.0),21/07/26 11:00:00,A,MIO_NAC,S1314,B9,BG,2010,-411.4,,
ESTAT:GOV_10A_MAIN(1.0),21/07/26 11:00:00,A,MIO_NAC,S1314,B9,BG,2011,47.7,,
ESTAT:GOV_10A_MAIN(1.0),21/07/26 11:00:00,A,MIO_NAC,S1314,B9,BG,2012,40.5,,
ESTAT:GOV_10A_MAIN(1.0),21/07/26 11:00:00,A,MIO_NAC,S1314,B9,BG,2013,-6.7,,
ESTAT:GOV_10A_MAIN(1.0),21/07/26 11:00:00,A,MIO_NAC,S1314,B9,BG,2014,99.0,,
ESTAT:GOV_10A_MAIN(1.0),21/07/26 11:00:00,A,MIO_NAC,S1314,B9,BG,2015,-18.5,,
ESTAT:GOV_10A_MAIN(1.0),21/07/26 11:00:00,A,MIO_NAC,S1314,B9,BG,2016,10.9,,
ESTAT:GOV_10A_MAIN(1.0),21/07/26 11:00:00,A,MIO_NAC,S1314,B9,BG,2017,-32.3,,
ESTAT:GOV_10A_MAIN(1.0),21/07/26 11:00:00,A,MIO_NAC,S1314,B9,BG,2018,53.4,,
ESTAT:GOV_10A_MAIN(1.0),21/07/26 11:00:00,A,MIO_NAC,S1314,B9,BG,2019,137.5,,
ESTAT:GOV_10A_MAIN(1.0),21/07/26 11:00:00,A,MIO_NAC,S1314,B9,BG,2020,84.5,,
ESTAT:GOV_10A_MAIN(1.0),21/07/26 11:00:00,A,MIO_NAC,S1314,B9,BG,2021,414.1,,
ESTAT:GOV_10A_MAIN(1.0),21/07/26 11:00:00,A,MIO_NAC,S1314,B9,BG,2022,-318.6,,
ESTAT:GOV_10A_MAIN(1.0),21/07/26 11:00:00,A,MIO_NAC,S1314,B9,BG,2023,57.5,,
ESTAT:GOV_10A_MAIN(1.0),21/07/26 11:00:00,A,MIO_NAC,S1314,B9,BG,2024,-36.4,,
ESTAT:GOV_10A_MAIN(1.0),21/07/26 11:00:00,A,MIO_NAC,S1314,B9,BG,2025,-4.3,,
ESTAT:GOV_10A_MAIN(1.0),21/07/26 11:00:00,A,MIO_NAC,S1314,B9,CH,1995,100.8,,
ESTAT:GOV_10A_MAIN(1.0),21/07/26 11:00:00,A,MIO_NAC,S1314,B9,CH,1996,-439.8,,
ESTAT:GOV_10A_MAIN(1.0),21/07/26 11:00:00,A,MIO_NAC,S1314,B9,CH,1997,-3103.0,,
ESTAT:GOV_10A_MAIN(1.0),21/07/26 11:00:00,A,MIO_NAC,S1314,B9,CH,1998,-2037.0,,
ESTAT:GOV_10A_MAIN(1.0),21/07/26 11:00:00,A,MIO_NAC,S1314,B9,CH,1999,433.2,,
ESTAT:GOV_10A_MAIN(1.0),21/07/26 11:00:00,A,MIO_NAC,S1314,B9,CH,2000,3312.5,,
ESTAT:GOV_10A_MAIN(1.0),21/07/26 11:00:00,A,MIO_NAC,S1314,B9,CH,2001,3625.7,,
ESTAT:GOV_10A_MAIN(1.0),21/07/26 11:00:00,A,MIO_NAC,S1314,B9,CH,2002,2269.0,,
ESTAT:GOV_10A_MAIN(1.0),21/07/26 11:00:00,A,MIO_NAC,S1314,B9,CH,2003,-1011.4,,
ESTAT:GOV_10A_MAIN(1.0),21/07/26 11:00:00,A,MIO_NAC,S1314,B9,CH,2004,-2429.6,,
ESTAT:GOV_10A_MAIN(1.0),21/07/26 11:00:00,A,MIO_NAC,S1314,B9,CH,2005,-2581.4,,
ESTAT:GOV_10A_MAIN(1.0),21/07/26 11:00:00,A,MIO_NAC,S1314,B9,CH,2006,-1168.1,,
ESTAT:GOV_10A_MAIN(1.0),21/07/26 11:00:00,A,MIO_NAC,S1314,B9,CH,2007,7352.3,,
ESTAT:GOV_10A_MAIN(1.0),21/07/26 11:00:00,A,MIO_NAC,S1314,B9,CH,2008,1790.4,,
ESTAT:GOV_10A_MAIN(1.0),21/07/26 11:00:00,A,MIO_NAC,S1314,B9,CH,2009,-1143.2,,
ESTAT:GOV_10A_MAIN(1.0),21/07/26 11:00:00,A,MIO_NAC,S1314,B9,CH,2010,-1790.0,,
ESTAT:GOV_10A_MAIN(1.0),21/07/26 11:00:00,A,MIO_NAC,S1314,B9,CH,2011,3060.4,,
ESTAT:GOV_10A_MAIN(1.0),21/07/26 11:00:00,A,MIO_NAC,S1314,B9,CH,2012,2963.1,,
ESTAT:GOV_10A_MAIN(1.0),21/07/26 11:00:00,A,MIO_NAC,S1314,B9,CH,2013,2086.4,,
ESTAT:GOV_10A_MAIN(1.0),21/07/26 11:00:00,A,MIO_NAC,S1314,B9,CH,2014,2235.8,,
ESTAT:GOV_10A_MAIN(1.0),21/07/26 11:00:00,A,MIO_NAC,S1314,B9,CH,2015,1704.0,,
ESTAT:GOV_10A_MAIN(1.0),21/07/26 11:00:00,A,MIO_NAC,S1314,B9,CH,2016,826.2,,
ESTAT:GOV_10A_MAIN(1.0),21/07/26 11:00:00,A,MIO_NAC,S1314,B9,CH,2017,971.3,,
ESTAT:GOV_10A_MAIN(1.0),21/07/26 11:00:00,A,MIO_NAC,S1314,B9,CH,2018,921.1,,
ESTAT:GOV_10A_MAIN(1.0),21/07/26 11:00:00,A,MIO_NAC,S1314,B9,CH,2019,889.3,,
ESTAT:GOV_10A_MAIN(1.0),21/07/26 11:00:00,A,MIO_NAC,S1314,B9,CH,2020,1144.0,,
ESTAT:GOV_10A_MAIN(1.0),21/07/26 11:00:00,A,MIO_NAC,S1314,B9,CH,2021,476.0,,
ESTAT:GOV_10A_MAIN(1.0),21/07/26 11:00:00,A,MIO_NAC,S1314,B9,CH,2022,5372.6,,
ESTAT:GOV_10A_MAIN(1.0),21/07/26 11:00:00,A,MIO_NAC,S1314,B9,CH,2023,4908.2,,
ESTAT:GOV_10A_MAIN(1.0),21/07/26 11:00:00,A,MIO_NAC,S1314,B9,CH,2024,5316.8,,
ESTAT:GOV_10A_MAIN(1.0),21/07/26 11:00:00,A,MIO_NAC,S1314,B9,CY,1995,249.8,,
ESTAT:GOV_10A_MAIN(1.0),21/07/26 11:00:00,A,MIO_NAC,S1314,B9,CY,1996,264.8,,
ESTAT:GOV_10A_MAIN(1.0),21/07/26 11:00:00,A,MIO_NAC,S1314,B9,CY,1997,274.7,,
ESTAT:GOV_10A_MAIN(1.0),21/07/26 11:00:00,A,MIO_NAC,S1314,B9,CY,1998,311.3,,
ESTAT:GOV_10A_MAIN(1.0),21/07/26 11:00:00,A,MIO_NAC,S1314,B9,CY,1999,316.5,,
ESTAT:GOV_10A_MAIN(1.0),21/07/26 11:00:00,A,MIO_NAC,S1314,B9,CY,2000,322.4,,
ESTAT:GOV_10A_MAIN(1.0),21/07/26 11:00:00,A,MIO_NAC,S1314,B9,CY,2001,380.3,,
ESTAT:GOV_10A_MAIN(1.0),21/07/26 11:00:00,A,MIO_NAC,S1314,B9,CY,2002,310.5,,
ESTAT:GOV_10A_MAIN(1.0),21/07/26 11:00:00,A,MIO_NAC,S1314,B9,CY,2003,314.6,,
ESTAT:GOV_10A_MAIN(1.0),21/07/26 11:00:00,A,MIO_NAC,S1314,B9,CY,2004,396.5,,
ESTAT:GOV_10A_MAIN(1.0),21/07/26 11:00:00,A,MIO_NAC,S1314,B9,CY,2005,399.0,,
ESTAT:GOV_10A_MAIN(1.0),21/07/26 11:00:00,A,MIO_NAC,S1314,B9,CY,2006,374.4,,
ESTAT:GOV_10A_MAIN(1.0),21/07/26 11:00:00,A,MIO_NAC,S1314,B9,CY,2007,477.3,,
ESTAT:GOV_10A_MAIN(1.0),21/07/26 11:00:00,A,MIO_NAC,S1314,B9,CY,2008,613.5,,
ESTAT:GOV_10A_MAIN(1.0),21/07/26 11:00:00,A,MIO_NAC,S1314,B9,CY,2009,467.7,,
ESTAT:GOV_10A_MAIN(1.0),21/07/26 11:00:00,A,MIO_NAC,S1314,B9,CY,2010,438.8,,
ESTAT:GOV_10A_MAIN(1.0),21/07/26 11:00:00,A,MIO_NAC,S1314,B9,CY,2011,379.6,,
ESTAT:GOV_10A_MAIN(1.0),21/07/26 11:00:00,A,MIO_NAC,S1314,B9,CY,2012,174.3,,
ESTAT:GOV_10A_MAIN(1.0),21/07/26 11:00:00,A,MIO_NAC,S1314,B9,CY,2013,-83.0,,
ESTAT:GOV_10A_MAIN(1.0),21/07/26 11:00:00,A,MIO_NAC,S1314,B9,CY,2014,-40.3,,
ESTAT:GOV_10A_MAIN(1.0),21/07/26 11:00:00,A,MIO_NAC,S1314,B9,CY,2015,12.5,,
ESTAT:GOV_10A_MAIN(1.0),21/07/26 11:00:00,A,MIO_NAC,S1314,B9,CY,2016,22.4,,
ESTAT:GOV_10A_MAIN(1.0),21/07/26 11:00:00,A,MIO_NAC,S1314,B9,CY,2017,171.2,,
ESTAT:GOV_10A_MAIN(1.0),21/07/26 11:00:00,A,MIO_NAC,S1314,B9,CY,2018,259.4,,
ESTAT:GOV_10A_MAIN(1.0),21/07/26 11:00:00,A,MIO_NAC,S1314,B9,CY,2019,660.0,,
ESTAT:GOV_10A_MAIN(1.0),21/07/26 11:00:00,A,MIO_NAC,S1314,B9,CY,2020,342.2,,
ESTAT:GOV_10A_MAIN(1.0),21/07/26 11:00:00,A,MIO_NAC,S1314,B9,CY,2021,279.8,,
ESTAT:GOV_10A_MAIN(1.0),21/07/26 11:00:00,A,MIO_NAC,S1314,B9,CY,2022,546.4,,
ESTAT:GOV_10A_MAIN(1.0),21/07/26 11:00:00,A,MIO_NAC,S1314,B9,CY,2023,1174.4,,
ESTAT:GOV_10A_MAIN(1.0),21/07/26 11:00:00,A,MIO_NAC,S1314,B9,CY,2024,1420.7,,
ESTAT:GOV_10A_MAIN(1.0),21/07/26 11:00:00,A,MIO_NAC,S1314,B9,CY,2025,1252.2,,
ESTAT:GOV_10A_MAIN(1.0),21/07/26 11:00:00,A,MIO_NAC,S1314,B9,CZ,1995,-4349.0,,
ESTAT:GOV_10A_MAIN(1.0),21/07/26 11:00:00,A,MIO_NAC,S1314,B9,CZ,1996,-4420.0,,
ESTAT:GOV_10A_MAIN(1.0),21/07/26 11:00:00,A,MIO_NAC,S1314,B9,CZ,1997,-1151.0,,
ESTAT:GOV_10A_MAIN(1.0),21/07/26 11:00:00,A,MIO_NAC,S1314,B9,CZ,1998,-1147.0,,
ESTAT:GOV_10A_MAIN(1.0),21/07/26 11:00:00,A,MIO_NAC,S1314,B9,CZ,1999,524.0,,
ESTAT:GOV_10A_MAIN(1.0),21/07/26 11:00:00,A,MIO_NAC,S1314,B9,CZ,2000,3883.0,,
ESTAT:GOV_10A_MAIN(1.0),21/07/26 11:00:00,A,MIO_NAC,S1314,B9,CZ,2001,-2681.0,,
ESTAT:GOV_10A_MAIN(1.0),21/07/26 11:00:00,A,MIO_NAC,S1314,B9,CZ,2002,-6184.0,,
ESTAT:GOV_10A_MAIN(1.0),21/07/26 11:00:00,A,MIO_NAC,S1314,B9,CZ,2003,-4504.0,,
ESTAT:GOV_10A_MAIN(1.0),21/07/26 11:00:00,A,MIO_NAC,S1314,B9,CZ,2004,-2553.0,,
ESTAT:GOV_10A_MAIN(1.0),21/07/26 11:00:00,A,MIO_NAC,S1314,B9,CZ,2005,-94.0,,
ESTAT:GOV_10A_MAIN(1.0),21/07/26 11:00:00,A,MIO_NAC,S1314,B9,CZ,2006,11803.0,,
ESTAT:GOV_10A_MAIN(1.0),21/07/26 11:00:00,A,MIO_NAC,S1314,B9,CZ,2007,16112.0,,
ESTAT:GOV_10A_MAIN(1.0),21/07/26 11:00:00,A,MIO_NAC,S1314,B9,CZ,2008,10042.0,,
ESTAT:GOV_10A_MAIN(1.0),21/07/26 11:00:00,A,MIO_NAC,S1314,B9,CZ,2009,-10649.0,,
ESTAT:GOV_10A_MAIN(1.0),21/07/26 11:00:00,A,MIO_NAC,S1314,B9,CZ,2010,-8719.0,,
ESTAT:GOV_10A_MAIN(1.0),21/07/26 11:00:00,A,MIO_NAC,S1314,B9,CZ,2011,-6926.0,,
ESTAT:GOV_10A_MAIN(1.0),21/07/26 11:00:00,A,MIO_NAC,S1314,B9,CZ,2012,-6828.0,,
ESTAT:GOV_10A_MAIN(1.0),21/07/26 11:00:00,A,MIO_NAC,S1314,B9,CZ,2013,915.0,,
ESTAT:GOV_10A_MAIN(1.0),21/07/26 11:00:00,A,MIO_NAC,S1314,B9,CZ,2014,-2693.0,,
ESTAT:GOV_10A_MAIN(1.0),21/07/26 11:00:00,A,MIO_NAC,S1314,B9,CZ,2015,1913.0,,
ESTAT:GOV_10A_MAIN(1.0),21/07/26 11:00:00,A,MIO_NAC,S1314,B9,CZ,2016,4886.0,,
ESTAT:GOV_10A_MAIN(1.0),21/07/26 11:00:00,A,MIO_NAC,S1314,B9,CZ,2017,8182.0,,
ESTAT:GOV_10A_MAIN(1.0),21/07/26 11:00:00,A,MIO_NAC,S1314,B9,CZ,2018,16646.0,,
ESTAT:GOV_10A_MAIN(1.0),21/07/26 11:00:00,A,MIO_NAC,S1314,B9,CZ,2019,11391.0,,
ESTAT:GOV_10A_MAIN(1.0),21/07/26 11:00:00,A,MIO_NAC,S1314,B9,CZ,2020,-11661.0,,
ESTAT:GOV_10A_MAIN(1.0),21/07/26 11:00:00,A,MIO_NAC,S1314,B9,CZ,2021,-9272.0,,
ESTAT:GOV_10A_MAIN(1.0),21/07/26 11:00:00,A,MIO_NAC,S1314,B9,CZ,2022,398.0,,
ESTAT:GOV_10A_MAIN(1.0),21/07/26 11:00:00,A,MIO_NAC,S1314,B9,CZ,2023,-4302.0,,
ESTAT:GOV_10A_MAIN(1.0),21/07/26 11:00:00,A,MIO_NAC,S1314,B9,CZ,2024,-18081.0,,
ESTAT:GOV_10A_MAIN(1.0),21/07/26 11:00:00,A,MIO_NAC,S1314,B9,CZ,2025,-15341.0,,
ESTAT:GOV_10A_MAIN(1.0),21/07/26 11:00:00,A,MIO_NAC,S1314,B9,DE,1995,-6770.0,,
ESTAT:GOV_10A_MAIN(1.0),21/07/26 11:00:00,A,MIO_NAC,S1314,B9,DE,1996,-7074.0,,
ESTAT:GOV_10A_MAIN(1.0),21/07/26 11:00:00,A,MIO_NAC,S1314,B9,DE,1997,669.0,,
ESTAT:GOV_10A_MAIN(1.0),21/07/26 11:00:00,A,MIO_NAC,S1314,B9,DE,1998,1292.0,,
ESTAT:GOV_10A_MAIN(1.0),21/07/26 11:00:00,A,MIO_NAC,S1314,B9,DE,1999,4014.0,,
ESTAT:GOV_10A_MAIN(1.0),21/07/26 11:00:00,A,MIO_NAC,S1314,B9,DE,2000,-1063.0,,
ESTAT:GOV_10A_MAIN(1.0),21/07/26 11:00:00,A,MIO_NAC,S1314,B9,DE,2001,-5168.0,,
ESTAT:GOV_10A_MAIN(1.0),21/07/26 11:00:00,A,MIO_NAC,S1314,B9,DE,2002,-6976.0,,
ESTAT:GOV_10A_MAIN(1.0),21/07/26 11:00:00,A,MIO_NAC,S1314,B9,DE,2003,-5998.0,,
ESTAT:GOV_10A_MAIN(1.0),21/07/26 11:00:00,A,MIO_NAC,S1314,B9,DE,2004,-261.0,,
ESTAT:GOV_10A_MAIN(1.0),21/07/26 11:00:00,A,MIO_NAC,S1314,B9,DE,2005,-3732.0,,
ESTAT:GOV_10A_MAIN(1.0),21/07/26 11:00:00,A,MIO_NAC,S1314,B9,DE,2006,5171.0,,
ESTAT:GOV_10A_MAIN(1.0),21/07/26 11:00:00,A,MIO_NAC,S1314,B9,DE,2007,10272.0,,
ESTAT:GOV_10A_MAIN(1.0),21/07/26 11:00:00,A,MIO_NAC,S1314,B9,DE,2008,6584.0,,
ESTAT:GOV_10A_MAIN(1.0),21/07/26 11:00:00,A,MIO_NAC,S1314,B9,DE,2009,-14341.0,,
ESTAT:GOV_10A_MAIN(1.0),21/07/26 11:00:00,A,MIO_NAC,S1314,B9,DE,2010,3911.0,,
ESTAT:GOV_10A_MAIN(1.0),21/07/26 11:00:00,A,MIO_NAC,S1314,B9,DE,2011,15512.0,,
ESTAT:GOV_10A_MAIN(1.0),21/07/26 11:00:00,A,MIO_NAC,S1314,B9,DE,2012,18706.0,,
ESTAT:GOV_10A_MAIN(1.0),21/07/26 11:00:00,A,MIO_NAC,S1314,B9,DE,2013,5725.0,,
ESTAT:GOV_10A_MAIN(1.0),21/07/26 11:00:00,A,MIO_NAC,S1314,B9,DE,2014,3399.0,,
ESTAT:GOV_10A_MAIN(1.0),21/07/26 11:00:00,A,MIO_NAC,S1314,B9,DE,2015,3007.0,,
ESTAT:GOV_10A_MAIN(1.0),21/07/26 11:00:00,A,MIO_NAC,S1314,B9,DE,2016,8547.0,,
ESTAT:GOV_10A_MAIN(1.0),21/07/26 11:00:00,A,MIO_NAC,S1314,B9,DE,2017,10942.0,,
ESTAT:GOV_10A_MAIN(1.0),21/07/26 11:00:00,A,MIO_NAC,S1314,B9,DE,2018,15749.0,,
ESTAT:GOV_10A_MAIN(1.0),21/07/26 11:00:00,A,MIO_NAC,S1314,B9,DE,2019,8930.0,,
ESTAT:GOV_10A_MAIN(1.0),21/07/26 11:00:00,A,MIO_NAC,S1314,B9,DE,2020,-34867.0,,
ESTAT:GOV_10A_MAIN(1.0),21/07/26 11:00:00,A,MIO_NAC,S1314,B9,DE,2021,2436.0,,
ESTAT:GOV_10A_MAIN(1.0),21/07/26 11:00:00,A,MIO_NAC,S1314,B9,DE,2022,8781.0,,
ESTAT:GOV_10A_MAIN(1.0),21/07/26 11:00:00,A,MIO_NAC,S1314,B9,DE,2023,8795.0,,
ESTAT:GOV_10A_MAIN(1.0),21/07/26 11:00:00,A,MIO_NAC,S1314,B9,DE,2024,-11824.0,,
ESTAT:GOV_10A_MAIN(1.0),21/07/26 11:00:00,A,MIO_NAC,S1314,B9,DE,2025,-1734.0,,
ESTAT:GOV_10A_MAIN(1.0),21/07/26 11:00:00,A,MIO_NAC,S1314,B9,DK,1995,43.0,,
ESTAT:GOV_10A_MAIN(1.0),21/07/26 11:00:00,A,MIO_NAC,S1314,B9,DK,1996,103.0,,
ESTAT:GOV_10A_MAIN(1.0),21/07/26 11:00:00,A,MIO_NAC,S1314,B9,DK,1997,239.0,,
ESTAT:GOV_10A_MAIN(1.0),21/07/26 11:00:00,A,MIO_NAC,S1314,B9,DK,1998,400.0,,
ESTAT:GOV_10A_MAIN(1.0),21/07/26 11:00:00,A,MIO_NAC,S1314,B9,DK,1999,6820.0,,
ESTAT:GOV_10A_MAIN(1.0),21/07/26 11:00:00,A,MIO_NAC,S1314,B9,DK,2000,7413.0,,
ESTAT:GOV_10A_MAIN(1.0),21/07/26 11:00:00,A,MIO_NAC,S1314,B9,DK,2001,7884.0,,
ESTAT:GOV_10A_MAIN(1.0),21/07/26 11:00:00,A,MIO_NAC,S1314,B9,DK,2002,99.0,,
ESTAT:GOV_10A_MAIN(1.0),21/07/26 11:00:00,A,MIO_NAC,S1314,B9,DK,2003,465.0,,
ESTAT:GOV_10A_MAIN(1.0),21/07/26 11:00:00,A,MIO_NAC,S1314,B9,DK,2004,493.0,,
ESTAT:GOV_10A_MAIN(1.0),21/07/26 11:00:00,A,MIO_NAC,S1314,B9,DK,2005,717.0,,
ESTAT:GOV_10A_MAIN(1.0),21/07/26 11:00:00,A,MIO_NAC,S1314,B9,DK,2006,667.0,,
ESTAT:GOV_10A_MAIN(1.0),21/07/26 11:00:00,A,MIO_NAC,S1314,B9,DK,2007,376.0,,
ESTAT:GOV_10A_MAIN(1.0),21/07/26 11:00:00,A,MIO_NAC,S1314,B9,DK,2008,109.0,,
ESTAT:GOV_10A_MAIN(1.0),21/07/26 11:00:00,A,MIO_NAC,S1314,B9,DK,2009,-1047.0,,
ESTAT:GOV_10A_MAIN(1.0),21/07/26 11:00:00,A,MIO_NAC,S1314,B9,DK,2010,366.0,,
ESTAT:GOV_10A_MAIN(1.0),21/07/26 11:00:00,A,MIO_NAC,S1314,B9,DK,2011,662.0,,
ESTAT:GOV_10A_MAIN(1.0),21/07/26 11:00:00,A,MIO_NAC,S1314,B9,DK,2012,441.0,,
ESTAT:GOV_10A_MAIN(1.0),21/07/26 11:00:00,A,MIO_NAC,S1314,B9,DK,2013,16.0,,
ESTAT:GOV_10A_MAIN(1.0),21/07/26 11:00:00,A,MIO_NAC,S1314,B9,DK,2014,437.0,,
ESTAT:GOV_10A_MAIN(1.0),21/07/26 11:00:00,A,MIO_NAC,S1314,B9,DK,2015,364.0,,
ESTAT:GOV_10A_MAIN(1.0),21/07/26 11:00:00,A,MIO_NAC,S1314,B9,DK,2016,267.0,,
ESTAT:GOV_10A_MAIN(1.0),21/07/26 11:00:00,A,MIO_NAC,S1314,B9,DK,2017,22.0,,
ESTAT:GOV_10A_MAIN(1.0),21/07/26 11:00:00,A,MIO_NAC,S1314,B9,DK,2018,-86.0,,
ESTAT:GOV_10A_MAIN(1.0),21/07/26 11:00:00,A,MIO_NAC,S1314,B9,DK,2019,49.0,,
ESTAT:GOV_10A_MAIN(1.0),21/07/26 11:00:00,A,MIO_NAC,S1314,B9,DK,2020,370.0,,
ESTAT:GOV_10A_MAIN(1.0),21/07/26 11:00:00,A,MIO_NAC,S1314,B9,DK,2021,1228.0,,
ESTAT:GOV_10A_MAIN(1.0),21/07/26 11:00:00,A,MIO_NAC,S1314,B9,DK,2022,349.0,,
ESTAT:GOV_10A_MAIN(1.0),21/07/26 11:00:00,A,MIO_NAC,S1314,B9,DK,2023,280.0,,
ESTAT:GOV_10A_MAIN(1.0),21/07/26 11:00:00,A,MIO_NAC,S1314,B9,DK,2024,412.0,,
ESTAT:GOV_10A_MAIN(1.0),21/07/26 11:00:00,A,MIO_NAC,S1314,B9,DK,2025,55.0,,
ESTAT:GOV_10A_MAIN(1.0),21/07/26 11:00:00,A,MIO_NAC,S1314,B9,EA19,1995,-15453.6,,
ESTAT:GOV_10A_MAIN(1.0),21/07/26 11:00:00,A,MIO_NAC,S1314,B9,EA19,1996,-10387.6,,
ESTAT:GOV_10A_MAIN(1.0),21/07/26 11:00:00,A,MIO_NAC,S1314,B9,EA19,1997,1802.6,,
ESTAT:GOV_10A_MAIN(1.0),21/07/26 11:00:00,A,MIO_NAC,S1314,B9,EA19,1998,4113.4,,
ESTAT:GOV_10A_MAIN(1.0),21/07/26 11:00:00,A,MIO_NAC,S1314,B9,EA19,1999,27376.6,,
ESTAT:GOV_10A_MAIN(1.0),21/07/26 11:00:00,A,MIO_NAC,S1314,B9,EA19,2000,31396.7,,
ESTAT:GOV_10A_MAIN(1.0),21/07/26 11:00:00,A,MIO_NAC,S1314,B9,EA19,2001,23705.7,,
ESTAT:GOV_10A_MAIN(1.0),21/07/26 11:00:00,A,MIO_NAC,S1314,B9,EA19,2002,21803.6,,
ESTAT:GOV_10A_MAIN(1.0),21/07/26 11:00:00,A,MIO_NAC,S1314,B9,EA19,2003,4541.1,,
ESTAT:GOV_10A_MAIN(1.0),21/07/26 11:00:00,A,MIO_NAC,S1314,B9,EA19,2004,13971.5,,
ESTAT:GOV_10A_MAIN(1.0),21/07/26 11:00:00,A,MIO_NAC,S1314,B9,EA19,2005,10675.3,,
ESTAT:GOV_10A_MAIN(1.0),21/07/26 11:00:00,A,MIO_NAC,S1314,B9,EA19,2006,32619.1,,
ESTAT:GOV_10A_MAIN(1.0),21/07/26 11:00:00,A,MIO_NAC,S1314,B9,EA19,2007,49029.5,,
ESTAT:GOV_10A_MAIN(1.0),21/07/26 11:00:00,A,MIO_NAC,S1314,B9,EA19,2008,45580.1,,
ESTAT:GOV_10A_MAIN(1.0),21/07/26 11:00:00,A,MIO_NAC,S1314,B9,EA19,2009,-36377.7,,
ESTAT:GOV_10A_MAIN(1.0),21/07/26 11:00:00,A,MIO_NAC,S1314,B9,EA19,2010,-17143.9,,
ESTAT:GOV_10A_MAIN(1.0),21/07/26 11:00:00,A,MIO_NAC,S1314,B9,EA19,2011,816.7,,
ESTAT:GOV_10A_MAIN(1.0),21/07/26 11:00:00,A,MIO_NAC,S1314,B9,EA19,2012,-1468.9,,
ESTAT:GOV_10A_MAIN(1.0),21/07/26 11:00:00,A,MIO_NAC,S1314,B9,EA19,2013,-14754.3,,
ESTAT:GOV_10A_MAIN(1.0),21/07/26 11:00:00,A,MIO_NAC,S1314,B9,EA19,2014,-15470.8,,
ESTAT:GOV_10A_MAIN(1.0),21/07/26 11:00:00,A,MIO_NAC,S1314,B9,EA19,2015,-8338.3,,
ESTAT:GOV_10A_MAIN(1.0),21/07/26 11:00:00,A,MIO_NAC,S1314,B9,EA19,2016,4456.9,,
ESTAT:GOV_10A_MAIN(1.0),21/07/26 11:00:00,A,MIO_NAC,S1314,B9,EA19,2017,15730.6,,
ESTAT:GOV_10A_MAIN(1.0),21/07/26 11:00:00,A,MIO_NAC,S1314,B9,EA19,2018,31931.1,,
ESTAT:GOV_10A_MAIN(1.0),21/07/26 11:00:00,A,MIO_NAC,S1314,B9,EA19,2019,28581.9,,
ESTAT:GOV_10A_MAIN(1.0),21/07/26 11:00:00,A,MIO_NAC,S1314,B9,EA19,2020,-100901.0,,
ESTAT:GOV_10A_MAIN(1.0),21/07/26 11:00:00,A,MIO_NAC,S1314,B9,EA19,2021,-4260.4,,
ESTAT:GOV_10A_MAIN(1.0),21/07/26 11:00:00,A,MIO_NAC,S1314,B9,EA19,2022,38810.1,,
ESTAT:GOV_10A_MAIN(1.0),21/07/26 11:00:00,A,MIO_NAC,S1314,B9,EA19,2023,56842.1,,
ESTAT:GOV_10A_MAIN(1.0),21/07/26 11:00:00,A,MIO_NAC,S1314,B9,EA19,2024,19575.8,,
ESTAT:GOV_10A_MAIN(1.0),21/07/26 11:00:00,A,MIO_NAC,S1314,B9,EA19,2025,24313.6,,
ESTAT:GOV_10A_MAIN(1.0),21/07/26 11:00:00,A,MIO_NAC,S1314,B9,EA20,1995,-15397.5,,
ESTAT:GOV_10A_MAIN(1.0),21/07/26 11:00:00,A,MIO_NAC,S1314,B9,EA20,1996,-10403.1,,
ESTAT:GOV_10A_MAIN(1.0),21/07/26 11:00:00,A,MIO_NAC,S1314,B9,EA20,1997,1923.2,,
ESTAT:GOV_10A_MAIN(1.0),21/07/26 11:00:00,A,MIO_NAC,S1314,B9,EA20,1998,4193.4,,
ESTAT:GOV_10A_MAIN(1.0),21/07/26 11:00:00,A,MIO_NAC,S1314,B9,EA20,1999,27002.6,,
ESTAT:GOV_10A_MAIN(1.0),21/07/26 11:00:00,A,MIO_NAC,S1314,B9,EA20,2000,31185.6,,
ESTAT:GOV_10A_MAIN(1.0),21/07/26 11:00:00,A,MIO_NAC,S1314,B9,EA20,2001,23723.9,,
ESTAT:GOV_10A_MAIN(1.0),21/07/26 11:00:00,A,MIO_NAC,S1314,B9,EA20,2002,21337.0,,
ESTAT:GOV_10A_MAIN(1.0),21/07/26 11:00:00,A,MIO_NAC,S1314,B9,EA20,2003,4472.1,,
ESTAT:GOV_10A_MAIN(1.0),21/07/26 11:00:00,A,MIO_NAC,S1314,B9,EA20,2004,13852.1,,
ESTAT:GOV_10A_MAIN(1.0),21/07/26 11:00:00,A,MIO_NAC,S1314,B9,EA20,2005,10628.7,,
ESTAT:GOV_10A_MAIN(1.0),21/07/26 11:00:00,A,MIO_NAC,S1314,B9,EA20,2006,32631.0,,
ESTAT:GOV_10A_MAIN(1.0),21/07/26 11:00:00,A,MIO_NAC,S1314,B9,EA20,2007,49167.5,,
ESTAT:GOV_10A_MAIN(1.0),21/07/26 11:00:00,A,MIO_NAC,S1314,B9,EA20,2008,45576.8,,
ESTAT:GOV_10A_MAIN(1.0),21/07/26 11:00:00,A,MIO_NAC,S1314,B9,EA20,2009,-36387.1,,
ESTAT:GOV_10A_MAIN(1.0),21/07/26 11:00:00,A,MIO_NAC,S1314,B9,EA20,2010,-17158.6,,
ESTAT:GOV_10A_MAIN(1.0),21/07/26 11:00:00,A,MIO_NAC,S1314,B9,EA20,2011,748.8,,
ESTAT:GOV_10A_MAIN(1.0),21/07/26 11:00:00,A,MIO_NAC,S1314,B9,EA20,2012,-1661.3,,
ESTAT:GOV_10A_MAIN(1.0),21/07/26 11:00:00,A,MIO_NAC,S1314,B9,EA20,2013,-14542.0,,
ESTAT:GOV_10A_MAIN(1.0),21/07/26 11:00:00,A,MIO_NAC,S1314,B9,EA20,2014,-15664.0,,
ESTAT:GOV_10A_MAIN(1.0),21/07/26 11:00:00,A,MIO_NAC,S1314,B9,EA20,2015,-8590.8,,
ESTAT:GOV_10A_MAIN(1.0),21/07/26 11:00:00,A,MIO_NAC,S1314,B9,EA20,2016,4537.0,,
ESTAT:GOV_10A_MAIN(1.0),21/07/26 11:00:00,A,MIO_NAC,S1314,B9,EA20,2017,15761.1,,
ESTAT:GOV_10A_MAIN(1.0),21/07/26 11:00:00,A,MIO_NAC,S1314,B9,EA20,2018,31944.6,,
ESTAT:GOV_10A_MAIN(1.0),21/07/26 11:00:00,A,MIO_NAC,S1314,B9,EA20,2019,28655.8,,
ESTAT:GOV_10A_MAIN(1.0),21/07/26 11:00:00,A,MIO_NAC,S1314,B9,EA20,2020,-100940.3,,
ESTAT:GOV_10A_MAIN(1.0),21/07/26 11:00:00,A,MIO_NAC,S1314,B9,EA20,2021,-4046.8,,
ESTAT:GOV_10A_MAIN(1.0),21/07/26 11:00:00,A,MIO_NAC,S1314,B9,EA20,2022,38863.9,,
ESTAT:GOV_10A_MAIN(1.0),21/07/26 11:00:00,A,MIO_NAC,S1314,B9,EA20,2023,56737.1,,
ESTAT:GOV_10A_MAIN(1.0),21/07/26 11:00:00,A,MIO_NAC,S1314,B9,EA20,2024,19581.6,,
ESTAT:GOV_10A_MAIN(1.0),21/07/26 11:00:00,A,MIO_NAC,S1314,B9,EA20,2025,24225.5,,
ESTAT:GOV_10A_MAIN(1.0),21/07/26 11:00:00,A,MIO_NAC,S1314,B9,EA21,1995,-15243.9,,
ESTAT:GOV_10A_MAIN(1.0),21/07/26 11:00:00,A,MIO_NAC,S1314,B9,EA21,1996,-10319.6,,
ESTAT:GOV_10A_MAIN(1.0),21/07/26 11:00:00,A,MIO_NAC,S1314,B9,EA21,1997,1940.2,,
ESTAT:GOV_10A_MAIN(1.0),21/07/26 11:00:00,A,MIO_NAC,S1314,B9,EA21,1998,4184.9,,
ESTAT:GOV_10A_MAIN(1.0),21/07/26 11:00:00,A,MIO_NAC,S1314,B9,EA21,1999,27063.3,,
ESTAT:GOV_10A_MAIN(1.0),21/07/26 11:00:00,A,MIO_NAC,S1314,B9,EA21,2000,31347.3,,
ESTAT:GOV_10A_MAIN(1.0),21/07/26 11:00:00,A,MIO_NAC,S1314,B9,EA21,2001,23812.5,,
ESTAT:GOV_10A_MAIN(1.0),21/07/26 11:00:00,A,MIO_NAC,S1314,B9,EA21,2002,21439.4,,
ESTAT:GOV_10A_MAIN(1.0),21/07/26 11:00:00,A,MIO_NAC,S1314,B9,EA21,2003,4531.6,,
ESTAT:GOV_10A_MAIN(1.0),21/07/26 11:00:00,A,MIO_NAC,S1314,B9,EA21,2004,13878.2,,
ESTAT:GOV_10A_MAIN(1.0),21/07/26 11:00:00,A,MIO_NAC,S1314,B9,EA21,2005,10630.7,,
ESTAT:GOV_10A_MAIN(1.0),21/07/26 11:00:00,A,MIO_NAC,S1314,B9,EA21,2006,32502.8,,
ESTAT:GOV_10A_MAIN(1.0),21/07/26 11:00:00,A,MIO_NAC,S1314,B9,EA21,2007,49207.5,,
ESTAT:GOV_10A_MAIN(1.0),21/07/26 11:00:00,A,MIO_NAC,S1314,B9,EA21,2008,45671.5,,
ESTAT:GOV_10A_MAIN(1.0),21/07/26 11:00:00,A,MIO_NAC,S1314,B9,EA21,2009,-36260.1,,
ESTAT:GOV_10A_MAIN(1.0),21/07/26 11:00:00,A,MIO_NAC,S1314,B9,EA21,2010,-17570.0,,
ESTAT:GOV_10A_MAIN(1.0),21/07/26 11:00:00,A,MIO_NAC,S1314,B9,EA21,2011,796.5,,
ESTAT:GOV_10A_MAIN(1.0),21/07/26 11:00:00,A,MIO_NAC,S1314,B9,EA21,2012,-1620.8,,
ESTAT:GOV_10A_MAIN(1.0),21/07/26 11:00:00,A,MIO_NAC,S1314,B9,EA21,2013,-14548.7,,
ESTAT:GOV_10A_MAIN(1.0),21/07/26 11:00:00,A,MIO_NAC,S1314,B9,EA21,2014,-15565.0,,
ESTAT:GOV_10A_MAIN(1.0),21/07/26 11:00:00,A,MIO_NAC,S1314,B9,EA21,2015,-8609.3,,
ESTAT:GOV_10A_MAIN(1.0),21/07/26 11:00:00,A,MIO_NAC,S1314,B9,EA21,2016,4547.9,,
ESTAT:GOV_10A_MAIN(1.0),21/07/26 11:00:00,A,MIO_NAC,S1314,B9,EA21,2017,15728.8,,
ESTAT:GOV_10A_MAIN(1.0),21/07/26 11:00:00,A,MIO_NAC,S1314,B9,EA21,2018,31998.0,,
ESTAT:GOV_10A_MAIN(1.0),21/07/26 11:00:00,A,MIO_NAC,S1314,B9,EA21,2019,28793.3,,
ESTAT:GOV_10A_MAIN(1.0),21/07/26 11:00:00,A,MIO_NAC,S1314,B9,EA21,2020,-100855.8,,
ESTAT:GOV_10A_MAIN(1.0),21/07/26 11:00:00,A,MIO_NAC,S1314,B9,EA21,2021,-3632.7,,
ESTAT:GOV_10A_MAIN(1.0),21/07/26 11:00:00,A,MIO_NAC,S1314,B9,EA21,2022,38545.3,,
ESTAT:GOV_10A_MAIN(1.0),21/07/26 11:00:00,A,MIO_NAC,S1314,B9,EA21,2023,56794.6,,
ESTAT:GOV_10A_MAIN(1.0),21/07/26 11:00:00,A,MIO_NAC,S1314,B9,EA21,2024,19545.2,,
ESTAT:GOV_10A_MAIN(1.0),21/07/26 11:00:00,A,MIO_NAC,S1314,B9,EA21,2025,24221.2,,
ESTAT:GOV_10A_MAIN(1.0),21/07/26 11:00:00,A,MIO_NAC,S1314,B9,EE,1995,20.5,,
ESTAT:GOV_10A_MAIN(1.0),21/07/26 11:00:00,A,MIO_NAC,S1314,B9,EE,1996,12.0,,
ESTAT:GOV_10A_MAIN(1.0),21/07/26 11:00:00,A,MIO_NAC,S1314,B9,EE,1997,20.0,,
ESTAT:GOV_10A_MAIN(1.0),21/07/26 11:00:00,A,MIO_NAC,S1314,B9,EE,1998,-6.6,,
ESTAT:GOV_10A_MAIN(1.0),21/07/26 11:00:00,A,MIO_NAC,S1314,B9,EE,1999,-13.7,,
ESTAT:GOV_10A_MAIN(1.0),21/07/26 11:00:00,A,MIO_NAC,S1314,B9,EE,2000,1.4,,
ESTAT:GOV_10A_MAIN(1.0),21/07/26 11:00:00,A,MIO_NAC,S1314,B9,EE,2001,16.4,,
ESTAT:GOV_10A_MAIN(1.0),21/07/26 11:00:00,A,MIO_NAC,S1314,B9,EE,2002,56.9,,
ESTAT:GOV_10A_MAIN(1.0),21/07/26 11:00:00,A,MIO_NAC,S1314,B9,EE,2003,42.2,,
ESTAT:GOV_10A_MAIN(1.0),21/07/26 11:00:00,A,MIO_NAC,S1314,B9,EE,2004,33.8,,
ESTAT:GOV_10A_MAIN(1.0),21/07/26 11:00:00,A,MIO_NAC,S1314,B9,EE,2005,51.7,,
ESTAT:GOV_10A_MAIN(1.0),21/07/26 11:00:00,A,MIO_NAC,S1314,B9,EE,2006,79.2,,
ESTAT:GOV_10A_MAIN(1.0),21/07/26 11:00:00,A,MIO_NAC,S1314,B9,EE,2007,92.1,,
ESTAT:GOV_10A_MAIN(1.0),21/07/26 11:00:00,A,MIO_NAC,S1314,B9,EE,2008,36.8,,
ESTAT:GOV_10A_MAIN(1.0),21/07/26 11:00:00,A,MIO_NAC,S1314,B9,EE,2009,-93.6,,
ESTAT:GOV_10A_MAIN(1.0),21/07/26 11:00:00,A,MIO_NAC,S1314,B9,EE,2010,82.0,,
ESTAT:GOV_10A_MAIN(1.0),21/07/26 11:00:00,A,MIO_NAC,S1314,B9,EE,2011,147.4,,
ESTAT:GOV_10A_MAIN(1.0),21/07/26 11:00:00,A,MIO_NAC,S1314,B9,EE,2012,122.6,,
ESTAT:GOV_10A_MAIN(1.0),21/07/26 11:00:00,A,MIO_NAC,S1314,B9,EE,2013,64.4,,
ESTAT:GOV_10A_MAIN(1.0),21/07/26 11:00:00,A,MIO_NAC,S1314,B9,EE,2014,63.4,,
ESTAT:GOV_10A_MAIN(1.0),21/07/26 11:00:00,A,MIO_NAC,S1314,B9,EE,2015,23.4,,
ESTAT:GOV_10A_MAIN(1.0),21/07/26 11:00:00,A,MIO_NAC,S1314,B9,EE,2016,9.1,,
ESTAT:GOV_10A_MAIN(1.0),21/07/26 11:00:00,A,MIO_NAC,S1314,B9,EE,2017,56.4,,
ESTAT:GOV_10A_MAIN(1.0),21/07/26 11:00:00,A,MIO_NAC,S1314,B9,EE,2018,66.6,,
ESTAT:GOV_10A_MAIN(1.0),21/07/26 11:00:00,A,MIO_NAC,S1314,B9,EE,2019,74.1,,
ESTAT:GOV_10A_MAIN(1.0),21/07/26 11:00:00,A,MIO_NAC,S1314,B9,EE,2020,-316.3,,
ESTAT:GOV_10A_MAIN(1.0),21/07/26 11:00:00,A,MIO_NAC,S1314,B9,EE,2021,136.6,,
ESTAT:GOV_10A_MAIN(1.0),21/07/26 11:00:00,A,MIO_NAC,S1314,B9,EE,2022,189.6,,
ESTAT:GOV_10A_MAIN(1.0),21/07/26 11:00:00,A,MIO_NAC,S1314,B9,EE,2023,173.5,,
ESTAT:GOV_10A_MAIN(1.0),21/07/26 11:00:00,A,MIO_NAC,S1314,B9,EE,2024,37.1,,
ESTAT:GOV_10A_MAIN(1.0),21/07/26 11:00:00,A,MIO_NAC,S1314,B9,EE,2025,-68.9,,
ESTAT:GOV_10A_MAIN(1.0),21/07/26 11:00:00,A,MIO_NAC,S1314,B9,EL,1995,1639.0,,
ESTAT:GOV_10A_MAIN(1.0),21/07/26 11:00:00,A,MIO_NAC,S1314,B9,EL,1996,2070.0,,
ESTAT:GOV_10A_MAIN(1.0),21/07/26 11:00:00,A,MIO_NAC,S1314,B9,EL,1997,2163.0,,
ESTAT:GOV_10A_MAIN(1.0),21/07/26 11:00:00,A,MIO_NAC,S1314,B9,EL,1998,2044.0,,
ESTAT:GOV_10A_MAIN(1.0),21/07/26 11:00:00,A,MIO_NAC,S1314,B9,EL,1999,2042.0,,
ESTAT:GOV_10A_MAIN(1.0),21/07/26 11:00:00,A,MIO_NAC,S1314,B9,EL,2000,2608.0,,
ESTAT:GOV_10A_MAIN(1.0),21/07/26 11:00:00,A,MIO_NAC,S1314,B9,EL,2001,2162.0,,
ESTAT:GOV_10A_MAIN(1.0),21/07/26 11:00:00,A,MIO_NAC,S1314,B9,EL,2002,3418.0,,
ESTAT:GOV_10A_MAIN(1.0),21/07/26 11:00:00,A,MIO_NAC,S1314,B9,EL,2003,3717.0,,
ESTAT:GOV_10A_MAIN(1.0),21/07/26 11:00:00,A,MIO_NAC,S1314,B9,EL,2004,3515.0,,
ESTAT:GOV_10A_MAIN(1.0),21/07/26 11:00:00,A,MIO_NAC,S1314,B9,EL,2005,2036.0,,
ESTAT:GOV_10A_MAIN(1.0),21/07/26 11:00:00,A,MIO_NAC,S1314,B9,EL,2006,1516.0,,
ESTAT:GOV_10A_MAIN(1.0),21/07/26 11:00:00,A,MIO_NAC,S1314,B9,EL,2007,1371.0,,
ESTAT:GOV_10A_MAIN(1.0),21/07/26 11:00:00,A,MIO_NAC,S1314,B9,EL,2008,2149.0,,
ESTAT:GOV_10A_MAIN(1.0),21/07/26 11:00:00,A,MIO_NAC,S1314,B9,EL,2009,-115.0,,
ESTAT:GOV_10A_MAIN(1.0),21/07/26 11:00:00,A,MIO_NAC,S1314,B9,EL,2010,-520.0,,
ESTAT:GOV_10A_MAIN(1.0),21/07/26 11:00:00,A,MIO_NAC,S1314,B9,EL,2011,-2457.0,,
ESTAT:GOV_10A_MAIN(1.0),21/07/26 11:00:00,A,MIO_NAC,S1314,B9,EL,2012,-1724.0,,
ESTAT:GOV_10A_MAIN(1.0),21/07/26 11:00:00,A,MIO_NAC,S1314,B9,EL,2013,3075.0,,
ESTAT:GOV_10A_MAIN(1.0),21/07/26 11:00:00,A,MIO_NAC,S1314,B9,EL,2014,715.0,,
ESTAT:GOV_10A_MAIN(1.0),21/07/26 11:00:00,A,MIO_NAC,S1314,B9,EL,2015,-959.0,,
ESTAT:GOV_10A_MAIN(1.0),21/07/26 11:00:00,A,MIO_NAC,S1314,B9,EL,2016,1527.0,,
ESTAT:GOV_10A_MAIN(1.0),21/07/26 11:00:00,A,MIO_NAC,S1314,B9,EL,2017,2633.0,,
ESTAT:GOV_10A_MAIN(1.0),21/07/26 11:00:00,A,MIO_NAC,S1314,B9,EL,2018,3256.0,,
ESTAT:GOV_10A_MAIN(1.0),21/07/26 11:00:00,A,MIO_NAC,S1314,B9,EL,2019,1268.0,,
ESTAT:GOV_10A_MAIN(1.0),21/07/26 11:00:00,A,MIO_NAC,S1314,B9,EL,2020,581.0,,
ESTAT:GOV_10A_MAIN(1.0),21/07/26 11:00:00,A,MIO_NAC,S1314,B9,EL,2021,1600.0,,
ESTAT:GOV_10A_MAIN(1.0),21/07/26 11:00:00,A,MIO_NAC,S1314,B9,EL,2022,2743.0,,
ESTAT:GOV_10A_MAIN(1.0),21/07/26 11:00:00,A,MIO_NAC,S1314,B9,EL,2023,937.0,,
ESTAT:GOV_10A_MAIN(1.0),21/07/26 11:00:00,A,MIO_NAC,S1314,B9,EL,2024,1101.0,,
ESTAT:GOV_10A_MAIN(1.0),21/07/26 11:00:00,A,MIO_NAC,S1314,B9,EL,2025,1758.0,,
ESTAT:GOV_10A_MAIN(1.0),21/07/26 11:00:00,A,MIO_NAC,S1314,B9,ES,1995,-2620.0,,
ESTAT:GOV_10A_MAIN(1.0),21/07/26 11:00:00,A,MIO_NAC,S1314,B9,ES,1996,-5093.0,,
ESTAT:GOV_10A_MAIN(1.0),21/07/26 11:00:00,A,MIO_NAC,S1314,B9,ES,1997,-3281.0,,
ESTAT:GOV_10A_MAIN(1.0),21/07/26 11:00:00,A,MIO_NAC,S1314,B9,ES,1998,-1615.0,,
ESTAT:GOV_10A_MAIN(1.0),21/07/26 11:00:00,A,MIO_NAC,S1314,B9,ES,1999,970.0,,
ESTAT:GOV_10A_MAIN(1.0),21/07/26 11:00:00,A,MIO_NAC,S1314,B9,ES,2000,2989.0,,
ESTAT:GOV_10A_MAIN(1.0),21/07/26 11:00:00,A,MIO_NAC,S1314,B9,ES,2001,5765.0,,
ESTAT:GOV_10A_MAIN(1.0),21/07/26 11:00:00,A,MIO_NAC,S1314,B9,ES,2002,6028.0,,
ESTAT:GOV_10A_MAIN(1.0),21/07/26 11:00:00,A,MIO_NAC,S1314,B9,ES,2003,7964.0,,
ESTAT:GOV_10A_MAIN(1.0),21/07/26 11:00:00,A,MIO_NAC,S1314,B9,ES,2004,8590.0,,
ESTAT:GOV_10A_MAIN(1.0),21/07/26 11:00:00,A,MIO_NAC,S1314,B9,ES,2005,10075.0,,
ESTAT:GOV_10A_MAIN(1.0),21/07/26 11:00:00,A,MIO_NAC,S1314,B9,ES,2006,13096.0,,
ESTAT:GOV_10A_MAIN(1.0),21/07/26 11:00:00,A,MIO_NAC,S1314,B9,ES,2007,13842.0,,
ESTAT:GOV_10A_MAIN(1.0),21/07/26 11:00:00,A,MIO_NAC,S1314,B9,ES,2008,7419.0,,
ESTAT:GOV_10A_MAIN(1.0),21/07/26 11:00:00,A,MIO_NAC,S1314,B9,ES,2009,7629.0,,
ESTAT:GOV_10A_MAIN(1.0),21/07/26 11:00:00,A,MIO_NAC,S1314,B9,ES,2010,-2669.0,,
ESTAT:GOV_10A_MAIN(1.0),21/07/26 11:00:00,A,MIO_NAC,S1314,B9,ES,2011,-1242.0,,
ESTAT:GOV_10A_MAIN(1.0),21/07/26 11:00:00,A,MIO_NAC,S1314,B9,ES,2012,-10015.0,,
ESTAT:GOV_10A_MAIN(1.0),21/07/26 11:00:00,A,MIO_NAC,S1314,B9,ES,2013,-11349.0,,
ESTAT:GOV_10A_MAIN(1.0),21/07/26 11:00:00,A,MIO_NAC,S1314,B9,ES,2014,-10607.0,,
ESTAT:GOV_10A_MAIN(1.0),21/07/26 11:00:00,A,MIO_NAC,S1314,B9,ES,2015,-12853.0,,
ESTAT:GOV_10A_MAIN(1.0),21/07/26 11:00:00,A,MIO_NAC,S1314,B9,ES,2016,-17401.0,,
ESTAT:GOV_10A_MAIN(1.0),21/07/26 11:00:00,A,MIO_NAC,S1314,B9,ES,2017,-16775.0,,
ESTAT:GOV_10A_MAIN(1.0),21/07/26 11:00:00,A,MIO_NAC,S1314,B9,ES,2018,-17310.0,,
ESTAT:GOV_10A_MAIN(1.0),21/07/26 11:00:00,A,MIO_NAC,S1314,B9,ES,2019,-15860.0,,
ESTAT:GOV_10A_MAIN(1.0),21/07/26 11:00:00,A,MIO_NAC,S1314,B9,ES,2020,-26668.0,,
ESTAT:GOV_10A_MAIN(1.0),21/07/26 11:00:00,A,MIO_NAC,S1314,B9,ES,2021,-11706.0,,
ESTAT:GOV_10A_MAIN(1.0),21/07/26 11:00:00,A,MIO_NAC,S1314,B9,ES,2022,-5916.0,,
ESTAT:GOV_10A_MAIN(1.0),21/07/26 11:00:00,A,MIO_NAC,S1314,B9,ES,2023,-8273.0,,
ESTAT:GOV_10A_MAIN(1.0),21/07/26 11:00:00,A,MIO_NAC,S1314,B9,ES,2024,-8218.0,,
ESTAT:GOV_10A_MAIN(1.0),21/07/26 11:00:00,A,MIO_NAC,S1314,B9,ES,2025,-5580.0,,
ESTAT:GOV_10A_MAIN(1.0),21/07/26 11:00:00,A,MIO_NAC,S1314,B9,EU27_2020,1995,-11500.3,,
ESTAT:GOV_10A_MAIN(1.0),21/07/26 11:00:00,A,MIO_NAC,S1314,B9,EU27_2020,1996,-5987.9,,
ESTAT:GOV_10A_MAIN(1.0),21/07/26 11:00:00,A,MIO_NAC,S1314,B9,EU27_2020,1997,5942.0,,
ESTAT:GOV_10A_MAIN(1.0),21/07/26 11:00:00,A,MIO_NAC,S1314,B9,EU27_2020,1998,8883.1,,
ESTAT:GOV_10A_MAIN(1.0),21/07/26 11:00:00,A,MIO_NAC,S1314,B9,EU27_2020,1999,23389.8,,
ESTAT:GOV_10A_MAIN(1.0),21/07/26 11:00:00,A,MIO_NAC,S1314,B9,EU27_2020,2000,29769.2,,
ESTAT:GOV_10A_MAIN(1.0),21/07/26 11:00:00,A,MIO_NAC,S1314,B9,EU27_2020,2001,11140.9,,
ESTAT:GOV_10A_MAIN(1.0),21/07/26 11:00:00,A,MIO_NAC,S1314,B9,EU27_2020,2002,22953.2,,
ESTAT:GOV_10A_MAIN(1.0),21/07/26 11:00:00,A,MIO_NAC,S1314,B9,EU27_2020,2003,5743.8,,
ESTAT:GOV_10A_MAIN(1.0),21/07/26 11:00:00,A,MIO_NAC,S1314,B9,EU27_2020,2004,15778.6,,
ESTAT:GOV_10A_MAIN(1.0),21/07/26 11:00:00,A,MIO_NAC,S1314,B9,EU27_2020,2005,14245.6,,
ESTAT:GOV_10A_MAIN(1.0),21/07/26 11:00:00,A,MIO_NAC,S1314,B9,EU27_2020,2006,40472.0,,
ESTAT:GOV_10A_MAIN(1.0),21/07/26 11:00:00,A,MIO_NAC,S1314,B9,EU27_2020,2007,58788.1,,
ESTAT:GOV_10A_MAIN(1.0),21/07/26 11:00:00,A,MIO_NAC,S1314,B9,EU27_2020,2008,50592.4,,
ESTAT:GOV_10A_MAIN(1.0),21/07/26 11:00:00,A,MIO_NAC,S1314,B9,EU27_2020,2009,-40782.5,,
ESTAT:GOV_10A_MAIN(1.0),21/07/26 11:00:00,A,MIO_NAC,S1314,B9,EU27_2020,2010,-18949.2,,
ESTAT:GOV_10A_MAIN(1.0),21/07/26 11:00:00,A,MIO_NAC,S1314,B9,EU27_2020,2011,2215.8,,
ESTAT:GOV_10A_MAIN(1.0),21/07/26 11:00:00,A,MIO_NAC,S1314,B9,EU27_2020,2012,-20.0,,
ESTAT:GOV_10A_MAIN(1.0),21/07/26 11:00:00,A,MIO_NAC,S1314,B9,EU27_2020,2013,-15026.6,,
ESTAT:GOV_10A_MAIN(1.0),21/07/26 11:00:00,A,MIO_NAC,S1314,B9,EU27_2020,2014,-19002.0,,
ESTAT:GOV_10A_MAIN(1.0),21/07/26 11:00:00,A,MIO_NAC,S1314,B9,EU27_2020,2015,-8938.3,,
ESTAT:GOV_10A_MAIN(1.0),21/07/26 11:00:00,A,MIO_NAC,S1314,B9,EU27_2020,2016,4999.1,,
ESTAT:GOV_10A_MAIN(1.0),21/07/26 11:00:00,A,MIO_NAC,S1314,B9,EU27_2020,2017,25830.0,,
ESTAT:GOV_10A_MAIN(1.0),21/07/26 11:00:00,A,MIO_NAC,S1314,B9,EU27_2020,2018,37307.4,,
ESTAT:GOV_10A_MAIN(1.0),21/07/26 11:00:00,A,MIO_NAC,S1314,B9,EU27_2020,2019,32746.1,,
ESTAT:GOV_10A_MAIN(1.0),21/07/26 11:00:00,A,MIO_NAC,S1314,B9,EU27_2020,2020,-99036.1,,
ESTAT:GOV_10A_MAIN(1.0),21/07/26 11:00:00,A,MIO_NAC,S1314,B9,EU27_2020,2021,-6232.0,,
ESTAT:GOV_10A_MAIN(1.0),21/07/26 11:00:00,A,MIO_NAC,S1314,B9,EU27_2020,2022,40780.9,,
ESTAT:GOV_10A_MAIN(1.0),21/07/26 11:00:00,A,MIO_NAC,S1314,B9,EU27_2020,2023,55477.3,,
ESTAT:GOV_10A_MAIN(1.0),21/07/26 11:00:00,A,MIO_NAC,S1314,B9,EU27_2020,2024,19788.9,,
ESTAT:GOV_10A_MAIN(1.0),21/07/26 11:00:00,A,MIO_NAC,S1314,B9,EU27_2020,2025,25395.9,,
ESTAT:GOV_10A_MAIN(1.0),21/07/26 11:00:00,A,MIO_NAC,S1314,B9,FI,1995,3726.0,,
ESTAT:GOV_10A_MAIN(1.0),21/07/26 11:00:00,A,MIO_NAC,S1314,B9,FI,1996,3398.0,,
ESTAT:GOV_10A_MAIN(1.0),21/07/26 11:00:00,A,MIO_NAC,S1314,B9,FI,1997,3246.0,,
ESTAT:GOV_10A_MAIN(1.0),21/07/26 11:00:00,A,MIO_NAC,S1314,B9,FI,1998,4031.0,,
ESTAT:GOV_10A_MAIN(1.0),21/07/26 11:00:00,A,MIO_NAC,S1314,B9,FI,1999,3786.0,,
ESTAT:GOV_10A_MAIN(1.0),21/07/26 11:00:00,A,MIO_NAC,S1314,B9,FI,2000,5595.0,,
ESTAT:GOV_10A_MAIN(1.0),21/07/26 11:00:00,A,MIO_NAC,S1314,B9,FI,2001,5803.0,,
ESTAT:GOV_10A_MAIN(1.0),21/07/26 11:00:00,A,MIO_NAC,S1314,B9,FI,2002,5236.0,,
ESTAT:GOV_10A_MAIN(1.0),21/07/26 11:00:00,A,MIO_NAC,S1314,B9,FI,2003,4623.0,,
ESTAT:GOV_10A_MAIN(1.0),21/07/26 11:00:00,A,MIO_NAC,S1314,B9,FI,2004,4848.0,,
ESTAT:GOV_10A_MAIN(1.0),21/07/26 11:00:00,A,MIO_NAC,S1314,B9,FI,2005,5498.0,,
ESTAT:GOV_10A_MAIN(1.0),21/07/26 11:00:00,A,MIO_NAC,S1314,B9,FI,2006,7754.0,,
ESTAT:GOV_10A_MAIN(1.0),21/07/26 11:00:00,A,MIO_NAC,S1314,B9,FI,2007,8165.0,,
ESTAT:GOV_10A_MAIN(1.0),21/07/26 11:00:00,A,MIO_NAC,S1314,B9,FI,2008,7880.0,,
ESTAT:GOV_10A_MAIN(1.0),21/07/26 11:00:00,A,MIO_NAC,S1314,B9,FI,2009,4875.0,,
ESTAT:GOV_10A_MAIN(1.0),21/07/26 11:00:00,A,MIO_NAC,S1314,B9,FI,2010,5571.0,,
ESTAT:GOV_10A_MAIN(1.0),21/07/26 11:00:00,A,MIO_NAC,S1314,B9,FI,2011,5418.0,,
ESTAT:GOV_10A_MAIN(1.0),21/07/26 11:00:00,A,MIO_NAC,S1314,B9,FI,2012,5172.0,,
ESTAT:GOV_10A_MAIN(1.0),21/07/26 11:00:00,A,MIO_NAC,S1314,B9,FI,2013,3834.0,,
ESTAT:GOV_10A_MAIN(1.0),21/07/26 11:00:00,A,MIO_NAC,S1314,B9,FI,2014,3064.0,,
ESTAT:GOV_10A_MAIN(1.0),21/07/26 11:00:00,A,MIO_NAC,S1314,B9,FI,2015,2502.0,,
ESTAT:GOV_10A_MAIN(1.0),21/07/26 11:00:00,A,MIO_NAC,S1314,B9,FI,2016,2909.0,,
ESTAT:GOV_10A_MAIN(1.0),21/07/26 11:00:00,A,MIO_NAC,S1314,B9,FI,2017,3011.0,,
ESTAT:GOV_10A_MAIN(1.0),21/07/26 11:00:00,A,MIO_NAC,S1314,B9,FI,2018,2983.0,,
ESTAT:GOV_10A_MAIN(1.0),21/07/26 11:00:00,A,MIO_NAC,S1314,B9,FI,2019,3421.0,,
ESTAT:GOV_10A_MAIN(1.0),21/07/26 11:00:00,A,MIO_NAC,S1314,B9,FI,2020,18.0,,
ESTAT:GOV_10A_MAIN(1.0),21/07/26 11:00:00,A,MIO_NAC,S1314,B9,FI,2021,2411.0,,
ESTAT:GOV_10A_MAIN(1.0),21/07/26 11:00:00,A,MIO_NAC,S1314,B9,FI,2022,3496.0,,
ESTAT:GOV_10A_MAIN(1.0),21/07/26 11:00:00,A,MIO_NAC,S1314,B9,FI,2023,4118.0,,
ESTAT:GOV_10A_MAIN(1.0),21/07/26 11:00:00,A,MIO_NAC,S1314,B9,FI,2024,885.0,,
ESTAT:GOV_10A_MAIN(1.0),21/07/26 11:00:00,A,MIO_NAC,S1314,B9,FI,2025,1631.0,,
ESTAT:GOV_10A_MAIN(1.0),21/07/26 11:00:00,A,MIO_NAC,S1314,B9,FR,1995,-8870.2,,
ESTAT:GOV_10A_MAIN(1.0),21/07/26 11:00:00,A,MIO_NAC,S1314,B9,FR,1996,-4822.9,,
ESTAT:GOV_10A_MAIN(1.0),21/07/26 11:00:00,A,MIO_NAC,S1314,B9,FR,1997,-3043.8,,
ESTAT:GOV_10A_MAIN(1.0),21/07/26 11:00:00,A,MIO_NAC,S1314,B9,FR,1998,-144.5,,
ESTAT:GOV_10A_MAIN(1.0),21/07/26 11:00:00,A,MIO_NAC,S1314,B9,FR,1999,5874.2,,
ESTAT:GOV_10A_MAIN(1.0),21/07/26 11:00:00,A,MIO_NAC,S1314,B9,FR,2000,11354.9,,
ESTAT:GOV_10A_MAIN(1.0),21/07/26 11:00:00,A,MIO_NAC,S1314,B9,FR,2001,10276.8,,
ESTAT:GOV_10A_MAIN(1.0),21/07/26 11:00:00,A,MIO_NAC,S1314,B9,FR,2002,3020.7,,
ESTAT:GOV_10A_MAIN(1.0),21/07/26 11:00:00,A,MIO_NAC,S1314,B9,FR,2003,-4629.9,,
ESTAT:GOV_10A_MAIN(1.0),21/07/26 11:00:00,A,MIO_NAC,S1314,B9,FR,2004,-11461.3,,
ESTAT:GOV_10A_MAIN(1.0),21/07/26 11:00:00,A,MIO_NAC,S1314,B9,FR,2005,-9285.6,,
ESTAT:GOV_10A_MAIN(1.0),21/07/26 11:00:00,A,MIO_NAC,S1314,B9,FR,2006,1102.5,,
ESTAT:GOV_10A_MAIN(1.0),21/07/26 11:00:00,A,MIO_NAC,S1314,B9,FR,2007,2244.5,,
ESTAT:GOV_10A_MAIN(1.0),21/07/26 11:00:00,A,MIO_NAC,S1314,B9,FR,2008,11971.7,,
ESTAT:GOV_10A_MAIN(1.0),21/07/26 11:00:00,A,MIO_NAC,S1314,B9,FR,2009,-17137.5,,
ESTAT:GOV_10A_MAIN(1.0),21/07/26 11:00:00,A,MIO_NAC,S1314,B9,FR,2010,-25787.9,,
ESTAT:GOV_10A_MAIN(1.0),21/07/26 11:00:00,A,MIO_NAC,S1314,B9,FR,2011,-14664.1,,
ESTAT:GOV_10A_MAIN(1.0),21/07/26 11:00:00,A,MIO_NAC,S1314,B9,FR,2012,-14545.2,,
ESTAT:GOV_10A_MAIN(1.0),21/07/26 11:00:00,A,MIO_NAC,S1314,B9,FR,2013,-10817.0,,
ESTAT:GOV_10A_MAIN(1.0),21/07/26 11:00:00,A,MIO_NAC,S1314,B9,FR,2014,-9131.0,,
ESTAT:GOV_10A_MAIN(1.0),21/07/26 11:00:00,A,MIO_NAC,S1314,B9,FR,2015,-5661.0,,
ESTAT:GOV_10A_MAIN(1.0),21/07/26 11:00:00,A,MIO_NAC,S1314,B9,FR,2016,-4385.0,,
ESTAT:GOV_10A_MAIN(1.0),21/07/26 11:00:00,A,MIO_NAC,S1314,B9,FR,2017,3408.0,,
ESTAT:GOV_10A_MAIN(1.0),21/07/26 11:00:00,A,MIO_NAC,S1314,B9,FR,2018,9215.0,,
ESTAT:GOV_10A_MAIN(1.0),21/07/26 11:00:00,A,MIO_NAC,S1314,B9,FR,2019,12086.8,,
ESTAT:GOV_10A_MAIN(1.0),21/07/26 11:00:00,A,MIO_NAC,S1314,B9,FR,2020,-48303.6,,
ESTAT:GOV_10A_MAIN(1.0),21/07/26 11:00:00,A,MIO_NAC,S1314,B9,FR,2021,-19710.9,,
ESTAT:GOV_10A_MAIN(1.0),21/07/26 11:00:00,A,MIO_NAC,S1314,B9,FR,2022,8500.4,,
ESTAT:GOV_10A_MAIN(1.0),21/07/26 11:00:00,A,MIO_NAC,S1314,B9,FR,2023,11845.6,,
ESTAT:GOV_10A_MAIN(1.0),21/07/26 11:00:00,A,MIO_NAC,S1314,B9,FR,2024,1140.1,,
ESTAT:GOV_10A_MAIN(1.0),21/07/26 11:00:00,A,MIO_NAC,S1314,B9,FR,2025,-6717.9,,
ESTAT:GOV_10A_MAIN(1.0),21/07/26 11:00:00,A,MIO_NAC,S1314,B9,HR,1995,50.3,,
ESTAT:GOV_10A_MAIN(1.0),21/07/26 11:00:00,A,MIO_NAC,S1314,B9,HR,1996,-14.0,,
ESTAT:GOV_10A_MAIN(1.0),21/07/26 11:00:00,A,MIO_NAC,S1314,B9,HR,1997,111.4,,
ESTAT:GOV_10A_MAIN(1.0),21/07/26 11:00:00,A,MIO_NAC,S1314,B9,HR,1998,75.9,,
ESTAT:GOV_10A_MAIN(1.0),21/07/26 11:00:00,A,MIO_NAC,S1314,B9,HR,1999,-376.0,,
ESTAT:GOV_10A_MAIN(1.0),21/07/26 11:00:00,A,MIO_NAC,S1314,B9,HR,2000,-214.1,,
ESTAT:GOV_10A_MAIN(1.0),21/07/26 11:00:00,A,MIO_NAC,S1314,B9,HR,2001,18.0,,
ESTAT:GOV_10A_MAIN(1.0),21/07/26 11:00:00,A,MIO_NAC,S1314,B9,HR,2002,-459.0,,
ESTAT:GOV_10A_MAIN(1.0),21/07/26 11:00:00,A,MIO_NAC,S1314,B9,HR,2003,-69.3,,
ESTAT:GOV_10A_MAIN(1.0),21/07/26 11:00:00,A,MIO_NAC,S1314,B9,HR,2004,-118.8,,
ESTAT:GOV_10A_MAIN(1.0),21/07/26 11:00:00,A,MIO_NAC,S1314,B9,HR,2005,-45.8,,
ESTAT:GOV_10A_MAIN(1.0),21/07/26 11:00:00,A,MIO_NAC,S1314,B9,HR,2006,11.6,,
ESTAT:GOV_10A_MAIN(1.0),21/07/26 11:00:00,A,MIO_NAC,S1314,B9,HR,2007,134.4,,
ESTAT:GOV_10A_MAIN(1.0),21/07/26 11:00:00,A,MIO_NAC,S1314,B9,HR,2008,-3.1,,
ESTAT:GOV_10A_MAIN(1.0),21/07/26 11:00:00,A,MIO_NAC,S1314,B9,HR,2009,-9.2,,
ESTAT:GOV_10A_MAIN(1.0),21/07/26 11:00:00,A,MIO_NAC,S1314,B9,HR,2010,-14.2,,
ESTAT:GOV_10A_MAIN(1.0),21/07/26 11:00:00,A,MIO_NAC,S1314,B9,HR,2011,-67.1,,
ESTAT:GOV_10A_MAIN(1.0),21/07/26 11:00:00,A,MIO_NAC,S1314,B9,HR,2012,-192.1,,
ESTAT:GOV_10A_MAIN(1.0),21/07/26 11:00:00,A,MIO_NAC,S1314,B9,HR,2013,213.5,,
ESTAT:GOV_10A_MAIN(1.0),21/07/26 11:00:00,A,MIO_NAC,S1314,B9,HR,2014,-195.8,,
ESTAT:GOV_10A_MAIN(1.0),21/07/26 11:00:00,A,MIO_NAC,S1314,B9,HR,2015,-255.2,,
ESTAT:GOV_10A_MAIN(1.0),21/07/26 11:00:00,A,MIO_NAC,S1314,B9,HR,2016,80.1,,
ESTAT:GOV_10A_MAIN(1.0),21/07/26 11:00:00,A,MIO_NAC,S1314,B9,HR,2017,30.3,,
ESTAT:GOV_10A_MAIN(1.0),21/07/26 11:00:00,A,MIO_NAC,S1314,B9,HR,2018,13.3,,
ESTAT:GOV_10A_MAIN(1.0),21/07/26 11:00:00,A,MIO_NAC,S1314,B9,HR,2019,72.7,,
ESTAT:GOV_10A_MAIN(1.0),21/07/26 11:00:00,A,MIO_NAC,S1314,B9,HR,2020,-39.3,,
ESTAT:GOV_10A_MAIN(1.0),21/07/26 11:00:00,A,MIO_NAC,S1314,B9,HR,2021,213.5,,
ESTAT:GOV_10A_MAIN(1.0),21/07/26 11:00:00,A,MIO_NAC,S1314,B9,HR,2022,53.8,,
ESTAT:GOV_10A_MAIN(1.0),21/07/26 11:00:00,A,MIO_NAC,S1314,B9,HR,2023,-105.0,,
ESTAT:GOV_10A_MAIN(1.0),21/07/26 11:00:00,A,MIO_NAC,S1314,B9,HR,2024,5.8,,
ESTAT:GOV_10A_MAIN(1.0),21/07/26 11:00:00,A,MIO_NAC,S1314,B9,HR,2025,-88.1,,
ESTAT:GOV_10A_MAIN(1.0),21/07/26 11:00:00,A,MIO_NAC,S1314,B9,HU,1995,114.0,,
ESTAT:GOV_10A_MAIN(1.0),21/07/26 11:00:00,A,MIO_NAC,S1314,B9,HU,1996,41592.0,,
ESTAT:GOV_10A_MAIN(1.0),21/07/26 11:00:00,A,MIO_NAC,S1314,B9,HU,1997,8720.0,,
ESTAT:GOV_10A_MAIN(1.0),21/07/26 11:00:00,A,MIO_NAC,S1314,B9,HU,1998,-35422.0,,
ESTAT:GOV_10A_MAIN(1.0),21/07/26 11:00:00,A,MIO_NAC,S1314,B9,HU,1999,-18781.0,,
ESTAT:GOV_10A_MAIN(1.0),21/07/26 11:00:00,A,MIO_NAC,S1314,B9,HU,2000,-14537.0,,
ESTAT:GOV_10A_MAIN(1.0),21/07/26 11:00:00,A,MIO_NAC,S1314,B9,HU,2001,70489.0,,
ESTAT:GOV_10A_MAIN(1.0),21/07/26 11:00:00,A,MIO_NAC,S1314,B9,HU,2002,-51352.0,,
ESTAT:GOV_10A_MAIN(1.0),21/07/26 11:00:00,A,MIO_NAC,S1314,B9,HU,2003,-241856.0,,
ESTAT:GOV_10A_MAIN(1.0),21/07/26 11:00:00,A,MIO_NAC,S1314,B9,HU,2004,-61673.0,,
ESTAT:GOV_10A_MAIN(1.0),21/07/26 11:00:00,A,MIO_NAC,S1314,B9,HU,2005,-37323.0,,
ESTAT:GOV_10A_MAIN(1.0),21/07/26 11:00:00,A,MIO_NAC,S1314,B9,HU,2006,376953.0,,
ESTAT:GOV_10A_MAIN(1.0),21/07/26 11:00:00,A,MIO_NAC,S1314,B9,HU,2007,177173.0,,
ESTAT:GOV_10A_MAIN(1.0),21/07/26 11:00:00,A,MIO_NAC,S1314,B9,HU,2008,-80496.0,,
ESTAT:GOV_10A_MAIN(1.0),21/07/26 11:00:00,A,MIO_NAC,S1314,B9,HU,2009,-109919.0,,
ESTAT:GOV_10A_MAIN(1.0),21/07/26 11:00:00,A,MIO_NAC,S1314,B9,HU,2010,47124.0,,
ESTAT:GOV_10A_MAIN(1.0),21/07/26 11:00:00,A,MIO_NAC,S1314,B9,HU,2011,7727.0,,
ESTAT:GOV_10A_MAIN(1.0),21/07/26 11:00:00,A,MIO_NAC,S1314,B9,HU,2012,-4085.0,,
ESTAT:GOV_10A_MAIN(1.0),21/07/26 11:00:00,A,MIO_NAC,S1314,B9,HU,2013,136789.0,,
ESTAT:GOV_10A_MAIN(1.0),21/07/26 11:00:00,A,MIO_NAC,S1314,B9,HU,2014,42538.5,,
ESTAT:GOV_10A_MAIN(1.0),21/07/26 11:00:00,A,MIO_NAC,S1314,B9,HU,2015,2898.9,,
ESTAT:GOV_10A_MAIN(1.0),21/07/26 11:00:00,A,MIO_NAC,S1314,B9,HU,2016,-35827.9,,
ESTAT:GOV_10A_MAIN(1.0),21/07/26 11:00:00,A,MIO_NAC,S1314,B9,HU,2017,-35880.8,,
ESTAT:GOV_10A_MAIN(1.0),21/07/26 11:00:00,A,MIO_NAC,S1314,B9,HU,2018,76612.1,,
ESTAT:GOV_10A_MAIN(1.0),21/07/26 11:00:00,A,MIO_NAC,S1314,B9,HU,2019,-136626.0,,
ESTAT:GOV_10A_MAIN(1.0),21/07/26 11:00:00,A,MIO_NAC,S1314,B9,HU,2020,-456202.9,,
ESTAT:GOV_10A_MAIN(1.0),21/07/26 11:00:00,A,MIO_NAC,S1314,B9,HU,2021,276939.0,,
ESTAT:GOV_10A_MAIN(1.0),21/07/26 11:00:00,A,MIO_NAC,S1314,B9,HU,2022,83366.0,,
ESTAT:GOV_10A_MAIN(1.0),21/07/26 11:00:00,A,MIO_NAC,S1314,B9,HU,2023,101536.0,,
ESTAT:GOV_10A_MAIN(1.0),21/07/26 11:00:00,A,MIO_NAC,S1314,B9,HU,2024,267957.0,,
ESTAT:GOV_10A_MAIN(1.0),21/07/26 11:00:00,A,MIO_NAC,S1314,B9,HU,2025,65650.4,,
ESTAT:GOV_10A_MAIN(1.0),21/07/26 11:00:00,A,MIO_NAC,S1314,B9,IE,1995,-17.1,,
ESTAT:GOV_10A_MAIN(1.0),21/07/26 11:00:00,A,MIO_NAC,S1314,B9,IE,1996,-16.1,,
ESTAT:GOV_10A_MAIN(1.0),21/07/26 11:00:00,A,MIO_NAC,S1314,B9,IE,1997,-8.4,,
ESTAT:GOV_10A_MAIN(1.0),21/07/26 11:00:00,A,MIO_NAC,S1314,B9,IE,1998,51.4,,
ESTAT:GOV_10A_MAIN(1.0),21/07/26 11:00:00,A,MIO_NAC,S1314,B9,IE,1999,308.8,,
ESTAT:GOV_10A_MAIN(1.0),21/07/26 11:00:00,A,MIO_NAC,S1314,B9,IE,2000,625.5,,
ESTAT:GOV_10A_MAIN(1.0),21/07/26 11:00:00,A,MIO_NAC,S1314,B9,IE,2001,705.3,,
ESTAT:GOV_10A_MAIN(1.0),21/07/26 11:00:00,A,MIO_NAC,S1314,B9,IE,2002,-228.6,,
ESTAT:GOV_10A_MAIN(1.0),21/07/26 11:00:00,A,MIO_NAC,S1314,B9,IE,2003,283.0,,
ESTAT:GOV_10A_MAIN(1.0),21/07/26 11:00:00,A,MIO_NAC,S1314,B9,IE,2004,388.9,,
ESTAT:GOV_10A_MAIN(1.0),21/07/26 11:00:00,A,MIO_NAC,S1314,B9,IE,2005,549.4,,
ESTAT:GOV_10A_MAIN(1.0),21/07/26 11:00:00,A,MIO_NAC,S1314,B9,IE,2006,494.3,,
ESTAT:GOV_10A_MAIN(1.0),21/07/26 11:00:00,A,MIO_NAC,S1314,B9,IE,2007,571.4,,
ESTAT:GOV_10A_MAIN(1.0),21/07/26 11:00:00,A,MIO_NAC,S1314,B9,IE,2008,-352.3,,
ESTAT:GOV_10A_MAIN(1.0),21/07/26 11:00:00,A,MIO_NAC,S1314,B9,IE,2009,-2456.3,,
ESTAT:GOV_10A_MAIN(1.0),21/07/26 11:00:00,A,MIO_NAC,S1314,B9,IE,2010,-1025.9,,
ESTAT:GOV_10A_MAIN(1.0),21/07/26 11:00:00,A,MIO_NAC,S1314,B9,IE,2011,-330.9,,
ESTAT:GOV_10A_MAIN(1.0),21/07/26 11:00:00,A,MIO_NAC,S1314,B9,IE,2012,-22.9,,
ESTAT:GOV_10A_MAIN(1.0),21/07/26 11:00:00,A,MIO_NAC,S1314,B9,IE,2013,-13.4,,
ESTAT:GOV_10A_MAIN(1.0),21/07/26 11:00:00,A,MIO_NAC,S1314,B9,IE,2014,12.1,,
ESTAT:GOV_10A_MAIN(1.0),21/07/26 11:00:00,A,MIO_NAC,S1314,B9,IE,2015,-16.2,,
ESTAT:GOV_10A_MAIN(1.0),21/07/26 11:00:00,A,MIO_NAC,S1314,B9,IE,2016,436.5,,
ESTAT:GOV_10A_MAIN(1.0),21/07/26 11:00:00,A,MIO_NAC,S1314,B9,IE,2017,654.8,,
ESTAT:GOV_10A_MAIN(1.0),21/07/26 11:00:00,A,MIO_NAC,S1314,B9,IE,2018,1137.3,,
ESTAT:GOV_10A_MAIN(1.0),21/07/26 11:00:00,A,MIO_NAC,S1314,B9,IE,2019,1626.3,,
ESTAT:GOV_10A_MAIN(1.0),21/07/26 11:00:00,A,MIO_NAC,S1314,B9,IE,2020,-3277.4,,
ESTAT:GOV_10A_MAIN(1.0),21/07/26 11:00:00,A,MIO_NAC,S1314,B9,IE,2021,-11.3,,
ESTAT:GOV_10A_MAIN(1.0),21/07/26 11:00:00,A,MIO_NAC,S1314,B9,IE,2022,2309.7,,
ESTAT:GOV_10A_MAIN(1.0),21/07/26 11:00:00,A,MIO_NAC,S1314,B9,IE,2023,3339.8,,
ESTAT:GOV_10A_MAIN(1.0),21/07/26 11:00:00,A,MIO_NAC,S1314,B9,IE,2024,3707.8,,
ESTAT:GOV_10A_MAIN(1.0),21/07/26 11:00:00,A,MIO_NAC,S1314,B9,IE,2025,4557.1,,
ESTAT:GOV_10A_MAIN(1.0),21/07/26 11:00:00,A,MIO_NAC,S1314,B9,IS,1998,1299.3,,
ESTAT:GOV_10A_MAIN(1.0),21/07/26 11:00:00,A,MIO_NAC,S1314,B9,IS,1999,1980.4,,
ESTAT:GOV_10A_MAIN(1.0),21/07/26 11:00:00,A,MIO_NAC,S1314,B9,IS,2000,2391.1,,
ESTAT:GOV_10A_MAIN(1.0),21/07/26 11:00:00,A,MIO_NAC,S1314,B9,IS,2001,3135.2,,
ESTAT:GOV_10A_MAIN(1.0),21/07/26 11:00:00,A,MIO_NAC,S1314,B9,IS,2002,181.1,,
ESTAT:GOV_10A_MAIN(1.0),21/07/26 11:00:00,A,MIO_NAC,S1314,B9,IS,2003,-2119.4,,
ESTAT:GOV_10A_MAIN(1.0),21/07/26 11:00:00,A,MIO_NAC,S1314,B9,IS,2004,-1847.3,,
ESTAT:GOV_10A_MAIN(1.0),21/07/26 11:00:00,A,MIO_NAC,S1314,B9,IS,2005,3607.3,,
ESTAT:GOV_10A_MAIN(1.0),21/07/26 11:00:00,A,MIO_NAC,S1314,B9,IS,2006,8095.6,,
ESTAT:GOV_10A_MAIN(1.0),21/07/26 11:00:00,A,MIO_NAC,S1314,B9,IS,2007,11324.1,,
ESTAT:GOV_10A_MAIN(1.0),21/07/26 11:00:00,A,MIO_NAC,S1314,B9,IS,2008,4393.8,,
ESTAT:GOV_10A_MAIN(1.0),21/07/26 11:00:00,A,MIO_NAC,S1314,B9,IS,2009,-10439.8,,
ESTAT:GOV_10A_MAIN(1.0),21/07/26 11:00:00,A,MIO_NAC,S1314,B9,IS,2010,1955.5,,
ESTAT:GOV_10A_MAIN(1.0),21/07/26 11:00:00,A,MIO_NAC,S1314,B9,IS,2011,6622.9,,
ESTAT:GOV_10A_MAIN(1.0),21/07/26 11:00:00,A,MIO_NAC,S1314,B9,IS,2012,518.7,,
ESTAT:GOV_10A_MAIN(1.0),21/07/26 11:00:00,A,MIO_NAC,S1314,B9,IS,2013,5992.0,,
ESTAT:GOV_10A_MAIN(1.0),21/07/26 11:00:00,A,MIO_NAC,S1314,B9,IS,2014,-1422.3,,
ESTAT:GOV_10A_MAIN(1.0),21/07/26 11:00:00,A,MIO_NAC,S1314,B9,IS,2015,1127.0,,
ESTAT:GOV_10A_MAIN(1.0),21/07/26 11:00:00,A,MIO_NAC,S1314,B9,IS,2016,6313.5,,
ESTAT:GOV_10A_MAIN(1.0),21/07/26 11:00:00,A,MIO_NAC,S1314,B9,IS,2017,1472.6,,
ESTAT:GOV_10A_MAIN(1.0),21/07/26 11:00:00,A,MIO_NAC,S1314,B9,IS,2018,6095.4,,
ESTAT:GOV_10A_MAIN(1.0),21/07/26 11:00:00,A,MIO_NAC,S1314,B9,IS,2019,4489.8,,
ESTAT:GOV_10A_MAIN(1.0),21/07/26 11:00:00,A,MIO_NAC,S1314,B9,IS,2020,9496.9,,
ESTAT:GOV_10A_MAIN(1.0),21/07/26 11:00:00,A,MIO_NAC,S1314,B9,IS,2021,9304.8,,
ESTAT:GOV_10A_MAIN(1.0),21/07/26 11:00:00,A,MIO_NAC,S1314,B9,IS,2022,17255.9,,
ESTAT:GOV_10A_MAIN(1.0),21/07/26 11:00:00,A,MIO_NAC,S1314,B9,IS,2023,4969.2,,
ESTAT:GOV_10A_MAIN(1.0),21/07/26 11:00:00,A,MIO_NAC,S1314,B9,IS,2024,-6369.3,,
ESTAT:GOV_10A_MAIN(1.0),21/07/26 11:00:00,A,MIO_NAC,S1314,B9,IS,2025,1068.2,,
ESTAT:GOV_10A_MAIN(1.0),21/07/26 11:00:00,A,MIO_NAC,S1314,B9,IT,1995,-367.0,,
ESTAT:GOV_10A_MAIN(1.0),21/07/26 11:00:00,A,MIO_NAC,S1314,B9,IT,1996,1821.0,,
ESTAT:GOV_10A_MAIN(1.0),21/07/26 11:00:00,A,MIO_NAC,S1314,B9,IT,1997,-180.0,,
ESTAT:GOV_10A_MAIN(1.0),21/07/26 11:00:00,A,MIO_NAC,S1314,B9,IT,1998,-3992.0,,
ESTAT:GOV_10A_MAIN(1.0),21/07/26 11:00:00,A,MIO_NAC,S1314,B9,IT,1999,4063.0,,
ESTAT:GOV_10A_MAIN(1.0),21/07/26 11:00:00,A,MIO_NAC,S1314,B9,IT,2000,1194.0,,
ESTAT:GOV_10A_MAIN(1.0),21/07/26 11:00:00,A,MIO_NAC,S1314,B9,IT,2001,1375.0,,
ESTAT:GOV_10A_MAIN(1.0),21/07/26 11:00:00,A,MIO_NAC,S1314,B9,IT,2002,10388.0,,
ESTAT:GOV_10A_MAIN(1.0),21/07/26 11:00:00,A,MIO_NAC,S1314,B9,IT,2003,-1867.0,,
ESTAT:GOV_10A_MAIN(1.0),21/07/26 11:00:00,A,MIO_NAC,S1314,B9,IT,2004,6554.0,,
ESTAT:GOV_10A_MAIN(1.0),21/07/26 11:00:00,A,MIO_NAC,S1314,B9,IT,2005,4842.0,,
ESTAT:GOV_10A_MAIN(1.0),21/07/26 11:00:00,A,MIO_NAC,S1314,B9,IT,2006,2018.0,,
ESTAT:GOV_10A_MAIN(1.0),21/07/26 11:00:00,A,MIO_NAC,S1314,B9,IT,2007,8674.0,,
ESTAT:GOV_10A_MAIN(1.0),21/07/26 11:00:00,A,MIO_NAC,S1314,B9,IT,2008,1619.0,,
ESTAT:GOV_10A_MAIN(1.0),21/07/26 11:00:00,A,MIO_NAC,S1314,B9,IT,2009,-4647.0,,
ESTAT:GOV_10A_MAIN(1.0),21/07/26 11:00:00,A,MIO_NAC,S1314,B9,IT,2010,5143.0,,
ESTAT:GOV_10A_MAIN(1.0),21/07/26 11:00:00,A,MIO_NAC,S1314,B9,IT,2011,3904.0,,
ESTAT:GOV_10A_MAIN(1.0),21/07/26 11:00:00,A,MIO_NAC,S1314,B9,IT,2012,3353.0,,
ESTAT:GOV_10A_MAIN(1.0),21/07/26 11:00:00,A,MIO_NAC,S1314,B9,IT,2013,2557.0,,
ESTAT:GOV_10A_MAIN(1.0),21/07/26 11:00:00,A,MIO_NAC,S1314,B9,IT,2014,1987.0,,
ESTAT:GOV_10A_MAIN(1.0),21/07/26 11:00:00,A,MIO_NAC,S1314,B9,IT,2015,2885.0,,
ESTAT:GOV_10A_MAIN(1.0),21/07/26 11:00:00,A,MIO_NAC,S1314,B9,IT,2016,2790.0,,
ESTAT:GOV_10A_MAIN(1.0),21/07/26 11:00:00,A,MIO_NAC,S1314,B9,IT,2017,3854.0,,
ESTAT:GOV_10A_MAIN(1.0),21/07/26 11:00:00,A,MIO_NAC,S1314,B9,IT,2018,2837.0,,
ESTAT:GOV_10A_MAIN(1.0),21/07/26 11:00:00,A,MIO_NAC,S1314,B9,IT,2019,3417.0,,
ESTAT:GOV_10A_MAIN(1.0),21/07/26 11:00:00,A,MIO_NAC,S1314,B9,IT,2020,2182.0,,
ESTAT:GOV_10A_MAIN(1.0),21/07/26 11:00:00,A,MIO_NAC,S1314,B9,IT,2021,5951.0,,
ESTAT:GOV_10A_MAIN(1.0),21/07/26 11:00:00,A,MIO_NAC,S1314,B9,IT,2022,1533.0,,
ESTAT:GOV_10A_MAIN(1.0),21/07/26 11:00:00,A,MIO_NAC,S1314,B9,IT,2023,4678.0,,
ESTAT:GOV_10A_MAIN(1.0),21/07/26 11:00:00,A,MIO_NAC,S1314,B9,IT,2024,9051.0,,
ESTAT:GOV_10A_MAIN(1.0),21/07/26 11:00:00,A,MIO_NAC,S1314,B9,IT,2025,9934.0,,
ESTAT:GOV_10A_MAIN(1.0),21/07/26 11:00:00,A,MIO_NAC,S1314,B9,LT,1995,103.5,,
ESTAT:GOV_10A_MAIN(1.0),21/07/26 11:00:00,A,MIO_NAC,S1314,B9,LT,1996,55.8,,
ESTAT:GOV_10A_MAIN(1.0),21/07/26 11:00:00,A,MIO_NAC,S1314,B9,LT,1997,61.3,,
ESTAT:GOV_10A_MAIN(1.0),21/07/26 11:00:00,A,MIO_NAC,S1314,B9,LT,1998,-66.5,,
ESTAT:GOV_10A_MAIN(1.0),21/07/26 11:00:00,A,MIO_NAC,S1314,B9,LT,1999,-55.3,,
ESTAT:GOV_10A_MAIN(1.0),21/07/26 11:00:00,A,MIO_NAC,S1314,B9,LT,2000,-63.2,,
ESTAT:GOV_10A_MAIN(1.0),21/07/26 11:00:00,A,MIO_NAC,S1314,B9,LT,2001,-64.4,,
ESTAT:GOV_10A_MAIN(1.0),21/07/26 11:00:00,A,MIO_NAC,S1314,B9,LT,2002,51.7,,
ESTAT:GOV_10A_MAIN(1.0),21/07/26 11:00:00,A,MIO_NAC,S1314,B9,LT,2003,81.8,,
ESTAT:GOV_10A_MAIN(1.0),21/07/26 11:00:00,A,MIO_NAC,S1314,B9,LT,2004,121.1,,
ESTAT:GOV_10A_MAIN(1.0),21/07/26 11:00:00,A,MIO_NAC,S1314,B9,LT,2005,120.7,,
ESTAT:GOV_10A_MAIN(1.0),21/07/26 11:00:00,A,MIO_NAC,S1314,B9,LT,2006,162.4,,
ESTAT:GOV_10A_MAIN(1.0),21/07/26 11:00:00,A,MIO_NAC,S1314,B9,LT,2007,-15.5,,
ESTAT:GOV_10A_MAIN(1.0),21/07/26 11:00:00,A,MIO_NAC,S1314,B9,LT,2008,-321.2,,
ESTAT:GOV_10A_MAIN(1.0),21/07/26 11:00:00,A,MIO_NAC,S1314,B9,LT,2009,-861.7,,
ESTAT:GOV_10A_MAIN(1.0),21/07/26 11:00:00,A,MIO_NAC,S1314,B9,LT,2010,-706.4,,
ESTAT:GOV_10A_MAIN(1.0),21/07/26 11:00:00,A,MIO_NAC,S1314,B9,LT,2011,-563.4,,
ESTAT:GOV_10A_MAIN(1.0),21/07/26 11:00:00,A,MIO_NAC,S1314,B9,LT,2012,-560.6,,
ESTAT:GOV_10A_MAIN(1.0),21/07/26 11:00:00,A,MIO_NAC,S1314,B9,LT,2013,-340.0,,
ESTAT:GOV_10A_MAIN(1.0),21/07/26 11:00:00,A,MIO_NAC,S1314,B9,LT,2014,-438.3,,
ESTAT:GOV_10A_MAIN(1.0),21/07/26 11:00:00,A,MIO_NAC,S1314,B9,LT,2015,4.1,,
ESTAT:GOV_10A_MAIN(1.0),21/07/26 11:00:00,A,MIO_NAC,S1314,B9,LT,2016,8.8,,
ESTAT:GOV_10A_MAIN(1.0),21/07/26 11:00:00,A,MIO_NAC,S1314,B9,LT,2017,182.4,,
ESTAT:GOV_10A_MAIN(1.0),21/07/26 11:00:00,A,MIO_NAC,S1314,B9,LT,2018,3999.8,,
ESTAT:GOV_10A_MAIN(1.0),21/07/26 11:00:00,A,MIO_NAC,S1314,B9,LT,2019,350.3,,
ESTAT:GOV_10A_MAIN(1.0),21/07/26 11:00:00,A,MIO_NAC,S1314,B9,LT,2020,320.3,,
ESTAT:GOV_10A_MAIN(1.0),21/07/26 11:00:00,A,MIO_NAC,S1314,B9,LT,2021,794.8,,
ESTAT:GOV_10A_MAIN(1.0),21/07/26 11:00:00,A,MIO_NAC,S1314,B9,LT,2022,980.3,,
ESTAT:GOV_10A_MAIN(1.0),21/07/26 11:00:00,A,MIO_NAC,S1314,B9,LT,2023,991.2,,
ESTAT:GOV_10A_MAIN(1.0),21/07/26 11:00:00,A,MIO_NAC,S1314,B9,LT,2024,1002.0,,
ESTAT:GOV_10A_MAIN(1.0),21/07/26 11:00:00,A,MIO_NAC,S1314,B9,LT,2025,920.6,,
ESTAT:GOV_10A_MAIN(1.0),21/07/26 11:00:00,A,MIO_NAC,S1314,B9,LU,1995,235.0,,
ESTAT:GOV_10A_MAIN(1.0),21/07/26 11:00:00,A,MIO_NAC,S1314,B9,LU,1996,197.3,,
ESTAT:GOV_10A_MAIN(1.0),21/07/26 11:00:00,A,MIO_NAC,S1314,B9,LU,1997,150.1,,
ESTAT:GOV_10A_MAIN(1.0),21/07/26 11:00:00,A,MIO_NAC,S1314,B9,LU,1998,259.1,,
ESTAT:GOV_10A_MAIN(1.0),21/07/26 11:00:00,A,MIO_NAC,S1314,B9,LU,1999,288.0,,
ESTAT:GOV_10A_MAIN(1.0),21/07/26 11:00:00,A,MIO_NAC,S1314,B9,LU,2000,550.7,,
ESTAT:GOV_10A_MAIN(1.0),21/07/26 11:00:00,A,MIO_NAC,S1314,B9,LU,2001,672.7,,
ESTAT:GOV_10A_MAIN(1.0),21/07/26 11:00:00,A,MIO_NAC,S1314,B9,LU,2002,540.0,,
ESTAT:GOV_10A_MAIN(1.0),21/07/26 11:00:00,A,MIO_NAC,S1314,B9,LU,2003,443.1,,
ESTAT:GOV_10A_MAIN(1.0),21/07/26 11:00:00,A,MIO_NAC,S1314,B9,LU,2004,384.7,,
ESTAT:GOV_10A_MAIN(1.0),21/07/26 11:00:00,A,MIO_NAC,S1314,B9,LU,2005,470.6,,
ESTAT:GOV_10A_MAIN(1.0),21/07/26 11:00:00,A,MIO_NAC,S1314,B9,LU,2006,604.4,,
ESTAT:GOV_10A_MAIN(1.0),21/07/26 11:00:00,A,MIO_NAC,S1314,B9,LU,2007,896.7,,
ESTAT:GOV_10A_MAIN(1.0),21/07/26 11:00:00,A,MIO_NAC,S1314,B9,LU,2008,1088.7,,
ESTAT:GOV_10A_MAIN(1.0),21/07/26 11:00:00,A,MIO_NAC,S1314,B9,LU,2009,752.3,,
ESTAT:GOV_10A_MAIN(1.0),21/07/26 11:00:00,A,MIO_NAC,S1314,B9,LU,2010,673.2,,
ESTAT:GOV_10A_MAIN(1.0),21/07/26 11:00:00,A,MIO_NAC,S1314,B9,LU,2011,818.4,,
ESTAT:GOV_10A_MAIN(1.0),21/07/26 11:00:00,A,MIO_NAC,S1314,B9,LU,2012,837.9,,
ESTAT:GOV_10A_MAIN(1.0),21/07/26 11:00:00,A,MIO_NAC,S1314,B9,LU,2013,734.4,,
ESTAT:GOV_10A_MAIN(1.0),21/07/26 11:00:00,A,MIO_NAC,S1314,B9,LU,2014,690.0,,
ESTAT:GOV_10A_MAIN(1.0),21/07/26 11:00:00,A,MIO_NAC,S1314,B9,LU,2015,761.7,,
ESTAT:GOV_10A_MAIN(1.0),21/07/26 11:00:00,A,MIO_NAC,S1314,B9,LU,2016,960.9,,
ESTAT:GOV_10A_MAIN(1.0),21/07/26 11:00:00,A,MIO_NAC,S1314,B9,LU,2017,1004.0,,
ESTAT:GOV_10A_MAIN(1.0),21/07/26 11:00:00,A,MIO_NAC,S1314,B9,LU,2018,1091.0,,
ESTAT:GOV_10A_MAIN(1.0),21/07/26 11:00:00,A,MIO_NAC,S1314,B9,LU,2019,1218.8,,
ESTAT:GOV_10A_MAIN(1.0),21/07/26 11:00:00,A,MIO_NAC,S1314,B9,LU,2020,859.9,,
ESTAT:GOV_10A_MAIN(1.0),21/07/26 11:00:00,A,MIO_NAC,S1314,B9,LU,2021,951.0,,
ESTAT:GOV_10A_MAIN(1.0),21/07/26 11:00:00,A,MIO_NAC,S1314,B9,LU,2022,1020.9,,
ESTAT:GOV_10A_MAIN(1.0),21/07/26 11:00:00,A,MIO_NAC,S1314,B9,LU,2023,1158.9,,
ESTAT:GOV_10A_MAIN(1.0),21/07/26 11:00:00,A,MIO_NAC,S1314,B9,LU,2024,930.6,,
ESTAT:GOV_10A_MAIN(1.0),21/07/26 11:00:00,A,MIO_NAC,S1314,B9,LU,2025,701.1,,
ESTAT:GOV_10A_MAIN(1.0),21/07/26 11:00:00,A,MIO_NAC,S1314,B9,LV,1995,57.4,,
ESTAT:GOV_10A_MAIN(1.0),21/07/26 11:00:00,A,MIO_NAC,S1314,B9,LV,1996,15.9,,
ESTAT:GOV_10A_MAIN(1.0),21/07/26 11:00:00,A,MIO_NAC,S1314,B9,LV,1997,39.1,,
ESTAT:GOV_10A_MAIN(1.0),21/07/26 11:00:00,A,MIO_NAC,S1314,B9,LV,1998,-15.7,,
ESTAT:GOV_10A_MAIN(1.0),21/07/26 11:00:00,A,MIO_NAC,S1314,B9,LV,1999,-83.6,,
ESTAT:GOV_10A_MAIN(1.0),21/07/26 11:00:00,A,MIO_NAC,S1314,B9,LV,2000,-31.8,,
ESTAT:GOV_10A_MAIN(1.0),21/07/26 11:00:00,A,MIO_NAC,S1314,B9,LV,2001,-15.9,,
ESTAT:GOV_10A_MAIN(1.0),21/07/26 11:00:00,A,MIO_NAC,S1314,B9,LV,2002,21.2,,
ESTAT:GOV_10A_MAIN(1.0),21/07/26 11:00:00,A,MIO_NAC,S1314,B9,LV,2003,63.2,,
ESTAT:GOV_10A_MAIN(1.0),21/07/26 11:00:00,A,MIO_NAC,S1314,B9,LV,2004,104.7,,
ESTAT:GOV_10A_MAIN(1.0),21/07/26 11:00:00,A,MIO_NAC,S1314,B9,LV,2005,165.3,,
ESTAT:GOV_10A_MAIN(1.0),21/07/26 11:00:00,A,MIO_NAC,S1314,B9,LV,2006,314.2,,
ESTAT:GOV_10A_MAIN(1.0),21/07/26 11:00:00,A,MIO_NAC,S1314,B9,LV,2007,533.8,,
ESTAT:GOV_10A_MAIN(1.0),21/07/26 11:00:00,A,MIO_NAC,S1314,B9,LV,2008,322.5,,
ESTAT:GOV_10A_MAIN(1.0),21/07/26 11:00:00,A,MIO_NAC,S1314,B9,LV,2009,-335.8,,
ESTAT:GOV_10A_MAIN(1.0),21/07/26 11:00:00,A,MIO_NAC,S1314,B9,LV,2010,-453.8,,
ESTAT:GOV_10A_MAIN(1.0),21/07/26 11:00:00,A,MIO_NAC,S1314,B9,LV,2011,-181.5,,
ESTAT:GOV_10A_MAIN(1.0),21/07/26 11:00:00,A,MIO_NAC,S1314,B9,LV,2012,-44.5,,
ESTAT:GOV_10A_MAIN(1.0),21/07/26 11:00:00,A,MIO_NAC,S1314,B9,LV,2013,-78.0,,
ESTAT:GOV_10A_MAIN(1.0),21/07/26 11:00:00,A,MIO_NAC,S1314,B9,LV,2014,88.6,,
ESTAT:GOV_10A_MAIN(1.0),21/07/26 11:00:00,A,MIO_NAC,S1314,B9,LV,2015,37.6,,
ESTAT:GOV_10A_MAIN(1.0),21/07/26 11:00:00,A,MIO_NAC,S1314,B9,LV,2016,-23.1,,
ESTAT:GOV_10A_MAIN(1.0),21/07/26 11:00:00,A,MIO_NAC,S1314,B9,LV,2017,92.7,,
ESTAT:GOV_10A_MAIN(1.0),21/07/26 11:00:00,A,MIO_NAC,S1314,B9,LV,2018,249.1,,
ESTAT:GOV_10A_MAIN(1.0),21/07/26 11:00:00,A,MIO_NAC,S1314,B9,LV,2019,293.3,,
ESTAT:GOV_10A_MAIN(1.0),21/07/26 11:00:00,A,MIO_NAC,S1314,B9,LV,2020,166.0,,
ESTAT:GOV_10A_MAIN(1.0),21/07/26 11:00:00,A,MIO_NAC,S1314,B9,LV,2021,241.9,,
ESTAT:GOV_10A_MAIN(1.0),21/07/26 11:00:00,A,MIO_NAC,S1314,B9,LV,2022,222.9,,
ESTAT:GOV_10A_MAIN(1.0),21/07/26 11:00:00,A,MIO_NAC,S1314,B9,LV,2023,287.9,,
ESTAT:GOV_10A_MAIN(1.0),21/07/26 11:00:00,A,MIO_NAC,S1314,B9,LV,2024,344.9,,
ESTAT:GOV_10A_MAIN(1.0),21/07/26 11:00:00,A,MIO_NAC,S1314,B9,LV,2025,491.7,,
ESTAT:GOV_10A_MAIN(1.0),21/07/26 11:00:00,A,MIO_NAC,S1314,B9,MT,1995,,m,
ESTAT:GOV_10A_MAIN(1.0),21/07/26 11:00:00,A,MIO_NAC,S1314,B9,MT,1996,,m,
ESTAT:GOV_10A_MAIN(1.0),21/07/26 11:00:00,A,MIO_NAC,S1314,B9,MT,1997,,m,
ESTAT:GOV_10A_MAIN(1.0),21/07/26 11:00:00,A,MIO_NAC,S1314,B9,MT,1998,,m,
ESTAT:GOV_10A_MAIN(1.0),21/07/26 11:00:00,A,MIO_NAC,S1314,B9,MT,1999,,m,
ESTAT:GOV_10A_MAIN(1.0),21/07/26 11:00:00,A,MIO_NAC,S1314,B9,MT,2000,,m,
ESTAT:GOV_10A_MAIN(1.0),21/07/26 11:00:00,A,MIO_NAC,S1314,B9,MT,2001,,m,
ESTAT:GOV_10A_MAIN(1.0),21/07/26 11:00:00,A,MIO_NAC,S1314,B9,MT,2002,,m,
ESTAT:GOV_10A_MAIN(1.0),21/07/26 11:00:00,A,MIO_NAC,S1314,B9,MT,2003,,m,
ESTAT:GOV_10A_MAIN(1.0),21/07/26 11:00:00,A,MIO_NAC,S1314,B9,MT,2004,,m,
ESTAT:GOV_10A_MAIN(1.0),21/07/26 11:00:00,A,MIO_NAC,S1314,B9,MT,2005,,m,
ESTAT:GOV_10A_MAIN(1.0),21/07/26 11:00:00,A,MIO_NAC,S1314,B9,MT,2006,,m,
ESTAT:GOV_10A_MAIN(1.0),21/07/26 11:00:00,A,MIO_NAC,S1314,B9,MT,2007,,m,
ESTAT:GOV_10A_MAIN(1.0),21/07/26 11:00:00,A,MIO_NAC,S1314,B9,MT,2008,,m,
ESTAT:GOV_10A_MAIN(1.0),21/07/26 11:00:00,A,MIO_NAC,S1314,B9,MT,2009,,m,
ESTAT:GOV_10A_MAIN(1.0),21/07/26 11:00:00,A,MIO_NAC,S1314,B9,MT,2010,,m,
ESTAT:GOV_10A_MAIN(1.0),21/07/26 11:00:00,A,MIO_NAC,S1314,B9,MT,2011,,m,
ESTAT:GOV_10A_MAIN(1.0),21/07/26 11:00:00,A,MIO_NAC,S1314,B9,MT,2012,,m,
ESTAT:GOV_10A_MAIN(1.0),21/07/26 11:00:00,A,MIO_NAC,S1314,B9,MT,2013,,m,
ESTAT:GOV_10A_MAIN(1.0),21/07/26 11:00:00,A,MIO_NAC,S1314,B9,MT,2014,,m,
ESTAT:GOV_10A_MAIN(1.0),21/07/26 11:00:00,A,MIO_NAC,S1314,B9,MT,2015,,m,
ESTAT:GOV_10A_MAIN(1.0),21/07/26 11:00:00,A,MIO_NAC,S1314,B9,MT,2016,,m,
ESTAT:GOV_10A_MAIN(1.0),21/07/26 11:00:00,A,MIO_NAC,S1314,B9,MT,2017,,m,
ESTAT:GOV_10A_MAIN(1.0),21/07/26 11:00:00,A,MIO_NAC,S1314,B9,MT,2018,,m,
ESTAT:GOV_10A_MAIN(1.0),21/07/26 11:00:00,A,MIO_NAC,S1314,B9,MT,2019,,m,
ESTAT:GOV_10A_MAIN(1.0),21/07/26 11:00:00,A,MIO_NAC,S1314,B9,MT,2020,,m,
ESTAT:GOV_10A_MAIN(1.0),21/07/26 11:00:00,A,MIO_NAC,S1314,B9,MT,2021,,m,
ESTAT:GOV_10A_MAIN(1.0),21/07/26 11:00:00,A,MIO_NAC,S1314,B9,MT,2022,,m,
ESTAT:GOV_10A_MAIN(1.0),21/07/26 11:00:00,A,MIO_NAC,S1314,B9,MT,2023,,m,
ESTAT:GOV_10A_MAIN(1.0),21/07/26 11:00:00,A,MIO_NAC,S1314,B9,MT,2024,,m,
ESTAT:GOV_10A_MAIN(1.0),21/07/26 11:00:00,A,MIO_NAC,S1314,B9,MT,2025,,m,
ESTAT:GOV_10A_MAIN(1.0),21/07/26 11:00:00,A,MIO_NAC,S1314,B9,NL,1995,-2348.0,,
ESTAT:GOV_10A_MAIN(1.0),21/07/26 11:00:00,A,MIO_NAC,S1314,B9,NL,1996,-1625.0,,
ESTAT:GOV_10A_MAIN(1.0),21/07/26 11:00:00,A,MIO_NAC,S1314,B9,NL,1997,49.0,,
ESTAT:GOV_10A_MAIN(1.0),21/07/26 11:00:00,A,MIO_NAC,S1314,B9,NL,1998,1017.0,,
ESTAT:GOV_10A_MAIN(1.0),21/07/26 11:00:00,A,MIO_NAC,S1314,B9,NL,1999,4655.0,,
ESTAT:GOV_10A_MAIN(1.0),21/07/26 11:00:00,A,MIO_NAC,S1314,B9,NL,2000,6551.0,,
ESTAT:GOV_10A_MAIN(1.0),21/07/26 11:00:00,A,MIO_NAC,S1314,B9,NL,2001,225.0,,
ESTAT:GOV_10A_MAIN(1.0),21/07/26 11:00:00,A,MIO_NAC,S1314,B9,NL,2002,-2027.0,,
ESTAT:GOV_10A_MAIN(1.0),21/07/26 11:00:00,A,MIO_NAC,S1314,B9,NL,2003,151.0,,
ESTAT:GOV_10A_MAIN(1.0),21/07/26 11:00:00,A,MIO_NAC,S1314,B9,NL,2004,791.0,,
ESTAT:GOV_10A_MAIN(1.0),21/07/26 11:00:00,A,MIO_NAC,S1314,B9,NL,2005,-678.0,,
ESTAT:GOV_10A_MAIN(1.0),21/07/26 11:00:00,A,MIO_NAC,S1314,B9,NL,2006,-1791.0,,
ESTAT:GOV_10A_MAIN(1.0),21/07/26 11:00:00,A,MIO_NAC,S1314,B9,NL,2007,-813.0,,
ESTAT:GOV_10A_MAIN(1.0),21/07/26 11:00:00,A,MIO_NAC,S1314,B9,NL,2008,3385.0,,
ESTAT:GOV_10A_MAIN(1.0),21/07/26 11:00:00,A,MIO_NAC,S1314,B9,NL,2009,-7552.0,,
ESTAT:GOV_10A_MAIN(1.0),21/07/26 11:00:00,A,MIO_NAC,S1314,B9,NL,2010,-2191.0,,
ESTAT:GOV_10A_MAIN(1.0),21/07/26 11:00:00,A,MIO_NAC,S1314,B9,NL,2011,-7399.0,,
ESTAT:GOV_10A_MAIN(1.0),21/07/26 11:00:00,A,MIO_NAC,S1314,B9,NL,2012,-3551.0,,
ESTAT:GOV_10A_MAIN(1.0),21/07/26 11:00:00,A,MIO_NAC,S1314,B9,NL,2013,-8386.0,,
ESTAT:GOV_10A_MAIN(1.0),21/07/26 11:00:00,A,MIO_NAC,S1314,B9,NL,2014,-6458.0,,
ESTAT:GOV_10A_MAIN(1.0),21/07/26 11:00:00,A,MIO_NAC,S1314,B9,NL,2015,-197.0,,
ESTAT:GOV_10A_MAIN(1.0),21/07/26 11:00:00,A,MIO_NAC,S1314,B9,NL,2016,7594.0,,
ESTAT:GOV_10A_MAIN(1.0),21/07/26 11:00:00,A,MIO_NAC,S1314,B9,NL,2017,2610.0,,
ESTAT:GOV_10A_MAIN(1.0),21/07/26 11:00:00,A,MIO_NAC,S1314,B9,NL,2018,6093.0,,
ESTAT:GOV_10A_MAIN(1.0),21/07/26 11:00:00,A,MIO_NAC,S1314,B9,NL,2019,6710.0,,
ESTAT:GOV_10A_MAIN(1.0),21/07/26 11:00:00,A,MIO_NAC,S1314,B9,NL,2020,4356.0,,
ESTAT:GOV_10A_MAIN(1.0),21/07/26 11:00:00,A,MIO_NAC,S1314,B9,NL,2021,7915.0,,
ESTAT:GOV_10A_MAIN(1.0),21/07/26 11:00:00,A,MIO_NAC,S1314,B9,NL,2022,11254.0,,
ESTAT:GOV_10A_MAIN(1.0),21/07/26 11:00:00,A,MIO_NAC,S1314,B9,NL,2023,20425.0,,
ESTAT:GOV_10A_MAIN(1.0),21/07/26 11:00:00,A,MIO_NAC,S1314,B9,NL,2024,14165.0,,
ESTAT:GOV_10A_MAIN(1.0),21/07/26 11:00:00,A,MIO_NAC,S1314,B9,NL,2025,9627.0,p,
ESTAT:GOV_10A_MAIN(1.0),21/07/26 11:00:00,A,MIO_NAC,S1314,B9,NO,1995,,m,
ESTAT:GOV_10A_MAIN(1.0),21/07/26 11:00:00,A,MIO_NAC,S1314,B9,NO,1996,,m,
ESTAT:GOV_10A_MAIN(1.0),21/07/26 11:00:00,A,MIO_NAC,S1314,B9,NO,1997,,m,
ESTAT:GOV_10A_MAIN(1.0),21/07/26 11:00:00,A,MIO_NAC,S1314,B9,NO,1998,,m,
ESTAT:GOV_10A_MAIN(1.0),21/07/26 11:00:00,A,MIO_NAC,S1314,B9,NO,1999,,m,
ESTAT:GOV_10A_MAIN(1.0),21/07/26 11:00:00,A,MIO_NAC,S1314,B9,NO,2000,,m,
ESTAT:GOV_10A_MAIN(1.0),21/07/26 11:00:00,A,MIO_NAC,S1314,B9,NO,2001,,m,
ESTAT:GOV_10A_MAIN(1.0),21/07/26 11:00:00,A,MIO_NAC,S1314,B9,NO,2002,,m,
ESTAT:GOV_10A_MAIN(1.0),21/07/26 11:00:00,A,MIO_NAC,S1314,B9,NO,2003,,m,
ESTAT:GOV_10A_MAIN(1.0),21/07/26 11:00:00,A,MIO_NAC,S1314,B9,NO,2004,,m,
ESTAT:GOV_10A_MAIN(1.0),21/07/26 11:00:00,A,MIO_NAC,S1314,B9,NO,2005,,m,
ESTAT:GOV_10A_MAIN(1.0),21/07/26 11:00:00,A,MIO_NAC,S1314,B9,NO,2006,,m,
ESTAT:GOV_10A_MAIN(1.0),21/07/26 11:00:00,A,MIO_NAC,S1314,B9,NO,2007,,m,
ESTAT:GOV_10A_MAIN(1.0),21/07/26 11:00:00,A,MIO_NAC,S1314,B9,NO,2008,,m,
ESTAT:GOV_10A_MAIN(1.0),21/07/26 11:00:00,A,MIO_NAC,S1314,B9,NO,2009,,m,
ESTAT:GOV_10A_MAIN(1.0),21/07/26 11:00:00,A,MIO_NAC,S1314,B9,NO,2010,,m,
ESTAT:GOV_10A_MAIN(1.0),21/07/26 11:00:00,A,MIO_NAC,S1314,B9,NO,2011,,m,
ESTAT:GOV_10A_MAIN(1.0),21/07/26 11:00:00,A,MIO_NAC,S1314,B9,NO,2012,,m,
ESTAT:GOV_10A_MAIN(1.0),21/07/26 11:00:00,A,MIO_NAC,S1314,B9,NO,2013,,m,
ESTAT:GOV_10A_MAIN(1.0),21/07/26 11:00:00,A,MIO_NAC,S1314,B9,NO,2014,,m,
ESTAT:GOV_10A_MAIN(1.0),21/07/26 11:00:00,A,MIO_NAC,S1314,B9,NO,2015,,m,
ESTAT:GOV_10A_MAIN(1.0),21/07/26 11:00:00,A,MIO_NAC,S1314,B9,NO,2016,,m,
ESTAT:GOV_10A_MAIN(1.0),21/07/26 11:00:00,A,MIO_NAC,S1314,B9,NO,2017,,m,
ESTAT:GOV_10A_MAIN(1.0),21/07/26 11:00:00,A,MIO_NAC,S1314,B9,NO,2018,,m,
ESTAT:GOV_10A_MAIN(1.0),21/07/26 11:00:00,A,MIO_NAC,S1314,B9,NO,2019,,m,
ESTAT:GOV_10A_MAIN(1.0),21/07/26 11:00:00,A,MIO_NAC,S1314,B9,NO,2020,,m,
ESTAT:GOV_10A_MAIN(1.0),21/07/26 11:00:00,A,MIO_NAC,S1314,B9,NO,2021,,m,
ESTAT:GOV_10A_MAIN(1.0),21/07/26 11:00:00,A,MIO_NAC,S1314,B9,NO,2022,,m,
ESTAT:GOV_10A_MAIN(1.0),21/07/26 11:00:00,A,MIO_NAC,S1314,B9,NO,2023,,m,
ESTAT:GOV_10A_MAIN(1.0),21/07/26 11:00:00,A,MIO_NAC,S1314,B9,NO,2024,,m,
ESTAT:GOV_10A_MAIN(1.0),21/07/26 11:00:00,A,MIO_NAC,S1314,B9,NO,2025,,m,
ESTAT:GOV_10A_MAIN(1.0),21/07/26 11:00:00,A,MIO_NAC,S1314,B9,PL,1995,6401.0,,
ESTAT:GOV_10A_MAIN(1.0),21/07/26 11:00:00,A,MIO_NAC,S1314,B9,PL,1996,8836.0,,
ESTAT:GOV_10A_MAIN(1.0),21/07/26 11:00:00,A,MIO_NAC,S1314,B9,PL,1997,10263.0,,
ESTAT:GOV_10A_MAIN(1.0),21/07/26 11:00:00,A,MIO_NAC,S1314,B9,PL,1998,9048.0,,
ESTAT:GOV_10A_MAIN(1.0),21/07/26 11:00:00,A,MIO_NAC,S1314,B9,PL,1999,6.0,,
ESTAT:GOV_10A_MAIN(1.0),21/07/26 11:00:00,A,MIO_NAC,S1314,B9,PL,2000,-6781.0,,
ESTAT:GOV_10A_MAIN(1.0),21/07/26 11:00:00,A,MIO_NAC,S1314,B9,PL,2001,-2656.0,,
ESTAT:GOV_10A_MAIN(1.0),21/07/26 11:00:00,A,MIO_NAC,S1314,B9,PL,2002,-2866.0,,
ESTAT:GOV_10A_MAIN(1.0),21/07/26 11:00:00,A,MIO_NAC,S1314,B9,PL,2003,-2414.0,,
ESTAT:GOV_10A_MAIN(1.0),21/07/26 11:00:00,A,MIO_NAC,S1314,B9,PL,2004,-2356.0,,
ESTAT:GOV_10A_MAIN(1.0),21/07/26 11:00:00,A,MIO_NAC,S1314,B9,PL,2005,2223.9,,
ESTAT:GOV_10A_MAIN(1.0),21/07/26 11:00:00,A,MIO_NAC,S1314,B9,PL,2006,7280.0,,
ESTAT:GOV_10A_MAIN(1.0),21/07/26 11:00:00,A,MIO_NAC,S1314,B9,PL,2007,12672.0,,
ESTAT:GOV_10A_MAIN(1.0),21/07/26 11:00:00,A,MIO_NAC,S1314,B9,PL,2008,5245.0,,
ESTAT:GOV_10A_MAIN(1.0),21/07/26 11:00:00,A,MIO_NAC,S1314,B9,PL,2009,-12128.0,,
ESTAT:GOV_10A_MAIN(1.0),21/07/26 11:00:00,A,MIO_NAC,S1314,B9,PL,2010,-3079.0,,
ESTAT:GOV_10A_MAIN(1.0),21/07/26 11:00:00,A,MIO_NAC,S1314,B9,PL,2011,-1348.0,,
ESTAT:GOV_10A_MAIN(1.0),21/07/26 11:00:00,A,MIO_NAC,S1314,B9,PL,2012,3460.0,,
ESTAT:GOV_10A_MAIN(1.0),21/07/26 11:00:00,A,MIO_NAC,S1314,B9,PL,2013,-4629.0,,
ESTAT:GOV_10A_MAIN(1.0),21/07/26 11:00:00,A,MIO_NAC,S1314,B9,PL,2014,-18766.0,,
ESTAT:GOV_10A_MAIN(1.0),21/07/26 11:00:00,A,MIO_NAC,S1314,B9,PL,2015,-7880.7,,
ESTAT:GOV_10A_MAIN(1.0),21/07/26 11:00:00,A,MIO_NAC,S1314,B9,PL,2016,-1769.0,,
ESTAT:GOV_10A_MAIN(1.0),21/07/26 11:00:00,A,MIO_NAC,S1314,B9,PL,2017,40970.0,,
ESTAT:GOV_10A_MAIN(1.0),21/07/26 11:00:00,A,MIO_NAC,S1314,B9,PL,2018,13253.0,,
ESTAT:GOV_10A_MAIN(1.0),21/07/26 11:00:00,A,MIO_NAC,S1314,B9,PL,2019,12885.0,,
ESTAT:GOV_10A_MAIN(1.0),21/07/26 11:00:00,A,MIO_NAC,S1314,B9,PL,2020,17428.0,,
ESTAT:GOV_10A_MAIN(1.0),21/07/26 11:00:00,A,MIO_NAC,S1314,B9,PL,2021,-12254.0,,
ESTAT:GOV_10A_MAIN(1.0),21/07/26 11:00:00,A,MIO_NAC,S1314,B9,PL,2022,961.0,,
ESTAT:GOV_10A_MAIN(1.0),21/07/26 11:00:00,A,MIO_NAC,S1314,B9,PL,2023,-14021.0,,
ESTAT:GOV_10A_MAIN(1.0),21/07/26 11:00:00,A,MIO_NAC,S1314,B9,PL,2024,-6795.0,,
ESTAT:GOV_10A_MAIN(1.0),21/07/26 11:00:00,A,MIO_NAC,S1314,B9,PL,2025,-4524.0,,
ESTAT:GOV_10A_MAIN(1.0),21/07/26 11:00:00,A,MIO_NAC,S1314,B9,PT,1995,-441.6,,
ESTAT:GOV_10A_MAIN(1.0),21/07/26 11:00:00,A,MIO_NAC,S1314,B9,PT,1996,882.4,,
ESTAT:GOV_10A_MAIN(1.0),21/07/26 11:00:00,A,MIO_NAC,S1314,B9,PT,1997,623.6,,
ESTAT:GOV_10A_MAIN(1.0),21/07/26 11:00:00,A,MIO_NAC,S1314,B9,PT,1998,83.9,,
ESTAT:GOV_10A_MAIN(1.0),21/07/26 11:00:00,A,MIO_NAC,S1314,B9,PT,1999,174.3,,
ESTAT:GOV_10A_MAIN(1.0),21/07/26 11:00:00,A,MIO_NAC,S1314,B9,PT,2000,157.0,,
ESTAT:GOV_10A_MAIN(1.0),21/07/26 11:00:00,A,MIO_NAC,S1314,B9,PT,2001,-208.2,,
ESTAT:GOV_10A_MAIN(1.0),21/07/26 11:00:00,A,MIO_NAC,S1314,B9,PT,2002,992.0,,
ESTAT:GOV_10A_MAIN(1.0),21/07/26 11:00:00,A,MIO_NAC,S1314,B9,PT,2003,406.4,,
ESTAT:GOV_10A_MAIN(1.0),21/07/26 11:00:00,A,MIO_NAC,S1314,B9,PT,2004,309.8,,
ESTAT:GOV_10A_MAIN(1.0),21/07/26 11:00:00,A,MIO_NAC,S1314,B9,PT,2005,512.6,,
ESTAT:GOV_10A_MAIN(1.0),21/07/26 11:00:00,A,MIO_NAC,S1314,B9,PT,2006,817.4,,
ESTAT:GOV_10A_MAIN(1.0),21/07/26 11:00:00,A,MIO_NAC,S1314,B9,PT,2007,1420.2,,
ESTAT:GOV_10A_MAIN(1.0),21/07/26 11:00:00,A,MIO_NAC,S1314,B9,PT,2008,1680.2,,
ESTAT:GOV_10A_MAIN(1.0),21/07/26 11:00:00,A,MIO_NAC,S1314,B9,PT,2009,412.5,,
ESTAT:GOV_10A_MAIN(1.0),21/07/26 11:00:00,A,MIO_NAC,S1314,B9,PT,2010,804.8,,
ESTAT:GOV_10A_MAIN(1.0),21/07/26 11:00:00,A,MIO_NAC,S1314,B9,PT,2011,439.0,,
ESTAT:GOV_10A_MAIN(1.0),21/07/26 11:00:00,A,MIO_NAC,S1314,B9,PT,2012,313.9,,
ESTAT:GOV_10A_MAIN(1.0),21/07/26 11:00:00,A,MIO_NAC,S1314,B9,PT,2013,347.8,,
ESTAT:GOV_10A_MAIN(1.0),21/07/26 11:00:00,A,MIO_NAC,S1314,B9,PT,2014,807.6,,
ESTAT:GOV_10A_MAIN(1.0),21/07/26 11:00:00,A,MIO_NAC,S1314,B9,PT,2015,1128.5,,
ESTAT:GOV_10A_MAIN(1.0),21/07/26 11:00:00,A,MIO_NAC,S1314,B9,PT,2016,1569.9,,
ESTAT:GOV_10A_MAIN(1.0),21/07/26 11:00:00,A,MIO_NAC,S1314,B9,PT,2017,2242.6,,
ESTAT:GOV_10A_MAIN(1.0),21/07/26 11:00:00,A,MIO_NAC,S1314,B9,PT,2018,2034.8,,
ESTAT:GOV_10A_MAIN(1.0),21/07/26 11:00:00,A,MIO_NAC,S1314,B9,PT,2019,2975.5,,
ESTAT:GOV_10A_MAIN(1.0),21/07/26 11:00:00,A,MIO_NAC,S1314,B9,PT,2020,2197.9,,
ESTAT:GOV_10A_MAIN(1.0),21/07/26 11:00:00,A,MIO_NAC,S1314,B9,PT,2021,2468.3,,
ESTAT:GOV_10A_MAIN(1.0),21/07/26 11:00:00,A,MIO_NAC,S1314,B9,PT,2022,4299.4,,
ESTAT:GOV_10A_MAIN(1.0),21/07/26 11:00:00,A,MIO_NAC,S1314,B9,PT,2023,5720.2,,
ESTAT:GOV_10A_MAIN(1.0),21/07/26 11:00:00,A,MIO_NAC,S1314,B9,PT,2024,6030.6,,
ESTAT:GOV_10A_MAIN(1.0),21/07/26 11:00:00,A,MIO_NAC,S1314,B9,PT,2025,7064.7,,
ESTAT:GOV_10A_MAIN(1.0),21/07/26 11:00:00,A,MIO_NAC,S1314,B9,RO,1995,66.4,,
ESTAT:GOV_10A_MAIN(1.0),21/07/26 11:00:00,A,MIO_NAC,S1314,B9,RO,1996,73.1,,
ESTAT:GOV_10A_MAIN(1.0),21/07/26 11:00:00,A,MIO_NAC,S1314,B9,RO,1997,42.3,,
ESTAT:GOV_10A_MAIN(1.0),21/07/26 11:00:00,A,MIO_NAC,S1314,B9,RO,1998,-273.6,,
ESTAT:GOV_10A_MAIN(1.0),21/07/26 11:00:00,A,MIO_NAC,S1314,B9,RO,1999,147.3,,
ESTAT:GOV_10A_MAIN(1.0),21/07/26 11:00:00,A,MIO_NAC,S1314,B9,RO,2000,128.0,,
ESTAT:GOV_10A_MAIN(1.0),21/07/26 11:00:00,A,MIO_NAC,S1314,B9,RO,2001,491.8,,
ESTAT:GOV_10A_MAIN(1.0),21/07/26 11:00:00,A,MIO_NAC,S1314,B9,RO,2002,249.9,,
ESTAT:GOV_10A_MAIN(1.0),21/07/26 11:00:00,A,MIO_NAC,S1314,B9,RO,2003,439.4,,
ESTAT:GOV_10A_MAIN(1.0),21/07/26 11:00:00,A,MIO_NAC,S1314,B9,RO,2004,183.0,,
ESTAT:GOV_10A_MAIN(1.0),21/07/26 11:00:00,A,MIO_NAC,S1314,B9,RO,2005,231.2,,
ESTAT:GOV_10A_MAIN(1.0),21/07/26 11:00:00,A,MIO_NAC,S1314,B9,RO,2006,3673.1,,
ESTAT:GOV_10A_MAIN(1.0),21/07/26 11:00:00,A,MIO_NAC,S1314,B9,RO,2007,4183.8,,
ESTAT:GOV_10A_MAIN(1.0),21/07/26 11:00:00,A,MIO_NAC,S1314,B9,RO,2008,-531.5,,
ESTAT:GOV_10A_MAIN(1.0),21/07/26 11:00:00,A,MIO_NAC,S1314,B9,RO,2009,-6077.0,,
ESTAT:GOV_10A_MAIN(1.0),21/07/26 11:00:00,A,MIO_NAC,S1314,B9,RO,2010,-3784.9,,
ESTAT:GOV_10A_MAIN(1.0),21/07/26 11:00:00,A,MIO_NAC,S1314,B9,RO,2011,-904.8,,
ESTAT:GOV_10A_MAIN(1.0),21/07/26 11:00:00,A,MIO_NAC,S1314,B9,RO,2012,-311.6,,
ESTAT:GOV_10A_MAIN(1.0),21/07/26 11:00:00,A,MIO_NAC,S1314,B9,RO,2013,2890.4,,
ESTAT:GOV_10A_MAIN(1.0),21/07/26 11:00:00,A,MIO_NAC,S1314,B9,RO,2014,1231.9,,
ESTAT:GOV_10A_MAIN(1.0),21/07/26 11:00:00,A,MIO_NAC,S1314,B9,RO,2015,1595.7,,
ESTAT:GOV_10A_MAIN(1.0),21/07/26 11:00:00,A,MIO_NAC,S1314,B9,RO,2016,886.3,,
ESTAT:GOV_10A_MAIN(1.0),21/07/26 11:00:00,A,MIO_NAC,S1314,B9,RO,2017,1273.4,,
ESTAT:GOV_10A_MAIN(1.0),21/07/26 11:00:00,A,MIO_NAC,S1314,B9,RO,2018,3448.0,,
ESTAT:GOV_10A_MAIN(1.0),21/07/26 11:00:00,A,MIO_NAC,S1314,B9,RO,2019,795.6,,
ESTAT:GOV_10A_MAIN(1.0),21/07/26 11:00:00,A,MIO_NAC,S1314,B9,RO,2020,1803.4,,
ESTAT:GOV_10A_MAIN(1.0),21/07/26 11:00:00,A,MIO_NAC,S1314,B9,RO,2021,-2328.9,,
ESTAT:GOV_10A_MAIN(1.0),21/07/26 11:00:00,A,MIO_NAC,S1314,B9,RO,2022,-1230.0,,
ESTAT:GOV_10A_MAIN(1.0),21/07/26 11:00:00,A,MIO_NAC,S1314,B9,RO,2023,1374.7,,
ESTAT:GOV_10A_MAIN(1.0),21/07/26 11:00:00,A,MIO_NAC,S1314,B9,RO,2024,-3681.3,,
ESTAT:GOV_10A_MAIN(1.0),21/07/26 11:00:00,A,MIO_NAC,S1314,B9,RO,2025,1561.7,,
ESTAT:GOV_10A_MAIN(1.0),21/07/26 11:00:00,A,MIO_NAC,S1314,B9,SE,1995,14875.0,,
ESTAT:GOV_10A_MAIN(1.0),21/07/26 11:00:00,A,MIO_NAC,S1314,B9,SE,1996,12457.0,,
ESTAT:GOV_10A_MAIN(1.0),21/07/26 11:00:00,A,MIO_NAC,S1314,B9,SE,1997,9917.0,,
ESTAT:GOV_10A_MAIN(1.0),21/07/26 11:00:00,A,MIO_NAC,S1314,B9,SE,1998,24855.0,,
ESTAT:GOV_10A_MAIN(1.0),21/07/26 11:00:00,A,MIO_NAC,S1314,B9,SE,1999,-40710.0,,
ESTAT:GOV_10A_MAIN(1.0),21/07/26 11:00:00,A,MIO_NAC,S1314,B9,SE,2000,-8431.0,,
ESTAT:GOV_10A_MAIN(1.0),21/07/26 11:00:00,A,MIO_NAC,S1314,B9,SE,2001,-123939.0,,
ESTAT:GOV_10A_MAIN(1.0),21/07/26 11:00:00,A,MIO_NAC,S1314,B9,SE,2002,23596.0,,
ESTAT:GOV_10A_MAIN(1.0),21/07/26 11:00:00,A,MIO_NAC,S1314,B9,SE,2003,24419.0,,
ESTAT:GOV_10A_MAIN(1.0),21/07/26 11:00:00,A,MIO_NAC,S1314,B9,SE,2004,24038.0,,
ESTAT:GOV_10A_MAIN(1.0),21/07/26 11:00:00,A,MIO_NAC,S1314,B9,SE,2005,28363.0,,
ESTAT:GOV_10A_MAIN(1.0),21/07/26 11:00:00,A,MIO_NAC,S1314,B9,SE,2006,28933.0,,
ESTAT:GOV_10A_MAIN(1.0),21/07/26 11:00:00,A,MIO_NAC,S1314,B9,SE,2007,33684.0,,
ESTAT:GOV_10A_MAIN(1.0),21/07/26 11:00:00,A,MIO_NAC,S1314,B9,SE,2008,33410.0,,
ESTAT:GOV_10A_MAIN(1.0),21/07/26 11:00:00,A,MIO_NAC,S1314,B9,SE,2009,6891.0,,
ESTAT:GOV_10A_MAIN(1.0),21/07/26 11:00:00,A,MIO_NAC,S1314,B9,SE,2010,3956.0,,
ESTAT:GOV_10A_MAIN(1.0),21/07/26 11:00:00,A,MIO_NAC,S1314,B9,SE,2011,19189.0,,
ESTAT:GOV_10A_MAIN(1.0),21/07/26 11:00:00,A,MIO_NAC,S1314,B9,SE,2012,9316.0,,
ESTAT:GOV_10A_MAIN(1.0),21/07/26 11:00:00,A,MIO_NAC,S1314,B9,SE,2013,-4562.0,,
ESTAT:GOV_10A_MAIN(1.0),21/07/26 11:00:00,A,MIO_NAC,S1314,B9,SE,2014,6114.0,,
ESTAT:GOV_10A_MAIN(1.0),21/07/26 11:00:00,A,MIO_NAC,S1314,B9,SE,2015,9983.0,,
ESTAT:GOV_10A_MAIN(1.0),21/07/26 11:00:00,A,MIO_NAC,S1314,B9,SE,2016,5280.0,,
ESTAT:GOV_10A_MAIN(1.0),21/07/26 11:00:00,A,MIO_NAC,S1314,B9,SE,2017,6.0,,
ESTAT:GOV_10A_MAIN(1.0),21/07/26 11:00:00,A,MIO_NAC,S1314,B9,SE,2018,5958.0,,
ESTAT:GOV_10A_MAIN(1.0),21/07/26 11:00:00,A,MIO_NAC,S1314,B9,SE,2019,8013.0,,
ESTAT:GOV_10A_MAIN(1.0),21/07/26 11:00:00,A,MIO_NAC,S1314,B9,SE,2020,-8237.0,,
ESTAT:GOV_10A_MAIN(1.0),21/07/26 11:00:00,A,MIO_NAC,S1314,B9,SE,2021,-181.0,,
ESTAT:GOV_10A_MAIN(1.0),21/07/26 11:00:00,A,MIO_NAC,S1314,B9,SE,2022,21300.0,,
ESTAT:GOV_10A_MAIN(1.0),21/07/26 11:00:00,A,MIO_NAC,S1314,B9,SE,2023,15697.0,,
ESTAT:GOV_10A_MAIN(1.0),21/07/26 11:00:00,A,MIO_NAC,S1314,B9,SE,2024,29137.0,,
ESTAT:GOV_10A_MAIN(1.0),21/07/26 11:00:00,A,MIO_NAC,S1314,B9,SE,2025,26350.0,,
ESTAT:GOV_10A_MAIN(1.0),21/07/26 11:00:00,A,MIO_NAC,S1314,B9,SI,1995,-74.6,,
ESTAT:GOV_10A_MAIN(1.0),21/07/26 11:00:00,A,MIO_NAC,S1314,B9,SI,1996,-61.5,,
ESTAT:GOV_10A_MAIN(1.0),21/07/26 11:00:00,A,MIO_NAC,S1314,B9,SI,1997,-1.0,,
ESTAT:GOV_10A_MAIN(1.0),21/07/26 11:00:00,A,MIO_NAC,S1314,B9,SI,1998,37.1,,
ESTAT:GOV_10A_MAIN(1.0),21/07/26 11:00:00,A,MIO_NAC,S1314,B9,SI,1999,1.6,,
ESTAT:GOV_10A_MAIN(1.0),21/07/26 11:00:00,A,MIO_NAC,S1314,B9,SI,2000,-94.7,,
ESTAT:GOV_10A_MAIN(1.0),21/07/26 11:00:00,A,MIO_NAC,S1314,B9,SI,2001,-47.4,,
ESTAT:GOV_10A_MAIN(1.0),21/07/26 11:00:00,A,MIO_NAC,S1314,B9,SI,2002,-34.4,,
ESTAT:GOV_10A_MAIN(1.0),21/07/26 11:00:00,A,MIO_NAC,S1314,B9,SI,2003,-36.8,,
ESTAT:GOV_10A_MAIN(1.0),21/07/26 11:00:00,A,MIO_NAC,S1314,B9,SI,2004,-25.6,,
ESTAT:GOV_10A_MAIN(1.0),21/07/26 11:00:00,A,MIO_NAC,S1314,B9,SI,2005,216.4,,
ESTAT:GOV_10A_MAIN(1.0),21/07/26 11:00:00,A,MIO_NAC,S1314,B9,SI,2006,21.5,,
ESTAT:GOV_10A_MAIN(1.0),21/07/26 11:00:00,A,MIO_NAC,S1314,B9,SI,2007,57.8,,
ESTAT:GOV_10A_MAIN(1.0),21/07/26 11:00:00,A,MIO_NAC,S1314,B9,SI,2008,-40.6,,
ESTAT:GOV_10A_MAIN(1.0),21/07/26 11:00:00,A,MIO_NAC,S1314,B9,SI,2009,-142.6,,
ESTAT:GOV_10A_MAIN(1.0),21/07/26 11:00:00,A,MIO_NAC,S1314,B9,SI,2010,-128.6,,
ESTAT:GOV_10A_MAIN(1.0),21/07/26 11:00:00,A,MIO_NAC,S1314,B9,SI,2011,-5.0,,
ESTAT:GOV_10A_MAIN(1.0),21/07/26 11:00:00,A,MIO_NAC,S1314,B9,SI,2012,-104.3,,
ESTAT:GOV_10A_MAIN(1.0),21/07/26 11:00:00,A,MIO_NAC,S1314,B9,SI,2013,64.7,,
ESTAT:GOV_10A_MAIN(1.0),21/07/26 11:00:00,A,MIO_NAC,S1314,B9,SI,2014,78.6,,
ESTAT:GOV_10A_MAIN(1.0),21/07/26 11:00:00,A,MIO_NAC,S1314,B9,SI,2015,46.1,,
ESTAT:GOV_10A_MAIN(1.0),21/07/26 11:00:00,A,MIO_NAC,S1314,B9,SI,2016,-67.2,,
ESTAT:GOV_10A_MAIN(1.0),21/07/26 11:00:00,A,MIO_NAC,S1314,B9,SI,2017,56.9,,
ESTAT:GOV_10A_MAIN(1.0),21/07/26 11:00:00,A,MIO_NAC,S1314,B9,SI,2018,14.2,,
ESTAT:GOV_10A_MAIN(1.0),21/07/26 11:00:00,A,MIO_NAC,S1314,B9,SI,2019,13.7,,
ESTAT:GOV_10A_MAIN(1.0),21/07/26 11:00:00,A,MIO_NAC,S1314,B9,SI,2020,10.7,,
ESTAT:GOV_10A_MAIN(1.0),21/07/26 11:00:00,A,MIO_NAC,S1314,B9,SI,2021,170.0,,
ESTAT:GOV_10A_MAIN(1.0),21/07/26 11:00:00,A,MIO_NAC,S1314,B9,SI,2022,-106.1,,
ESTAT:GOV_10A_MAIN(1.0),21/07/26 11:00:00,A,MIO_NAC,S1314,B9,SI,2023,22.4,,
ESTAT:GOV_10A_MAIN(1.0),21/07/26 11:00:00,A,MIO_NAC,S1314,B9,SI,2024,108.9,,
ESTAT:GOV_10A_MAIN(1.0),21/07/26 11:00:00,A,MIO_NAC,S1314,B9,SI,2025,17.0,,
ESTAT:GOV_10A_MAIN(1.0),21/07/26 11:00:00,A,MIO_NAC,S1314,B9,SK,1995,1008.2,,
ESTAT:GOV_10A_MAIN(1.0),21/07/26 11:00:00,A,MIO_NAC,S1314,B9,SK,1996,739.9,,
ESTAT:GOV_10A_MAIN(1.0),21/07/26 11:00:00,A,MIO_NAC,S1314,B9,SK,1997,11.7,,
ESTAT:GOV_10A_MAIN(1.0),21/07/26 11:00:00,A,MIO_NAC,S1314,B9,SK,1998,48.9,,
ESTAT:GOV_10A_MAIN(1.0),21/07/26 11:00:00,A,MIO_NAC,S1314,B9,SK,1999,-82.1,,
ESTAT:GOV_10A_MAIN(1.0),21/07/26 11:00:00,A,MIO_NAC,S1314,B9,SK,2000,121.9,,
ESTAT:GOV_10A_MAIN(1.0),21/07/26 11:00:00,A,MIO_NAC,S1314,B9,SK,2001,257.9,,
ESTAT:GOV_10A_MAIN(1.0),21/07/26 11:00:00,A,MIO_NAC,S1314,B9,SK,2002,144.6,,
ESTAT:GOV_10A_MAIN(1.0),21/07/26 11:00:00,A,MIO_NAC,S1314,B9,SK,2003,387.3,,
ESTAT:GOV_10A_MAIN(1.0),21/07/26 11:00:00,A,MIO_NAC,S1314,B9,SK,2004,166.3,,
ESTAT:GOV_10A_MAIN(1.0),21/07/26 11:00:00,A,MIO_NAC,S1314,B9,SK,2005,-257.7,,
ESTAT:GOV_10A_MAIN(1.0),21/07/26 11:00:00,A,MIO_NAC,S1314,B9,SK,2006,83.4,,
ESTAT:GOV_10A_MAIN(1.0),21/07/26 11:00:00,A,MIO_NAC,S1314,B9,SK,2007,61.7,,
ESTAT:GOV_10A_MAIN(1.0),21/07/26 11:00:00,A,MIO_NAC,S1314,B9,SK,2008,217.4,,
ESTAT:GOV_10A_MAIN(1.0),21/07/26 11:00:00,A,MIO_NAC,S1314,B9,SK,2009,-435.9,,
ESTAT:GOV_10A_MAIN(1.0),21/07/26 11:00:00,A,MIO_NAC,S1314,B9,SK,2010,-20.0,,
ESTAT:GOV_10A_MAIN(1.0),21/07/26 11:00:00,A,MIO_NAC,S1314,B9,SK,2011,280.9,,
ESTAT:GOV_10A_MAIN(1.0),21/07/26 11:00:00,A,MIO_NAC,S1314,B9,SK,2012,206.3,,
ESTAT:GOV_10A_MAIN(1.0),21/07/26 11:00:00,A,MIO_NAC,S1314,B9,SK,2013,-186.0,,
ESTAT:GOV_10A_MAIN(1.0),21/07/26 11:00:00,A,MIO_NAC,S1314,B9,SK,2014,-69.9,,
ESTAT:GOV_10A_MAIN(1.0),21/07/26 11:00:00,A,MIO_NAC,S1314,B9,SK,2015,-133.9,,
ESTAT:GOV_10A_MAIN(1.0),21/07/26 11:00:00,A,MIO_NAC,S1314,B9,SK,2016,-215.7,,
ESTAT:GOV_10A_MAIN(1.0),21/07/26 11:00:00,A,MIO_NAC,S1314,B9,SK,2017,301.6,,
ESTAT:GOV_10A_MAIN(1.0),21/07/26 11:00:00,A,MIO_NAC,S1314,B9,SK,2018,25.0,,
ESTAT:GOV_10A_MAIN(1.0),21/07/26 11:00:00,A,MIO_NAC,S1314,B9,SK,2019,153.0,,
ESTAT:GOV_10A_MAIN(1.0),21/07/26 11:00:00,A,MIO_NAC,S1314,B9,SK,2020,326.6,,
ESTAT:GOV_10A_MAIN(1.0),21/07/26 11:00:00,A,MIO_NAC,S1314,B9,SK,2021,283.9,,
ESTAT:GOV_10A_MAIN(1.0),21/07/26 11:00:00,A,MIO_NAC,S1314,B9,SK,2022,189.2,,
ESTAT:GOV_10A_MAIN(1.0),21/07/26 11:00:00,A,MIO_NAC,S1314,B9,SK,2023,276.2,,
ESTAT:GOV_10A_MAIN(1.0),21/07/26 11:00:00,A,MIO_NAC,S1314,B9,SK,2024,347.7,,
ESTAT:GOV_10A_MAIN(1.0),21/07/26 11:00:00,A,MIO_NAC,S1314,B9,SK,2025,930.7,,
ESTAT:GOV_10A_MAIN(1.0),21/07/26 11:00:00,A,PC_GDP,S13,B9,AT,1995,-6.2,,
ESTAT:GOV_10A_MAIN(1.0),21/07/26 11:00:00,A,PC_GDP,S13,B9,AT,1996,-4.6,,
ESTAT:GOV_10A_MAIN(1.0),21/07/26 11:00:00,A,PC_GDP,S13,B9,AT,1997,-2.6,,
ESTAT:GOV_10A_MAIN(1.0),21/07/26 11:00:00,A,PC_GDP,S13,B9,AT,1998,-2.8,,
ESTAT:GOV_10A_MAIN(1.0),21/07/26 11:00:00,A,PC_GDP,S13,B9,AT,1999,-2.6,,
ESTAT:GOV_10A_MAIN(1.0),21/07/26 11:00:00,A,PC_GDP,S13,B9,AT,2000,-2.4,,
ESTAT:GOV_10A_MAIN(1.0),21/07/26 11:00:00,A,PC_GDP,S13,B9,AT,2001,-0.7,,
ESTAT:GOV_10A_MAIN(1.0),21/07/26 11:00:00,A,PC_GDP,S13,B9,AT,2002,-1.4,,
ESTAT:GOV_10A_MAIN(1.0),21/07/26 11:00:00,A,PC_GDP,S13,B9,AT,2003,-1.8,,
ESTAT:GOV_10A_MAIN(1.0),21/07/26 11:00:00,A,PC_GDP,S13,B9,AT,2004,-4.9,,
ESTAT:GOV_10A_MAIN(1.0),21/07/26 11:00:00,A,PC_GDP,S13,B9,AT,2005,-2.6,,
ESTAT:GOV_10A_MAIN(1.0),21/07/26 11:00:00,A,PC_GDP,S13,B9,AT,2006,-2.6,,
ESTAT:GOV_10A_MAIN(1.0),21/07/26 11:00:00,A,PC_GDP,S13,B9,AT,2007,-1.4,,
ESTAT:GOV_10A_MAIN(1.0),21/07/26 11:00:00,A,PC_GDP,S13,B9,AT,2008,-1.6,,
ESTAT:GOV_10A_MAIN(1.0),21/07/26 11:00:00,A,PC_GDP,S13,B9,AT,2009,-5.4,,
ESTAT:GOV_10A_MAIN(1.0),21/07/26 11:00:00,A,PC_GDP,S13,B9,AT,2010,-4.5,,
ESTAT:GOV_10A_MAIN(1.0),21/07/26 11:00:00,A,PC_GDP,S13,B9,AT,2011,-2.5,,
ESTAT:GOV_10A_MAIN(1.0),21/07/26 11:00:00,A,PC_GDP,S13,B9,AT,2012,-2.2,,
ESTAT:GOV_10A_MAIN(1.0),21/07/26 11:00:00,A,PC_GDP,S13,B9,AT,2013,-2.0,,
ESTAT:GOV_10A_MAIN(1.0),21/07/26 11:00:00,A,PC_GDP,S13,B9,AT,2014,-1.9,,
ESTAT:GOV_10A_MAIN(1.0),21/07/26 11:00:00,A,PC_GDP,S13,B9,AT,2015,-0.5,,
ESTAT:GOV_10A_MAIN(1.0),21/07/26 11:00:00,A,PC_GDP,S13,B9,AT,2016,-1.5,,
ESTAT:GOV_10A_MAIN(1.0),21/07/26 11:00:00,A,PC_GDP,S13,B9,AT,2017,-0.8,,
ESTAT:GOV_10A_MAIN(1.0),21/07/26 11:00:00,A,PC_GDP,S13,B9,AT,2018,0.2,,
ESTAT:GOV_10A_MAIN(1.0),21/07/26 11:00:00,A,PC_GDP,S13,B9,AT,2019,0.5,,
ESTAT:GOV_10A_MAIN(1.0),21/07/26 11:00:00,A,PC_GDP,S13,B9,AT,2020,-8.2,,
ESTAT:GOV_10A_MAIN(1.0),21/07/26 11:00:00,A,PC_GDP,S13,B9,AT,2021,-5.7,,
ESTAT:GOV_10A_MAIN(1.0),21/07/26 11:00:00,A,PC_GDP,S13,B9,AT,2022,-3.4,,
ESTAT:GOV_10A_MAIN(1.0),21/07/26 11:00:00,A,PC_GDP,S13,B9,AT,2023,-2.6,,
ESTAT:GOV_10A_MAIN(1.0),21/07/26 11:00:00,A,PC_GDP,S13,B9,AT,2024,-4.6,,
ESTAT:GOV_10A_MAIN(1.0),21/07/26 11:00:00,A,PC_GDP,S13,B9,AT,2025,-4.2,,
ESTAT:GOV_10A_MAIN(1.0),21/07/26 11:00:00,A,PC_GDP,S13,B9,BE,1995,-4.5,,
ESTAT:GOV_10A_MAIN(1.0),21/07/26 11:00:00,A,PC_GDP,S13,B9,BE,1996,-4.0,,
ESTAT:GOV_10A_MAIN(1.0),21/07/26 11:00:00,A,PC_GDP,S13,B9,BE,1997,-2.2,,
ESTAT:GOV_10A_MAIN(1.0),21/07/26 11:00:00,A,PC_GDP,S13,B9,BE,1998,-1.0,,
ESTAT:GOV_10A_MAIN(1.0),21/07/26 11:00:00,A,PC_GDP,S13,B9,BE,1999,-0.6,,
ESTAT:GOV_10A_MAIN(1.0),21/07/26 11:00:00,A,PC_GDP,S13,B9,BE,2000,-0.1,,
ESTAT:GOV_10A_MAIN(1.0),21/07/26 11:00:00,A,PC_GDP,S13,B9,BE,2001,0.2,,
ESTAT:GOV_10A_MAIN(1.0),21/07/26 11:00:00,A,PC_GDP,S13,B9,BE,2002,0.0,,
ESTAT:GOV_10A_MAIN(1.0),21/07/26 11:00:00,A,PC_GDP,S13,B9,BE,2003,-1.9,,
ESTAT:GOV_10A_MAIN(1.0),21/07/26 11:00:00,A,PC_GDP,S13,B9,BE,2004,-0.2,,
ESTAT:GOV_10A_MAIN(1.0),21/07/26 11:00:00,A,PC_GDP,S13,B9,BE,2005,-2.7,,
ESTAT:GOV_10A_MAIN(1.0),21/07/26 11:00:00,A,PC_GDP,S13,B9,BE,2006,0.2,,
ESTAT:GOV_10A_MAIN(1.0),21/07/26 11:00:00,A,PC_GDP,S13,B9,BE,2007,0.1,,
ESTAT:GOV_10A_MAIN(1.0),21/07/26 11:00:00,A,PC_GDP,S13,B9,BE,2008,-1.1,,
ESTAT:GOV_10A_MAIN(1.0),21/07/26 11:00:00,A,PC_GDP,S13,B9,BE,2009,-5.4,b,
ESTAT:GOV_10A_MAIN(1.0),21/07/26 11:00:00,A,PC_GDP,S13,B9,BE,2010,-4.1,,
ESTAT:GOV_10A_MAIN(1.0),21/07/26 11:00:00,A,PC_GDP,S13,B9,BE,2011,-4.4,,
ESTAT:GOV_10A_MAIN(1.0),21/07/26 11:00:00,A,PC_GDP,S13,B9,BE,2012,-4.3,,
ESTAT:GOV_10A_MAIN(1.0),21/07/26 11:00:00,A,PC_GDP,S13,B9,BE,2013,-3.2,,
ESTAT:GOV_10A_MAIN(1.0),21/07/26 11:00:00,A,PC_GDP,S13,B9,BE,2014,-3.2,,
ESTAT:GOV_10A_MAIN(1.0),21/07/26 11:00:00,A,PC_GDP,S13,B9,BE,2015,-2.5,,
ESTAT:GOV_10A_MAIN(1.0),21/07/26 11:00:00,A,PC_GDP,S13,B9,BE,2016,-2.4,,
ESTAT:GOV_10A_MAIN(1.0),21/07/26 11:00:00,A,PC_GDP,S13,B9,BE,2017,-0.8,,
ESTAT:GOV_10A_MAIN(1.0),21/07/26 11:00:00,A,PC_GDP,S13,B9,BE,2018,-1.0,,
ESTAT:GOV_10A_MAIN(1.0),21/07/26 11:00:00,A,PC_GDP,S13,B9,BE,2019,-2.0,,
ESTAT:GOV_10A_MAIN(1.0),21/07/26 11:00:00,A,PC_GDP,S13,B9,BE,2020,-9.0,,
ESTAT:GOV_10A_MAIN(1.0),21/07/26 11:00:00,A,PC_GDP,S13,B9,BE,2021,-5.4,,
ESTAT:GOV_10A_MAIN(1.0),21/07/26 11:00:00,A,PC_GDP,S13,B9,BE,2022,-3.5,,
ESTAT:GOV_10A_MAIN(1.0),21/07/26 11:00:00,A,PC_GDP,S13,B9,BE,2023,-4.1,,
ESTAT:GOV_10A_MAIN(1.0),21/07/26 11:00:00,A,PC_GDP,S13,B9,BE,2024,-4.4,p,
ESTAT:GOV_10A_MAIN(1.0),21/07/26 11:00:00,A,PC_GDP,S13,B9,BE,2025,-5.2,p,
ESTAT:GOV_10A_MAIN(1.0),21/07/26 11:00:00,A,PC_GDP,S13,B9,BG,1995,-5.5,,
ESTAT:GOV_10A_MAIN(1.0),21/07/26 11:00:00,A,PC_GDP,S13,B9,BG,1996,-8.1,,
ESTAT:GOV_10A_MAIN(1.0),21/07/26 11:00:00,A,PC_GDP,S13,B9,BG,1997,1.5,,
ESTAT:GOV_10A_MAIN(1.0),21/07/26 11:00:00,A,PC_GDP,S13,B9,BG,1998,1.3,,
ESTAT:GOV_10A_MAIN(1.0),21/07/26 11:00:00,A,PC_GDP,S13,B9,BG,1999,0.2,,
ESTAT:GOV_10A_MAIN(1.0),21/07/26 11:00:00,A,PC_GDP,S13,B9,BG,2000,0.1,,
ESTAT:GOV_10A_MAIN(1.0),21/07/26 11:00:00,A,PC_GDP,S13,B9,BG,2001,0.7,,
ESTAT:GOV_10A_MAIN(1.0),21/07/26 11:00:00,A,PC_GDP,S13,B9,BG,2002,-1.1,,
ESTAT:GOV_10A_MAIN(1.0),21/07/26 11:00:00,A,PC_GDP,S13,B9,BG,2003,0.0,,
ESTAT:GOV_10A_MAIN(1.0),21/07/26 11:00:00,A,PC_GDP,S13,B9,BG,2004,1.8,,
ESTAT:GOV_10A_MAIN(1.0),21/07/26 11:00:00,A,PC_GDP,S13,B9,BG,2005,1.6,,
ESTAT:GOV_10A_MAIN(1.0),21/07/26 11:00:00,A,PC_GDP,S13,B9,BG,2006,2.7,,
ESTAT:GOV_10A_MAIN(1.0),21/07/26 11:00:00,A,PC_GDP,S13,B9,BG,2007,0.0,,
ESTAT:GOV_10A_MAIN(1.0),21/07/26 11:00:00,A,PC_GDP,S13,B9,BG,2008,1.4,,
ESTAT:GOV_10A_MAIN(1.0),21/07/26 11:00:00,A,PC_GDP,S13,B9,BG,2009,-4.4,,
ESTAT:GOV_10A_MAIN(1.0),21/07/26 11:00:00,A,PC_GDP,S13,B9,BG,2010,-3.7,,
ESTAT:GOV_10A_MAIN(1.0),21/07/26 11:00:00,A,PC_GDP,S13,B9,BG,2011,-1.7,,
ESTAT:GOV_10A_MAIN(1.0),21/07/26 11:00:00,A,PC_GDP,S13,B9,BG,2012,-0.8,,
ESTAT:GOV_10A_MAIN(1.0),21/07/26 11:00:00,A,PC_GDP,S13,B9,BG,2013,-0.7,,
ESTAT:GOV_10A_MAIN(1.0),21/07/26 11:00:00,A,PC_GDP,S13,B9,BG,2014,-5.4,,
ESTAT:GOV_10A_MAIN(1.0),21/07/26 11:00:00,A,PC_GDP,S13,B9,BG,2015,-1.9,,
ESTAT:GOV_10A_MAIN(1.0),21/07/26 11:00:00,A,PC_GDP,S13,B9,BG,2016,0.3,,
ESTAT:GOV_10A_MAIN(1.0),21/07/26 11:00:00,A,PC_GDP,S13,B9,BG,2017,1.6,,
ESTAT:GOV_10A_MAIN(1.0),21/07/26 11:00:00,A,PC_GDP,S13,B9,BG,2018,1.7,,
ESTAT:GOV_10A_MAIN(1.0),21/07/26 11:00:00,A,PC_GDP,S13,B9,BG,2019,2.2,,
ESTAT:GOV_10A_MAIN(1.0),21/07/26 11:00:00,A,PC_GDP,S13,B9,BG,2020,-3.8,,
ESTAT:GOV_10A_MAIN(1.0),21/07/26 11:00:00,A,PC_GDP,S13,B9,BG,2021,-4.0,,
ESTAT:GOV_10A_MAIN(1.0),21/07/26 11:00:00,A,PC_GDP,S13,B9,BG,2022,-2.9,,
ESTAT:GOV_10A_MAIN(1.0),21/07/26 11:00:00,A,PC_GDP,S13,B9,BG,2023,-2.0,,
ESTAT:GOV_10A_MAIN(1.0),21/07/26 11:00:00,A,PC_GDP,S13,B9,BG,2024,-3.0,,
ESTAT:GOV_10A_MAIN(1.0),21/07/26 11:00:00,A,PC_GDP,S13,B9,BG,2025,-3.5,,
ESTAT:GOV_10A_MAIN(1.0),21/07/26 11:00:00,A,PC_GDP,S13,B9,CH,1995,-1.9,,
ESTAT:GOV_10A_MAIN(1.0),21/07/26 11:00:00,A,PC_GDP,S13,B9,CH,1996,-2.0,,
ESTAT:GOV_10A_MAIN(1.0),21/07/26 11:00:00,A,PC_GDP,S13,B9,CH,1997,-2.3,,
ESTAT:GOV_10A_MAIN(1.0),21/07/26 11:00:00,A,PC_GDP,S13,B9,CH,1998,-1.3,,
ESTAT:GOV_10A_MAIN(1.0),21/07/26 11:00:00,A,PC_GDP,S13,B9,CH,1999,-1.6,,
ESTAT:GOV_10A_MAIN(1.0),21/07/26 11:00:00,A,PC_GDP,S13,B9,CH,2000,0.3,,
ESTAT:GOV_10A_MAIN(1.0),21/07/26 11:00:00,A,PC_GDP,S13,B9,CH,2001,0.2,,
ESTAT:GOV_10A_MAIN(1.0),21/07/26 11:00:00,A,PC_GDP,S13,B9,CH,2002,-1.8,,
ESTAT:GOV_10A_MAIN(1.0),21/07/26 11:00:00,A,PC_GDP,S13,B9,CH,2003,-1.4,,
ESTAT:GOV_10A_MAIN(1.0),21/07/26 11:00:00,A,PC_GDP,S13,B9,CH,2004,-1.4,,
ESTAT:GOV_10A_MAIN(1.0),21/07/26 11:00:00,A,PC_GDP,S13,B9,CH,2005,-0.6,,
ESTAT:GOV_10A_MAIN(1.0),21/07/26 11:00:00,A,PC_GDP,S13,B9,CH,2006,0.8,,
ESTAT:GOV_10A_MAIN(1.0),21/07/26 11:00:00,A,PC_GDP,S13,B9,CH,2007,1.3,,
ESTAT:GOV_10A_MAIN(1.0),21/07/26 11:00:00,A,PC_GDP,S13,B9,CH,2008,1.8,,
ESTAT:GOV_10A_MAIN(1.0),21/07/26 11:00:00,A,PC_GDP,S13,B9,CH,2009,0.6,,
ESTAT:GOV_10A_MAIN(1.0),21/07/26 11:00:00,A,PC_GDP,S13,B9,CH,2010,0.3,,
ESTAT:GOV_10A_MAIN(1.0),21/07/26 11:00:00,A,PC_GDP,S13,B9,CH,2011,0.9,,
ESTAT:GOV_10A_MAIN(1.0),21/07/26 11:00:00,A,PC_GDP,S13,B9,CH,2012,0.2,,
ESTAT:GOV_10A_MAIN(1.0),21/07/26 11:00:00,A,PC_GDP,S13,B9,CH,2013,-0.5,,
ESTAT:GOV_10A_MAIN(1.0),21/07/26 11:00:00,A,PC_GDP,S13,B9,CH,2014,-0.2,,
ESTAT:GOV_10A_MAIN(1.0),21/07/26 11:00:00,A,PC_GDP,S13,B9,CH,2015,0.5,,
ESTAT:GOV_10A_MAIN(1.0),21/07/26 11:00:00,A,PC_GDP,S13,B9,CH,2016,0.3,,
ESTAT:GOV_10A_MAIN(1.0),21/07/26 11:00:00,A,PC_GDP,S13,B9,CH,2017,0.9,,
ESTAT:GOV_10A_MAIN(1.0),21/07/26 11:00:00,A,PC_GDP,S13,B9,CH,2018,1.3,,
ESTAT:GOV_10A_MAIN(1.0),21/07/26 11:00:00,A,PC_GDP,S13,B9,CH,2019,1.1,,
ESTAT:GOV_10A_MAIN(1.0),21/07/26 11:00:00,A,PC_GDP,S13,B9,CH,2020,-2.7,,
ESTAT:GOV_10A_MAIN(1.0),21/07/26 11:00:00,A,PC_GDP,S13,B9,CH,2021,-1.2,,
ESTAT:GOV_10A_MAIN(1.0),21/07/26 11:00:00,A,PC_GDP,S13,B9,CH,2022,1.2,,
ESTAT:GOV_10A_MAIN(1.0),21/07/26 11:00:00,A,PC_GDP,S13,B9,CH,2023,0.4,,
ESTAT:GOV_10A_MAIN(1.0),21/07/26 11:00:00,A,PC_GDP,S13,B9,CH,2024,0.5,,
ESTAT:GOV_10A_MAIN(1.0),21/07/26 11:00:00,A,PC_GDP,S13,B9,CY,1995,-0.3,,
ESTAT:GOV_10A_MAIN(1.0),21/07/26 11:00:00,A,PC_GDP,S13,B9,CY,1996,-2.4,,
ESTAT:GOV_10A_MAIN(1.0),21/07/26 11:00:00,A,PC_GDP,S13,B9,CY,1997,-4.4,,
ESTAT:GOV_10A_MAIN(1.0),21/07/26 11:00:00,A,PC_GDP,S13,B9,CY,1998,-3.2,,
ESTAT:GOV_10A_MAIN(1.0),21/07/26 11:00:00,A,PC_GDP,S13,B9,CY,1999,-3.5,,
ESTAT:GOV_10A_MAIN(1.0),21/07/26 11:00:00,A,PC_GDP,S13,B9,CY,2000,-1.8,,
ESTAT:GOV_10A_MAIN(1.0),21/07/26 11:00:00,A,PC_GDP,S13,B9,CY,2001,-1.7,,
ESTAT:GOV_10A_MAIN(1.0),21/07/26 11:00:00,A,PC_GDP,S13,B9,CY,2002,-3.8,,
ESTAT:GOV_10A_MAIN(1.0),21/07/26 11:00:00,A,PC_GDP,S13,B9,CY,2003,-5.7,,
ESTAT:GOV_10A_MAIN(1.0),21/07/26 11:00:00,A,PC_GDP,S13,B9,CY,2004,-3.6,,
ESTAT:GOV_10A_MAIN(1.0),21/07/26 11:00:00,A,PC_GDP,S13,B9,CY,2005,-2.1,,
ESTAT:GOV_10A_MAIN(1.0),21/07/26 11:00:00,A,PC_GDP,S13,B9,CY,2006,-1.0,,
ESTAT:GOV_10A_MAIN(1.0),21/07/26 11:00:00,A,PC_GDP,S13,B9,CY,2007,3.2,,
ESTAT:GOV_10A_MAIN(1.0),21/07/26 11:00:00,A,PC_GDP,S13,B9,CY,2008,0.7,,
ESTAT:GOV_10A_MAIN(1.0),21/07/26 11:00:00,A,PC_GDP,S13,B9,CY,2009,-5.6,,
ESTAT:GOV_10A_MAIN(1.0),21/07/26 11:00:00,A,PC_GDP,S13,B9,CY,2010,-5.1,,
ESTAT:GOV_10A_MAIN(1.0),21/07/26 11:00:00,A,PC_GDP,S13,B9,CY,2011,-5.9,,
ESTAT:GOV_10A_MAIN(1.0),21/07/26 11:00:00,A,PC_GDP,S13,B9,CY,2012,-15.2,,
ESTAT:GOV_10A_MAIN(1.0),21/07/26 11:00:00,A,PC_GDP,S13,B9,CY,2013,-5.6,,
ESTAT:GOV_10A_MAIN(1.0),21/07/26 11:00:00,A,PC_GDP,S13,B9,CY,2014,-8.8,,
ESTAT:GOV_10A_MAIN(1.0),21/07/26 11:00:00,A,PC_GDP,S13,B9,CY,2015,-0.8,,
ESTAT:GOV_10A_MAIN(1.0),21/07/26 11:00:00,A,PC_GDP,S13,B9,CY,2016,0.5,,
ESTAT:GOV_10A_MAIN(1.0),21/07/26 11:00:00,A,PC_GDP,S13,B9,CY,2017,2.1,,
ESTAT:GOV_10A_MAIN(1.0),21/07/26 11:00:00,A,PC_GDP,S13,B9,CY,2018,-3.4,,
ESTAT:GOV_10A_MAIN(1.0),21/07/26 11:00:00,A,PC_GDP,S13,B9,CY,2019,1.0,,
ESTAT:GOV_10A_MAIN(1.0),21/07/26 11:00:00,A,PC_GDP,S13,B9,CY,2020,-5.6,,
ESTAT:GOV_10A_MAIN(1.0),21/07/26 11:00:00,A,PC_GDP,S13,B9,CY,2021,-1.6,,
ESTAT:GOV_10A_MAIN(1.0),21/07/26 11:00:00,A,PC_GDP,S13,B9,CY,2022,2.7,,
ESTAT:GOV_10A_MAIN(1.0),21/07/26 11:00:00,A,PC_GDP,S13,B9,CY,2023,1.7,,
ESTAT:GOV_10A_MAIN(1.0),21/07/26 11:00:00,A,PC_GDP,S13,B9,CY,2024,4.1,,
ESTAT:GOV_10A_MAIN(1.0),21/07/26 11:00:00,A,PC_GDP,S13,B9,CY,2025,3.4,,
ESTAT:GOV_10A_MAIN(1.0),21/07/26 11:00:00,A,PC_GDP,S13,B9,CZ,1995,-12.3,,
ESTAT:GOV_10A_MAIN(1.0),21/07/26 11:00:00,A,PC_GDP,S13,B9,CZ,1996,-3.0,,
ESTAT:GOV_10A_MAIN(1.0),21/07/26 11:00:00,A,PC_GDP,S13,B9,CZ,1997,-3.1,,
ESTAT:GOV_10A_MAIN(1.0),21/07/26 11:00:00,A,PC_GDP,S13,B9,CZ,1998,-4.1,,
ESTAT:GOV_10A_MAIN(1.0),21/07/26 11:00:00,A,PC_GDP,S13,B9,CZ,1999,-3.1,,
ESTAT:GOV_10A_MAIN(1.0),21/07/26 11:00:00,A,PC_GDP,S13,B9,CZ,2000,-3.5,,
ESTAT:GOV_10A_MAIN(1.0),21/07/26 11:00:00,A,PC_GDP,S13,B9,CZ,2001,-5.8,,
ESTAT:GOV_10A_MAIN(1.0),21/07/26 11:00:00,A,PC_GDP,S13,B9,CZ,2002,-6.3,,
ESTAT:GOV_10A_MAIN(1.0),21/07/26 11:00:00,A,PC_GDP,S13,B9,CZ,2003,-6.9,,
ESTAT:GOV_10A_MAIN(1.0),21/07/26 11:00:00,A,PC_GDP,S13,B9,CZ,2004,-2.4,,
ESTAT:GOV_10A_MAIN(1.0),21/07/26 11:00:00,A,PC_GDP,S13,B9,CZ,2005,-3.1,,
ESTAT:GOV_10A_MAIN(1.0),21/07/26 11:00:00,A,PC_GDP,S13,B9,CZ,2006,-2.2,,
ESTAT:GOV_10A_MAIN(1.0),21/07/26 11:00:00,A,PC_GDP,S13,B9,CZ,2007,-0.7,,
ESTAT:GOV_10A_MAIN(1.0),21/07/26 11:00:00,A,PC_GDP,S13,B9,CZ,2008,-2.0,,
ESTAT:GOV_10A_MAIN(1.0),21/07/26 11:00:00,A,PC_GDP,S13,B9,CZ,2009,-5.5,,
ESTAT:GOV_10A_MAIN(1.0),21/07/26 11:00:00,A,PC_GDP,S13,B9,CZ,2010,-4.1,,
ESTAT:GOV_10A_MAIN(1.0),21/07/26 11:00:00,A,PC_GDP,S13,B9,CZ,2011,-2.7,,
ESTAT:GOV_10A_MAIN(1.0),21/07/26 11:00:00,A,PC_GDP,S13,B9,CZ,2012,-3.9,,
ESTAT:GOV_10A_MAIN(1.0),21/07/26 11:00:00,A,PC_GDP,S13,B9,CZ,2013,-1.3,,
ESTAT:GOV_10A_MAIN(1.0),21/07/26 11:00:00,A,PC_GDP,S13,B9,CZ,2014,-2.1,,
ESTAT:GOV_10A_MAIN(1.0),21/07/26 11:00:00,A,PC_GDP,S13,B9,CZ,2015,-0.7,,
ESTAT:GOV_10A_MAIN(1.0),21/07/26 11:00:00,A,PC_GDP,S13,B9,CZ,2016,0.7,,
ESTAT:GOV_10A_MAIN(1.0),21/07/26 11:00:00,A,PC_GDP,S13,B9,CZ,2017,1.5,,
ESTAT:GOV_10A_MAIN(1.0),21/07/26 11:00:00,A,PC_GDP,S13,B9,CZ,2018,0.9,,
ESTAT:GOV_10A_MAIN(1.0),21/07/26 11:00:00,A,PC_GDP,S13,B9,CZ,2019,0.3,,
ESTAT:GOV_10A_MAIN(1.0),21/07/26 11:00:00,A,PC_GDP,S13,B9,CZ,2020,-5.6,,
ESTAT:GOV_10A_MAIN(1.0),21/07/26 11:00:00,A,PC_GDP,S13,B9,CZ,2021,-5.0,,
ESTAT:GOV_10A_MAIN(1.0),21/07/26 11:00:00,A,PC_GDP,S13,B9,CZ,2022,-3.1,,
ESTAT:GOV_10A_MAIN(1.0),21/07/26 11:00:00,A,PC_GDP,S13,B9,CZ,2023,-3.7,,
ESTAT:GOV_10A_MAIN(1.0),21/07/26 11:00:00,A,PC_GDP,S13,B9,CZ,2024,-2.0,,
ESTAT:GOV_10A_MAIN(1.0),21/07/26 11:00:00,A,PC_GDP,S13,B9,CZ,2025,-2.1,,
ESTAT:GOV_10A_MAIN(1.0),21/07/26 11:00:00,A,PC_GDP,S13,B9,DE,1995,-9.4,,
ESTAT:GOV_10A_MAIN(1.0),21/07/26 11:00:00,A,PC_GDP,S13,B9,DE,1996,-3.6,,
ESTAT:GOV_10A_MAIN(1.0),21/07/26 11:00:00,A,PC_GDP,S13,B9,DE,1997,-3.0,,
ESTAT:GOV_10A_MAIN(1.0),21/07/26 11:00:00,A,PC_GDP,S13,B9,DE,1998,-2.6,,
ESTAT:GOV_10A_MAIN(1.0),21/07/26 11:00:00,A,PC_GDP,S13,B9,DE,1999,-1.9,,
ESTAT:GOV_10A_MAIN(1.0),21/07/26 11:00:00,A,PC_GDP,S13,B9,DE,2000,-1.7,,
ESTAT:GOV_10A_MAIN(1.0),21/07/26 11:00:00,A,PC_GDP,S13,B9,DE,2001,-3.1,,
ESTAT:GOV_10A_MAIN(1.0),21/07/26 11:00:00,A,PC_GDP,S13,B9,DE,2002,-4.1,,
ESTAT:GOV_10A_MAIN(1.0),21/07/26 11:00:00,A,PC_GDP,S13,B9,DE,2003,-3.8,,
ESTAT:GOV_10A_MAIN(1.0),21/07/26 11:00:00,A,PC_GDP,S13,B9,DE,2004,-3.4,,
ESTAT:GOV_10A_MAIN(1.0),21/07/26 11:00:00,A,PC_GDP,S13,B9,DE,2005,-3.4,,
ESTAT:GOV_10A_MAIN(1.0),21/07/26 11:00:00,A,PC_GDP,S13,B9,DE,2006,-1.8,,
ESTAT:GOV_10A_MAIN(1.0),21/07/26 11:00:00,A,PC_GDP,S13,B9,DE,2007,0.2,,
ESTAT:GOV_10A_MAIN(1.0),21/07/26 11:00:00,A,PC_GDP,S13,B9,DE,2008,-0.3,,
ESTAT:GOV_10A_MAIN(1.0),21/07/26 11:00:00,A,PC_GDP,S13,B9,DE,2009,-3.2,,
ESTAT:GOV_10A_MAIN(1.0),21/07/26 11:00:00,A,PC_GDP,S13,B9,DE,2010,-4.4,,
ESTAT:GOV_10A_MAIN(1.0),21/07/26 11:00:00,A,PC_GDP,S13,B9,DE,2011,-0.8,,
ESTAT:GOV_10A_MAIN(1.0),21/07/26 11:00:00,A,PC_GDP,S13,B9,DE,2012,-0.1,,
ESTAT:GOV_10A_MAIN(1.0),21/07/26 11:00:00,A,PC_GDP,S13,B9,DE,2013,0.1,,
ESTAT:GOV_10A_MAIN(1.0),21/07/26 11:00:00,A,PC_GDP,S13,B9,DE,2014,0.7,,
ESTAT:GOV_10A_MAIN(1.0),21/07/26 11:00:00,A,PC_GDP,S13,B9,DE,2015,0.9,,
ESTAT:GOV_10A_MAIN(1.0),21/07/26 11:00:00,A,PC_GDP,S13,B9,DE,2016,1.1,,
ESTAT:GOV_10A_MAIN(1.0),21/07/26 11:00:00,A,PC_GDP,S13,B9,DE,2017,1.3,,
ESTAT:GOV_10A_MAIN(1.0),21/07/26 11:00:00,A,PC_GDP,S13,B9,DE,2018,1.9,,
ESTAT:GOV_10A_MAIN(1.0),21/07/26 11:00:00,A,PC_GDP,S13,B9,DE,2019,1.3,,
ESTAT:GOV_10A_MAIN(1.0),21/07/26 11:00:00,A,PC_GDP,S13,B9,DE,2020,-4.4,,
ESTAT:GOV_10A_MAIN(1.0),21/07/26 11:00:00,A,PC_GDP,S13,B9,DE,2021,-3.2,,
ESTAT:GOV_10A_MAIN(1.0),21/07/26 11:00:00,A,PC_GDP,S13,B9,DE,2022,-1.9,,
ESTAT:GOV_10A_MAIN(1.0),21/07/26 11:00:00,A,PC_GDP,S13,B9,DE,2023,-2.5,,
ESTAT:GOV_10A_MAIN(1.0),21/07/26 11:00:00,A,PC_GDP,S13,B9,DE,2024,-2.7,,
ESTAT:GOV_10A_MAIN(1.0),21/07/26 11:00:00,A,PC_GDP,S13,B9,DE,2025,-2.7,,
ESTAT:GOV_10A_MAIN(1.0),21/07/26 11:00:00,A,PC_GDP,S13,B9,DK,1995,-3.5,,
ESTAT:GOV_10A_MAIN(1.0),21/07/26 11:00:00,A,PC_GDP,S13,B9,DK,1996,-2.4,,
ESTAT:GOV_10A_MAIN(1.0),21/07/26 11:00:00,A,PC_GDP,S13,B9,DK,1997,-1.2,,
ESTAT:GOV_10A_MAIN(1.0),21/07/26 11:00:00,A,PC_GDP,S13,B9,DK,1998,-0.3,,
ESTAT:GOV_10A_MAIN(1.0),21/07/26 11:00:00,A,PC_GDP,S13,B9,DK,1999,1.1,,
ESTAT:GOV_10A_MAIN(1.0),21/07/26 11:00:00,A,PC_GDP,S13,B9,DK,2000,1.8,,
ESTAT:GOV_10A_MAIN(1.0),21/07/26 11:00:00,A,PC_GDP,S13,B9,DK,2001,1.1,,
ESTAT:GOV_10A_MAIN(1.0),21/07/26 11:00:00,A,PC_GDP,S13,B9,DK,2002,0.3,,
ESTAT:GOV_10A_MAIN(1.0),21/07/26 11:00:00,A,PC_GDP,S13,B9,DK,2003,0.1,,
ESTAT:GOV_10A_MAIN(1.0),21/07/26 11:00:00,A,PC_GDP,S13,B9,DK,2004,2.2,,
ESTAT:GOV_10A_MAIN(1.0),21/07/26 11:00:00,A,PC_GDP,S13,B9,DK,2005,5.2,,
ESTAT:GOV_10A_MAIN(1.0),21/07/26 11:00:00,A,PC_GDP,S13,B9,DK,2006,5.3,,
ESTAT:GOV_10A_MAIN(1.0),21/07/26 11:00:00,A,PC_GDP,S13,B9,DK,2007,5.3,,
ESTAT:GOV_10A_MAIN(1.0),21/07/26 11:00:00,A,PC_GDP,S13,B9,DK,2008,3.5,,
ESTAT:GOV_10A_MAIN(1.0),21/07/26 11:00:00,A,PC_GDP,S13,B9,DK,2009,-2.7,,
ESTAT:GOV_10A_MAIN(1.0),21/07/26 11:00:00,A,PC_GDP,S13,B9,DK,2010,-2.5,,
ESTAT:GOV_10A_MAIN(1.0),21/07/26 11:00:00,A,PC_GDP,S13,B9,DK,2011,-1.8,,
ESTAT:GOV_10A_MAIN(1.0),21/07/26 11:00:00,A,PC_GDP,S13,B9,DK,2012,-3.2,,
ESTAT:GOV_10A_MAIN(1.0),21/07/26 11:00:00,A,PC_GDP,S13,B9,DK,2013,-0.9,,
ESTAT:GOV_10A_MAIN(1.0),21/07/26 11:00:00,A,PC_GDP,S13,B9,DK,2014,1.4,,
ESTAT:GOV_10A_MAIN(1.0),21/07/26 11:00:00,A,PC_GDP,S13,B9,DK,2015,-0.9,,
ESTAT:GOV_10A_MAIN(1.0),21/07/26 11:00:00,A,PC_GDP,S13,B9,DK,2016,0.3,,
ESTAT:GOV_10A_MAIN(1.0),21/07/26 11:00:00,A,PC_GDP,S13,B9,DK,2017,1.7,,
ESTAT:GOV_10A_MAIN(1.0),21/07/26 11:00:00,A,PC_GDP,S13,B9,DK,2018,0.8,,
ESTAT:GOV_10A_MAIN(1.0),21/07/26 11:00:00,A,PC_GDP,S13,B9,DK,2019,4.3,,
ESTAT:GOV_10A_MAIN(1.0),21/07/26 11:00:00,A,PC_GDP,S13,B9,DK,2020,0.4,,
ESTAT:GOV_10A_MAIN(1.0),21/07/26 11:00:00,A,PC_GDP,S13,B9,DK,2021,4.1,,
ESTAT:GOV_10A_MAIN(1.0),21/07/26 11:00:00,A,PC_GDP,S13,B9,DK,2022,3.4,,
ESTAT:GOV_10A_MAIN(1.0),21/07/26 11:00:00,A,PC_GDP,S13,B9,DK,2023,3.5,,
ESTAT:GOV_10A_MAIN(1.0),21/07/26 11:00:00,A,PC_GDP,S13,B9,DK,2024,4.2,,
ESTAT:GOV_10A_MAIN(1.0),21/07/26 11:00:00,A,PC_GDP,S13,B9,DK,2025,3.0,,
ESTAT:GOV_10A_MAIN(1.0),21/07/26 11:00:00,A,PC_GDP,S13,B9,EA19,1995,-7.3,,
ESTAT:GOV_10A_MAIN(1.0),21/07/26 11:00:00,A,PC_GDP,S13,B9,EA19,1996,-4.4,,
ESTAT:GOV_10A_MAIN(1.0),21/07/26 11:00:00,A,PC_GDP,S13,B9,EA19,1997,-3.1,,
ESTAT:GOV_10A_MAIN(1.0),21/07/26 11:00:00,A,PC_GDP,S13,B9,EA19,1998,-2.5,,
ESTAT:GOV_10A_MAIN(1.0),21/07/26 11:00:00,A,PC_GDP,S13,B9,EA19,1999,-1.5,,
ESTAT:GOV_10A_MAIN(1.0),21/07/26 11:00:00,A,PC_GDP,S13,B9,EA19,2000,-1.3,,
ESTAT:GOV_10A_MAIN(1.0),21/07/26 11:00:00,A,PC_GDP,S13,B9,EA19,2001,-2.0,,
ESTAT:GOV_10A_MAIN(1.0),21/07/26 11:00:00,A,PC_GDP,S13,B9,EA19,2002,-2.8,,
ESTAT:GOV_10A_MAIN(1.0),21/07/26 11:00:00,A,PC_GDP,S13,B9,EA19,2003,-3.1,,
ESTAT:GOV_10A_MAIN(1.0),21/07/26 11:00:00,A,PC_GDP,S13,B9,EA19,2004,-2.9,,
ESTAT:GOV_10A_MAIN(1.0),21/07/26 11:00:00,A,PC_GDP,S13,B9,EA19,2005,-2.7,,
ESTAT:GOV_10A_MAIN(1.0),21/07/26 11:00:00,A,PC_GDP,S13,B9,EA19,2006,-1.6,,
ESTAT:GOV_10A_MAIN(1.0),21/07/26 11:00:00,A,PC_GDP,S13,B9,EA19,2007,-0.7,,
ESTAT:GOV_10A_MAIN(1.0),21/07/26 11:00:00,A,PC_GDP,S13,B9,EA19,2008,-2.3,,
ESTAT:GOV_10A_MAIN(1.0),21/07/26 11:00:00,A,PC_GDP,S13,B9,EA19,2009,-6.3,,
ESTAT:GOV_10A_MAIN(1.0),21/07/26 11:00:00,A,PC_GDP,S13,B9,EA19,2010,-6.3,,
ESTAT:GOV_10A_MAIN(1.0),21/07/26 11:00:00,A,PC_GDP,S13,B9,EA19,2011,-4.2,,
ESTAT:GOV_10A_MAIN(1.0),21/07/26 11:00:00,A,PC_GDP,S13,B9,EA19,2012,-3.9,,
ESTAT:GOV_10A_MAIN(1.0),21/07/26 11:00:00,A,PC_GDP,S13,B9,EA19,2013,-3.2,,
ESTAT:GOV_10A_MAIN(1.0),21/07/26 11:00:00,A,PC_GDP,S13,B9,EA19,2014,-2.5,,
ESTAT:GOV_10A_MAIN(1.0),21/07/26 11:00:00,A,PC_GDP,S13,B9,EA19,2015,-2.0,,
ESTAT:GOV_10A_MAIN(1.0),21/07/26 11:00:00,A,PC_GDP,S13,B9,EA19,2016,-1.5,,
ESTAT:GOV_10A_MAIN(1.0),21/07/26 11:00:00,A,PC_GDP,S13,B9,EA19,2017,-1.0,,
ESTAT:GOV_10A_MAIN(1.0),21/07/26 11:00:00,A,PC_GDP,S13,B9,EA19,2018,-0.4,,
ESTAT:GOV_10A_MAIN(1.0),21/07/26 11:00:00,A,PC_GDP,S13,B9,EA19,2019,-0.5,,
ESTAT:GOV_10A_MAIN(1.0),21/07/26 11:00:00,A,PC_GDP,S13,B9,EA19,2020,-7.0,,
ESTAT:GOV_10A_MAIN(1.0),21/07/26 11:00:00,A,PC_GDP,S13,B9,EA19,2021,-5.1,,
ESTAT:GOV_10A_MAIN(1.0),21/07/26 11:00:00,A,PC_GDP,S13,B9,EA19,2022,-3.4,,
ESTAT:GOV_10A_MAIN(1.0),21/07/26 11:00:00,A,PC_GDP,S13,B9,EA19,2023,-3.5,,
ESTAT:GOV_10A_MAIN(1.0),21/07/26 11:00:00,A,PC_GDP,S13,B9,EA19,2024,-3.0,,
ESTAT:GOV_10A_MAIN(1.0),21/07/26 11:00:00,A,PC_GDP,S13,B9,EA19,2025,-2.9,,
ESTAT:GOV_10A_MAIN(1.0),21/07/26 11:00:00,A,PC_GDP,S13,B9,EA20,1995,-7.3,,
ESTAT:GOV_10A_MAIN(1.0),21/07/26 11:00:00,A,PC_GDP,S13,B9,EA20,1996,-4.4,,
ESTAT:GOV_10A_MAIN(1.0),21/07/26 11:00:00,A,PC_GDP,S13,B9,EA20,1997,-3.1,,
ESTAT:GOV_10A_MAIN(1.0),21/07/26 11:00:00,A,PC_GDP,S13,B9,EA20,1998,-2.5,,
ESTAT:GOV_10A_MAIN(1.0),21/07/26 11:00:00,A,PC_GDP,S13,B9,EA20,1999,-1.6,,
ESTAT:GOV_10A_MAIN(1.0),21/07/26 11:00:00,A,PC_GDP,S13,B9,EA20,2000,-1.3,,
ESTAT:GOV_10A_MAIN(1.0),21/07/26 11:00:00,A,PC_GDP,S13,B9,EA20,2001,-2.0,,
ESTAT:GOV_10A_MAIN(1.0),21/07/26 11:00:00,A,PC_GDP,S13,B9,EA20,2002,-2.8,,
ESTAT:GOV_10A_MAIN(1.0),21/07/26 11:00:00,A,PC_GDP,S13,B9,EA20,2003,-3.2,,
ESTAT:GOV_10A_MAIN(1.0),21/07/26 11:00:00,A,PC_GDP,S13,B9,EA20,2004,-2.9,,
ESTAT:GOV_10A_MAIN(1.0),21/07/26 11:00:00,A,PC_GDP,S13,B9,EA20,2005,-2.7,,
ESTAT:GOV_10A_MAIN(1.0),21/07/26 11:00:00,A,PC_GDP,S13,B9,EA20,2006,-1.6,,
ESTAT:GOV_10A_MAIN(1.0),21/07/26 11:00:00,A,PC_GDP,S13,B9,EA20,2007,-0.7,,
ESTAT:GOV_10A_MAIN(1.0),21/07/26 11:00:00,A,PC_GDP,S13,B9,EA20,2008,-2.3,,
ESTAT:GOV_10A_MAIN(1.0),21/07/26 11:00:00,A,PC_GDP,S13,B9,EA20,2009,-6.3,,
ESTAT:GOV_10A_MAIN(1.0),21/07/26 11:00:00,A,PC_GDP,S13,B9,EA20,2010,-6.3,,
ESTAT:GOV_10A_MAIN(1.0),21/07/26 11:00:00,A,PC_GDP,S13,B9,EA20,2011,-4.2,,
ESTAT:GOV_10A_MAIN(1.0),21/07/26 11:00:00,A,PC_GDP,S13,B9,EA20,2012,-3.9,,
ESTAT:GOV_10A_MAIN(1.0),21/07/26 11:00:00,A,PC_GDP,S13,B9,EA20,2013,-3.2,,
ESTAT:GOV_10A_MAIN(1.0),21/07/26 11:00:00,A,PC_GDP,S13,B9,EA20,2014,-2.5,,
ESTAT:GOV_10A_MAIN(1.0),21/07/26 11:00:00,A,PC_GDP,S13,B9,EA20,2015,-2.0,,
ESTAT:GOV_10A_MAIN(1.0),21/07/26 11:00:00,A,PC_GDP,S13,B9,EA20,2016,-1.5,,
ESTAT:GOV_10A_MAIN(1.0),21/07/26 11:00:00,A,PC_GDP,S13,B9,EA20,2017,-1.0,,
ESTAT:GOV_10A_MAIN(1.0),21/07/26 11:00:00,A,PC_GDP,S13,B9,EA20,2018,-0.4,,
ESTAT:GOV_10A_MAIN(1.0),21/07/26 11:00:00,A,PC_GDP,S13,B9,EA20,2019,-0.5,,
ESTAT:GOV_10A_MAIN(1.0),21/07/26 11:00:00,A,PC_GDP,S13,B9,EA20,2020,-7.0,,
ESTAT:GOV_10A_MAIN(1.0),21/07/26 11:00:00,A,PC_GDP,S13,B9,EA20,2021,-5.1,,
ESTAT:GOV_10A_MAIN(1.0),21/07/26 11:00:00,A,PC_GDP,S13,B9,EA20,2022,-3.4,,
ESTAT:GOV_10A_MAIN(1.0),21/07/26 11:00:00,A,PC_GDP,S13,B9,EA20,2023,-3.5,,
ESTAT:GOV_10A_MAIN(1.0),21/07/26 11:00:00,A,PC_GDP,S13,B9,EA20,2024,-3.0,,
ESTAT:GOV_10A_MAIN(1.0),21/07/26 11:00:00,A,PC_GDP,S13,B9,EA20,2025,-2.9,,
ESTAT:GOV_10A_MAIN(1.0),21/07/26 11:00:00,A,PC_GDP,S13,B9,EA21,1995,-7.3,,
ESTAT:GOV_10A_MAIN(1.0),21/07/26 11:00:00,A,PC_GDP,S13,B9,EA21,1996,-4.4,,
ESTAT:GOV_10A_MAIN(1.0),21/07/26 11:00:00,A,PC_GDP,S13,B9,EA21,1997,-3.1,,
ESTAT:GOV_10A_MAIN(1.0),21/07/26 11:00:00,A,PC_GDP,S13,B9,EA21,1998,-2.5,,
ESTAT:GOV_10A_MAIN(1.0),21/07/26 11:00:00,A,PC_GDP,S13,B9,EA21,1999,-1.6,,
ESTAT:GOV_10A_MAIN(1.0),21/07/26 11:00:00,A,PC_GDP,S13,B9,EA21,2000,-1.3,,
ESTAT:GOV_10A_MAIN(1.0),21/07/26 11:00:00,A,PC_GDP,S13,B9,EA21,2001,-2.0,,
ESTAT:GOV_10A_MAIN(1.0),21/07/26 11:00:00,A,PC_GDP,S13,B9,EA21,2002,-2.8,,
ESTAT:GOV_10A_MAIN(1.0),21/07/26 11:00:00,A,PC_GDP,S13,B9,EA21,2003,-3.1,,
ESTAT:GOV_10A_MAIN(1.0),21/07/26 11:00:00,A,PC_GDP,S13,B9,EA21,2004,-2.9,,
ESTAT:GOV_10A_MAIN(1.0),21/07/26 11:00:00,A,PC_GDP,S13,B9,EA21,2005,-2.6,,
ESTAT:GOV_10A_MAIN(1.0),21/07/26 11:00:00,A,PC_GDP,S13,B9,EA21,2006,-1.6,,
ESTAT:GOV_10A_MAIN(1.0),21/07/26 11:00:00,A,PC_GDP,S13,B9,EA21,2007,-0.7,,
ESTAT:GOV_10A_MAIN(1.0),21/07/26 11:00:00,A,PC_GDP,S13,B9,EA21,2008,-2.2,,
ESTAT:GOV_10A_MAIN(1.0),21/07/26 11:00:00,A,PC_GDP,S13,B9,EA21,2009,-6.2,,
ESTAT:GOV_10A_MAIN(1.0),21/07/26 11:00:00,A,PC_GDP,S13,B9,EA21,2010,-6.3,,
ESTAT:GOV_10A_MAIN(1.0),21/07/26 11:00:00,A,PC_GDP,S13,B9,EA21,2011,-4.2,,
ESTAT:GOV_10A_MAIN(1.0),21/07/26 11:00:00,A,PC_GDP,S13,B9,EA21,2012,-3.9,,
ESTAT:GOV_10A_MAIN(1.0),21/07/26 11:00:00,A,PC_GDP,S13,B9,EA21,2013,-3.2,,
ESTAT:GOV_10A_MAIN(1.0),21/07/26 11:00:00,A,PC_GDP,S13,B9,EA21,2014,-2.5,,
ESTAT:GOV_10A_MAIN(1.0),21/07/26 11:00:00,A,PC_GDP,S13,B9,EA21,2015,-2.0,,
ESTAT:GOV_10A_MAIN(1.0),21/07/26 11:00:00,A,PC_GDP,S13,B9,EA21,2016,-1.5,,
ESTAT:GOV_10A_MAIN(1.0),21/07/26 11:00:00,A,PC_GDP,S13,B9,EA21,2017,-1.0,,
ESTAT:GOV_10A_MAIN(1.0),21/07/26 11:00:00,A,PC_GDP,S13,B9,EA21,2018,-0.4,,
ESTAT:GOV_10A_MAIN(1.0),21/07/26 11:00:00,A,PC_GDP,S13,B9,EA21,2019,-0.5,,
ESTAT:GOV_10A_MAIN(1.0),21/07/26 11:00:00,A,PC_GDP,S13,B9,EA21,2020,-7.0,,
ESTAT:GOV_10A_MAIN(1.0),21/07/26 11:00:00,A,PC_GDP,S13,B9,EA21,2021,-5.1,,
ESTAT:GOV_10A_MAIN(1.0),21/07/26 11:00:00,A,PC_GDP,S13,B9,EA21,2022,-3.4,,
ESTAT:GOV_10A_MAIN(1.0),21/07/26 11:00:00,A,PC_GDP,S13,B9,EA21,2023,-3.5,,
ESTAT:GOV_10A_MAIN(1.0),21/07/26 11:00:00,A,PC_GDP,S13,B9,EA21,2024,-3.0,,
ESTAT:GOV_10A_MAIN(1.0),21/07/26 11:00:00,A,PC_GDP,S13,B9,EA21,2025,-2.9,,
ESTAT:GOV_10A_MAIN(1.0),21/07/26 11:00:00,A,PC_GDP,S13,B9,EE,1995,1.0,,
ESTAT:GOV_10A_MAIN(1.0),21/07/26 11:00:00,A,PC_GDP,S13,B9,EE,1996,-0.3,,
ESTAT:GOV_10A_MAIN(1.0),21/07/26 11:00:00,A,PC_GDP,S13,B9,EE,1997,2.1,,
ESTAT:GOV_10A_MAIN(1.0),21/07/26 11:00:00,A,PC_GDP,S13,B9,EE,1998,-0.8,,
ESTAT:GOV_10A_MAIN(1.0),21/07/26 11:00:00,A,PC_GDP,S13,B9,EE,1999,-3.3,,
ESTAT:GOV_10A_MAIN(1.0),21/07/26 11:00:00,A,PC_GDP,S13,B9,EE,2000,-0.1,,
ESTAT:GOV_10A_MAIN(1.0),21/07/26 11:00:00,A,PC_GDP,S13,B9,EE,2001,0.3,,
ESTAT:GOV_10A_MAIN(1.0),21/07/26 11:00:00,A,PC_GDP,S13,B9,EE,2002,0.4,,
ESTAT:GOV_10A_MAIN(1.0),21/07/26 11:00:00,A,PC_GDP,S13,B9,EE,2003,1.8,,
ESTAT:GOV_10A_MAIN(1.0),21/07/26 11:00:00,A,PC_GDP,S13,B9,EE,2004,2.4,,
ESTAT:GOV_10A_MAIN(1.0),21/07/26 11:00:00,A,PC_GDP,S13,B9,EE,2005,1.2,,
ESTAT:GOV_10A_MAIN(1.0),21/07/26 11:00:00,A,PC_GDP,S13,B9,EE,2006,2.8,,
ESTAT:GOV_10A_MAIN(1.0),21/07/26 11:00:00,A,PC_GDP,S13,B9,EE,2007,2.7,,
ESTAT:GOV_10A_MAIN(1.0),21/07/26 11:00:00,A,PC_GDP,S13,B9,EE,2008,-2.6,,
ESTAT:GOV_10A_MAIN(1.0),21/07/26 11:00:00,A,PC_GDP,S13,B9,EE,2009,-2.7,,
ESTAT:GOV_10A_MAIN(1.0),21/07/26 11:00:00,A,PC_GDP,S13,B9,EE,2010,-0.4,,
ESTAT:GOV_10A_MAIN(1.0),21/07/26 11:00:00,A,PC_GDP,S13,B9,EE,2011,0.6,,
ESTAT:GOV_10A_MAIN(1.0),21/07/26 11:00:00,A,PC_GDP,S13,B9,EE,2012,-0.4,,
ESTAT:GOV_10A_MAIN(1.0),21/07/26 11:00:00,A,PC_GDP,S13,B9,EE,2013,-0.2,,
ESTAT:GOV_10A_MAIN(1.0),21/07/26 11:00:00,A,PC_GDP,S13,B9,EE,2014,0.9,,
ESTAT:GOV_10A_MAIN(1.0),21/07/26 11:00:00,A,PC_GDP,S13,B9,EE,2015,0.2,,
ESTAT:GOV_10A_MAIN(1.0),21/07/26 11:00:00,A,PC_GDP,S13,B9,EE,2016,-0.1,,
ESTAT:GOV_10A_MAIN(1.0),21/07/26 11:00:00,A,PC_GDP,S13,B9,EE,2017,-0.5,,
ESTAT:GOV_10A_MAIN(1.0),21/07/26 11:00:00,A,PC_GDP,S13,B9,EE,2018,-0.6,,
ESTAT:GOV_10A_MAIN(1.0),21/07/26 11:00:00,A,PC_GDP,S13,B9,EE,2019,-0.1,,
ESTAT:GOV_10A_MAIN(1.0),21/07/26 11:00:00,A,PC_GDP,S13,B9,EE,2020,-5.4,,
ESTAT:GOV_10A_MAIN(1.0),21/07/26 11:00:00,A,PC_GDP,S13,B9,EE,2021,-2.5,,
ESTAT:GOV_10A_MAIN(1.0),21/07/26 11:00:00,A,PC_GDP,S13,B9,EE,2022,-0.9,,
ESTAT:GOV_10A_MAIN(1.0),21/07/26 11:00:00,A,PC_GDP,S13,B9,EE,2023,-2.7,,
ESTAT:GOV_10A_MAIN(1.0),21/07/26 11:00:00,A,PC_GDP,S13,B9,EE,2024,-1.1,,
ESTAT:GOV_10A_MAIN(1.0),21/07/26 11:00:00,A,PC_GDP,S13,B9,EE,2025,-2.0,,
ESTAT:GOV_10A_MAIN(1.0),21/07/26 11:00:00,A,PC_GDP,S13,B9,EL,1995,-9.9,,
ESTAT:GOV_10A_MAIN(1.0),21/07/26 11:00:00,A,PC_GDP,S13,B9,EL,1996,-8.4,,
ESTAT:GOV_10A_MAIN(1.0),21/07/26 11:00:00,A,PC_GDP,S13,B9,EL,1997,-6.2,,
ESTAT:GOV_10A_MAIN(1.0),21/07/26 11:00:00,A,PC_GDP,S13,B9,EL,1998,-6.5,,
ESTAT:GOV_10A_MAIN(1.0),21/07/26 11:00:00,A,PC_GDP,S13,B9,EL,1999,-6.0,,
ESTAT:GOV_10A_MAIN(1.0),21/07/26 11:00:00,A,PC_GDP,S13,B9,EL,2000,-4.2,,
ESTAT:GOV_10A_MAIN(1.0),21/07/26 11:00:00,A,PC_GDP,S13,B9,EL,2001,-5.6,,
ESTAT:GOV_10A_MAIN(1.0),21/07/26 11:00:00,A,PC_GDP,S13,B9,EL,2002,-6.2,,
ESTAT:GOV_10A_MAIN(1.0),21/07/26 11:00:00,A,PC_GDP,S13,B9,EL,2003,-8.0,,
ESTAT:GOV_10A_MAIN(1.0),21/07/26 11:00:00,A,PC_GDP,S13,B9,EL,2004,-9.1,,
ESTAT:GOV_10A_MAIN(1.0),21/07/26 11:00:00,A,PC_GDP,S13,B9,EL,2005,-6.3,,
ESTAT:GOV_10A_MAIN(1.0),21/07/26 11:00:00,A,PC_GDP,S13,B9,EL,2006,-6.0,,
ESTAT:GOV_10A_MAIN(1.0),21/07/26 11:00:00,A,PC_GDP,S13,B9,EL,2007,-6.8,,
ESTAT:GOV_10A_MAIN(1.0),21/07/26 11:00:00,A,PC_GDP,S13,B9,EL,2008,-10.3,,
ESTAT:GOV_10A_MAIN(1.0),21/07/26 11:00:00,A,PC_GDP,S13,B9,EL,2009,-15.4,,
ESTAT:GOV_10A_MAIN(1.0),21/07/26 11:00:00,A,PC_GDP,S13,B9,EL,2010,-11.4,,
ESTAT:GOV_10A_MAIN(1.0),21/07/26 11:00:00,A,PC_GDP,S13,B9,EL,2011,-10.5,,
ESTAT:GOV_10A_MAIN(1.0),21/07/26 11:00:00,A,PC_GDP,S13,B9,EL,2012,-9.3,,
ESTAT:GOV_10A_MAIN(1.0),21/07/26 11:00:00,A,PC_GDP,S13,B9,EL,2013,-13.6,,
ESTAT:GOV_10A_MAIN(1.0),21/07/26 11:00:00,A,PC_GDP,S13,B9,EL,2014,-3.8,,
ESTAT:GOV_10A_MAIN(1.0),21/07/26 11:00:00,A,PC_GDP,S13,B9,EL,2015,-5.9,,
ESTAT:GOV_10A_MAIN(1.0),21/07/26 11:00:00,A,PC_GDP,S13,B9,EL,2016,0.2,,
ESTAT:GOV_10A_MAIN(1.0),21/07/26 11:00:00,A,PC_GDP,S13,B9,EL,2017,0.7,,
ESTAT:GOV_10A_MAIN(1.0),21/07/26 11:00:00,A,PC_GDP,S13,B9,EL,2018,0.9,,
ESTAT:GOV_10A_MAIN(1.0),21/07/26 11:00:00,A,PC_GDP,S13,B9,EL,2019,0.8,,
ESTAT:GOV_10A_MAIN(1.0),21/07/26 11:00:00,A,PC_GDP,S13,B9,EL,2020,-9.9,,
ESTAT:GOV_10A_MAIN(1.0),21/07/26 11:00:00,A,PC_GDP,S13,B9,EL,2021,-7.2,,
ESTAT:GOV_10A_MAIN(1.0),21/07/26 11:00:00,A,PC_GDP,S13,B9,EL,2022,-2.6,,
ESTAT:GOV_10A_MAIN(1.0),21/07/26 11:00:00,A,PC_GDP,S13,B9,EL,2023,-1.4,,
ESTAT:GOV_10A_MAIN(1.0),21/07/26 11:00:00,A,PC_GDP,S13,B9,EL,2024,1.3,,
ESTAT:GOV_10A_MAIN(1.0),21/07/26 11:00:00,A,PC_GDP,S13,B9,EL,2025,1.7,,
ESTAT:GOV_10A_MAIN(1.0),21/07/26 11:00:00,A,PC_GDP,S13,B9,ES,1995,-6.8,,
ESTAT:GOV_10A_MAIN(1.0),21/07/26 11:00:00,A,PC_GDP,S13,B9,ES,1996,-5.9,,
ESTAT:GOV_10A_MAIN(1.0),21/07/26 11:00:00,A,PC_GDP,S13,B9,ES,1997,-3.9,,
ESTAT:GOV_10A_MAIN(1.0),21/07/26 11:00:00,A,PC_GDP,S13,B9,ES,1998,-2.6,,
ESTAT:GOV_10A_MAIN(1.0),21/07/26 11:00:00,A,PC_GDP,S13,B9,ES,1999,-1.2,,
ESTAT:GOV_10A_MAIN(1.0),21/07/26 11:00:00,A,PC_GDP,S13,B9,ES,2000,-1.2,,
ESTAT:GOV_10A_MAIN(1.0),21/07/26 11:00:00,A,PC_GDP,S13,B9,ES,2001,-0.5,,
ESTAT:GOV_10A_MAIN(1.0),21/07/26 11:00:00,A,PC_GDP,S13,B9,ES,2002,-0.3,,
ESTAT:GOV_10A_MAIN(1.0),21/07/26 11:00:00,A,PC_GDP,S13,B9,ES,2003,-0.4,,
ESTAT:GOV_10A_MAIN(1.0),21/07/26 11:00:00,A,PC_GDP,S13,B9,ES,2004,-0.1,,
ESTAT:GOV_10A_MAIN(1.0),21/07/26 11:00:00,A,PC_GDP,S13,B9,ES,2005,1.2,,
ESTAT:GOV_10A_MAIN(1.0),21/07/26 11:00:00,A,PC_GDP,S13,B9,ES,2006,2.1,,
ESTAT:GOV_10A_MAIN(1.0),21/07/26 11:00:00,A,PC_GDP,S13,B9,ES,2007,1.9,,
ESTAT:GOV_10A_MAIN(1.0),21/07/26 11:00:00,A,PC_GDP,S13,B9,ES,2008,-4.6,,
ESTAT:GOV_10A_MAIN(1.0),21/07/26 11:00:00,A,PC_GDP,S13,B9,ES,2009,-11.2,,
ESTAT:GOV_10A_MAIN(1.0),21/07/26 11:00:00,A,PC_GDP,S13,B9,ES,2010,-9.5,,
ESTAT:GOV_10A_MAIN(1.0),21/07/26 11:00:00,A,PC_GDP,S13,B9,ES,2011,-9.7,,
ESTAT:GOV_10A_MAIN(1.0),21/07/26 11:00:00,A,PC_GDP,S13,B9,ES,2012,-11.5,,
ESTAT:GOV_10A_MAIN(1.0),21/07/26 11:00:00,A,PC_GDP,S13,B9,ES,2013,-7.5,,
ESTAT:GOV_10A_MAIN(1.0),21/07/26 11:00:00,A,PC_GDP,S13,B9,ES,2014,-6.0,,
ESTAT:GOV_10A_MAIN(1.0),21/07/26 11:00:00,A,PC_GDP,S13,B9,ES,2015,-5.3,,
ESTAT:GOV_10A_MAIN(1.0),21/07/26 11:00:00,A,PC_GDP,S13,B9,ES,2016,-4.2,,
ESTAT:GOV_10A_MAIN(1.0),21/07/26 11:00:00,A,PC_GDP,S13,B9,ES,2017,-3.1,,
ESTAT:GOV_10A_MAIN(1.0),21/07/26 11:00:00,A,PC_GDP,S13,B9,ES,2018,-2.6,,
ESTAT:GOV_10A_MAIN(1.0),21/07/26 11:00:00,A,PC_GDP,S13,B9,ES,2019,-3.1,,
ESTAT:GOV_10A_MAIN(1.0),21/07/26 11:00:00,A,PC_GDP,S13,B9,ES,2020,-9.9,,
ESTAT:GOV_10A_MAIN(1.0),21/07/26 11:00:00,A,PC_GDP,S13,B9,ES,2021,-6.7,,
ESTAT:GOV_10A_MAIN(1.0),21/07/26 11:00:00,A,PC_GDP,S13,B9,ES,2022,-4.6,,
ESTAT:GOV_10A_MAIN(1.0),21/07/26 11:00:00,A,PC_GDP,S13,B9,ES,2023,-3.3,,
ESTAT:GOV_10A_MAIN(1.0),21/07/26 11:00:00,A,PC_GDP,S13,B9,ES,2024,-3.2,,
ESTAT:GOV_10A_MAIN(1.0),21/07/26 11:00:00,A,PC_GDP,S13,B9,ES,2025,-2.4,,
ESTAT:GOV_10A_MAIN(1.0),21/07/26 11:00:00,A,PC_GDP,S13,B9,EU27_2020,1995,-7.2,,
ESTAT:GOV_10A_MAIN(1.0),21/07/26 11:00:00,A,PC_GDP,S13,B9,EU27_2020,1996,-4.3,,
ESTAT:GOV_10A_MAIN(1.0),21/07/26 11:00:00,A,PC_GDP,S13,B9,EU27_2020,1997,-3.0,,
ESTAT:GOV_10A_MAIN(1.0),21/07/26 11:00:00,A,PC_GDP,S13,B9,EU27_2020,1998,-2.4,,
ESTAT:GOV_10A_MAIN(1.0),21/07/26 11:00:00,A,PC_GDP,S13,B9,EU27_2020,1999,-1.5,,
ESTAT:GOV_10A_MAIN(1.0),21/07/26 11:00:00,A,PC_GDP,S13,B9,EU27_2020,2000,-1.2,,
ESTAT:GOV_10A_MAIN(1.0),21/07/26 11:00:00,A,PC_GDP,S13,B9,EU27_2020,2001,-2.0,,
ESTAT:GOV_10A_MAIN(1.0),21/07/26 11:00:00,A,PC_GDP,S13,B9,EU27_2020,2002,-2.8,,
ESTAT:GOV_10A_MAIN(1.0),21/07/26 11:00:00,A,PC_GDP,S13,B9,EU27_2020,2003,-3.1,,
ESTAT:GOV_10A_MAIN(1.0),21/07/26 11:00:00,A,PC_GDP,S13,B9,EU27_2020,2004,-2.7,,
ESTAT:GOV_10A_MAIN(1.0),21/07/26 11:00:00,A,PC_GDP,S13,B9,EU27_2020,2005,-2.4,,
ESTAT:GOV_10A_MAIN(1.0),21/07/26 11:00:00,A,PC_GDP,S13,B9,EU27_2020,2006,-1.4,,
ESTAT:GOV_10A_MAIN(1.0),21/07/26 11:00:00,A,PC_GDP,S13,B9,EU27_2020,2007,-0.6,,
ESTAT:GOV_10A_MAIN(1.0),21/07/26 11:00:00,A,PC_GDP,S13,B9,EU27_2020,2008,-2.1,,
ESTAT:GOV_10A_MAIN(1.0),21/07/26 11:00:00,A,PC_GDP,S13,B9,EU27_2020,2009,-6.1,,
ESTAT:GOV_10A_MAIN(1.0),21/07/26 11:00:00,A,PC_GDP,S13,B9,EU27_2020,2010,-6.0,,
ESTAT:GOV_10A_MAIN(1.0),21/07/26 11:00:00,A,PC_GDP,S13,B9,EU27_2020,2011,-4.1,,
ESTAT:GOV_10A_MAIN(1.0),21/07/26 11:00:00,A,PC_GDP,S13,B9,EU27_2020,2012,-3.7,,
ESTAT:GOV_10A_MAIN(1.0),21/07/26 11:00:00,A,PC_GDP,S13,B9,EU27_2020,2013,-3.1,,
ESTAT:GOV_10A_MAIN(1.0),21/07/26 11:00:00,A,PC_GDP,S13,B9,EU27_2020,2014,-2.4,,
ESTAT:GOV_10A_MAIN(1.0),21/07/26 11:00:00,A,PC_GDP,S13,B9,EU27_2020,2015,-1.9,,
ESTAT:GOV_10A_MAIN(1.0),21/07/26 11:00:00,A,PC_GDP,S13,B9,EU27_2020,2016,-1.4,,
ESTAT:GOV_10A_MAIN(1.0),21/07/26 11:00:00,A,PC_GDP,S13,B9,EU27_2020,2017,-0.9,,
ESTAT:GOV_10A_MAIN(1.0),21/07/26 11:00:00,A,PC_GDP,S13,B9,EU27_2020,2018,-0.4,,
ESTAT:GOV_10A_MAIN(1.0),21/07/26 11:00:00,A,PC_GDP,S13,B9,EU27_2020,2019,-0.5,,
ESTAT:GOV_10A_MAIN(1.0),21/07/26 11:00:00,A,PC_GDP,S13,B9,EU27_2020,2020,-6.7,,
ESTAT:GOV_10A_MAIN(1.0),21/07/26 11:00:00,A,PC_GDP,S13,B9,EU27_2020,2021,-4.6,,
ESTAT:GOV_10A_MAIN(1.0),21/07/26 11:00:00,A,PC_GDP,S13,B9,EU27_2020,2022,-3.2,,
ESTAT:GOV_10A_MAIN(1.0),21/07/26 11:00:00,A,PC_GDP,S13,B9,EU27_2020,2023,-3.4,,
ESTAT:GOV_10A_MAIN(1.0),21/07/26 11:00:00,A,PC_GDP,S13,B9,EU27_2020,2024,-3.1,,
ESTAT:GOV_10A_MAIN(1.0),21/07/26 11:00:00,A,PC_GDP,S13,B9,EU27_2020,2025,-3.1,,
ESTAT:GOV_10A_MAIN(1.0),21/07/26 11:00:00,A,PC_GDP,S13,B9,FI,1995,-5.8,,
ESTAT:GOV_10A_MAIN(1.0),21/07/26 11:00:00,A,PC_GDP,S13,B9,FI,1996,-3.1,,
ESTAT:GOV_10A_MAIN(1.0),21/07/26 11:00:00,A,PC_GDP,S13,B9,FI,1997,-1.2,,
ESTAT:GOV_10A_MAIN(1.0),21/07/26 11:00:00,A,PC_GDP,S13,B9,FI,1998,1.7,,
ESTAT:GOV_10A_MAIN(1.0),21/07/26 11:00:00,A,PC_GDP,S13,B9,FI,1999,1.7,,
ESTAT:GOV_10A_MAIN(1.0),21/07/26 11:00:00,A,PC_GDP,S13,B9,FI,2000,6.9,,
ESTAT:GOV_10A_MAIN(1.0),21/07/26 11:00:00,A,PC_GDP,S13,B9,FI,2001,5.0,,
ESTAT:GOV_10A_MAIN(1.0),21/07/26 11:00:00,A,PC_GDP,S13,B9,FI,2002,4.1,,
ESTAT:GOV_10A_MAIN(1.0),21/07/26 11:00:00,A,PC_GDP,S13,B9,FI,2003,2.4,,
ESTAT:GOV_10A_MAIN(1.0),21/07/26 11:00:00,A,PC_GDP,S13,B9,FI,2004,2.2,,
ESTAT:GOV_10A_MAIN(1.0),21/07/26 11:00:00,A,PC_GDP,S13,B9,FI,2005,2.7,,
ESTAT:GOV_10A_MAIN(1.0),21/07/26 11:00:00,A,PC_GDP,S13,B9,FI,2006,4.0,,
ESTAT:GOV_10A_MAIN(1.0),21/07/26 11:00:00,A,PC_GDP,S13,B9,FI,2007,5.1,,
ESTAT:GOV_10A_MAIN(1.0),21/07/26 11:00:00,A,PC_GDP,S13,B9,FI,2008,4.2,,
ESTAT:GOV_10A_MAIN(1.0),21/07/26 11:00:00,A,PC_GDP,S13,B9,FI,2009,-2.5,,
ESTAT:GOV_10A_MAIN(1.0),21/07/26 11:00:00,A,PC_GDP,S13,B9,FI,2010,-2.6,,
ESTAT:GOV_10A_MAIN(1.0),21/07/26 11:00:00,A,PC_GDP,S13,B9,FI,2011,-1.0,,
ESTAT:GOV_10A_MAIN(1.0),21/07/26 11:00:00,A,PC_GDP,S13,B9,FI,2012,-2.2,,
ESTAT:GOV_10A_MAIN(1.0),21/07/26 11:00:00,A,PC_GDP,S13,B9,FI,2013,-2.5,,
ESTAT:GOV_10A_MAIN(1.0),21/07/26 11:00:00,A,PC_GDP,S13,B9,FI,2014,-3.0,,
ESTAT:GOV_10A_MAIN(1.0),21/07/26 11:00:00,A,PC_GDP,S13,B9,FI,2015,-2.4,,
ESTAT:GOV_10A_MAIN(1.0),21/07/26 11:00:00,A,PC_GDP,S13,B9,FI,2016,-1.7,,
ESTAT:GOV_10A_MAIN(1.0),21/07/26 11:00:00,A,PC_GDP,S13,B9,FI,2017,-0.6,,
ESTAT:GOV_10A_MAIN(1.0),21/07/26 11:00:00,A,PC_GDP,S13,B9,FI,2018,-0.9,,
ESTAT:GOV_10A_MAIN(1.0),21/07/26 11:00:00,A,PC_GDP,S13,B9,FI,2019,-0.9,,
ESTAT:GOV_10A_MAIN(1.0),21/07/26 11:00:00,A,PC_GDP,S13,B9,FI,2020,-5.5,,
ESTAT:GOV_10A_MAIN(1.0),21/07/26 11:00:00,A,PC_GDP,S13,B9,FI,2021,-2.7,,
ESTAT:GOV_10A_MAIN(1.0),21/07/26 11:00:00,A,PC_GDP,S13,B9,FI,2022,-0.2,,
ESTAT:GOV_10A_MAIN(1.0),21/07/26 11:00:00,A,PC_GDP,S13,B9,FI,2023,-2.9,,
ESTAT:GOV_10A_MAIN(1.0),21/07/26 11:00:00,A,PC_GDP,S13,B9,FI,2024,-4.3,,
ESTAT:GOV_10A_MAIN(1.0),21/07/26 11:00:00,A,PC_GDP,S13,B9,FI,2025,-3.9,,
ESTAT:GOV_10A_MAIN(1.0),21/07/26 11:00:00,A,PC_GDP,S13,B9,FR,1995,-5.1,,
ESTAT:GOV_10A_MAIN(1.0),21/07/26 11:00:00,A,PC_GDP,S13,B9,FR,1996,-3.9,,
ESTAT:GOV_10A_MAIN(1.0),21/07/26 11:00:00,A,PC_GDP,S13,B9,FR,1997,-3.7,,
ESTAT:GOV_10A_MAIN(1.0),21/07/26 11:00:00,A,PC_GDP,S13,B9,FR,1998,-2.4,,
ESTAT:GOV_10A_MAIN(1.0),21/07/26 11:00:00,A,PC_GDP,S13,B9,FR,1999,-1.5,,
ESTAT:GOV_10A_MAIN(1.0),21/07/26 11:00:00,A,PC_GDP,S13,B9,FR,2000,-1.3,,
ESTAT:GOV_10A_MAIN(1.0),21/07/26 11:00:00,A,PC_GDP,S13,B9,FR,2001,-1.4,,
ESTAT:GOV_10A_MAIN(1.0),21/07/26 11:00:00,A,PC_GDP,S13,B9,FR,2002,-3.2,,
ESTAT:GOV_10A_MAIN(1.0),21/07/26 11:00:00,A,PC_GDP,S13,B9,FR,2003,-4.1,,
ESTAT:GOV_10A_MAIN(1.0),21/07/26 11:00:00,A,PC_GDP,S13,B9,FR,2004,-3.6,,
ESTAT:GOV_10A_MAIN(1.0),21/07/26 11:00:00,A,PC_GDP,S13,B9,FR,2005,-3.5,,
ESTAT:GOV_10A_MAIN(1.0),21/07/26 11:00:00,A,PC_GDP,S13,B9,FR,2006,-2.7,,
ESTAT:GOV_10A_MAIN(1.0),21/07/26 11:00:00,A,PC_GDP,S13,B9,FR,2007,-3.0,,
ESTAT:GOV_10A_MAIN(1.0),21/07/26 11:00:00,A,PC_GDP,S13,B9,FR,2008,-3.5,,
ESTAT:GOV_10A_MAIN(1.0),21/07/26 11:00:00,A,PC_GDP,S13,B9,FR,2009,-7.4,,
ESTAT:GOV_10A_MAIN(1.0),21/07/26 11:00:00,A,PC_GDP,S13,B9,FR,2010,-7.2,,
ESTAT:GOV_10A_MAIN(1.0),21/07/26 11:00:00,A,PC_GDP,S13,B9,FR,2011,-5.3,,
ESTAT:GOV_10A_MAIN(1.0),21/07/26 11:00:00,A,PC_GDP,S13,B9,FR,2012,-5.2,,
ESTAT:GOV_10A_MAIN(1.0),21/07/26 11:00:00,A,PC_GDP,S13,B9,FR,2013,-4.9,,
ESTAT:GOV_10A_MAIN(1.0),21/07/26 11:00:00,A,PC_GDP,S13,B9,FR,2014,-4.6,,
ESTAT:GOV_10A_MAIN(1.0),21/07/26 11:00:00,A,PC_GDP,S13,B9,FR,2015,-3.9,,
ESTAT:GOV_10A_MAIN(1.0),21/07/26 11:00:00,A,PC_GDP,S13,B9,FR,2016,-3.8,,
ESTAT:GOV_10A_MAIN(1.0),21/07/26 11:00:00,A,PC_GDP,S13,B9,FR,2017,-3.4,,
ESTAT:GOV_10A_MAIN(1.0),21/07/26 11:00:00,A,PC_GDP,S13,B9,FR,2018,-2.3,,
ESTAT:GOV_10A_MAIN(1.0),21/07/26 11:00:00,A,PC_GDP,S13,B9,FR,2019,-2.4,,
ESTAT:GOV_10A_MAIN(1.0),21/07/26 11:00:00,A,PC_GDP,S13,B9,FR,2020,-8.9,,
ESTAT:GOV_10A_MAIN(1.0),21/07/26 11:00:00,A,PC_GDP,S13,B9,FR,2021,-6.6,,
ESTAT:GOV_10A_MAIN(1.0),21/07/26 11:00:00,A,PC_GDP,S13,B9,FR,2022,-4.7,,
ESTAT:GOV_10A_MAIN(1.0),21/07/26 11:00:00,A,PC_GDP,S13,B9,FR,2023,-5.4,,
ESTAT:GOV_10A_MAIN(1.0),21/07/26 11:00:00,A,PC_GDP,S13,B9,FR,2024,-5.8,,
ESTAT:GOV_10A_MAIN(1.0),21/07/26 11:00:00,A,PC_GDP,S13,B9,FR,2025,-5.1,,
ESTAT:GOV_10A_MAIN(1.0),21/07/26 11:00:00,A,PC_GDP,S13,B9,HR,1995,-0.5,,
ESTAT:GOV_10A_MAIN(1.0),21/07/26 11:00:00,A,PC_GDP,S13,B9,HR,1996,-4.9,,
ESTAT:GOV_10A_MAIN(1.0),21/07/26 11:00:00,A,PC_GDP,S13,B9,HR,1997,1.4,,
ESTAT:GOV_10A_MAIN(1.0),21/07/26 11:00:00,A,PC_GDP,S13,B9,HR,1998,-0.8,,
ESTAT:GOV_10A_MAIN(1.0),21/07/26 11:00:00,A,PC_GDP,S13,B9,HR,1999,-8.7,,
ESTAT:GOV_10A_MAIN(1.0),21/07/26 11:00:00,A,PC_GDP,S13,B9,HR,2000,-8.8,,
ESTAT:GOV_10A_MAIN(1.0),21/07/26 11:00:00,A,PC_GDP,S13,B9,HR,2001,-4.6,,
ESTAT:GOV_10A_MAIN(1.0),21/07/26 11:00:00,A,PC_GDP,S13,B9,HR,2002,-4.6,,
ESTAT:GOV_10A_MAIN(1.0),21/07/26 11:00:00,A,PC_GDP,S13,B9,HR,2003,-4.6,,
ESTAT:GOV_10A_MAIN(1.0),21/07/26 11:00:00,A,PC_GDP,S13,B9,HR,2004,-5.7,,
ESTAT:GOV_10A_MAIN(1.0),21/07/26 11:00:00,A,PC_GDP,S13,B9,HR,2005,-3.0,,
ESTAT:GOV_10A_MAIN(1.0),21/07/26 11:00:00,A,PC_GDP,S13,B9,HR,2006,-1.9,,
ESTAT:GOV_10A_MAIN(1.0),21/07/26 11:00:00,A,PC_GDP,S13,B9,HR,2007,-2.1,,
ESTAT:GOV_10A_MAIN(1.0),21/07/26 11:00:00,A,PC_GDP,S13,B9,HR,2008,-2.3,,
ESTAT:GOV_10A_MAIN(1.0),21/07/26 11:00:00,A,PC_GDP,S13,B9,HR,2009,-7.0,,
ESTAT:GOV_10A_MAIN(1.0),21/07/26 11:00:00,A,PC_GDP,S13,B9,HR,2010,-6.6,,
ESTAT:GOV_10A_MAIN(1.0),21/07/26 11:00:00,A,PC_GDP,S13,B9,HR,2011,-7.6,,
ESTAT:GOV_10A_MAIN(1.0),21/07/26 11:00:00,A,PC_GDP,S13,B9,HR,2012,-5.5,,
ESTAT:GOV_10A_MAIN(1.0),21/07/26 11:00:00,A,PC_GDP,S13,B9,HR,2013,-5.5,,
ESTAT:GOV_10A_MAIN(1.0),21/07/26 11:00:00,A,PC_GDP,S13,B9,HR,2014,-5.1,,
ESTAT:GOV_10A_MAIN(1.0),21/07/26 11:00:00,A,PC_GDP,S13,B9,HR,2015,-3.5,,
ESTAT:GOV_10A_MAIN(1.0),21/07/26 11:00:00,A,PC_GDP,S13,B9,HR,2016,-1.0,,
ESTAT:GOV_10A_MAIN(1.0),21/07/26 11:00:00,A,PC_GDP,S13,B9,HR,2017,0.6,,
ESTAT:GOV_10A_MAIN(1.0),21/07/26 11:00:00,A,PC_GDP,S13,B9,HR,2018,-0.1,,
ESTAT:GOV_10A_MAIN(1.0),21/07/26 11:00:00,A,PC_GDP,S13,B9,HR,2019,0.2,,
ESTAT:GOV_10A_MAIN(1.0),21/07/26 11:00:00,A,PC_GDP,S13,B9,HR,2020,-7.2,,
ESTAT:GOV_10A_MAIN(1.0),21/07/26 11:00:00,A,PC_GDP,S13,B9,HR,2021,-2.6,,
ESTAT:GOV_10A_MAIN(1.0),21/07/26 11:00:00,A,PC_GDP,S13,B9,HR,2022,0.0,,
ESTAT:GOV_10A_MAIN(1.0),21/07/26 11:00:00,A,PC_GDP,S13,B9,HR,2023,-1.1,,
ESTAT:GOV_10A_MAIN(1.0),21/07/26 11:00:00,A,PC_GDP,S13,B9,HR,2024,-2.3,,
ESTAT:GOV_10A_MAIN(1.0),21/07/26 11:00:00,A,PC_GDP,S13,B9,HR,2025,-3.0,,
ESTAT:GOV_10A_MAIN(1.0),21/07/26 11:00:00,A,PC_GDP,S13,B9,HU,1995,-8.6,,
ESTAT:GOV_10A_MAIN(1.0),21/07/26 11:00:00,A,PC_GDP,S13,B9,HU,1996,-4.4,,
ESTAT:GOV_10A_MAIN(1.0),21/07/26 11:00:00,A,PC_GDP,S13,B9,HU,1997,-5.5,,
ESTAT:GOV_10A_MAIN(1.0),21/07/26 11:00:00,A,PC_GDP,S13,B9,HU,1998,-7.4,,
ESTAT:GOV_10A_MAIN(1.0),21/07/26 11:00:00,A,PC_GDP,S13,B9,HU,1999,-5.3,,
ESTAT:GOV_10A_MAIN(1.0),21/07/26 11:00:00,A,PC_GDP,S13,B9,HU,2000,-3.0,,
ESTAT:GOV_10A_MAIN(1.0),21/07/26 11:00:00,A,PC_GDP,S13,B9,HU,2001,-4.0,,
ESTAT:GOV_10A_MAIN(1.0),21/07/26 11:00:00,A,PC_GDP,S13,B9,HU,2002,-8.8,,
ESTAT:GOV_10A_MAIN(1.0),21/07/26 11:00:00,A,PC_GDP,S13,B9,HU,2003,-7.2,,
ESTAT:GOV_10A_MAIN(1.0),21/07/26 11:00:00,A,PC_GDP,S13,B9,HU,2004,-6.6,,
ESTAT:GOV_10A_MAIN(1.0),21/07/26 11:00:00,A,PC_GDP,S13,B9,HU,2005,-7.8,,
ESTAT:GOV_10A_MAIN(1.0),21/07/26 11:00:00,A,PC_GDP,S13,B9,HU,2006,-9.3,,
ESTAT:GOV_10A_MAIN(1.0),21/07/26 11:00:00,A,PC_GDP,S13,B9,HU,2007,-5.1,,
ESTAT:GOV_10A_MAIN(1.0),21/07/26 11:00:00,A,PC_GDP,S13,B9,HU,2008,-3.8,,
ESTAT:GOV_10A_MAIN(1.0),21/07/26 11:00:00,A,PC_GDP,S13,B9,HU,2009,-4.8,,
ESTAT:GOV_10A_MAIN(1.0),21/07/26 11:00:00,A,PC_GDP,S13,B9,HU,2010,-4.4,,
ESTAT:GOV_10A_MAIN(1.0),21/07/26 11:00:00,A,PC_GDP,S13,B9,HU,2011,-5.2,,
ESTAT:GOV_10A_MAIN(1.0),21/07/26 11:00:00,A,PC_GDP,S13,B9,HU,2012,-2.3,,
ESTAT:GOV_10A_MAIN(1.0),21/07/26 11:00:00,A,PC_GDP,S13,B9,HU,2013,-2.6,,
ESTAT:GOV_10A_MAIN(1.0),21/07/26 11:00:00,A,PC_GDP,S13,B9,HU,2014,-2.8,,
ESTAT:GOV_10A_MAIN(1.0),21/07/26 11:00:00,A,PC_GDP,S13,B9,HU,2015,-2.0,,
ESTAT:GOV_10A_MAIN(1.0),21/07/26 11:00:00,A,PC_GDP,S13,B9,HU,2016,-1.8,,
ESTAT:GOV_10A_MAIN(1.0),21/07/26 11:00:00,A,PC_GDP,S13,B9,HU,2017,-2.5,,
ESTAT:GOV_10A_MAIN(1.0),21/07/26 11:00:00,A,PC_GDP,S13,B9,HU,2018,-2.0,,
ESTAT:GOV_10A_MAIN(1.0),21/07/26 11:00:00,A,PC_GDP,S13,B9,HU,2019,-2.0,,
ESTAT:GOV_10A_MAIN(1.0),21/07/26 11:00:00,A,PC_GDP,S13,B9,HU,2020,-7.5,,
ESTAT:GOV_10A_MAIN(1.0),21/07/26 11:00:00,A,PC_GDP,S13,B9,HU,2021,-7.1,,
ESTAT:GOV_10A_MAIN(1.0),21/07/26 11:00:00,A,PC_GDP,S13,B9,HU,2022,-6.2,,
ESTAT:GOV_10A_MAIN(1.0),21/07/26 11:00:00,A,PC_GDP,S13,B9,HU,2023,-7.0,,
ESTAT:GOV_10A_MAIN(1.0),21/07/26 11:00:00,A,PC_GDP,S13,B9,HU,2024,-5.1,,
ESTAT:GOV_10A_MAIN(1.0),21/07/26 11:00:00,A,PC_GDP,S13,B9,HU,2025,-4.7,,
ESTAT:GOV_10A_MAIN(1.0),21/07/26 11:00:00,A,PC_GDP,S13,B9,IE,1995,-2.1,,
ESTAT:GOV_10A_MAIN(1.0),21/07/26 11:00:00,A,PC_GDP,S13,B9,IE,1996,-0.2,,
ESTAT:GOV_10A_MAIN(1.0),21/07/26 11:00:00,A,PC_GDP,S13,B9,IE,1997,1.4,,
ESTAT:GOV_10A_MAIN(1.0),21/07/26 11:00:00,A,PC_GDP,S13,B9,IE,1998,2.1,,
ESTAT:GOV_10A_MAIN(1.0),21/07/26 11:00:00,A,PC_GDP,S13,B9,IE,1999,3.5,,
ESTAT:GOV_10A_MAIN(1.0),21/07/26 11:00:00,A,PC_GDP,S13,B9,IE,2000,4.9,,
ESTAT:GOV_10A_MAIN(1.0),21/07/26 11:00:00,A,PC_GDP,S13,B9,IE,2001,1.0,,
ESTAT:GOV_10A_MAIN(1.0),21/07/26 11:00:00,A,PC_GDP,S13,B9,IE,2002,-0.5,,
ESTAT:GOV_10A_MAIN(1.0),21/07/26 11:00:00,A,PC_GDP,S13,B9,IE,2003,0.3,,
ESTAT:GOV_10A_MAIN(1.0),21/07/26 11:00:00,A,PC_GDP,S13,B9,IE,2004,1.3,,
ESTAT:GOV_10A_MAIN(1.0),21/07/26 11:00:00,A,PC_GDP,S13,B9,IE,2005,1.6,,
ESTAT:GOV_10A_MAIN(1.0),21/07/26 11:00:00,A,PC_GDP,S13,B9,IE,2006,2.8,,
ESTAT:GOV_10A_MAIN(1.0),21/07/26 11:00:00,A,PC_GDP,S13,B9,IE,2007,0.3,,
ESTAT:GOV_10A_MAIN(1.0),21/07/26 11:00:00,A,PC_GDP,S13,B9,IE,2008,-7.0,,
ESTAT:GOV_10A_MAIN(1.0),21/07/26 11:00:00,A,PC_GDP,S13,B9,IE,2009,-13.9,,
ESTAT:GOV_10A_MAIN(1.0),21/07/26 11:00:00,A,PC_GDP,S13,B9,IE,2010,-32.1,,
ESTAT:GOV_10A_MAIN(1.0),21/07/26 11:00:00,A,PC_GDP,S13,B9,IE,2011,-13.5,,
ESTAT:GOV_10A_MAIN(1.0),21/07/26 11:00:00,A,PC_GDP,S13,B9,IE,2012,-8.4,,
ESTAT:GOV_10A_MAIN(1.0),21/07/26 11:00:00,A,PC_GDP,S13,B9,IE,2013,-6.3,,
ESTAT:GOV_10A_MAIN(1.0),21/07/26 11:00:00,A,PC_GDP,S13,B9,IE,2014,-3.5,,
ESTAT:GOV_10A_MAIN(1.0),21/07/26 11:00:00,A,PC_GDP,S13,B9,IE,2015,-2.0,,
ESTAT:GOV_10A_MAIN(1.0),21/07/26 11:00:00,A,PC_GDP,S13,B9,IE,2016,-0.8,,
ESTAT:GOV_10A_MAIN(1.0),21/07/26 11:00:00,A,PC_GDP,S13,B9,IE,2017,-0.3,,
ESTAT:GOV_10A_MAIN(1.0),21/07/26 11:00:00,A,PC_GDP,S13,B9,IE,2018,0.1,,
ESTAT:GOV_10A_MAIN(1.0),21/07/26 11:00:00,A,PC_GDP,S13,B9,IE,2019,0.4,,
ESTAT:GOV_10A_MAIN(1.0),21/07/26 11:00:00,A,PC_GDP,S13,B9,IE,2020,-4.9,,
ESTAT:GOV_10A_MAIN(1.0),21/07/26 11:00:00,A,PC_GDP,S13,B9,IE,2021,-1.2,,
ESTAT:GOV_10A_MAIN(1.0),21/07/26 11:00:00,A,PC_GDP,S13,B9,IE,2022,1.7,,
ESTAT:GOV_10A_MAIN(1.0),21/07/26 11:00:00,A,PC_GDP,S13,B9,IE,2023,1.5,,
ESTAT:GOV_10A_MAIN(1.0),21/07/26 11:00:00,A,PC_GDP,S13,B9,IE,2024,4.1,,
ESTAT:GOV_10A_MAIN(1.0),21/07/26 11:00:00,A,PC_GDP,S13,B9,IE,2025,1.8,,
ESTAT:GOV_10A_MAIN(1.0),21/07/26 11:00:00,A,PC_GDP,S13,B9,IS,1998,-0.6,,
ESTAT:GOV_10A_MAIN(1.0),21/07/26 11:00:00,A,PC_GDP,S13,B9,IS,1999,1.3,,
ESTAT:GOV_10A_MAIN(1.0),21/07/26 11:00:00,A,PC_GDP,S13,B9,IS,2000,1.4,,
ESTAT:GOV_10A_MAIN(1.0),21/07/26 11:00:00,A,PC_GDP,S13,B9,IS,2001,-0.3,,
ESTAT:GOV_10A_MAIN(1.0),21/07/26 11:00:00,A,PC_GDP,S13,B9,IS,2002,-2.2,,
ESTAT:GOV_10A_MAIN(1.0),21/07/26 11:00:00,A,PC_GDP,S13,B9,IS,2003,-2.3,,
ESTAT:GOV_10A_MAIN(1.0),21/07/26 11:00:00,A,PC_GDP,S13,B9,IS,2004,0.3,,
ESTAT:GOV_10A_MAIN(1.0),21/07/26 11:00:00,A,PC_GDP,S13,B9,IS,2005,5.0,,
ESTAT:GOV_10A_MAIN(1.0),21/07/26 11:00:00,A,PC_GDP,S13,B9,IS,2006,6.4,,
ESTAT:GOV_10A_MAIN(1.0),21/07/26 11:00:00,A,PC_GDP,S13,B9,IS,2007,5.6,,
ESTAT:GOV_10A_MAIN(1.0),21/07/26 11:00:00,A,PC_GDP,S13,B9,IS,2008,-12.0,,
ESTAT:GOV_10A_MAIN(1.0),21/07/26 11:00:00,A,PC_GDP,S13,B9,IS,2009,-8.5,,
ESTAT:GOV_10A_MAIN(1.0),21/07/26 11:00:00,A,PC_GDP,S13,B9,IS,2010,-6.6,,
ESTAT:GOV_10A_MAIN(1.0),21/07/26 11:00:00,A,PC_GDP,S13,B9,IS,2011,-6.4,,
ESTAT:GOV_10A_MAIN(1.0),21/07/26 11:00:00,A,PC_GDP,S13,B9,IS,2012,-2.6,,
ESTAT:GOV_10A_MAIN(1.0),21/07/26 11:00:00,A,PC_GDP,S13,B9,IS,2013,-0.9,,
ESTAT:GOV_10A_MAIN(1.0),21/07/26 11:00:00,A,PC_GDP,S13,B9,IS,2014,0.6,,
ESTAT:GOV_10A_MAIN(1.0),21/07/26 11:00:00,A,PC_GDP,S13,B9,IS,2015,-0.1,,
ESTAT:GOV_10A_MAIN(1.0),21/07/26 11:00:00,A,PC_GDP,S13,B9,IS,2016,12.7,,
ESTAT:GOV_10A_MAIN(1.0),21/07/26 11:00:00,A,PC_GDP,S13,B9,IS,2017,1.3,,
ESTAT:GOV_10A_MAIN(1.0),21/07/26 11:00:00,A,PC_GDP,S13,B9,IS,2018,1.0,,
ESTAT:GOV_10A_MAIN(1.0),21/07/26 11:00:00,A,PC_GDP,S13,B9,IS,2019,-1.4,,
ESTAT:GOV_10A_MAIN(1.0),21/07/26 11:00:00,A,PC_GDP,S13,B9,IS,2020,-8.8,,
ESTAT:GOV_10A_MAIN(1.0),21/07/26 11:00:00,A,PC_GDP,S13,B9,IS,2021,-8.0,,
ESTAT:GOV_10A_MAIN(1.0),21/07/26 11:00:00,A,PC_GDP,S13,B9,IS,2022,-3.8,,
ESTAT:GOV_10A_MAIN(1.0),21/07/26 11:00:00,A,PC_GDP,S13,B9,IS,2023,-2.1,,
ESTAT:GOV_10A_MAIN(1.0),21/07/26 11:00:00,A,PC_GDP,S13,B9,IS,2024,-4.2,,
ESTAT:GOV_10A_MAIN(1.0),21/07/26 11:00:00,A,PC_GDP,S13,B9,IS,2025,-2.4,,
ESTAT:GOV_10A_MAIN(1.0),21/07/26 11:00:00,A,PC_GDP,S13,B9,IT,1995,-7.2,,
ESTAT:GOV_10A_MAIN(1.0),21/07/26 11:00:00,A,PC_GDP,S13,B9,IT,1996,-6.6,,
ESTAT:GOV_10A_MAIN(1.0),21/07/26 11:00:00,A,PC_GDP,S13,B9,IT,1997,-3.0,,
ESTAT:GOV_10A_MAIN(1.0),21/07/26 11:00:00,A,PC_GDP,S13,B9,IT,1998,-3.0,,
ESTAT:GOV_10A_MAIN(1.0),21/07/26 11:00:00,A,PC_GDP,S13,B9,IT,1999,-1.8,,
ESTAT:GOV_10A_MAIN(1.0),21/07/26 11:00:00,A,PC_GDP,S13,B9,IT,2000,-2.4,,
ESTAT:GOV_10A_MAIN(1.0),21/07/26 11:00:00,A,PC_GDP,S13,B9,IT,2001,-3.2,,
ESTAT:GOV_10A_MAIN(1.0),21/07/26 11:00:00,A,PC_GDP,S13,B9,IT,2002,-2.9,,
ESTAT:GOV_10A_MAIN(1.0),21/07/26 11:00:00,A,PC_GDP,S13,B9,IT,2003,-3.2,,
ESTAT:GOV_10A_MAIN(1.0),21/07/26 11:00:00,A,PC_GDP,S13,B9,IT,2004,-3.5,,
ESTAT:GOV_10A_MAIN(1.0),21/07/26 11:00:00,A,PC_GDP,S13,B9,IT,2005,-4.1,,
ESTAT:GOV_10A_MAIN(1.0),21/07/26 11:00:00,A,PC_GDP,S13,B9,IT,2006,-3.6,,
ESTAT:GOV_10A_MAIN(1.0),21/07/26 11:00:00,A,PC_GDP,S13,B9,IT,2007,-1.3,,
ESTAT:GOV_10A_MAIN(1.0),21/07/26 11:00:00,A,PC_GDP,S13,B9,IT,2008,-2.6,,
ESTAT:GOV_10A_MAIN(1.0),21/07/26 11:00:00,A,PC_GDP,S13,B9,IT,2009,-5.1,,
ESTAT:GOV_10A_MAIN(1.0),21/07/26 11:00:00,A,PC_GDP,S13,B9,IT,2010,-4.2,,
ESTAT:GOV_10A_MAIN(1.0),21/07/26 11:00:00,A,PC_GDP,S13,B9,IT,2011,-3.5,,
ESTAT:GOV_10A_MAIN(1.0),21/07/26 11:00:00,A,PC_GDP,S13,B9,IT,2012,-3.0,,
ESTAT:GOV_10A_MAIN(1.0),21/07/26 11:00:00,A,PC_GDP,S13,B9,IT,2013,-2.9,,
ESTAT:GOV_10A_MAIN(1.0),21/07/26 11:00:00,A,PC_GDP,S13,B9,IT,2014,-2.8,,
ESTAT:GOV_10A_MAIN(1.0),21/07/26 11:00:00,A,PC_GDP,S13,B9,IT,2015,-2.5,,
ESTAT:GOV_10A_MAIN(1.0),21/07/26 11:00:00,A,PC_GDP,S13,B9,IT,2016,-2.4,,
ESTAT:GOV_10A_MAIN(1.0),21/07/26 11:00:00,A,PC_GDP,S13,B9,IT,2017,-2.5,,
ESTAT:GOV_10A_MAIN(1.0),21/07/26 11:00:00,A,PC_GDP,S13,B9,IT,2018,-2.2,,
ESTAT:GOV_10A_MAIN(1.0),21/07/26 11:00:00,A,PC_GDP,S13,B9,IT,2019,-1.5,,
ESTAT:GOV_10A_MAIN(1.0),21/07/26 11:00:00,A,PC_GDP,S13,B9,IT,2020,-9.4,,
ESTAT:GOV_10A_MAIN(1.0),21/07/26 11:00:00,A,PC_GDP,S13,B9,IT,2021,-8.9,,
ESTAT:GOV_10A_MAIN(1.0),21/07/26 11:00:00,A,PC_GDP,S13,B9,IT,2022,-8.1,,
ESTAT:GOV_10A_MAIN(1.0),21/07/26 11:00:00,A,PC_GDP,S13,B9,IT,2023,-7.1,,
ESTAT:GOV_10A_MAIN(1.0),21/07/26 11:00:00,A,PC_GDP,S13,B9,IT,2024,-3.4,,
ESTAT:GOV_10A_MAIN(1.0),21/07/26 11:00:00,A,PC_GDP,S13,B9,IT,2025,-3.1,,
ESTAT:GOV_10A_MAIN(1.0),21/07/26 11:00:00,A,PC_GDP,S13,B9,LT,1995,-1.5,,
ESTAT:GOV_10A_MAIN(1.0),21/07/26 11:00:00,A,PC_GDP,S13,B9,LT,1996,-3.2,,
ESTAT:GOV_10A_MAIN(1.0),21/07/26 11:00:00,A,PC_GDP,S13,B9,LT,1997,-11.7,,
ESTAT:GOV_10A_MAIN(1.0),21/07/26 11:00:00,A,PC_GDP,S13,B9,LT,1998,-3.0,,
ESTAT:GOV_10A_MAIN(1.0),21/07/26 11:00:00,A,PC_GDP,S13,B9,LT,1999,-2.8,,
ESTAT:GOV_10A_MAIN(1.0),21/07/26 11:00:00,A,PC_GDP,S13,B9,LT,2000,-3.2,,
ESTAT:GOV_10A_MAIN(1.0),21/07/26 11:00:00,A,PC_GDP,S13,B9,LT,2001,-3.5,,
ESTAT:GOV_10A_MAIN(1.0),21/07/26 11:00:00,A,PC_GDP,S13,B9,LT,2002,-1.9,,
ESTAT:GOV_10A_MAIN(1.0),21/07/26 11:00:00,A,PC_GDP,S13,B9,LT,2003,-1.3,,
ESTAT:GOV_10A_MAIN(1.0),21/07/26 11:00:00,A,PC_GDP,S13,B9,LT,2004,-1.4,,
ESTAT:GOV_10A_MAIN(1.0),21/07/26 11:00:00,A,PC_GDP,S13,B9,LT,2005,-0.3,,
ESTAT:GOV_10A_MAIN(1.0),21/07/26 11:00:00,A,PC_GDP,S13,B9,LT,2006,-0.3,,
ESTAT:GOV_10A_MAIN(1.0),21/07/26 11:00:00,A,PC_GDP,S13,B9,LT,2007,-0.8,,
ESTAT:GOV_10A_MAIN(1.0),21/07/26 11:00:00,A,PC_GDP,S13,B9,LT,2008,-3.1,,
ESTAT:GOV_10A_MAIN(1.0),21/07/26 11:00:00,A,PC_GDP,S13,B9,LT,2009,-9.1,,
ESTAT:GOV_10A_MAIN(1.0),21/07/26 11:00:00,A,PC_GDP,S13,B9,LT,2010,-6.9,,
ESTAT:GOV_10A_MAIN(1.0),21/07/26 11:00:00,A,PC_GDP,S13,B9,LT,2011,-5.9,,
ESTAT:GOV_10A_MAIN(1.0),21/07/26 11:00:00,A,PC_GDP,S13,B9,LT,2012,-3.1,,
ESTAT:GOV_10A_MAIN(1.0),21/07/26 11:00:00,A,PC_GDP,S13,B9,LT,2013,-2.7,,
ESTAT:GOV_10A_MAIN(1.0),21/07/26 11:00:00,A,PC_GDP,S13,B9,LT,2014,-1.8,,
ESTAT:GOV_10A_MAIN(1.0),21/07/26 11:00:00,A,PC_GDP,S13,B9,LT,2015,-0.8,,
ESTAT:GOV_10A_MAIN(1.0),21/07/26 11:00:00,A,PC_GDP,S13,B9,LT,2016,0.0,,
ESTAT:GOV_10A_MAIN(1.0),21/07/26 11:00:00,A,PC_GDP,S13,B9,LT,2017,0.4,,
ESTAT:GOV_10A_MAIN(1.0),21/07/26 11:00:00,A,PC_GDP,S13,B9,LT,2018,0.5,,
ESTAT:GOV_10A_MAIN(1.0),21/07/26 11:00:00,A,PC_GDP,S13,B9,LT,2019,0.4,,
ESTAT:GOV_10A_MAIN(1.0),21/07/26 11:00:00,A,PC_GDP,S13,B9,LT,2020,-6.4,,
ESTAT:GOV_10A_MAIN(1.0),21/07/26 11:00:00,A,PC_GDP,S13,B9,LT,2021,-1.1,,
ESTAT:GOV_10A_MAIN(1.0),21/07/26 11:00:00,A,PC_GDP,S13,B9,LT,2022,-0.7,,
ESTAT:GOV_10A_MAIN(1.0),21/07/26 11:00:00,A,PC_GDP,S13,B9,LT,2023,-0.7,,
ESTAT:GOV_10A_MAIN(1.0),21/07/26 11:00:00,A,PC_GDP,S13,B9,LT,2024,-1.3,,
ESTAT:GOV_10A_MAIN(1.0),21/07/26 11:00:00,A,PC_GDP,S13,B9,LT,2025,-1.8,,
ESTAT:GOV_10A_MAIN(1.0),21/07/26 11:00:00,A,PC_GDP,S13,B9,LU,1995,2.7,,
ESTAT:GOV_10A_MAIN(1.0),21/07/26 11:00:00,A,PC_GDP,S13,B9,LU,1996,2.3,,
ESTAT:GOV_10A_MAIN(1.0),21/07/26 11:00:00,A,PC_GDP,S13,B9,LU,1997,2.5,,
ESTAT:GOV_10A_MAIN(1.0),21/07/26 11:00:00,A,PC_GDP,S13,B9,LU,1998,2.8,,
ESTAT:GOV_10A_MAIN(1.0),21/07/26 11:00:00,A,PC_GDP,S13,B9,LU,1999,3.1,,
ESTAT:GOV_10A_MAIN(1.0),21/07/26 11:00:00,A,PC_GDP,S13,B9,LU,2000,5.5,,
ESTAT:GOV_10A_MAIN(1.0),21/07/26 11:00:00,A,PC_GDP,S13,B9,LU,2001,5.6,,
ESTAT:GOV_10A_MAIN(1.0),21/07/26 11:00:00,A,PC_GDP,S13,B9,LU,2002,2.0,,
ESTAT:GOV_10A_MAIN(1.0),21/07/26 11:00:00,A,PC_GDP,S13,B9,LU,2003,0.3,,
ESTAT:GOV_10A_MAIN(1.0),21/07/26 11:00:00,A,PC_GDP,S13,B9,LU,2004,-1.4,,
ESTAT:GOV_10A_MAIN(1.0),21/07/26 11:00:00,A,PC_GDP,S13,B9,LU,2005,-0.2,,
ESTAT:GOV_10A_MAIN(1.0),21/07/26 11:00:00,A,PC_GDP,S13,B9,LU,2006,1.9,,
ESTAT:GOV_10A_MAIN(1.0),21/07/26 11:00:00,A,PC_GDP,S13,B9,LU,2007,4.4,,
ESTAT:GOV_10A_MAIN(1.0),21/07/26 11:00:00,A,PC_GDP,S13,B9,LU,2008,3.4,,
ESTAT:GOV_10A_MAIN(1.0),21/07/26 11:00:00,A,PC_GDP,S13,B9,LU,2009,-0.2,,
ESTAT:GOV_10A_MAIN(1.0),21/07/26 11:00:00,A,PC_GDP,S13,B9,LU,2010,-0.3,,
ESTAT:GOV_10A_MAIN(1.0),21/07/26 11:00:00,A,PC_GDP,S13,B9,LU,2011,0.7,,
ESTAT:GOV_10A_MAIN(1.0),21/07/26 11:00:00,A,PC_GDP,S13,B9,LU,2012,0.5,,
ESTAT:GOV_10A_MAIN(1.0),21/07/26 11:00:00,A,PC_GDP,S13,B9,LU,2013,0.8,,
ESTAT:GOV_10A_MAIN(1.0),21/07/26 11:00:00,A,PC_GDP,S13,B9,LU,2014,1.3,,
ESTAT:GOV_10A_MAIN(1.0),21/07/26 11:00:00,A,PC_GDP,S13,B9,LU,2015,1.3,,
ESTAT:GOV_10A_MAIN(1.0),21/07/26 11:00:00,A,PC_GDP,S13,B9,LU,2016,1.9,,
ESTAT:GOV_10A_MAIN(1.0),21/07/26 11:00:00,A,PC_GDP,S13,B9,LU,2017,1.4,,
ESTAT:GOV_10A_MAIN(1.0),21/07/26 11:00:00,A,PC_GDP,S13,B9,LU,2018,3.2,,
ESTAT:GOV_10A_MAIN(1.0),21/07/26 11:00:00,A,PC_GDP,S13,B9,LU,2019,2.7,,
ESTAT:GOV_10A_MAIN(1.0),21/07/26 11:00:00,A,PC_GDP,S13,B9,LU,2020,-3.1,,
ESTAT:GOV_10A_MAIN(1.0),21/07/26 11:00:00,A,PC_GDP,S13,B9,LU,2021,1.1,,
ESTAT:GOV_10A_MAIN(1.0),21/07/26 11:00:00,A,PC_GDP,S13,B9,LU,2022,0.2,,
ESTAT:GOV_10A_MAIN(1.0),21/07/26 11:00:00,A,PC_GDP,S13,B9,LU,2023,-0.7,,
ESTAT:GOV_10A_MAIN(1.0),21/07/26 11:00:00,A,PC_GDP,S13,B9,LU,2024,0.9,,
ESTAT:GOV_10A_MAIN(1.0),21/07/26 11:00:00,A,PC_GDP,S13,B9,LU,2025,-2.0,,
ESTAT:GOV_10A_MAIN(1.0),21/07/26 11:00:00,A,PC_GDP,S13,B9,LV,1995,-1.5,,
ESTAT:GOV_10A_MAIN(1.0),21/07/26 11:00:00,A,PC_GDP,S13,B9,LV,1996,-0.4,,
ESTAT:GOV_10A_MAIN(1.0),21/07/26 11:00:00,A,PC_GDP,S13,B9,LV,1997,1.5,,
ESTAT:GOV_10A_MAIN(1.0),21/07/26 11:00:00,A,PC_GDP,S13,B9,LV,1998,0.0,,
ESTAT:GOV_10A_MAIN(1.0),21/07/26 11:00:00,A,PC_GDP,S13,B9,LV,1999,-3.8,,
ESTAT:GOV_10A_MAIN(1.0),21/07/26 11:00:00,A,PC_GDP,S13,B9,LV,2000,-2.8,,
ESTAT:GOV_10A_MAIN(1.0),21/07/26 11:00:00,A,PC_GDP,S13,B9,LV,2001,-2.0,,
ESTAT:GOV_10A_MAIN(1.0),21/07/26 11:00:00,A,PC_GDP,S13,B9,LV,2002,-2.4,,
ESTAT:GOV_10A_MAIN(1.0),21/07/26 11:00:00,A,PC_GDP,S13,B9,LV,2003,-1.6,,
ESTAT:GOV_10A_MAIN(1.0),21/07/26 11:00:00,A,PC_GDP,S13,B9,LV,2004,-1.2,,
ESTAT:GOV_10A_MAIN(1.0),21/07/26 11:00:00,A,PC_GDP,S13,B9,LV,2005,-0.5,,
ESTAT:GOV_10A_MAIN(1.0),21/07/26 11:00:00,A,PC_GDP,S13,B9,LV,2006,-0.6,,
ESTAT:GOV_10A_MAIN(1.0),21/07/26 11:00:00,A,PC_GDP,S13,B9,LV,2007,-0.6,,
ESTAT:GOV_10A_MAIN(1.0),21/07/26 11:00:00,A,PC_GDP,S13,B9,LV,2008,-4.5,,
ESTAT:GOV_10A_MAIN(1.0),21/07/26 11:00:00,A,PC_GDP,S13,B9,LV,2009,-9.8,,
ESTAT:GOV_10A_MAIN(1.0),21/07/26 11:00:00,A,PC_GDP,S13,B9,LV,2010,-8.8,,
ESTAT:GOV_10A_MAIN(1.0),21/07/26 11:00:00,A,PC_GDP,S13,B9,LV,2011,-4.5,,
ESTAT:GOV_10A_MAIN(1.0),21/07/26 11:00:00,A,PC_GDP,S13,B9,LV,2012,-1.5,,
ESTAT:GOV_10A_MAIN(1.0),21/07/26 11:00:00,A,PC_GDP,S13,B9,LV,2013,-1.3,,
ESTAT:GOV_10A_MAIN(1.0),21/07/26 11:00:00,A,PC_GDP,S13,B9,LV,2014,-1.7,,
ESTAT:GOV_10A_MAIN(1.0),21/07/26 11:00:00,A,PC_GDP,S13,B9,LV,2015,-1.5,,
ESTAT:GOV_10A_MAIN(1.0),21/07/26 11:00:00,A,PC_GDP,S13,B9,LV,2016,0.0,,
ESTAT:GOV_10A_MAIN(1.0),21/07/26 11:00:00,A,PC_GDP,S13,B9,LV,2017,-0.3,,
ESTAT:GOV_10A_MAIN(1.0),21/07/26 11:00:00,A,PC_GDP,S13,B9,LV,2018,-1.4,,
ESTAT:GOV_10A_MAIN(1.0),21/07/26 11:00:00,A,PC_GDP,S13,B9,LV,2019,-0.2,,
ESTAT:GOV_10A_MAIN(1.0),21/07/26 11:00:00,A,PC_GDP,S13,B9,LV,2020,-4.1,,
ESTAT:GOV_10A_MAIN(1.0),21/07/26 11:00:00,A,PC_GDP,S13,B9,LV,2021,-7.2,,
ESTAT:GOV_10A_MAIN(1.0),21/07/26 11:00:00,A,PC_GDP,S13,B9,LV,2022,-4.9,,
ESTAT:GOV_10A_MAIN(1.0),21/07/26 11:00:00,A,PC_GDP,S13,B9,LV,2023,-2.3,,
ESTAT:GOV_10A_MAIN(1.0),21/07/26 11:00:00,A,PC_GDP,S13,B9,LV,2024,-1.8,,
ESTAT:GOV_10A_MAIN(1.0),21/07/26 11:00:00,A,PC_GDP,S13,B9,LV,2025,-2.5,,
ESTAT:GOV_10A_MAIN(1.0),21/07/26 11:00:00,A,PC_GDP,S13,B9,MT,1995,-3.5,,
ESTAT:GOV_10A_MAIN(1.0),21/07/26 11:00:00,A,PC_GDP,S13,B9,MT,1996,-7.7,,
ESTAT:GOV_10A_MAIN(1.0),21/07/26 11:00:00,A,PC_GDP,S13,B9,MT,1997,-7.0,,
ESTAT:GOV_10A_MAIN(1.0),21/07/26 11:00:00,A,PC_GDP,S13,B9,MT,1998,-9.2,,
ESTAT:GOV_10A_MAIN(1.0),21/07/26 11:00:00,A,PC_GDP,S13,B9,MT,1999,-6.7,,
ESTAT:GOV_10A_MAIN(1.0),21/07/26 11:00:00,A,PC_GDP,S13,B9,MT,2000,-5.5,,
ESTAT:GOV_10A_MAIN(1.0),21/07/26 11:00:00,A,PC_GDP,S13,B9,MT,2001,-6.1,,
ESTAT:GOV_10A_MAIN(1.0),21/07/26 11:00:00,A,PC_GDP,S13,B9,MT,2002,-5.4,,
ESTAT:GOV_10A_MAIN(1.0),21/07/26 11:00:00,A,PC_GDP,S13,B9,MT,2003,-9.0,,
ESTAT:GOV_10A_MAIN(1.0),21/07/26 11:00:00,A,PC_GDP,S13,B9,MT,2004,-4.2,,
ESTAT:GOV_10A_MAIN(1.0),21/07/26 11:00:00,A,PC_GDP,S13,B9,MT,2005,-2.8,,
ESTAT:GOV_10A_MAIN(1.0),21/07/26 11:00:00,A,PC_GDP,S13,B9,MT,2006,-2.5,,
ESTAT:GOV_10A_MAIN(1.0),21/07/26 11:00:00,A,PC_GDP,S13,B9,MT,2007,-2.1,,
ESTAT:GOV_10A_MAIN(1.0),21/07/26 11:00:00,A,PC_GDP,S13,B9,MT,2008,-4.1,,
ESTAT:GOV_10A_MAIN(1.0),21/07/26 11:00:00,A,PC_GDP,S13,B9,MT,2009,-3.1,,
ESTAT:GOV_10A_MAIN(1.0),21/07/26 11:00:00,A,PC_GDP,S13,B9,MT,2010,-2.2,,
ESTAT:GOV_10A_MAIN(1.0),21/07/26 11:00:00,A,PC_GDP,S13,B9,MT,2011,-3.0,,
ESTAT:GOV_10A_MAIN(1.0),21/07/26 11:00:00,A,PC_GDP,S13,B9,MT,2012,-3.3,,
ESTAT:GOV_10A_MAIN(1.0),21/07/26 11:00:00,A,PC_GDP,S13,B9,MT,2013,-2.2,,
ESTAT:GOV_10A_MAIN(1.0),21/07/26 11:00:00,A,PC_GDP,S13,B9,MT,2014,-1.5,,
ESTAT:GOV_10A_MAIN(1.0),21/07/26 11:00:00,A,PC_GDP,S13,B9,MT,2015,-0.8,,
ESTAT:GOV_10A_MAIN(1.0),21/07/26 11:00:00,A,PC_GDP,S13,B9,MT,2016,1.1,,
ESTAT:GOV_10A_MAIN(1.0),21/07/26 11:00:00,A,PC_GDP,S13,B9,MT,2017,3.4,,
ESTAT:GOV_10A_MAIN(1.0),21/07/26 11:00:00,A,PC_GDP,S13,B9,MT,2018,1.9,,
ESTAT:GOV_10A_MAIN(1.0),21/07/26 11:00:00,A,PC_GDP,S13,B9,MT,2019,0.8,,
ESTAT:GOV_10A_MAIN(1.0),21/07/26 11:00:00,A,PC_GDP,S13,B9,MT,2020,-8.7,,
ESTAT:GOV_10A_MAIN(1.0),21/07/26 11:00:00,A,PC_GDP,S13,B9,MT,2021,-6.9,,
ESTAT:GOV_10A_MAIN(1.0),21/07/26 11:00:00,A,PC_GDP,S13,B9,MT,2022,-5.3,,
ESTAT:GOV_10A_MAIN(1.0),21/07/26 11:00:00,A,PC_GDP,S13,B9,MT,2023,-4.4,,
ESTAT:GOV_10A_MAIN(1.0),21/07/26 11:00:00,A,PC_GDP,S13,B9,MT,2024,-3.4,,
ESTAT:GOV_10A_MAIN(1.0),21/07/26 11:00:00,A,PC_GDP,S13,B9,MT,2025,-2.2,,
ESTAT:GOV_10A_MAIN(1.0),21/07/26 11:00:00,A,PC_GDP,S13,B9,NL,1995,-8.7,,
ESTAT:GOV_10A_MAIN(1.0),21/07/26 11:00:00,A,PC_GDP,S13,B9,NL,1996,-1.9,,
ESTAT:GOV_10A_MAIN(1.0),21/07/26 11:00:00,A,PC_GDP,S13,B9,NL,1997,-1.6,,
ESTAT:GOV_10A_MAIN(1.0),21/07/26 11:00:00,A,PC_GDP,S13,B9,NL,1998,-1.3,,
ESTAT:GOV_10A_MAIN(1.0),21/07/26 11:00:00,A,PC_GDP,S13,B9,NL,1999,0.3,,
ESTAT:GOV_10A_MAIN(1.0),21/07/26 11:00:00,A,PC_GDP,S13,B9,NL,2000,1.1,,
ESTAT:GOV_10A_MAIN(1.0),21/07/26 11:00:00,A,PC_GDP,S13,B9,NL,2001,-0.5,,
ESTAT:GOV_10A_MAIN(1.0),21/07/26 11:00:00,A,PC_GDP,S13,B9,NL,2002,-2.2,,
ESTAT:GOV_10A_MAIN(1.0),21/07/26 11:00:00,A,PC_GDP,S13,B9,NL,2003,-3.2,,
ESTAT:GOV_10A_MAIN(1.0),21/07/26 11:00:00,A,PC_GDP,S13,B9,NL,2004,-1.8,,
ESTAT:GOV_10A_MAIN(1.0),21/07/26 11:00:00,A,PC_GDP,S13,B9,NL,2005,-0.5,,
ESTAT:GOV_10A_MAIN(1.0),21/07/26 11:00:00,A,PC_GDP,S13,B9,NL,2006,0.0,,
ESTAT:GOV_10A_MAIN(1.0),21/07/26 11:00:00,A,PC_GDP,S13,B9,NL,2007,-0.2,,
ESTAT:GOV_10A_MAIN(1.0),21/07/26 11:00:00,A,PC_GDP,S13,B9,NL,2008,-0.1,,
ESTAT:GOV_10A_MAIN(1.0),21/07/26 11:00:00,A,PC_GDP,S13,B9,NL,2009,-5.1,,
ESTAT:GOV_10A_MAIN(1.0),21/07/26 11:00:00,A,PC_GDP,S13,B9,NL,2010,-5.3,,
ESTAT:GOV_10A_MAIN(1.0),21/07/26 11:00:00,A,PC_GDP,S13,B9,NL,2011,-4.4,,
ESTAT:GOV_10A_MAIN(1.0),21/07/26 11:00:00,A,PC_GDP,S13,B9,NL,2012,-3.8,,
ESTAT:GOV_10A_MAIN(1.0),21/07/26 11:00:00,A,PC_GDP,S13,B9,NL,2013,-2.9,,
ESTAT:GOV_10A_MAIN(1.0),21/07/26 11:00:00,A,PC_GDP,S13,B9,NL,2014,-2.2,,
ESTAT:GOV_10A_MAIN(1.0),21/07/26 11:00:00,A,PC_GDP,S13,B9,NL,2015,-1.8,,
ESTAT:GOV_10A_MAIN(1.0),21/07/26 11:00:00,A,PC_GDP,S13,B9,NL,2016,0.2,,
ESTAT:GOV_10A_MAIN(1.0),21/07/26 11:00:00,A,PC_GDP,S13,B9,NL,2017,1.4,,
ESTAT:GOV_10A_MAIN(1.0),21/07/26 11:00:00,A,PC_GDP,S13,B9,NL,2018,1.5,,
ESTAT:GOV_10A_MAIN(1.0),21/07/26 11:00:00,A,PC_GDP,S13,B9,NL,2019,1.9,,
ESTAT:GOV_10A_MAIN(1.0),21/07/26 11:00:00,A,PC_GDP,S13,B9,NL,2020,-3.7,,
ESTAT:GOV_10A_MAIN(1.0),21/07/26 11:00:00,A,PC_GDP,S13,B9,NL,2021,-2.3,,
ESTAT:GOV_10A_MAIN(1.0),21/07/26 11:00:00,A,PC_GDP,S13,B9,NL,2022,0.0,,
ESTAT:GOV_10A_MAIN(1.0),21/07/26 11:00:00,A,PC_GDP,S13,B9,NL,2023,-0.3,,
ESTAT:GOV_10A_MAIN(1.0),21/07/26 11:00:00,A,PC_GDP,S13,B9,NL,2024,-0.7,,
ESTAT:GOV_10A_MAIN(1.0),21/07/26 11:00:00,A,PC_GDP,S13,B9,NL,2025,-1.6,p,
ESTAT:GOV_10A_MAIN(1.0),21/07/26 11:00:00,A,PC_GDP,S13,B9,NO,1995,3.2,,
ESTAT:GOV_10A_MAIN(1.0),21/07/26 11:00:00,A,PC_GDP,S13,B9,NO,1996,6.2,,
ESTAT:GOV_10A_MAIN(1.0),21/07/26 11:00:00,A,PC_GDP,S13,B9,NO,1997,7.5,,
ESTAT:GOV_10A_MAIN(1.0),21/07/26 11:00:00,A,PC_GDP,S13,B9,NO,1998,3.2,,
ESTAT:GOV_10A_MAIN(1.0),21/07/26 11:00:00,A,PC_GDP,S13,B9,NO,1999,5.8,,
ESTAT:GOV_10A_MAIN(1.0),21/07/26 11:00:00,A,PC_GDP,S13,B9,NO,2000,15.1,,
ESTAT:GOV_10A_MAIN(1.0),21/07/26 11:00:00,A,PC_GDP,S13,B9,NO,2001,13.2,,
ESTAT:GOV_10A_MAIN(1.0),21/07/26 11:00:00,A,PC_GDP,S13,B9,NO,2002,9.1,,
ESTAT:GOV_10A_MAIN(1.0),21/07/26 11:00:00,A,PC_GDP,S13,B9,NO,2003,7.2,,
ESTAT:GOV_10A_MAIN(1.0),21/07/26 11:00:00,A,PC_GDP,S13,B9,NO,2004,10.8,,
ESTAT:GOV_10A_MAIN(1.0),21/07/26 11:00:00,A,PC_GDP,S13,B9,NO,2005,14.7,,
ESTAT:GOV_10A_MAIN(1.0),21/07/26 11:00:00,A,PC_GDP,S13,B9,NO,2006,17.7,,
ESTAT:GOV_10A_MAIN(1.0),21/07/26 11:00:00,A,PC_GDP,S13,B9,NO,2007,16.8,,
ESTAT:GOV_10A_MAIN(1.0),21/07/26 11:00:00,A,PC_GDP,S13,B9,NO,2008,18.3,,
ESTAT:GOV_10A_MAIN(1.0),21/07/26 11:00:00,A,PC_GDP,S13,B9,NO,2009,10.0,,
ESTAT:GOV_10A_MAIN(1.0),21/07/26 11:00:00,A,PC_GDP,S13,B9,NO,2010,10.6,,
ESTAT:GOV_10A_MAIN(1.0),21/07/26 11:00:00,A,PC_GDP,S13,B9,NO,2011,13.0,,
ESTAT:GOV_10A_MAIN(1.0),21/07/26 11:00:00,A,PC_GDP,S13,B9,NO,2012,13.4,,
ESTAT:GOV_10A_MAIN(1.0),21/07/26 11:00:00,A,PC_GDP,S13,B9,NO,2013,10.3,,
ESTAT:GOV_10A_MAIN(1.0),21/07/26 11:00:00,A,PC_GDP,S13,B9,NO,2014,8.3,,
ESTAT:GOV_10A_MAIN(1.0),21/07/26 11:00:00,A,PC_GDP,S13,B9,NO,2015,5.8,,
ESTAT:GOV_10A_MAIN(1.0),21/07/26 11:00:00,A,PC_GDP,S13,B9,NO,2016,3.9,,
ESTAT:GOV_10A_MAIN(1.0),21/07/26 11:00:00,A,PC_GDP,S13,B9,NO,2017,4.8,,
ESTAT:GOV_10A_MAIN(1.0),21/07/26 11:00:00,A,PC_GDP,S13,B9,NO,2018,7.5,,
ESTAT:GOV_10A_MAIN(1.0),21/07/26 11:00:00,A,PC_GDP,S13,B9,NO,2019,6.3,,
ESTAT:GOV_10A_MAIN(1.0),21/07/26 11:00:00,A,PC_GDP,S13,B9,NO,2020,-2.6,,
ESTAT:GOV_10A_MAIN(1.0),21/07/26 11:00:00,A,PC_GDP,S13,B9,NO,2021,10.0,,
ESTAT:GOV_10A_MAIN(1.0),21/07/26 11:00:00,A,PC_GDP,S13,B9,NO,2022,24.6,,
ESTAT:GOV_10A_MAIN(1.0),21/07/26 11:00:00,A,PC_GDP,S13,B9,NO,2023,15.9,,
ESTAT:GOV_10A_MAIN(1.0),21/07/26 11:00:00,A,PC_GDP,S13,B9,NO,2024,12.7,,
ESTAT:GOV_10A_MAIN(1.0),21/07/26 11:00:00,A,PC_GDP,S13,B9,NO,2025,10.5,,
ESTAT:GOV_10A_MAIN(1.0),21/07/26 11:00:00,A,PC_GDP,S13,B9,PL,1995,-4.2,,
ESTAT:GOV_10A_MAIN(1.0),21/07/26 11:00:00,A,PC_GDP,S13,B9,PL,1996,-4.6,,
ESTAT:GOV_10A_MAIN(1.0),21/07/26 11:00:00,A,PC_GDP,S13,B9,PL,1997,-4.5,,
ESTAT:GOV_10A_MAIN(1.0),21/07/26 11:00:00,A,PC_GDP,S13,B9,PL,1998,-4.2,,
ESTAT:GOV_10A_MAIN(1.0),21/07/26 11:00:00,A,PC_GDP,S13,B9,PL,1999,-2.2,,
ESTAT:GOV_10A_MAIN(1.0),21/07/26 11:00:00,A,PC_GDP,S13,B9,PL,2000,-4.0,,
ESTAT:GOV_10A_MAIN(1.0),21/07/26 11:00:00,A,PC_GDP,S13,B9,PL,2001,-4.7,,
ESTAT:GOV_10A_MAIN(1.0),21/07/26 11:00:00,A,PC_GDP,S13,B9,PL,2002,-4.8,,
ESTAT:GOV_10A_MAIN(1.0),21/07/26 11:00:00,A,PC_GDP,S13,B9,PL,2003,-6.0,,
ESTAT:GOV_10A_MAIN(1.0),21/07/26 11:00:00,A,PC_GDP,S13,B9,PL,2004,-5.0,,
ESTAT:GOV_10A_MAIN(1.0),21/07/26 11:00:00,A,PC_GDP,S13,B9,PL,2005,-3.9,,
ESTAT:GOV_10A_MAIN(1.0),21/07/26 11:00:00,A,PC_GDP,S13,B9,PL,2006,-3.5,,
ESTAT:GOV_10A_MAIN(1.0),21/07/26 11:00:00,A,PC_GDP,S13,B9,PL,2007,-1.9,,
ESTAT:GOV_10A_MAIN(1.0),21/07/26 11:00:00,A,PC_GDP,S13,B9,PL,2008,-3.6,,
ESTAT:GOV_10A_MAIN(1.0),21/07/26 11:00:00,A,PC_GDP,S13,B9,PL,2009,-7.2,,
ESTAT:GOV_10A_MAIN(1.0),21/07/26 11:00:00,A,PC_GDP,S13,B9,PL,2010,-7.4,,
ESTAT:GOV_10A_MAIN(1.0),21/07/26 11:00:00,A,PC_GDP,S13,B9,PL,2011,-5.0,,
ESTAT:GOV_10A_MAIN(1.0),21/07/26 11:00:00,A,PC_GDP,S13,B9,PL,2012,-3.8,,
ESTAT:GOV_10A_MAIN(1.0),21/07/26 11:00:00,A,PC_GDP,S13,B9,PL,2013,-4.2,,
ESTAT:GOV_10A_MAIN(1.0),21/07/26 11:00:00,A,PC_GDP,S13,B9,PL,2014,-3.7,,
ESTAT:GOV_10A_MAIN(1.0),21/07/26 11:00:00,A,PC_GDP,S13,B9,PL,2015,-2.6,,
ESTAT:GOV_10A_MAIN(1.0),21/07/26 11:00:00,A,PC_GDP,S13,B9,PL,2016,-2.4,,
ESTAT:GOV_10A_MAIN(1.0),21/07/26 11:00:00,A,PC_GDP,S13,B9,PL,2017,-1.5,,
ESTAT:GOV_10A_MAIN(1.0),21/07/26 11:00:00,A,PC_GDP,S13,B9,PL,2018,-0.2,,
ESTAT:GOV_10A_MAIN(1.0),21/07/26 11:00:00,A,PC_GDP,S13,B9,PL,2019,-0.7,,
ESTAT:GOV_10A_MAIN(1.0),21/07/26 11:00:00,A,PC_GDP,S13,B9,PL,2020,-6.9,,
ESTAT:GOV_10A_MAIN(1.0),21/07/26 11:00:00,A,PC_GDP,S13,B9,PL,2021,-1.7,,
ESTAT:GOV_10A_MAIN(1.0),21/07/26 11:00:00,A,PC_GDP,S13,B9,PL,2022,-3.4,,
ESTAT:GOV_10A_MAIN(1.0),21/07/26 11:00:00,A,PC_GDP,S13,B9,PL,2023,-5.2,,
ESTAT:GOV_10A_MAIN(1.0),21/07/26 11:00:00,A,PC_GDP,S13,B9,PL,2024,-6.4,,
ESTAT:GOV_10A_MAIN(1.0),21/07/26 11:00:00,A,PC_GDP,S13,B9,PL,2025,-7.3,,
ESTAT:GOV_10A_MAIN(1.0),21/07/26 11:00:00,A,PC_GDP,S13,B9,PT,1995,-5.2,,
ESTAT:GOV_10A_MAIN(1.0),21/07/26 11:00:00,A,PC_GDP,S13,B9,PT,1996,-4.7,,
ESTAT:GOV_10A_MAIN(1.0),21/07/26 11:00:00,A,PC_GDP,S13,B9,PT,1997,-3.7,,
ESTAT:GOV_10A_MAIN(1.0),21/07/26 11:00:00,A,PC_GDP,S13,B9,PT,1998,-4.4,,
ESTAT:GOV_10A_MAIN(1.0),21/07/26 11:00:00,A,PC_GDP,S13,B9,PT,1999,-3.0,,
ESTAT:GOV_10A_MAIN(1.0),21/07/26 11:00:00,A,PC_GDP,S13,B9,PT,2000,-3.2,,
ESTAT:GOV_10A_MAIN(1.0),21/07/26 11:00:00,A,PC_GDP,S13,B9,PT,2001,-4.7,,
ESTAT:GOV_10A_MAIN(1.0),21/07/26 11:00:00,A,PC_GDP,S13,B9,PT,2002,-3.3,,
ESTAT:GOV_10A_MAIN(1.0),21/07/26 11:00:00,A,PC_GDP,S13,B9,PT,2003,-5.7,,
ESTAT:GOV_10A_MAIN(1.0),21/07/26 11:00:00,A,PC_GDP,S13,B9,PT,2004,-6.2,,
ESTAT:GOV_10A_MAIN(1.0),21/07/26 11:00:00,A,PC_GDP,S13,B9,PT,2005,-6.1,,
ESTAT:GOV_10A_MAIN(1.0),21/07/26 11:00:00,A,PC_GDP,S13,B9,PT,2006,-4.2,,
ESTAT:GOV_10A_MAIN(1.0),21/07/26 11:00:00,A,PC_GDP,S13,B9,PT,2007,-2.9,,
ESTAT:GOV_10A_MAIN(1.0),21/07/26 11:00:00,A,PC_GDP,S13,B9,PT,2008,-3.8,,
ESTAT:GOV_10A_MAIN(1.0),21/07/26 11:00:00,A,PC_GDP,S13,B9,PT,2009,-9.9,,
ESTAT:GOV_10A_MAIN(1.0),21/07/26 11:00:00,A,PC_GDP,S13,B9,PT,2010,-11.4,,
ESTAT:GOV_10A_MAIN(1.0),21/07/26 11:00:00,A,PC_GDP,S13,B9,PT,2011,-7.7,,
ESTAT:GOV_10A_MAIN(1.0),21/07/26 11:00:00,A,PC_GDP,S13,B9,PT,2012,-6.2,,
ESTAT:GOV_10A_MAIN(1.0),21/07/26 11:00:00,A,PC_GDP,S13,B9,PT,2013,-5.2,,
ESTAT:GOV_10A_MAIN(1.0),21/07/26 11:00:00,A,PC_GDP,S13,B9,PT,2014,-7.4,,
ESTAT:GOV_10A_MAIN(1.0),21/07/26 11:00:00,A,PC_GDP,S13,B9,PT,2015,-4.5,,
ESTAT:GOV_10A_MAIN(1.0),21/07/26 11:00:00,A,PC_GDP,S13,B9,PT,2016,-1.9,,
ESTAT:GOV_10A_MAIN(1.0),21/07/26 11:00:00,A,PC_GDP,S13,B9,PT,2017,-3.0,,
ESTAT:GOV_10A_MAIN(1.0),21/07/26 11:00:00,A,PC_GDP,S13,B9,PT,2018,-0.4,,
ESTAT:GOV_10A_MAIN(1.0),21/07/26 11:00:00,A,PC_GDP,S13,B9,PT,2019,0.1,,
ESTAT:GOV_10A_MAIN(1.0),21/07/26 11:00:00,A,PC_GDP,S13,B9,PT,2020,-5.8,,
ESTAT:GOV_10A_MAIN(1.0),21/07/26 11:00:00,A,PC_GDP,S13,B9,PT,2021,-2.8,,
ESTAT:GOV_10A_MAIN(1.0),21/07/26 11:00:00,A,PC_GDP,S13,B9,PT,2022,-0.3,,
ESTAT:GOV_10A_MAIN(1.0),21/07/26 11:00:00,A,PC_GDP,S13,B9,PT,2023,1.1,,
ESTAT:GOV_10A_MAIN(1.0),21/07/26 11:00:00,A,PC_GDP,S13,B9,PT,2024,0.6,,
ESTAT:GOV_10A_MAIN(1.0),21/07/26 11:00:00,A,PC_GDP,S13,B9,PT,2025,0.7,,
ESTAT:GOV_10A_MAIN(1.0),21/07/26 11:00:00,A,PC_GDP,S13,B9,RO,1995,-2.0,,
ESTAT:GOV_10A_MAIN(1.0),21/07/26 11:00:00,A,PC_GDP,S13,B9,RO,1996,-3.6,,
ESTAT:GOV_10A_MAIN(1.0),21/07/26 11:00:00,A,PC_GDP,S13,B9,RO,1997,-4.4,,
ESTAT:GOV_10A_MAIN(1.0),21/07/26 11:00:00,A,PC_GDP,S13,B9,RO,1998,-3.2,,
ESTAT:GOV_10A_MAIN(1.0),21/07/26 11:00:00,A,PC_GDP,S13,B9,RO,1999,-4.4,,
ESTAT:GOV_10A_MAIN(1.0),21/07/26 11:00:00,A,PC_GDP,S13,B9,RO,2000,-4.6,,
ESTAT:GOV_10A_MAIN(1.0),21/07/26 11:00:00,A,PC_GDP,S13,B9,RO,2001,-3.5,,
ESTAT:GOV_10A_MAIN(1.0),21/07/26 11:00:00,A,PC_GDP,S13,B9,RO,2002,-1.9,,
ESTAT:GOV_10A_MAIN(1.0),21/07/26 11:00:00,A,PC_GDP,S13,B9,RO,2003,-1.4,,
ESTAT:GOV_10A_MAIN(1.0),21/07/26 11:00:00,A,PC_GDP,S13,B9,RO,2004,-1.1,,
ESTAT:GOV_10A_MAIN(1.0),21/07/26 11:00:00,A,PC_GDP,S13,B9,RO,2005,-0.8,,
ESTAT:GOV_10A_MAIN(1.0),21/07/26 11:00:00,A,PC_GDP,S13,B9,RO,2006,-2.1,,
ESTAT:GOV_10A_MAIN(1.0),21/07/26 11:00:00,A,PC_GDP,S13,B9,RO,2007,-2.8,,
ESTAT:GOV_10A_MAIN(1.0),21/07/26 11:00:00,A,PC_GDP,S13,B9,RO,2008,-5.4,,
ESTAT:GOV_10A_MAIN(1.0),21/07/26 11:00:00,A,PC_GDP,S13,B9,RO,2009,-9.5,,
ESTAT:GOV_10A_MAIN(1.0),21/07/26 11:00:00,A,PC_GDP,S13,B9,RO,2010,-7.1,,
ESTAT:GOV_10A_MAIN(1.0),21/07/26 11:00:00,A,PC_GDP,S13,B9,RO,2011,-5.6,,
ESTAT:GOV_10A_MAIN(1.0),21/07/26 11:00:00,A,PC_GDP,S13,B9,RO,2012,-3.8,,
ESTAT:GOV_10A_MAIN(1.0),21/07/26 11:00:00,A,PC_GDP,S13,B9,RO,2013,-2.3,,
ESTAT:GOV_10A_MAIN(1.0),21/07/26 11:00:00,A,PC_GDP,S13,B9,RO,2014,-1.2,,
ESTAT:GOV_10A_MAIN(1.0),21/07/26 11:00:00,A,PC_GDP,S13,B9,RO,2015,-0.5,,
ESTAT:GOV_10A_MAIN(1.0),21/07/26 11:00:00,A,PC_GDP,S13,B9,RO,2016,-2.5,,
ESTAT:GOV_10A_MAIN(1.0),21/07/26 11:00:00,A,PC_GDP,S13,B9,RO,2017,-2.5,,
ESTAT:GOV_10A_MAIN(1.0),21/07/26 11:00:00,A,PC_GDP,S13,B9,RO,2018,-2.8,,
ESTAT:GOV_10A_MAIN(1.0),21/07/26 11:00:00,A,PC_GDP,S13,B9,RO,2019,-4.4,,
ESTAT:GOV_10A_MAIN(1.0),21/07/26 11:00:00,A,PC_GDP,S13,B9,RO,2020,-9.3,,
ESTAT:GOV_10A_MAIN(1.0),21/07/26 11:00:00,A,PC_GDP,S13,B9,RO,2021,-7.2,,
ESTAT:GOV_10A_MAIN(1.0),21/07/26 11:00:00,A,PC_GDP,S13,B9,RO,2022,-6.5,,
ESTAT:GOV_10A_MAIN(1.0),21/07/26 11:00:00,A,PC_GDP,S13,B9,RO,2023,-6.6,,
ESTAT:GOV_10A_MAIN(1.0),21/07/26 11:00:00,A,PC_GDP,S13,B9,RO,2024,-9.3,,
ESTAT:GOV_10A_MAIN(1.0),21/07/26 11:00:00,A,PC_GDP,S13,B9,RO,2025,-7.9,,
ESTAT:GOV_10A_MAIN(1.0),21/07/26 11:00:00,A,PC_GDP,S13,B9,SE,1995,-7.0,,
ESTAT:GOV_10A_MAIN(1.0),21/07/26 11:00:00,A,PC_GDP,S13,B9,SE,1996,-3.1,,
ESTAT:GOV_10A_MAIN(1.0),21/07/26 11:00:00,A,PC_GDP,S13,B9,SE,1997,-1.6,,
ESTAT:GOV_10A_MAIN(1.0),21/07/26 11:00:00,A,PC_GDP,S13,B9,SE,1998,0.8,,
ESTAT:GOV_10A_MAIN(1.0),21/07/26 11:00:00,A,PC_GDP,S13,B9,SE,1999,0.6,,
ESTAT:GOV_10A_MAIN(1.0),21/07/26 11:00:00,A,PC_GDP,S13,B9,SE,2000,3.1,,
ESTAT:GOV_10A_MAIN(1.0),21/07/26 11:00:00,A,PC_GDP,S13,B9,SE,2001,1.4,,
ESTAT:GOV_10A_MAIN(1.0),21/07/26 11:00:00,A,PC_GDP,S13,B9,SE,2002,-1.5,,
ESTAT:GOV_10A_MAIN(1.0),21/07/26 11:00:00,A,PC_GDP,S13,B9,SE,2003,-1.2,,
ESTAT:GOV_10A_MAIN(1.0),21/07/26 11:00:00,A,PC_GDP,S13,B9,SE,2004,0.2,,
ESTAT:GOV_10A_MAIN(1.0),21/07/26 11:00:00,A,PC_GDP,S13,B9,SE,2005,2.0,,
ESTAT:GOV_10A_MAIN(1.0),21/07/26 11:00:00,A,PC_GDP,S13,B9,SE,2006,2.2,,
ESTAT:GOV_10A_MAIN(1.0),21/07/26 11:00:00,A,PC_GDP,S13,B9,SE,2007,3.4,,
ESTAT:GOV_10A_MAIN(1.0),21/07/26 11:00:00,A,PC_GDP,S13,B9,SE,2008,1.9,,
ESTAT:GOV_10A_MAIN(1.0),21/07/26 11:00:00,A,PC_GDP,S13,B9,SE,2009,-0.9,,
ESTAT:GOV_10A_MAIN(1.0),21/07/26 11:00:00,A,PC_GDP,S13,B9,SE,2010,-0.2,,
ESTAT:GOV_10A_MAIN(1.0),21/07/26 11:00:00,A,PC_GDP,S13,B9,SE,2011,-0.4,,
ESTAT:GOV_10A_MAIN(1.0),21/07/26 11:00:00,A,PC_GDP,S13,B9,SE,2012,-1.2,,
ESTAT:GOV_10A_MAIN(1.0),21/07/26 11:00:00,A,PC_GDP,S13,B9,SE,2013,-1.6,,
ESTAT:GOV_10A_MAIN(1.0),21/07/26 11:00:00,A,PC_GDP,S13,B9,SE,2014,-1.9,,
ESTAT:GOV_10A_MAIN(1.0),21/07/26 11:00:00,A,PC_GDP,S13,B9,SE,2015,-0.3,,
ESTAT:GOV_10A_MAIN(1.0),21/07/26 11:00:00,A,PC_GDP,S13,B9,SE,2016,0.8,,
ESTAT:GOV_10A_MAIN(1.0),21/07/26 11:00:00,A,PC_GDP,S13,B9,SE,2017,1.3,,
ESTAT:GOV_10A_MAIN(1.0),21/07/26 11:00:00,A,PC_GDP,S13,B9,SE,2018,0.7,,
ESTAT:GOV_10A_MAIN(1.0),21/07/26 11:00:00,A,PC_GDP,S13,B9,SE,2019,0.4,,
ESTAT:GOV_10A_MAIN(1.0),21/07/26 11:00:00,A,PC_GDP,S13,B9,SE,2020,-3.2,,
ESTAT:GOV_10A_MAIN(1.0),21/07/26 11:00:00,A,PC_GDP,S13,B9,SE,2021,-0.2,,
ESTAT:GOV_10A_MAIN(1.0),21/07/26 11:00:00,A,PC_GDP,S13,B9,SE,2022,1.0,,
ESTAT:GOV_10A_MAIN(1.0),21/07/26 11:00:00,A,PC_GDP,S13,B9,SE,2023,-0.9,,
ESTAT:GOV_10A_MAIN(1.0),21/07/26 11:00:00,A,PC_GDP,S13,B9,SE,2024,-1.6,,
ESTAT:GOV_10A_MAIN(1.0),21/07/26 11:00:00,A,PC_GDP,S13,B9,SE,2025,-1.4,,
ESTAT:GOV_10A_MAIN(1.0),21/07/26 11:00:00,A,PC_GDP,S13,B9,SI,1995,-8.1,,
ESTAT:GOV_10A_MAIN(1.0),21/07/26 11:00:00,A,PC_GDP,S13,B9,SI,1996,-1.1,,
ESTAT:GOV_10A_MAIN(1.0),21/07/26 11:00:00,A,PC_GDP,S13,B9,SI,1997,-2.3,,
ESTAT:GOV_10A_MAIN(1.0),21/07/26 11:00:00,A,PC_GDP,S13,B9,SI,1998,-2.4,,
ESTAT:GOV_10A_MAIN(1.0),21/07/26 11:00:00,A,PC_GDP,S13,B9,SI,1999,-3.0,,
ESTAT:GOV_10A_MAIN(1.0),21/07/26 11:00:00,A,PC_GDP,S13,B9,SI,2000,-3.8,,
ESTAT:GOV_10A_MAIN(1.0),21/07/26 11:00:00,A,PC_GDP,S13,B9,SI,2001,-4.6,,
ESTAT:GOV_10A_MAIN(1.0),21/07/26 11:00:00,A,PC_GDP,S13,B9,SI,2002,-2.5,,
ESTAT:GOV_10A_MAIN(1.0),21/07/26 11:00:00,A,PC_GDP,S13,B9,SI,2003,-2.7,,
ESTAT:GOV_10A_MAIN(1.0),21/07/26 11:00:00,A,PC_GDP,S13,B9,SI,2004,-2.0,,
ESTAT:GOV_10A_MAIN(1.0),21/07/26 11:00:00,A,PC_GDP,S13,B9,SI,2005,-1.4,,
ESTAT:GOV_10A_MAIN(1.0),21/07/26 11:00:00,A,PC_GDP,S13,B9,SI,2006,-1.3,,
ESTAT:GOV_10A_MAIN(1.0),21/07/26 11:00:00,A,PC_GDP,S13,B9,SI,2007,-0.1,,
ESTAT:GOV_10A_MAIN(1.0),21/07/26 11:00:00,A,PC_GDP,S13,B9,SI,2008,-1.4,,
ESTAT:GOV_10A_MAIN(1.0),21/07/26 11:00:00,A,PC_GDP,S13,B9,SI,2009,-5.9,,
ESTAT:GOV_10A_MAIN(1.0),21/07/26 11:00:00,A,PC_GDP,S13,B9,SI,2010,-5.6,,
ESTAT:GOV_10A_MAIN(1.0),21/07/26 11:00:00,A,PC_GDP,S13,B9,SI,2011,-6.7,,
ESTAT:GOV_10A_MAIN(1.0),21/07/26 11:00:00,A,PC_GDP,S13,B9,SI,2012,-4.2,,
ESTAT:GOV_10A_MAIN(1.0),21/07/26 11:00:00,A,PC_GDP,S13,B9,SI,2013,-11.2,,
ESTAT:GOV_10A_MAIN(1.0),21/07/26 11:00:00,A,PC_GDP,S13,B9,SI,2014,-4.5,,
ESTAT:GOV_10A_MAIN(1.0),21/07/26 11:00:00,A,PC_GDP,S13,B9,SI,2015,-2.8,,
ESTAT:GOV_10A_MAIN(1.0),21/07/26 11:00:00,A,PC_GDP,S13,B9,SI,2016,-2.0,,
ESTAT:GOV_10A_MAIN(1.0),21/07/26 11:00:00,A,PC_GDP,S13,B9,SI,2017,0.1,,
ESTAT:GOV_10A_MAIN(1.0),21/07/26 11:00:00,A,PC_GDP,S13,B9,SI,2018,0.9,,
ESTAT:GOV_10A_MAIN(1.0),21/07/26 11:00:00,A,PC_GDP,S13,B9,SI,2019,0.7,,
ESTAT:GOV_10A_MAIN(1.0),21/07/26 11:00:00,A,PC_GDP,S13,B9,SI,2020,-7.7,,
ESTAT:GOV_10A_MAIN(1.0),21/07/26 11:00:00,A,PC_GDP,S13,B9,SI,2021,-4.6,,
ESTAT:GOV_10A_MAIN(1.0),21/07/26 11:00:00,A,PC_GDP,S13,B9,SI,2022,-3.0,,
ESTAT:GOV_10A_MAIN(1.0),21/07/26 11:00:00,A,PC_GDP,S13,B9,SI,2023,-2.6,,
ESTAT:GOV_10A_MAIN(1.0),21/07/26 11:00:00,A,PC_GDP,S13,B9,SI,2024,-0.9,,
ESTAT:GOV_10A_MAIN(1.0),21/07/26 11:00:00,A,PC_GDP,S13,B9,SI,2025,-2.5,,
ESTAT:GOV_10A_MAIN(1.0),21/07/26 11:00:00,A,PC_GDP,S13,B9,SK,1995,-3.4,,
ESTAT:GOV_10A_MAIN(1.0),21/07/26 11:00:00,A,PC_GDP,S13,B9,SK,1996,-9.7,,
ESTAT:GOV_10A_MAIN(1.0),21/07/26 11:00:00,A,PC_GDP,S13,B9,SK,1997,-6.2,,
ESTAT:GOV_10A_MAIN(1.0),21/07/26 11:00:00,A,PC_GDP,S13,B9,SK,1998,-5.4,,
ESTAT:GOV_10A_MAIN(1.0),21/07/26 11:00:00,A,PC_GDP,S13,B9,SK,1999,-7.3,,
ESTAT:GOV_10A_MAIN(1.0),21/07/26 11:00:00,A,PC_GDP,S13,B9,SK,2000,-12.7,,
ESTAT:GOV_10A_MAIN(1.0),21/07/26 11:00:00,A,PC_GDP,S13,B9,SK,2001,-7.7,,
ESTAT:GOV_10A_MAIN(1.0),21/07/26 11:00:00,A,PC_GDP,S13,B9,SK,2002,-8.4,,
ESTAT:GOV_10A_MAIN(1.0),21/07/26 11:00:00,A,PC_GDP,S13,B9,SK,2003,-2.3,,
ESTAT:GOV_10A_MAIN(1.0),21/07/26 11:00:00,A,PC_GDP,S13,B9,SK,2004,-2.4,,
ESTAT:GOV_10A_MAIN(1.0),21/07/26 11:00:00,A,PC_GDP,S13,B9,SK,2005,-2.9,,
ESTAT:GOV_10A_MAIN(1.0),21/07/26 11:00:00,A,PC_GDP,S13,B9,SK,2006,-3.6,,
ESTAT:GOV_10A_MAIN(1.0),21/07/26 11:00:00,A,PC_GDP,S13,B9,SK,2007,-2.3,,
ESTAT:GOV_10A_MAIN(1.0),21/07/26 11:00:00,A,PC_GDP,S13,B9,SK,2008,-2.5,,
ESTAT:GOV_10A_MAIN(1.0),21/07/26 11:00:00,A,PC_GDP,S13,B9,SK,2009,-8.2,,
ESTAT:GOV_10A_MAIN(1.0),21/07/26 11:00:00,A,PC_GDP,S13,B9,SK,2010,-7.4,,
ESTAT:GOV_10A_MAIN(1.0),21/07/26 11:00:00,A,PC_GDP,S13,B9,SK,2011,-4.4,,
ESTAT:GOV_10A_MAIN(1.0),21/07/26 11:00:00,A,PC_GDP,S13,B9,SK,2012,-4.4,,
ESTAT:GOV_10A_MAIN(1.0),21/07/26 11:00:00,A,PC_GDP,S13,B9,SK,2013,-2.9,,
ESTAT:GOV_10A_MAIN(1.0),21/07/26 11:00:00,A,PC_GDP,S13,B9,SK,2014,-3.2,,
ESTAT:GOV_10A_MAIN(1.0),21/07/26 11:00:00,A,PC_GDP,S13,B9,SK,2015,-2.8,,
ESTAT:GOV_10A_MAIN(1.0),21/07/26 11:00:00,A,PC_GDP,S13,B9,SK,2016,-2.6,,
ESTAT:GOV_10A_MAIN(1.0),21/07/26 11:00:00,A,PC_GDP,S13,B9,SK,2017,-1.0,,
ESTAT:GOV_10A_MAIN(1.0),21/07/26 11:00:00,A,PC_GDP,S13,B9,SK,2018,-1.0,,
ESTAT:GOV_10A_MAIN(1.0),21/07/26 11:00:00,A,PC_GDP,S13,B9,SK,2019,-1.2,,
ESTAT:GOV_10A_MAIN(1.0),21/07/26 11:00:00,A,PC_GDP,S13,B9,SK,2020,-5.3,,
ESTAT:GOV_10A_MAIN(1.0),21/07/26 11:00:00,A,PC_GDP,S13,B9,SK,2021,-5.1,,
ESTAT:GOV_10A_MAIN(1.0),21/07/26 11:00:00,A,PC_GDP,S13,B9,SK,2022,-1.6,,
ESTAT:GOV_10A_MAIN(1.0),21/07/26 11:00:00,A,PC_GDP,S13,B9,SK,2023,-5.3,,
ESTAT:GOV_10A_MAIN(1.0),21/07/26 11:00:00,A,PC_GDP,S13,B9,SK,2024,-5.3,,
ESTAT:GOV_10A_MAIN(1.0),21/07/26 11:00:00,A,PC_GDP,S13,B9,SK,2025,-4.5,,
ESTAT:GOV_10A_MAIN(1.0),21/07/26 11:00:00,A,PC_GDP,S1311,B9,AT,1995,-5.4,,
ESTAT:GOV_10A_MAIN(1.0),21/07/26 11:00:00,A,PC_GDP,S1311,B9,AT,1996,-4.5,,
ESTAT:GOV_10A_MAIN(1.0),21/07/26 11:00:00,A,PC_GDP,S1311,B9,AT,1997,-3.2,,
ESTAT:GOV_10A_MAIN(1.0),21/07/26 11:00:00,A,PC_GDP,S1311,B9,AT,1998,-3.0,,
ESTAT:GOV_10A_MAIN(1.0),21/07/26 11:00:00,A,PC_GDP,S1311,B9,AT,1999,-2.5,,
ESTAT:GOV_10A_MAIN(1.0),21/07/26 11:00:00,A,PC_GDP,S1311,B9,AT,2000,-2.1,,
ESTAT:GOV_10A_MAIN(1.0),21/07/26 11:00:00,A,PC_GDP,S1311,B9,AT,2001,-0.9,,
ESTAT:GOV_10A_MAIN(1.0),21/07/26 11:00:00,A,PC_GDP,S1311,B9,AT,2002,-1.3,,
ESTAT:GOV_10A_MAIN(1.0),21/07/26 11:00:00,A,PC_GDP,S1311,B9,AT,2003,-1.7,,
ESTAT:GOV_10A_MAIN(1.0),21/07/26 11:00:00,A,PC_GDP,S1311,B9,AT,2004,-4.6,,
ESTAT:GOV_10A_MAIN(1.0),21/07/26 11:00:00,A,PC_GDP,S1311,B9,AT,2005,-2.4,,
ESTAT:GOV_10A_MAIN(1.0),21/07/26 11:00:00,A,PC_GDP,S1311,B9,AT,2006,-2.2,,
ESTAT:GOV_10A_MAIN(1.0),21/07/26 11:00:00,A,PC_GDP,S1311,B9,AT,2007,-1.1,,
ESTAT:GOV_10A_MAIN(1.0),21/07/26 11:00:00,A,PC_GDP,S1311,B9,AT,2008,-1.4,,
ESTAT:GOV_10A_MAIN(1.0),21/07/26 11:00:00,A,PC_GDP,S1311,B9,AT,2009,-4.3,,
ESTAT:GOV_10A_MAIN(1.0),21/07/26 11:00:00,A,PC_GDP,S1311,B9,AT,2010,-3.3,,
ESTAT:GOV_10A_MAIN(1.0),21/07/26 11:00:00,A,PC_GDP,S1311,B9,AT,2011,-2.2,,
ESTAT:GOV_10A_MAIN(1.0),21/07/26 11:00:00,A,PC_GDP,S1311,B9,AT,2012,-2.2,,
ESTAT:GOV_10A_MAIN(1.0),21/07/26 11:00:00,A,PC_GDP,S1311,B9,AT,2013,-2.1,,
ESTAT:GOV_10A_MAIN(1.0),21/07/26 11:00:00,A,PC_GDP,S1311,B9,AT,2014,-2.1,,
ESTAT:GOV_10A_MAIN(1.0),21/07/26 11:00:00,A,PC_GDP,S1311,B9,AT,2015,-0.7,,
ESTAT:GOV_10A_MAIN(1.0),21/07/26 11:00:00,A,PC_GDP,S1311,B9,AT,2016,-1.2,,
ESTAT:GOV_10A_MAIN(1.0),21/07/26 11:00:00,A,PC_GDP,S1311,B9,AT,2017,-0.9,,
ESTAT:GOV_10A_MAIN(1.0),21/07/26 11:00:00,A,PC_GDP,S1311,B9,AT,2018,-0.1,,
ESTAT:GOV_10A_MAIN(1.0),21/07/26 11:00:00,A,PC_GDP,S1311,B9,AT,2019,0.4,,
ESTAT:GOV_10A_MAIN(1.0),21/07/26 11:00:00,A,PC_GDP,S1311,B9,AT,2020,-7.4,,
ESTAT:GOV_10A_MAIN(1.0),21/07/26 11:00:00,A,PC_GDP,S1311,B9,AT,2021,-5.2,,
ESTAT:GOV_10A_MAIN(1.0),21/07/26 11:00:00,A,PC_GDP,S1311,B9,AT,2022,-3.9,,
ESTAT:GOV_10A_MAIN(1.0),21/07/26 11:00:00,A,PC_GDP,S1311,B9,AT,2023,-1.8,,
ESTAT:GOV_10A_MAIN(1.0),21/07/26 11:00:00,A,PC_GDP,S1311,B9,AT,2024,-3.4,,
ESTAT:GOV_10A_MAIN(1.0),21/07/26 11:00:00,A,PC_GDP,S1311,B9,AT,2025,-3.0,,
ESTAT:GOV_10A_MAIN(1.0),21/07/26 11:00:00,A,PC_GDP,S1311,B9,BE,1995,-3.8,,
ESTAT:GOV_10A_MAIN(1.0),21/07/26 11:00:00,A,PC_GDP,S1311,B9,BE,1996,-3.4,,
ESTAT:GOV_10A_MAIN(1.0),21/07/26 11:00:00,A,PC_GDP,S1311,B9,BE,1997,-2.4,,
ESTAT:GOV_10A_MAIN(1.0),21/07/26 11:00:00,A,PC_GDP,S1311,B9,BE,1998,-1.7,,
ESTAT:GOV_10A_MAIN(1.0),21/07/26 11:00:00,A,PC_GDP,S1311,B9,BE,1999,-1.6,,
ESTAT:GOV_10A_MAIN(1.0),21/07/26 11:00:00,A,PC_GDP,S1311,B9,BE,2000,-0.4,,
ESTAT:GOV_10A_MAIN(1.0),21/07/26 11:00:00,A,PC_GDP,S1311,B9,BE,2001,-1.1,,
ESTAT:GOV_10A_MAIN(1.0),21/07/26 11:00:00,A,PC_GDP,S1311,B9,BE,2002,-0.2,,
ESTAT:GOV_10A_MAIN(1.0),21/07/26 11:00:00,A,PC_GDP,S1311,B9,BE,2003,-1.5,,
ESTAT:GOV_10A_MAIN(1.0),21/07/26 11:00:00,A,PC_GDP,S1311,B9,BE,2004,-0.2,,
ESTAT:GOV_10A_MAIN(1.0),21/07/26 11:00:00,A,PC_GDP,S1311,B9,BE,2005,-2.8,,
ESTAT:GOV_10A_MAIN(1.0),21/07/26 11:00:00,A,PC_GDP,S1311,B9,BE,2006,-0.1,,
ESTAT:GOV_10A_MAIN(1.0),21/07/26 11:00:00,A,PC_GDP,S1311,B9,BE,2007,-0.9,,
ESTAT:GOV_10A_MAIN(1.0),21/07/26 11:00:00,A,PC_GDP,S1311,B9,BE,2008,-1.6,,
ESTAT:GOV_10A_MAIN(1.0),21/07/26 11:00:00,A,PC_GDP,S1311,B9,BE,2009,-3.9,b,
ESTAT:GOV_10A_MAIN(1.0),21/07/26 11:00:00,A,PC_GDP,S1311,B9,BE,2010,-3.1,,
ESTAT:GOV_10A_MAIN(1.0),21/07/26 11:00:00,A,PC_GDP,S1311,B9,BE,2011,-3.8,,
ESTAT:GOV_10A_MAIN(1.0),21/07/26 11:00:00,A,PC_GDP,S1311,B9,BE,2012,-3.6,,
ESTAT:GOV_10A_MAIN(1.0),21/07/26 11:00:00,A,PC_GDP,S1311,B9,BE,2013,-2.6,,
ESTAT:GOV_10A_MAIN(1.0),21/07/26 11:00:00,A,PC_GDP,S1311,B9,BE,2014,-2.6,,
ESTAT:GOV_10A_MAIN(1.0),21/07/26 11:00:00,A,PC_GDP,S1311,B9,BE,2015,-1.3,,
ESTAT:GOV_10A_MAIN(1.0),21/07/26 11:00:00,A,PC_GDP,S1311,B9,BE,2016,-2.6,,
ESTAT:GOV_10A_MAIN(1.0),21/07/26 11:00:00,A,PC_GDP,S1311,B9,BE,2017,-1.3,,
ESTAT:GOV_10A_MAIN(1.0),21/07/26 11:00:00,A,PC_GDP,S1311,B9,BE,2018,-0.4,,
ESTAT:GOV_10A_MAIN(1.0),21/07/26 11:00:00,A,PC_GDP,S1311,B9,BE,2019,-2.0,,
ESTAT:GOV_10A_MAIN(1.0),21/07/26 11:00:00,A,PC_GDP,S1311,B9,BE,2020,-7.2,,
ESTAT:GOV_10A_MAIN(1.0),21/07/26 11:00:00,A,PC_GDP,S1311,B9,BE,2021,-4.0,,
ESTAT:GOV_10A_MAIN(1.0),21/07/26 11:00:00,A,PC_GDP,S1311,B9,BE,2022,-2.4,,
ESTAT:GOV_10A_MAIN(1.0),21/07/26 11:00:00,A,PC_GDP,S1311,B9,BE,2023,-3.3,,
ESTAT:GOV_10A_MAIN(1.0),21/07/26 11:00:00,A,PC_GDP,S1311,B9,BE,2024,-2.7,p,
ESTAT:GOV_10A_MAIN(1.0),21/07/26 11:00:00,A,PC_GDP,S1311,B9,BE,2025,-3.8,p,
ESTAT:GOV_10A_MAIN(1.0),21/07/26 11:00:00,A,PC_GDP,S1311,B9,BG,1995,-4.9,,
ESTAT:GOV_10A_MAIN(1.0),21/07/26 11:00:00,A,PC_GDP,S1311,B9,BG,1996,-7.5,,
ESTAT:GOV_10A_MAIN(1.0),21/07/26 11:00:00,A,PC_GDP,S1311,B9,BG,1997,1.3,,
ESTAT:GOV_10A_MAIN(1.0),21/07/26 11:00:00,A,PC_GDP,S1311,B9,BG,1998,1.5,,
ESTAT:GOV_10A_MAIN(1.0),21/07/26 11:00:00,A,PC_GDP,S1311,B9,BG,1999,-0.1,,
ESTAT:GOV_10A_MAIN(1.0),21/07/26 11:00:00,A,PC_GDP,S1311,B9,BG,2000,-0.9,,
ESTAT:GOV_10A_MAIN(1.0),21/07/26 11:00:00,A,PC_GDP,S1311,B9,BG,2001,0.2,,
ESTAT:GOV_10A_MAIN(1.0),21/07/26 11:00:00,A,PC_GDP,S1311,B9,BG,2002,-1.7,,
ESTAT:GOV_10A_MAIN(1.0),21/07/26 11:00:00,A,PC_GDP,S1311,B9,BG,2003,-0.2,,
ESTAT:GOV_10A_MAIN(1.0),21/07/26 11:00:00,A,PC_GDP,S1311,B9,BG,2004,1.4,,
ESTAT:GOV_10A_MAIN(1.0),21/07/26 11:00:00,A,PC_GDP,S1311,B9,BG,2005,2.0,,
ESTAT:GOV_10A_MAIN(1.0),21/07/26 11:00:00,A,PC_GDP,S1311,B9,BG,2006,2.9,,
ESTAT:GOV_10A_MAIN(1.0),21/07/26 11:00:00,A,PC_GDP,S1311,B9,BG,2007,0.0,,
ESTAT:GOV_10A_MAIN(1.0),21/07/26 11:00:00,A,PC_GDP,S1311,B9,BG,2008,1.5,,
ESTAT:GOV_10A_MAIN(1.0),21/07/26 11:00:00,A,PC_GDP,S1311,B9,BG,2009,-3.9,,
ESTAT:GOV_10A_MAIN(1.0),21/07/26 11:00:00,A,PC_GDP,S1311,B9,BG,2010,-2.6,,
ESTAT:GOV_10A_MAIN(1.0),21/07/26 11:00:00,A,PC_GDP,S1311,B9,BG,2011,-1.8,,
ESTAT:GOV_10A_MAIN(1.0),21/07/26 11:00:00,A,PC_GDP,S1311,B9,BG,2012,-1.1,,
ESTAT:GOV_10A_MAIN(1.0),21/07/26 11:00:00,A,PC_GDP,S1311,B9,BG,2013,-1.1,,
ESTAT:GOV_10A_MAIN(1.0),21/07/26 11:00:00,A,PC_GDP,S1311,B9,BG,2014,-5.6,,
ESTAT:GOV_10A_MAIN(1.0),21/07/26 11:00:00,A,PC_GDP,S1311,B9,BG,2015,-0.9,,
ESTAT:GOV_10A_MAIN(1.0),21/07/26 11:00:00,A,PC_GDP,S1311,B9,BG,2016,0.2,,
ESTAT:GOV_10A_MAIN(1.0),21/07/26 11:00:00,A,PC_GDP,S1311,B9,BG,2017,1.5,,
ESTAT:GOV_10A_MAIN(1.0),21/07/26 11:00:00,A,PC_GDP,S1311,B9,BG,2018,1.5,,
ESTAT:GOV_10A_MAIN(1.0),21/07/26 11:00:00,A,PC_GDP,S1311,B9,BG,2019,2.1,,
ESTAT:GOV_10A_MAIN(1.0),21/07/26 11:00:00,A,PC_GDP,S1311,B9,BG,2020,-4.2,,
ESTAT:GOV_10A_MAIN(1.0),21/07/26 11:00:00,A,PC_GDP,S1311,B9,BG,2021,-4.6,,
ESTAT:GOV_10A_MAIN(1.0),21/07/26 11:00:00,A,PC_GDP,S1311,B9,BG,2022,-2.8,,
ESTAT:GOV_10A_MAIN(1.0),21/07/26 11:00:00,A,PC_GDP,S1311,B9,BG,2023,-1.9,,
ESTAT:GOV_10A_MAIN(1.0),21/07/26 11:00:00,A,PC_GDP,S1311,B9,BG,2024,-2.6,,
ESTAT:GOV_10A_MAIN(1.0),21/07/26 11:00:00,A,PC_GDP,S1311,B9,BG,2025,-3.3,,
ESTAT:GOV_10A_MAIN(1.0),21/07/26 11:00:00,A,PC_GDP,S1311,B9,CH,1995,-1.2,,
ESTAT:GOV_10A_MAIN(1.0),21/07/26 11:00:00,A,PC_GDP,S1311,B9,CH,1996,-1.3,,
ESTAT:GOV_10A_MAIN(1.0),21/07/26 11:00:00,A,PC_GDP,S1311,B9,CH,1997,-0.9,,
ESTAT:GOV_10A_MAIN(1.0),21/07/26 11:00:00,A,PC_GDP,S1311,B9,CH,1998,-0.5,,
ESTAT:GOV_10A_MAIN(1.0),21/07/26 11:00:00,A,PC_GDP,S1311,B9,CH,1999,-1.9,,
ESTAT:GOV_10A_MAIN(1.0),21/07/26 11:00:00,A,PC_GDP,S1311,B9,CH,2000,-0.6,,
ESTAT:GOV_10A_MAIN(1.0),21/07/26 11:00:00,A,PC_GDP,S1311,B9,CH,2001,-0.6,,
ESTAT:GOV_10A_MAIN(1.0),21/07/26 11:00:00,A,PC_GDP,S1311,B9,CH,2002,-2.2,,
ESTAT:GOV_10A_MAIN(1.0),21/07/26 11:00:00,A,PC_GDP,S1311,B9,CH,2003,-0.6,,
ESTAT:GOV_10A_MAIN(1.0),21/07/26 11:00:00,A,PC_GDP,S1311,B9,CH,2004,-0.5,,
ESTAT:GOV_10A_MAIN(1.0),21/07/26 11:00:00,A,PC_GDP,S1311,B9,CH,2005,0.0,,
ESTAT:GOV_10A_MAIN(1.0),21/07/26 11:00:00,A,PC_GDP,S1311,B9,CH,2006,0.6,,
ESTAT:GOV_10A_MAIN(1.0),21/07/26 11:00:00,A,PC_GDP,S1311,B9,CH,2007,-0.9,,
ESTAT:GOV_10A_MAIN(1.0),21/07/26 11:00:00,A,PC_GDP,S1311,B9,CH,2008,0.8,,
ESTAT:GOV_10A_MAIN(1.0),21/07/26 11:00:00,A,PC_GDP,S1311,B9,CH,2009,0.5,,
ESTAT:GOV_10A_MAIN(1.0),21/07/26 11:00:00,A,PC_GDP,S1311,B9,CH,2010,0.5,,
ESTAT:GOV_10A_MAIN(1.0),21/07/26 11:00:00,A,PC_GDP,S1311,B9,CH,2011,0.2,,
ESTAT:GOV_10A_MAIN(1.0),21/07/26 11:00:00,A,PC_GDP,S1311,B9,CH,2012,0.0,,
ESTAT:GOV_10A_MAIN(1.0),21/07/26 11:00:00,A,PC_GDP,S1311,B9,CH,2013,0.1,,
ESTAT:GOV_10A_MAIN(1.0),21/07/26 11:00:00,A,PC_GDP,S1311,B9,CH,2014,0.0,,
ESTAT:GOV_10A_MAIN(1.0),21/07/26 11:00:00,A,PC_GDP,S1311,B9,CH,2015,0.3,,
ESTAT:GOV_10A_MAIN(1.0),21/07/26 11:00:00,A,PC_GDP,S1311,B9,CH,2016,0.1,,
ESTAT:GOV_10A_MAIN(1.0),21/07/26 11:00:00,A,PC_GDP,S1311,B9,CH,2017,0.5,,
ESTAT:GOV_10A_MAIN(1.0),21/07/26 11:00:00,A,PC_GDP,S1311,B9,CH,2018,0.7,,
ESTAT:GOV_10A_MAIN(1.0),21/07/26 11:00:00,A,PC_GDP,S1311,B9,CH,2019,0.6,,
ESTAT:GOV_10A_MAIN(1.0),21/07/26 11:00:00,A,PC_GDP,S1311,B9,CH,2020,-2.1,,
ESTAT:GOV_10A_MAIN(1.0),21/07/26 11:00:00,A,PC_GDP,S1311,B9,CH,2021,-1.6,,
ESTAT:GOV_10A_MAIN(1.0),21/07/26 11:00:00,A,PC_GDP,S1311,B9,CH,2022,-0.1,,
ESTAT:GOV_10A_MAIN(1.0),21/07/26 11:00:00,A,PC_GDP,S1311,B9,CH,2023,-0.2,,
ESTAT:GOV_10A_MAIN(1.0),21/07/26 11:00:00,A,PC_GDP,S1311,B9,CH,2024,-0.1,,
ESTAT:GOV_10A_MAIN(1.0),21/07/26 11:00:00,A,PC_GDP,S1311,B9,CY,1995,-3.9,,
ESTAT:GOV_10A_MAIN(1.0),21/07/26 11:00:00,A,PC_GDP,S1311,B9,CY,1996,-6.1,,
ESTAT:GOV_10A_MAIN(1.0),21/07/26 11:00:00,A,PC_GDP,S1311,B9,CY,1997,-7.9,,
ESTAT:GOV_10A_MAIN(1.0),21/07/26 11:00:00,A,PC_GDP,S1311,B9,CY,1998,-7.0,,
ESTAT:GOV_10A_MAIN(1.0),21/07/26 11:00:00,A,PC_GDP,S1311,B9,CY,1999,-7.1,,
ESTAT:GOV_10A_MAIN(1.0),21/07/26 11:00:00,A,PC_GDP,S1311,B9,CY,2000,-5.1,,
ESTAT:GOV_10A_MAIN(1.0),21/07/26 11:00:00,A,PC_GDP,S1311,B9,CY,2001,-5.3,,
ESTAT:GOV_10A_MAIN(1.0),21/07/26 11:00:00,A,PC_GDP,S1311,B9,CY,2002,-6.6,,
ESTAT:GOV_10A_MAIN(1.0),21/07/26 11:00:00,A,PC_GDP,S1311,B9,CY,2003,-8.2,,
ESTAT:GOV_10A_MAIN(1.0),21/07/26 11:00:00,A,PC_GDP,S1311,B9,CY,2004,-6.4,,
ESTAT:GOV_10A_MAIN(1.0),21/07/26 11:00:00,A,PC_GDP,S1311,B9,CY,2005,-4.8,,
ESTAT:GOV_10A_MAIN(1.0),21/07/26 11:00:00,A,PC_GDP,S1311,B9,CY,2006,-3.3,,
ESTAT:GOV_10A_MAIN(1.0),21/07/26 11:00:00,A,PC_GDP,S1311,B9,CY,2007,0.6,,
ESTAT:GOV_10A_MAIN(1.0),21/07/26 11:00:00,A,PC_GDP,S1311,B9,CY,2008,-2.2,,
ESTAT:GOV_10A_MAIN(1.0),21/07/26 11:00:00,A,PC_GDP,S1311,B9,CY,2009,-7.8,,
ESTAT:GOV_10A_MAIN(1.0),21/07/26 11:00:00,A,PC_GDP,S1311,B9,CY,2010,-6.8,,
ESTAT:GOV_10A_MAIN(1.0),21/07/26 11:00:00,A,PC_GDP,S1311,B9,CY,2011,-7.4,,
ESTAT:GOV_10A_MAIN(1.0),21/07/26 11:00:00,A,PC_GDP,S1311,B9,CY,2012,-15.8,,
ESTAT:GOV_10A_MAIN(1.0),21/07/26 11:00:00,A,PC_GDP,S1311,B9,CY,2013,-5.2,,
ESTAT:GOV_10A_MAIN(1.0),21/07/26 11:00:00,A,PC_GDP,S1311,B9,CY,2014,-8.6,,
ESTAT:GOV_10A_MAIN(1.0),21/07/26 11:00:00,A,PC_GDP,S1311,B9,CY,2015,-1.0,,
ESTAT:GOV_10A_MAIN(1.0),21/07/26 11:00:00,A,PC_GDP,S1311,B9,CY,2016,0.2,,
ESTAT:GOV_10A_MAIN(1.0),21/07/26 11:00:00,A,PC_GDP,S1311,B9,CY,2017,0.9,,
ESTAT:GOV_10A_MAIN(1.0),21/07/26 11:00:00,A,PC_GDP,S1311,B9,CY,2018,-5.7,,
ESTAT:GOV_10A_MAIN(1.0),21/07/26 11:00:00,A,PC_GDP,S1311,B9,CY,2019,-2.0,,
ESTAT:GOV_10A_MAIN(1.0),21/07/26 11:00:00,A,PC_GDP,S1311,B9,CY,2020,-7.2,,
ESTAT:GOV_10A_MAIN(1.0),21/07/26 11:00:00,A,PC_GDP,S1311,B9,CY,2021,-2.7,,
ESTAT:GOV_10A_MAIN(1.0),21/07/26 11:00:00,A,PC_GDP,S1311,B9,CY,2022,0.7,,
ESTAT:GOV_10A_MAIN(1.0),21/07/26 11:00:00,A,PC_GDP,S1311,B9,CY,2023,-1.9,,
ESTAT:GOV_10A_MAIN(1.0),21/07/26 11:00:00,A,PC_GDP,S1311,B9,CY,2024,0.1,,
ESTAT:GOV_10A_MAIN(1.0),21/07/26 11:00:00,A,PC_GDP,S1311,B9,CY,2025,0.0,,
ESTAT:GOV_10A_MAIN(1.0),21/07/26 11:00:00,A,PC_GDP,S1311,B9,CZ,1995,-14.0,,
ESTAT:GOV_10A_MAIN(1.0),21/07/26 11:00:00,A,PC_GDP,S1311,B9,CZ,1996,-5.0,,
ESTAT:GOV_10A_MAIN(1.0),21/07/26 11:00:00,A,PC_GDP,S1311,B9,CZ,1997,-2.6,,
ESTAT:GOV_10A_MAIN(1.0),21/07/26 11:00:00,A,PC_GDP,S1311,B9,CZ,1998,-4.6,,
ESTAT:GOV_10A_MAIN(1.0),21/07/26 11:00:00,A,PC_GDP,S1311,B9,CZ,1999,-3.2,,
ESTAT:GOV_10A_MAIN(1.0),21/07/26 11:00:00,A,PC_GDP,S1311,B9,CZ,2000,-3.2,,
ESTAT:GOV_10A_MAIN(1.0),21/07/26 11:00:00,A,PC_GDP,S1311,B9,CZ,2001,-5.2,,
ESTAT:GOV_10A_MAIN(1.0),21/07/26 11:00:00,A,PC_GDP,S1311,B9,CZ,2002,-5.7,,
ESTAT:GOV_10A_MAIN(1.0),21/07/26 11:00:00,A,PC_GDP,S1311,B9,CZ,2003,-6.3,,
ESTAT:GOV_10A_MAIN(1.0),21/07/26 11:00:00,A,PC_GDP,S1311,B9,CZ,2004,-2.3,,
ESTAT:GOV_10A_MAIN(1.0),21/07/26 11:00:00,A,PC_GDP,S1311,B9,CZ,2005,-3.0,,
ESTAT:GOV_10A_MAIN(1.0),21/07/26 11:00:00,A,PC_GDP,S1311,B9,CZ,2006,-2.2,,
ESTAT:GOV_10A_MAIN(1.0),21/07/26 11:00:00,A,PC_GDP,S1311,B9,CZ,2007,-1.4,,
ESTAT:GOV_10A_MAIN(1.0),21/07/26 11:00:00,A,PC_GDP,S1311,B9,CZ,2008,-2.1,,
ESTAT:GOV_10A_MAIN(1.0),21/07/26 11:00:00,A,PC_GDP,S1311,B9,CZ,2009,-4.6,,
ESTAT:GOV_10A_MAIN(1.0),21/07/26 11:00:00,A,PC_GDP,S1311,B9,CZ,2010,-3.6,,
ESTAT:GOV_10A_MAIN(1.0),21/07/26 11:00:00,A,PC_GDP,S1311,B9,CZ,2011,-2.3,,
ESTAT:GOV_10A_MAIN(1.0),21/07/26 11:00:00,A,PC_GDP,S1311,B9,CZ,2012,-3.7,,
ESTAT:GOV_10A_MAIN(1.0),21/07/26 11:00:00,A,PC_GDP,S1311,B9,CZ,2013,-1.6,,
ESTAT:GOV_10A_MAIN(1.0),21/07/26 11:00:00,A,PC_GDP,S1311,B9,CZ,2014,-2.2,,
ESTAT:GOV_10A_MAIN(1.0),21/07/26 11:00:00,A,PC_GDP,S1311,B9,CZ,2015,-1.3,,
ESTAT:GOV_10A_MAIN(1.0),21/07/26 11:00:00,A,PC_GDP,S1311,B9,CZ,2016,-0.4,,
ESTAT:GOV_10A_MAIN(1.0),21/07/26 11:00:00,A,PC_GDP,S1311,B9,CZ,2017,0.5,,
ESTAT:GOV_10A_MAIN(1.0),21/07/26 11:00:00,A,PC_GDP,S1311,B9,CZ,2018,0.1,,
ESTAT:GOV_10A_MAIN(1.0),21/07/26 11:00:00,A,PC_GDP,S1311,B9,CZ,2019,-0.5,,
ESTAT:GOV_10A_MAIN(1.0),21/07/26 11:00:00,A,PC_GDP,S1311,B9,CZ,2020,-5.9,,
ESTAT:GOV_10A_MAIN(1.0),21/07/26 11:00:00,A,PC_GDP,S1311,B9,CZ,2021,-5.7,,
ESTAT:GOV_10A_MAIN(1.0),21/07/26 11:00:00,A,PC_GDP,S1311,B9,CZ,2022,-4.0,,
ESTAT:GOV_10A_MAIN(1.0),21/07/26 11:00:00,A,PC_GDP,S1311,B9,CZ,2023,-4.5,,
ESTAT:GOV_10A_MAIN(1.0),21/07/26 11:00:00,A,PC_GDP,S1311,B9,CZ,2024,-2.6,,
ESTAT:GOV_10A_MAIN(1.0),21/07/26 11:00:00,A,PC_GDP,S1311,B9,CZ,2025,-2.3,,
ESTAT:GOV_10A_MAIN(1.0),21/07/26 11:00:00,A,PC_GDP,S1311,B9,DE,1995,-7.5,,
ESTAT:GOV_10A_MAIN(1.0),21/07/26 11:00:00,A,PC_GDP,S1311,B9,DE,1996,-1.8,,
ESTAT:GOV_10A_MAIN(1.0),21/07/26 11:00:00,A,PC_GDP,S1311,B9,DE,1997,-1.6,,
ESTAT:GOV_10A_MAIN(1.0),21/07/26 11:00:00,A,PC_GDP,S1311,B9,DE,1998,-1.8,,
ESTAT:GOV_10A_MAIN(1.0),21/07/26 11:00:00,A,PC_GDP,S1311,B9,DE,1999,-1.4,,
ESTAT:GOV_10A_MAIN(1.0),21/07/26 11:00:00,A,PC_GDP,S1311,B9,DE,2000,-1.1,,
ESTAT:GOV_10A_MAIN(1.0),21/07/26 11:00:00,A,PC_GDP,S1311,B9,DE,2001,-1.1,,
ESTAT:GOV_10A_MAIN(1.0),21/07/26 11:00:00,A,PC_GDP,S1311,B9,DE,2002,-1.7,,
ESTAT:GOV_10A_MAIN(1.0),21/07/26 11:00:00,A,PC_GDP,S1311,B9,DE,2003,-1.4,,
ESTAT:GOV_10A_MAIN(1.0),21/07/26 11:00:00,A,PC_GDP,S1311,B9,DE,2004,-1.8,,
ESTAT:GOV_10A_MAIN(1.0),21/07/26 11:00:00,A,PC_GDP,S1311,B9,DE,2005,-2.0,,
ESTAT:GOV_10A_MAIN(1.0),21/07/26 11:00:00,A,PC_GDP,S1311,B9,DE,2006,-1.4,,
ESTAT:GOV_10A_MAIN(1.0),21/07/26 11:00:00,A,PC_GDP,S1311,B9,DE,2007,-0.6,,
ESTAT:GOV_10A_MAIN(1.0),21/07/26 11:00:00,A,PC_GDP,S1311,B9,DE,2008,-0.5,,
ESTAT:GOV_10A_MAIN(1.0),21/07/26 11:00:00,A,PC_GDP,S1311,B9,DE,2009,-1.5,,
ESTAT:GOV_10A_MAIN(1.0),21/07/26 11:00:00,A,PC_GDP,S1311,B9,DE,2010,-3.4,,
ESTAT:GOV_10A_MAIN(1.0),21/07/26 11:00:00,A,PC_GDP,S1311,B9,DE,2011,-0.9,,
ESTAT:GOV_10A_MAIN(1.0),21/07/26 11:00:00,A,PC_GDP,S1311,B9,DE,2012,-0.6,,
ESTAT:GOV_10A_MAIN(1.0),21/07/26 11:00:00,A,PC_GDP,S1311,B9,DE,2013,0.0,,
ESTAT:GOV_10A_MAIN(1.0),21/07/26 11:00:00,A,PC_GDP,S1311,B9,DE,2014,0.6,,
ESTAT:GOV_10A_MAIN(1.0),21/07/26 11:00:00,A,PC_GDP,S1311,B9,DE,2015,0.6,,
ESTAT:GOV_10A_MAIN(1.0),21/07/26 11:00:00,A,PC_GDP,S1311,B9,DE,2016,0.5,,
ESTAT:GOV_10A_MAIN(1.0),21/07/26 11:00:00,A,PC_GDP,S1311,B9,DE,2017,0.3,,
ESTAT:GOV_10A_MAIN(1.0),21/07/26 11:00:00,A,PC_GDP,S1311,B9,DE,2018,0.7,,
ESTAT:GOV_10A_MAIN(1.0),21/07/26 11:00:00,A,PC_GDP,S1311,B9,DE,2019,0.5,,
ESTAT:GOV_10A_MAIN(1.0),21/07/26 11:00:00,A,PC_GDP,S1311,B9,DE,2020,-2.6,,
ESTAT:GOV_10A_MAIN(1.0),21/07/26 11:00:00,A,PC_GDP,S1311,B9,DE,2021,-3.6,,
ESTAT:GOV_10A_MAIN(1.0),21/07/26 11:00:00,A,PC_GDP,S1311,B9,DE,2022,-2.8,,
ESTAT:GOV_10A_MAIN(1.0),21/07/26 11:00:00,A,PC_GDP,S1311,B9,DE,2023,-2.2,,
ESTAT:GOV_10A_MAIN(1.0),21/07/26 11:00:00,A,PC_GDP,S1311,B9,DE,2024,-1.4,,
ESTAT:GOV_10A_MAIN(1.0),21/07/26 11:00:00,A,PC_GDP,S1311,B9,DE,2025,-1.8,,
ESTAT:GOV_10A_MAIN(1.0),21/07/26 11:00:00,A,PC_GDP,S1311,B9,DK,1995,-3.7,,
ESTAT:GOV_10A_MAIN(1.0),21/07/26 11:00:00,A,PC_GDP,S1311,B9,DK,1996,-2.1,,
ESTAT:GOV_10A_MAIN(1.0),21/07/26 11:00:00,A,PC_GDP,S1311,B9,DK,1997,-1.0,,
ESTAT:GOV_10A_MAIN(1.0),21/07/26 11:00:00,A,PC_GDP,S1311,B9,DK,1998,-0.1,,
ESTAT:GOV_10A_MAIN(1.0),21/07/26 11:00:00,A,PC_GDP,S1311,B9,DK,1999,0.3,,
ESTAT:GOV_10A_MAIN(1.0),21/07/26 11:00:00,A,PC_GDP,S1311,B9,DK,2000,1.3,,
ESTAT:GOV_10A_MAIN(1.0),21/07/26 11:00:00,A,PC_GDP,S1311,B9,DK,2001,0.7,,
ESTAT:GOV_10A_MAIN(1.0),21/07/26 11:00:00,A,PC_GDP,S1311,B9,DK,2002,0.5,,
ESTAT:GOV_10A_MAIN(1.0),21/07/26 11:00:00,A,PC_GDP,S1311,B9,DK,2003,0.7,,
ESTAT:GOV_10A_MAIN(1.0),21/07/26 11:00:00,A,PC_GDP,S1311,B9,DK,2004,2.1,,
ESTAT:GOV_10A_MAIN(1.0),21/07/26 11:00:00,A,PC_GDP,S1311,B9,DK,2005,5.6,,
ESTAT:GOV_10A_MAIN(1.0),21/07/26 11:00:00,A,PC_GDP,S1311,B9,DK,2006,5.5,,
ESTAT:GOV_10A_MAIN(1.0),21/07/26 11:00:00,A,PC_GDP,S1311,B9,DK,2007,5.5,,
ESTAT:GOV_10A_MAIN(1.0),21/07/26 11:00:00,A,PC_GDP,S1311,B9,DK,2008,3.8,,
ESTAT:GOV_10A_MAIN(1.0),21/07/26 11:00:00,A,PC_GDP,S1311,B9,DK,2009,-2.1,,
ESTAT:GOV_10A_MAIN(1.0),21/07/26 11:00:00,A,PC_GDP,S1311,B9,DK,2010,-2.5,,
ESTAT:GOV_10A_MAIN(1.0),21/07/26 11:00:00,A,PC_GDP,S1311,B9,DK,2011,-1.9,,
ESTAT:GOV_10A_MAIN(1.0),21/07/26 11:00:00,A,PC_GDP,S1311,B9,DK,2012,-3.3,,
ESTAT:GOV_10A_MAIN(1.0),21/07/26 11:00:00,A,PC_GDP,S1311,B9,DK,2013,-1.2,,
ESTAT:GOV_10A_MAIN(1.0),21/07/26 11:00:00,A,PC_GDP,S1311,B9,DK,2014,1.2,,
ESTAT:GOV_10A_MAIN(1.0),21/07/26 11:00:00,A,PC_GDP,S1311,B9,DK,2015,-1.2,,
ESTAT:GOV_10A_MAIN(1.0),21/07/26 11:00:00,A,PC_GDP,S1311,B9,DK,2016,-0.1,,
ESTAT:GOV_10A_MAIN(1.0),21/07/26 11:00:00,A,PC_GDP,S1311,B9,DK,2017,1.5,,
ESTAT:GOV_10A_MAIN(1.0),21/07/26 11:00:00,A,PC_GDP,S1311,B9,DK,2018,0.8,,
ESTAT:GOV_10A_MAIN(1.0),21/07/26 11:00:00,A,PC_GDP,S1311,B9,DK,2019,4.1,,
ESTAT:GOV_10A_MAIN(1.0),21/07/26 11:00:00,A,PC_GDP,S1311,B9,DK,2020,0.1,,
ESTAT:GOV_10A_MAIN(1.0),21/07/26 11:00:00,A,PC_GDP,S1311,B9,DK,2021,3.8,,
ESTAT:GOV_10A_MAIN(1.0),21/07/26 11:00:00,A,PC_GDP,S1311,B9,DK,2022,3.3,,
ESTAT:GOV_10A_MAIN(1.0),21/07/26 11:00:00,A,PC_GDP,S1311,B9,DK,2023,3.3,,
ESTAT:GOV_10A_MAIN(1.0),21/07/26 11:00:00,A,PC_GDP,S1311,B9,DK,2024,3.8,,
ESTAT:GOV_10A_MAIN(1.0),21/07/26 11:00:00,A,PC_GDP,S1311,B9,DK,2025,2.9,,
ESTAT:GOV_10A_MAIN(1.0),21/07/26 11:00:00,A,PC_GDP,S1311,B9,EA19,1995,-6.4,,
ESTAT:GOV_10A_MAIN(1.0),21/07/26 11:00:00,A,PC_GDP,S1311,B9,EA19,1996,-3.6,,
ESTAT:GOV_10A_MAIN(1.0),21/07/26 11:00:00,A,PC_GDP,S1311,B9,EA19,1997,-2.6,,
ESTAT:GOV_10A_MAIN(1.0),21/07/26 11:00:00,A,PC_GDP,S1311,B9,EA19,1998,-2.2,,
ESTAT:GOV_10A_MAIN(1.0),21/07/26 11:00:00,A,PC_GDP,S1311,B9,EA19,1999,-1.8,,
ESTAT:GOV_10A_MAIN(1.0),21/07/26 11:00:00,A,PC_GDP,S1311,B9,EA19,2000,-1.5,,
ESTAT:GOV_10A_MAIN(1.0),21/07/26 11:00:00,A,PC_GDP,S1311,B9,EA19,2001,-1.7,,
ESTAT:GOV_10A_MAIN(1.0),21/07/26 11:00:00,A,PC_GDP,S1311,B9,EA19,2002,-2.2,,
ESTAT:GOV_10A_MAIN(1.0),21/07/26 11:00:00,A,PC_GDP,S1311,B9,EA19,2003,-2.4,,
ESTAT:GOV_10A_MAIN(1.0),21/07/26 11:00:00,A,PC_GDP,S1311,B9,EA19,2004,-2.4,,
ESTAT:GOV_10A_MAIN(1.0),21/07/26 11:00:00,A,PC_GDP,S1311,B9,EA19,2005,-2.2,,
ESTAT:GOV_10A_MAIN(1.0),21/07/26 11:00:00,A,PC_GDP,S1311,B9,EA19,2006,-1.6,,
ESTAT:GOV_10A_MAIN(1.0),21/07/26 11:00:00,A,PC_GDP,S1311,B9,EA19,2007,-1.2,,
ESTAT:GOV_10A_MAIN(1.0),21/07/26 11:00:00,A,PC_GDP,S1311,B9,EA19,2008,-2.3,,
ESTAT:GOV_10A_MAIN(1.0),21/07/26 11:00:00,A,PC_GDP,S1311,B9,EA19,2009,-5.0,,
ESTAT:GOV_10A_MAIN(1.0),21/07/26 11:00:00,A,PC_GDP,S1311,B9,EA19,2010,-5.0,,
ESTAT:GOV_10A_MAIN(1.0),21/07/26 11:00:00,A,PC_GDP,S1311,B9,EA19,2011,-3.3,,
ESTAT:GOV_10A_MAIN(1.0),21/07/26 11:00:00,A,PC_GDP,S1311,B9,EA19,2012,-3.6,,
ESTAT:GOV_10A_MAIN(1.0),21/07/26 11:00:00,A,PC_GDP,S1311,B9,EA19,2013,-2.8,,
ESTAT:GOV_10A_MAIN(1.0),21/07/26 11:00:00,A,PC_GDP,S1311,B9,EA19,2014,-2.2,,
ESTAT:GOV_10A_MAIN(1.0),21/07/26 11:00:00,A,PC_GDP,S1311,B9,EA19,2015,-1.9,,
ESTAT:GOV_10A_MAIN(1.0),21/07/26 11:00:00,A,PC_GDP,S1311,B9,EA19,2016,-1.7,,
ESTAT:GOV_10A_MAIN(1.0),21/07/26 11:00:00,A,PC_GDP,S1311,B9,EA19,2017,-1.4,,
ESTAT:GOV_10A_MAIN(1.0),21/07/26 11:00:00,A,PC_GDP,S1311,B9,EA19,2018,-1.0,,
ESTAT:GOV_10A_MAIN(1.0),21/07/26 11:00:00,A,PC_GDP,S1311,B9,EA19,2019,-0.9,,
ESTAT:GOV_10A_MAIN(1.0),21/07/26 11:00:00,A,PC_GDP,S1311,B9,EA19,2020,-5.7,,
ESTAT:GOV_10A_MAIN(1.0),21/07/26 11:00:00,A,PC_GDP,S1311,B9,EA19,2021,-5.1,,
ESTAT:GOV_10A_MAIN(1.0),21/07/26 11:00:00,A,PC_GDP,S1311,B9,EA19,2022,-3.7,,
ESTAT:GOV_10A_MAIN(1.0),21/07/26 11:00:00,A,PC_GDP,S1311,B9,EA19,2023,-3.5,,
ESTAT:GOV_10A_MAIN(1.0),21/07/26 11:00:00,A,PC_GDP,S1311,B9,EA19,2024,-2.6,,
ESTAT:GOV_10A_MAIN(1.0),21/07/26 11:00:00,A,PC_GDP,S1311,B9,EA19,2025,-2.6,,
ESTAT:GOV_10A_MAIN(1.0),21/07/26 11:00:00,A,PC_GDP,S1311,B9,EA20,1995,-6.4,,
ESTAT:GOV_10A_MAIN(1.0),21/07/26 11:00:00,A,PC_GDP,S1311,B9,EA20,1996,-3.6,,
ESTAT:GOV_10A_MAIN(1.0),21/07/26 11:00:00,A,PC_GDP,S1311,B9,EA20,1997,-2.6,,
ESTAT:GOV_10A_MAIN(1.0),21/07/26 11:00:00,A,PC_GDP,S1311,B9,EA20,1998,-2.2,,
ESTAT:GOV_10A_MAIN(1.0),21/07/26 11:00:00,A,PC_GDP,S1311,B9,EA20,1999,-1.8,,
ESTAT:GOV_10A_MAIN(1.0),21/07/26 11:00:00,A,PC_GDP,S1311,B9,EA20,2000,-1.5,,
ESTAT:GOV_10A_MAIN(1.0),21/07/26 11:00:00,A,PC_GDP,S1311,B9,EA20,2001,-1.7,,
ESTAT:GOV_10A_MAIN(1.0),21/07/26 11:00:00,A,PC_GDP,S1311,B9,EA20,2002,-2.2,,
ESTAT:GOV_10A_MAIN(1.0),21/07/26 11:00:00,A,PC_GDP,S1311,B9,EA20,2003,-2.4,,
ESTAT:GOV_10A_MAIN(1.0),21/07/26 11:00:00,A,PC_GDP,S1311,B9,EA20,2004,-2.4,,
ESTAT:GOV_10A_MAIN(1.0),21/07/26 11:00:00,A,PC_GDP,S1311,B9,EA20,2005,-2.2,,
ESTAT:GOV_10A_MAIN(1.0),21/07/26 11:00:00,A,PC_GDP,S1311,B9,EA20,2006,-1.6,,
ESTAT:GOV_10A_MAIN(1.0),21/07/26 11:00:00,A,PC_GDP,S1311,B9,EA20,2007,-1.2,,
ESTAT:GOV_10A_MAIN(1.0),21/07/26 11:00:00,A,PC_GDP,S1311,B9,EA20,2008,-2.3,,
ESTAT:GOV_10A_MAIN(1.0),21/07/26 11:00:00,A,PC_GDP,S1311,B9,EA20,2009,-5.0,,
ESTAT:GOV_10A_MAIN(1.0),21/07/26 11:00:00,A,PC_GDP,S1311,B9,EA20,2010,-5.0,,
ESTAT:GOV_10A_MAIN(1.0),21/07/26 11:00:00,A,PC_GDP,S1311,B9,EA20,2011,-3.3,,
ESTAT:GOV_10A_MAIN(1.0),21/07/26 11:00:00,A,PC_GDP,S1311,B9,EA20,2012,-3.6,,
ESTAT:GOV_10A_MAIN(1.0),21/07/26 11:00:00,A,PC_GDP,S1311,B9,EA20,2013,-2.8,,
ESTAT:GOV_10A_MAIN(1.0),21/07/26 11:00:00,A,PC_GDP,S1311,B9,EA20,2014,-2.2,,
ESTAT:GOV_10A_MAIN(1.0),21/07/26 11:00:00,A,PC_GDP,S1311,B9,EA20,2015,-1.9,,
ESTAT:GOV_10A_MAIN(1.0),21/07/26 11:00:00,A,PC_GDP,S1311,B9,EA20,2016,-1.7,,
ESTAT:GOV_10A_MAIN(1.0),21/07/26 11:00:00,A,PC_GDP,S1311,B9,EA20,2017,-1.4,,
ESTAT:GOV_10A_MAIN(1.0),21/07/26 11:00:00,A,PC_GDP,S1311,B9,EA20,2018,-1.0,,
ESTAT:GOV_10A_MAIN(1.0),21/07/26 11:00:00,A,PC_GDP,S1311,B9,EA20,2019,-0.9,,
ESTAT:GOV_10A_MAIN(1.0),21/07/26 11:00:00,A,PC_GDP,S1311,B9,EA20,2020,-5.7,,
ESTAT:GOV_10A_MAIN(1.0),21/07/26 11:00:00,A,PC_GDP,S1311,B9,EA20,2021,-5.1,,
ESTAT:GOV_10A_MAIN(1.0),21/07/26 11:00:00,A,PC_GDP,S1311,B9,EA20,2022,-3.7,,
ESTAT:GOV_10A_MAIN(1.0),21/07/26 11:00:00,A,PC_GDP,S1311,B9,EA20,2023,-3.5,,
ESTAT:GOV_10A_MAIN(1.0),21/07/26 11:00:00,A,PC_GDP,S1311,B9,EA20,2024,-2.6,,
ESTAT:GOV_10A_MAIN(1.0),21/07/26 11:00:00,A,PC_GDP,S1311,B9,EA20,2025,-2.6,,
ESTAT:GOV_10A_MAIN(1.0),21/07/26 11:00:00,A,PC_GDP,S1311,B9,EA21,1995,-6.4,,
ESTAT:GOV_10A_MAIN(1.0),21/07/26 11:00:00,A,PC_GDP,S1311,B9,EA21,1996,-3.6,,
ESTAT:GOV_10A_MAIN(1.0),21/07/26 11:00:00,A,PC_GDP,S1311,B9,EA21,1997,-2.6,,
ESTAT:GOV_10A_MAIN(1.0),21/07/26 11:00:00,A,PC_GDP,S1311,B9,EA21,1998,-2.2,,
ESTAT:GOV_10A_MAIN(1.0),21/07/26 11:00:00,A,PC_GDP,S1311,B9,EA21,1999,-1.8,,
ESTAT:GOV_10A_MAIN(1.0),21/07/26 11:00:00,A,PC_GDP,S1311,B9,EA21,2000,-1.5,,
ESTAT:GOV_10A_MAIN(1.0),21/07/26 11:00:00,A,PC_GDP,S1311,B9,EA21,2001,-1.7,,
ESTAT:GOV_10A_MAIN(1.0),21/07/26 11:00:00,A,PC_GDP,S1311,B9,EA21,2002,-2.2,,
ESTAT:GOV_10A_MAIN(1.0),21/07/26 11:00:00,A,PC_GDP,S1311,B9,EA21,2003,-2.4,,
ESTAT:GOV_10A_MAIN(1.0),21/07/26 11:00:00,A,PC_GDP,S1311,B9,EA21,2004,-2.4,,
ESTAT:GOV_10A_MAIN(1.0),21/07/26 11:00:00,A,PC_GDP,S1311,B9,EA21,2005,-2.2,,
ESTAT:GOV_10A_MAIN(1.0),21/07/26 11:00:00,A,PC_GDP,S1311,B9,EA21,2006,-1.5,,
ESTAT:GOV_10A_MAIN(1.0),21/07/26 11:00:00,A,PC_GDP,S1311,B9,EA21,2007,-1.2,,
ESTAT:GOV_10A_MAIN(1.0),21/07/26 11:00:00,A,PC_GDP,S1311,B9,EA21,2008,-2.3,,
ESTAT:GOV_10A_MAIN(1.0),21/07/26 11:00:00,A,PC_GDP,S1311,B9,EA21,2009,-5.0,,
ESTAT:GOV_10A_MAIN(1.0),21/07/26 11:00:00,A,PC_GDP,S1311,B9,EA21,2010,-5.0,,
ESTAT:GOV_10A_MAIN(1.0),21/07/26 11:00:00,A,PC_GDP,S1311,B9,EA21,2011,-3.3,,
ESTAT:GOV_10A_MAIN(1.0),21/07/26 11:00:00,A,PC_GDP,S1311,B9,EA21,2012,-3.6,,
ESTAT:GOV_10A_MAIN(1.0),21/07/26 11:00:00,A,PC_GDP,S1311,B9,EA21,2013,-2.8,,
ESTAT:GOV_10A_MAIN(1.0),21/07/26 11:00:00,A,PC_GDP,S1311,B9,EA21,2014,-2.2,,
ESTAT:GOV_10A_MAIN(1.0),21/07/26 11:00:00,A,PC_GDP,S1311,B9,EA21,2015,-1.9,,
ESTAT:GOV_10A_MAIN(1.0),21/07/26 11:00:00,A,PC_GDP,S1311,B9,EA21,2016,-1.7,,
ESTAT:GOV_10A_MAIN(1.0),21/07/26 11:00:00,A,PC_GDP,S1311,B9,EA21,2017,-1.4,,
ESTAT:GOV_10A_MAIN(1.0),21/07/26 11:00:00,A,PC_GDP,S1311,B9,EA21,2018,-1.0,,
ESTAT:GOV_10A_MAIN(1.0),21/07/26 11:00:00,A,PC_GDP,S1311,B9,EA21,2019,-0.8,,
ESTAT:GOV_10A_MAIN(1.0),21/07/26 11:00:00,A,PC_GDP,S1311,B9,EA21,2020,-5.7,,
ESTAT:GOV_10A_MAIN(1.0),21/07/26 11:00:00,A,PC_GDP,S1311,B9,EA21,2021,-5.1,,
ESTAT:GOV_10A_MAIN(1.0),21/07/26 11:00:00,A,PC_GDP,S1311,B9,EA21,2022,-3.7,,
ESTAT:GOV_10A_MAIN(1.0),21/07/26 11:00:00,A,PC_GDP,S1311,B9,EA21,2023,-3.5,,
ESTAT:GOV_10A_MAIN(1.0),21/07/26 11:00:00,A,PC_GDP,S1311,B9,EA21,2024,-2.6,,
ESTAT:GOV_10A_MAIN(1.0),21/07/26 11:00:00,A,PC_GDP,S1311,B9,EA21,2025,-2.6,,
ESTAT:GOV_10A_MAIN(1.0),21/07/26 11:00:00,A,PC_GDP,S1311,B9,EE,1995,0.4,,
ESTAT:GOV_10A_MAIN(1.0),21/07/26 11:00:00,A,PC_GDP,S1311,B9,EE,1996,-0.2,,
ESTAT:GOV_10A_MAIN(1.0),21/07/26 11:00:00,A,PC_GDP,S1311,B9,EE,1997,1.7,,
ESTAT:GOV_10A_MAIN(1.0),21/07/26 11:00:00,A,PC_GDP,S1311,B9,EE,1998,-0.5,,
ESTAT:GOV_10A_MAIN(1.0),21/07/26 11:00:00,A,PC_GDP,S1311,B9,EE,1999,-2.8,,
ESTAT:GOV_10A_MAIN(1.0),21/07/26 11:00:00,A,PC_GDP,S1311,B9,EE,2000,0.2,,
ESTAT:GOV_10A_MAIN(1.0),21/07/26 11:00:00,A,PC_GDP,S1311,B9,EE,2001,0.4,,
ESTAT:GOV_10A_MAIN(1.0),21/07/26 11:00:00,A,PC_GDP,S1311,B9,EE,2002,0.2,,
ESTAT:GOV_10A_MAIN(1.0),21/07/26 11:00:00,A,PC_GDP,S1311,B9,EE,2003,1.6,,
ESTAT:GOV_10A_MAIN(1.0),21/07/26 11:00:00,A,PC_GDP,S1311,B9,EE,2004,2.7,,
ESTAT:GOV_10A_MAIN(1.0),21/07/26 11:00:00,A,PC_GDP,S1311,B9,EE,2005,1.0,,
ESTAT:GOV_10A_MAIN(1.0),21/07/26 11:00:00,A,PC_GDP,S1311,B9,EE,2006,2.5,,
ESTAT:GOV_10A_MAIN(1.0),21/07/26 11:00:00,A,PC_GDP,S1311,B9,EE,2007,2.6,,
ESTAT:GOV_10A_MAIN(1.0),21/07/26 11:00:00,A,PC_GDP,S1311,B9,EE,2008,-2.2,,
ESTAT:GOV_10A_MAIN(1.0),21/07/26 11:00:00,A,PC_GDP,S1311,B9,EE,2009,-1.6,,
ESTAT:GOV_10A_MAIN(1.0),21/07/26 11:00:00,A,PC_GDP,S1311,B9,EE,2010,-1.2,,
ESTAT:GOV_10A_MAIN(1.0),21/07/26 11:00:00,A,PC_GDP,S1311,B9,EE,2011,-0.4,,
ESTAT:GOV_10A_MAIN(1.0),21/07/26 11:00:00,A,PC_GDP,S1311,B9,EE,2012,-0.8,,
ESTAT:GOV_10A_MAIN(1.0),21/07/26 11:00:00,A,PC_GDP,S1311,B9,EE,2013,-0.1,,
ESTAT:GOV_10A_MAIN(1.0),21/07/26 11:00:00,A,PC_GDP,S1311,B9,EE,2014,0.7,,
ESTAT:GOV_10A_MAIN(1.0),21/07/26 11:00:00,A,PC_GDP,S1311,B9,EE,2015,0.0,,
ESTAT:GOV_10A_MAIN(1.0),21/07/26 11:00:00,A,PC_GDP,S1311,B9,EE,2016,-0.2,,
ESTAT:GOV_10A_MAIN(1.0),21/07/26 11:00:00,A,PC_GDP,S1311,B9,EE,2017,-0.5,,
ESTAT:GOV_10A_MAIN(1.0),21/07/26 11:00:00,A,PC_GDP,S1311,B9,EE,2018,-1.0,,
ESTAT:GOV_10A_MAIN(1.0),21/07/26 11:00:00,A,PC_GDP,S1311,B9,EE,2019,-0.1,,
ESTAT:GOV_10A_MAIN(1.0),21/07/26 11:00:00,A,PC_GDP,S1311,B9,EE,2020,-4.2,,
ESTAT:GOV_10A_MAIN(1.0),21/07/26 11:00:00,A,PC_GDP,S1311,B9,EE,2021,-2.6,,
ESTAT:GOV_10A_MAIN(1.0),21/07/26 11:00:00,A,PC_GDP,S1311,B9,EE,2022,-1.1,,
ESTAT:GOV_10A_MAIN(1.0),21/07/26 11:00:00,A,PC_GDP,S1311,B9,EE,2023,-2.5,,
ESTAT:GOV_10A_MAIN(1.0),21/07/26 11:00:00,A,PC_GDP,S1311,B9,EE,2024,-0.8,,
ESTAT:GOV_10A_MAIN(1.0),21/07/26 11:00:00,A,PC_GDP,S1311,B9,EE,2025,-1.6,,
ESTAT:GOV_10A_MAIN(1.0),21/07/26 11:00:00,A,PC_GDP,S1311,B9,EL,1995,-11.7,,
ESTAT:GOV_10A_MAIN(1.0),21/07/26 11:00:00,A,PC_GDP,S1311,B9,EL,1996,-10.5,,
ESTAT:GOV_10A_MAIN(1.0),21/07/26 11:00:00,A,PC_GDP,S1311,B9,EL,1997,-8.2,,
ESTAT:GOV_10A_MAIN(1.0),21/07/26 11:00:00,A,PC_GDP,S1311,B9,EL,1998,-8.1,,
ESTAT:GOV_10A_MAIN(1.0),21/07/26 11:00:00,A,PC_GDP,S1311,B9,EL,1999,-7.7,,
ESTAT:GOV_10A_MAIN(1.0),21/07/26 11:00:00,A,PC_GDP,S1311,B9,EL,2000,-6.1,,
ESTAT:GOV_10A_MAIN(1.0),21/07/26 11:00:00,A,PC_GDP,S1311,B9,EL,2001,-7.3,,
ESTAT:GOV_10A_MAIN(1.0),21/07/26 11:00:00,A,PC_GDP,S1311,B9,EL,2002,-8.3,,
ESTAT:GOV_10A_MAIN(1.0),21/07/26 11:00:00,A,PC_GDP,S1311,B9,EL,2003,-10.2,,
ESTAT:GOV_10A_MAIN(1.0),21/07/26 11:00:00,A,PC_GDP,S1311,B9,EL,2004,-10.8,,
ESTAT:GOV_10A_MAIN(1.0),21/07/26 11:00:00,A,PC_GDP,S1311,B9,EL,2005,-7.4,,
ESTAT:GOV_10A_MAIN(1.0),21/07/26 11:00:00,A,PC_GDP,S1311,B9,EL,2006,-6.7,,
ESTAT:GOV_10A_MAIN(1.0),21/07/26 11:00:00,A,PC_GDP,S1311,B9,EL,2007,-7.4,,
ESTAT:GOV_10A_MAIN(1.0),21/07/26 11:00:00,A,PC_GDP,S1311,B9,EL,2008,-11.2,,
ESTAT:GOV_10A_MAIN(1.0),21/07/26 11:00:00,A,PC_GDP,S1311,B9,EL,2009,-15.4,,
ESTAT:GOV_10A_MAIN(1.0),21/07/26 11:00:00,A,PC_GDP,S1311,B9,EL,2010,-10.9,,
ESTAT:GOV_10A_MAIN(1.0),21/07/26 11:00:00,A,PC_GDP,S1311,B9,EL,2011,-9.5,,
ESTAT:GOV_10A_MAIN(1.0),21/07/26 11:00:00,A,PC_GDP,S1311,B9,EL,2012,-8.7,,
ESTAT:GOV_10A_MAIN(1.0),21/07/26 11:00:00,A,PC_GDP,S1311,B9,EL,2013,-15.8,,
ESTAT:GOV_10A_MAIN(1.0),21/07/26 11:00:00,A,PC_GDP,S1311,B9,EL,2014,-4.5,,
ESTAT:GOV_10A_MAIN(1.0),21/07/26 11:00:00,A,PC_GDP,S1311,B9,EL,2015,-5.6,,
ESTAT:GOV_10A_MAIN(1.0),21/07/26 11:00:00,A,PC_GDP,S1311,B9,EL,2016,-1.0,,
ESTAT:GOV_10A_MAIN(1.0),21/07/26 11:00:00,A,PC_GDP,S1311,B9,EL,2017,-1.1,,
ESTAT:GOV_10A_MAIN(1.0),21/07/26 11:00:00,A,PC_GDP,S1311,B9,EL,2018,-1.3,,
ESTAT:GOV_10A_MAIN(1.0),21/07/26 11:00:00,A,PC_GDP,S1311,B9,EL,2019,0.1,,
ESTAT:GOV_10A_MAIN(1.0),21/07/26 11:00:00,A,PC_GDP,S1311,B9,EL,2020,-10.3,,
ESTAT:GOV_10A_MAIN(1.0),21/07/26 11:00:00,A,PC_GDP,S1311,B9,EL,2021,-8.0,,
ESTAT:GOV_10A_MAIN(1.0),21/07/26 11:00:00,A,PC_GDP,S1311,B9,EL,2022,-3.7,,
ESTAT:GOV_10A_MAIN(1.0),21/07/26 11:00:00,A,PC_GDP,S1311,B9,EL,2023,-1.6,,
ESTAT:GOV_10A_MAIN(1.0),21/07/26 11:00:00,A,PC_GDP,S1311,B9,EL,2024,0.9,,
ESTAT:GOV_10A_MAIN(1.0),21/07/26 11:00:00,A,PC_GDP,S1311,B9,EL,2025,0.9,,
ESTAT:GOV_10A_MAIN(1.0),21/07/26 11:00:00,A,PC_GDP,S1311,B9,ES,1995,-5.6,,
ESTAT:GOV_10A_MAIN(1.0),21/07/26 11:00:00,A,PC_GDP,S1311,B9,ES,1996,-4.2,,
ESTAT:GOV_10A_MAIN(1.0),21/07/26 11:00:00,A,PC_GDP,S1311,B9,ES,1997,-2.9,,
ESTAT:GOV_10A_MAIN(1.0),21/07/26 11:00:00,A,PC_GDP,S1311,B9,ES,1998,-2.0,,
ESTAT:GOV_10A_MAIN(1.0),21/07/26 11:00:00,A,PC_GDP,S1311,B9,ES,1999,-1.2,,
ESTAT:GOV_10A_MAIN(1.0),21/07/26 11:00:00,A,PC_GDP,S1311,B9,ES,2000,-1.2,,
ESTAT:GOV_10A_MAIN(1.0),21/07/26 11:00:00,A,PC_GDP,S1311,B9,ES,2001,-0.6,,
ESTAT:GOV_10A_MAIN(1.0),21/07/26 11:00:00,A,PC_GDP,S1311,B9,ES,2002,-0.5,,
ESTAT:GOV_10A_MAIN(1.0),21/07/26 11:00:00,A,PC_GDP,S1311,B9,ES,2003,-0.7,,
ESTAT:GOV_10A_MAIN(1.0),21/07/26 11:00:00,A,PC_GDP,S1311,B9,ES,2004,-1.0,,
ESTAT:GOV_10A_MAIN(1.0),21/07/26 11:00:00,A,PC_GDP,S1311,B9,ES,2005,0.5,,
ESTAT:GOV_10A_MAIN(1.0),21/07/26 11:00:00,A,PC_GDP,S1311,B9,ES,2006,0.8,,
ESTAT:GOV_10A_MAIN(1.0),21/07/26 11:00:00,A,PC_GDP,S1311,B9,ES,2007,1.2,,
ESTAT:GOV_10A_MAIN(1.0),21/07/26 11:00:00,A,PC_GDP,S1311,B9,ES,2008,-3.0,,
ESTAT:GOV_10A_MAIN(1.0),21/07/26 11:00:00,A,PC_GDP,S1311,B9,ES,2009,-9.4,,
ESTAT:GOV_10A_MAIN(1.0),21/07/26 11:00:00,A,PC_GDP,S1311,B9,ES,2010,-4.8,,
ESTAT:GOV_10A_MAIN(1.0),21/07/26 11:00:00,A,PC_GDP,S1311,B9,ES,2011,-3.6,,
ESTAT:GOV_10A_MAIN(1.0),21/07/26 11:00:00,A,PC_GDP,S1311,B9,ES,2012,-8.9,,
ESTAT:GOV_10A_MAIN(1.0),21/07/26 11:00:00,A,PC_GDP,S1311,B9,ES,2013,-5.3,,
ESTAT:GOV_10A_MAIN(1.0),21/07/26 11:00:00,A,PC_GDP,S1311,B9,ES,2014,-3.7,,
ESTAT:GOV_10A_MAIN(1.0),21/07/26 11:00:00,A,PC_GDP,S1311,B9,ES,2015,-2.8,,
ESTAT:GOV_10A_MAIN(1.0),21/07/26 11:00:00,A,PC_GDP,S1311,B9,ES,2016,-2.5,,
ESTAT:GOV_10A_MAIN(1.0),21/07/26 11:00:00,A,PC_GDP,S1311,B9,ES,2017,-1.9,,
ESTAT:GOV_10A_MAIN(1.0),21/07/26 11:00:00,A,PC_GDP,S1311,B9,ES,2018,-1.4,,
ESTAT:GOV_10A_MAIN(1.0),21/07/26 11:00:00,A,PC_GDP,S1311,B9,ES,2019,-1.5,,
ESTAT:GOV_10A_MAIN(1.0),21/07/26 11:00:00,A,PC_GDP,S1311,B9,ES,2020,-7.6,,
ESTAT:GOV_10A_MAIN(1.0),21/07/26 11:00:00,A,PC_GDP,S1311,B9,ES,2021,-6.0,,
ESTAT:GOV_10A_MAIN(1.0),21/07/26 11:00:00,A,PC_GDP,S1311,B9,ES,2022,-3.0,,
ESTAT:GOV_10A_MAIN(1.0),21/07/26 11:00:00,A,PC_GDP,S1311,B9,ES,2023,-2.0,,
ESTAT:GOV_10A_MAIN(1.0),21/07/26 11:00:00,A,PC_GDP,S1311,B9,ES,2024,-2.9,,
ESTAT:GOV_10A_MAIN(1.0),21/07/26 11:00:00,A,PC_GDP,S1311,B9,ES,2025,-2.0,,
ESTAT:GOV_10A_MAIN(1.0),21/07/26 11:00:00,A,PC_GDP,S1311,B9,EU27_2020,1995,-6.4,,
ESTAT:GOV_10A_MAIN(1.0),21/07/26 11:00:00,A,PC_GDP,S1311,B9,EU27_2020,1996,-3.6,,
ESTAT:GOV_10A_MAIN(1.0),21/07/26 11:00:00,A,PC_GDP,S1311,B9,EU27_2020,1997,-2.6,,
ESTAT:GOV_10A_MAIN(1.0),21/07/26 11:00:00,A,PC_GDP,S1311,B9,EU27_2020,1998,-2.1,,
ESTAT:GOV_10A_MAIN(1.0),21/07/26 11:00:00,A,PC_GDP,S1311,B9,EU27_2020,1999,-1.6,,
ESTAT:GOV_10A_MAIN(1.0),21/07/26 11:00:00,A,PC_GDP,S1311,B9,EU27_2020,2000,-1.4,,
ESTAT:GOV_10A_MAIN(1.0),21/07/26 11:00:00,A,PC_GDP,S1311,B9,EU27_2020,2001,-1.5,,
ESTAT:GOV_10A_MAIN(1.0),21/07/26 11:00:00,A,PC_GDP,S1311,B9,EU27_2020,2002,-2.2,,
ESTAT:GOV_10A_MAIN(1.0),21/07/26 11:00:00,A,PC_GDP,S1311,B9,EU27_2020,2003,-2.5,,
ESTAT:GOV_10A_MAIN(1.0),21/07/26 11:00:00,A,PC_GDP,S1311,B9,EU27_2020,2004,-2.3,,
ESTAT:GOV_10A_MAIN(1.0),21/07/26 11:00:00,A,PC_GDP,S1311,B9,EU27_2020,2005,-2.0,,
ESTAT:GOV_10A_MAIN(1.0),21/07/26 11:00:00,A,PC_GDP,S1311,B9,EU27_2020,2006,-1.5,,
ESTAT:GOV_10A_MAIN(1.0),21/07/26 11:00:00,A,PC_GDP,S1311,B9,EU27_2020,2007,-1.0,,
ESTAT:GOV_10A_MAIN(1.0),21/07/26 11:00:00,A,PC_GDP,S1311,B9,EU27_2020,2008,-2.1,,
ESTAT:GOV_10A_MAIN(1.0),21/07/26 11:00:00,A,PC_GDP,S1311,B9,EU27_2020,2009,-4.8,,
ESTAT:GOV_10A_MAIN(1.0),21/07/26 11:00:00,A,PC_GDP,S1311,B9,EU27_2020,2010,-4.8,,
ESTAT:GOV_10A_MAIN(1.0),21/07/26 11:00:00,A,PC_GDP,S1311,B9,EU27_2020,2011,-3.2,,
ESTAT:GOV_10A_MAIN(1.0),21/07/26 11:00:00,A,PC_GDP,S1311,B9,EU27_2020,2012,-3.5,,
ESTAT:GOV_10A_MAIN(1.0),21/07/26 11:00:00,A,PC_GDP,S1311,B9,EU27_2020,2013,-2.8,,
ESTAT:GOV_10A_MAIN(1.0),21/07/26 11:00:00,A,PC_GDP,S1311,B9,EU27_2020,2014,-2.1,,
ESTAT:GOV_10A_MAIN(1.0),21/07/26 11:00:00,A,PC_GDP,S1311,B9,EU27_2020,2015,-1.8,,
ESTAT:GOV_10A_MAIN(1.0),21/07/26 11:00:00,A,PC_GDP,S1311,B9,EU27_2020,2016,-1.5,,
ESTAT:GOV_10A_MAIN(1.0),21/07/26 11:00:00,A,PC_GDP,S1311,B9,EU27_2020,2017,-1.3,,
ESTAT:GOV_10A_MAIN(1.0),21/07/26 11:00:00,A,PC_GDP,S1311,B9,EU27_2020,2018,-0.9,,
ESTAT:GOV_10A_MAIN(1.0),21/07/26 11:00:00,A,PC_GDP,S1311,B9,EU27_2020,2019,-0.7,,
ESTAT:GOV_10A_MAIN(1.0),21/07/26 11:00:00,A,PC_GDP,S1311,B9,EU27_2020,2020,-5.6,,
ESTAT:GOV_10A_MAIN(1.0),21/07/26 11:00:00,A,PC_GDP,S1311,B9,EU27_2020,2021,-4.6,,
ESTAT:GOV_10A_MAIN(1.0),21/07/26 11:00:00,A,PC_GDP,S1311,B9,EU27_2020,2022,-3.4,,
ESTAT:GOV_10A_MAIN(1.0),21/07/26 11:00:00,A,PC_GDP,S1311,B9,EU27_2020,2023,-3.4,,
ESTAT:GOV_10A_MAIN(1.0),21/07/26 11:00:00,A,PC_GDP,S1311,B9,EU27_2020,2024,-2.8,,
ESTAT:GOV_10A_MAIN(1.0),21/07/26 11:00:00,A,PC_GDP,S1311,B9,EU27_2020,2025,-2.8,,
ESTAT:GOV_10A_MAIN(1.0),21/07/26 11:00:00,A,PC_GDP,S1311,B9,FI,1995,-11.0,,
ESTAT:GOV_10A_MAIN(1.0),21/07/26 11:00:00,A,PC_GDP,S1311,B9,FI,1996,-7.5,,
ESTAT:GOV_10A_MAIN(1.0),21/07/26 11:00:00,A,PC_GDP,S1311,B9,FI,1997,-3.6,,
ESTAT:GOV_10A_MAIN(1.0),21/07/26 11:00:00,A,PC_GDP,S1311,B9,FI,1998,-1.4,,
ESTAT:GOV_10A_MAIN(1.0),21/07/26 11:00:00,A,PC_GDP,S1311,B9,FI,1999,-1.1,,
ESTAT:GOV_10A_MAIN(1.0),21/07/26 11:00:00,A,PC_GDP,S1311,B9,FI,2000,2.6,,
ESTAT:GOV_10A_MAIN(1.0),21/07/26 11:00:00,A,PC_GDP,S1311,B9,FI,2001,1.4,,
ESTAT:GOV_10A_MAIN(1.0),21/07/26 11:00:00,A,PC_GDP,S1311,B9,FI,2002,0.9,,
ESTAT:GOV_10A_MAIN(1.0),21/07/26 11:00:00,A,PC_GDP,S1311,B9,FI,2003,0.1,,
ESTAT:GOV_10A_MAIN(1.0),21/07/26 11:00:00,A,PC_GDP,S1311,B9,FI,2004,-0.1,,
ESTAT:GOV_10A_MAIN(1.0),21/07/26 11:00:00,A,PC_GDP,S1311,B9,FI,2005,0.0,,
ESTAT:GOV_10A_MAIN(1.0),21/07/26 11:00:00,A,PC_GDP,S1311,B9,FI,2006,-0.2,,
ESTAT:GOV_10A_MAIN(1.0),21/07/26 11:00:00,A,PC_GDP,S1311,B9,FI,2007,0.9,,
ESTAT:GOV_10A_MAIN(1.0),21/07/26 11:00:00,A,PC_GDP,S1311,B9,FI,2008,0.5,,
ESTAT:GOV_10A_MAIN(1.0),21/07/26 11:00:00,A,PC_GDP,S1311,B9,FI,2009,-4.5,,
ESTAT:GOV_10A_MAIN(1.0),21/07/26 11:00:00,A,PC_GDP,S1311,B9,FI,2010,-5.3,,
ESTAT:GOV_10A_MAIN(1.0),21/07/26 11:00:00,A,PC_GDP,S1311,B9,FI,2011,-3.2,,
ESTAT:GOV_10A_MAIN(1.0),21/07/26 11:00:00,A,PC_GDP,S1311,B9,FI,2012,-3.7,,
ESTAT:GOV_10A_MAIN(1.0),21/07/26 11:00:00,A,PC_GDP,S1311,B9,FI,2013,-3.7,,
ESTAT:GOV_10A_MAIN(1.0),21/07/26 11:00:00,A,PC_GDP,S1311,B9,FI,2014,-3.8,,
ESTAT:GOV_10A_MAIN(1.0),21/07/26 11:00:00,A,PC_GDP,S1311,B9,FI,2015,-3.0,,
ESTAT:GOV_10A_MAIN(1.0),21/07/26 11:00:00,A,PC_GDP,S1311,B9,FI,2016,-2.6,,
ESTAT:GOV_10A_MAIN(1.0),21/07/26 11:00:00,A,PC_GDP,S1311,B9,FI,2017,-1.8,,
ESTAT:GOV_10A_MAIN(1.0),21/07/26 11:00:00,A,PC_GDP,S1311,B9,FI,2018,-1.3,,
ESTAT:GOV_10A_MAIN(1.0),21/07/26 11:00:00,A,PC_GDP,S1311,B9,FI,2019,-1.1,,
ESTAT:GOV_10A_MAIN(1.0),21/07/26 11:00:00,A,PC_GDP,S1311,B9,FI,2020,-5.5,,
ESTAT:GOV_10A_MAIN(1.0),21/07/26 11:00:00,A,PC_GDP,S1311,B9,FI,2021,-3.3,,
ESTAT:GOV_10A_MAIN(1.0),21/07/26 11:00:00,A,PC_GDP,S1311,B9,FI,2022,-1.4,,
ESTAT:GOV_10A_MAIN(1.0),21/07/26 11:00:00,A,PC_GDP,S1311,B9,FI,2023,-3.4,,
ESTAT:GOV_10A_MAIN(1.0),21/07/26 11:00:00,A,PC_GDP,S1311,B9,FI,2024,-3.7,,
ESTAT:GOV_10A_MAIN(1.0),21/07/26 11:00:00,A,PC_GDP,S1311,B9,FI,2025,-4.2,,
ESTAT:GOV_10A_MAIN(1.0),21/07/26 11:00:00,A,PC_GDP,S1311,B9,FR,1995,-4.1,,
ESTAT:GOV_10A_MAIN(1.0),21/07/26 11:00:00,A,PC_GDP,S1311,B9,FR,1996,-3.4,,
ESTAT:GOV_10A_MAIN(1.0),21/07/26 11:00:00,A,PC_GDP,S1311,B9,FR,1997,-3.6,,
ESTAT:GOV_10A_MAIN(1.0),21/07/26 11:00:00,A,PC_GDP,S1311,B9,FR,1998,-2.6,,
ESTAT:GOV_10A_MAIN(1.0),21/07/26 11:00:00,A,PC_GDP,S1311,B9,FR,1999,-2.2,,
ESTAT:GOV_10A_MAIN(1.0),21/07/26 11:00:00,A,PC_GDP,S1311,B9,FR,2000,-2.2,,
ESTAT:GOV_10A_MAIN(1.0),21/07/26 11:00:00,A,PC_GDP,S1311,B9,FR,2001,-2.1,,
ESTAT:GOV_10A_MAIN(1.0),21/07/26 11:00:00,A,PC_GDP,S1311,B9,FR,2002,-3.5,,
ESTAT:GOV_10A_MAIN(1.0),21/07/26 11:00:00,A,PC_GDP,S1311,B9,FR,2003,-3.8,,
ESTAT:GOV_10A_MAIN(1.0),21/07/26 11:00:00,A,PC_GDP,S1311,B9,FR,2004,-2.7,,
ESTAT:GOV_10A_MAIN(1.0),21/07/26 11:00:00,A,PC_GDP,S1311,B9,FR,2005,-2.8,,
ESTAT:GOV_10A_MAIN(1.0),21/07/26 11:00:00,A,PC_GDP,S1311,B9,FR,2006,-2.5,,
ESTAT:GOV_10A_MAIN(1.0),21/07/26 11:00:00,A,PC_GDP,S1311,B9,FR,2007,-2.7,,
ESTAT:GOV_10A_MAIN(1.0),21/07/26 11:00:00,A,PC_GDP,S1311,B9,FR,2008,-3.6,,
ESTAT:GOV_10A_MAIN(1.0),21/07/26 11:00:00,A,PC_GDP,S1311,B9,FR,2009,-6.2,,
ESTAT:GOV_10A_MAIN(1.0),21/07/26 11:00:00,A,PC_GDP,S1311,B9,FR,2010,-5.8,,
ESTAT:GOV_10A_MAIN(1.0),21/07/26 11:00:00,A,PC_GDP,S1311,B9,FR,2011,-4.5,,
ESTAT:GOV_10A_MAIN(1.0),21/07/26 11:00:00,A,PC_GDP,S1311,B9,FR,2012,-4.2,,
ESTAT:GOV_10A_MAIN(1.0),21/07/26 11:00:00,A,PC_GDP,S1311,B9,FR,2013,-4.0,,
ESTAT:GOV_10A_MAIN(1.0),21/07/26 11:00:00,A,PC_GDP,S1311,B9,FR,2014,-3.9,,
ESTAT:GOV_10A_MAIN(1.0),21/07/26 11:00:00,A,PC_GDP,S1311,B9,FR,2015,-3.6,,
ESTAT:GOV_10A_MAIN(1.0),21/07/26 11:00:00,A,PC_GDP,S1311,B9,FR,2016,-3.7,,
ESTAT:GOV_10A_MAIN(1.0),21/07/26 11:00:00,A,PC_GDP,S1311,B9,FR,2017,-3.6,,
ESTAT:GOV_10A_MAIN(1.0),21/07/26 11:00:00,A,PC_GDP,S1311,B9,FR,2018,-2.8,,
ESTAT:GOV_10A_MAIN(1.0),21/07/26 11:00:00,A,PC_GDP,S1311,B9,FR,2019,-2.8,,
ESTAT:GOV_10A_MAIN(1.0),21/07/26 11:00:00,A,PC_GDP,S1311,B9,FR,2020,-6.7,,
ESTAT:GOV_10A_MAIN(1.0),21/07/26 11:00:00,A,PC_GDP,S1311,B9,FR,2021,-5.8,,
ESTAT:GOV_10A_MAIN(1.0),21/07/26 11:00:00,A,PC_GDP,S1311,B9,FR,2022,-5.0,,
ESTAT:GOV_10A_MAIN(1.0),21/07/26 11:00:00,A,PC_GDP,S1311,B9,FR,2023,-5.4,,
ESTAT:GOV_10A_MAIN(1.0),21/07/26 11:00:00,A,PC_GDP,S1311,B9,FR,2024,-5.2,,
ESTAT:GOV_10A_MAIN(1.0),21/07/26 11:00:00,A,PC_GDP,S1311,B9,FR,2025,-4.3,,
ESTAT:GOV_10A_MAIN(1.0),21/07/26 11:00:00,A,PC_GDP,S1311,B9,HR,1995,-0.7,,
ESTAT:GOV_10A_MAIN(1.0),21/07/26 11:00:00,A,PC_GDP,S1311,B9,HR,1996,-4.9,,
ESTAT:GOV_10A_MAIN(1.0),21/07/26 11:00:00,A,PC_GDP,S1311,B9,HR,1997,0.9,,
ESTAT:GOV_10A_MAIN(1.0),21/07/26 11:00:00,A,PC_GDP,S1311,B9,HR,1998,-1.1,,
ESTAT:GOV_10A_MAIN(1.0),21/07/26 11:00:00,A,PC_GDP,S1311,B9,HR,1999,-6.6,,
ESTAT:GOV_10A_MAIN(1.0),21/07/26 11:00:00,A,PC_GDP,S1311,B9,HR,2000,-8.0,,
ESTAT:GOV_10A_MAIN(1.0),21/07/26 11:00:00,A,PC_GDP,S1311,B9,HR,2001,-4.8,,
ESTAT:GOV_10A_MAIN(1.0),21/07/26 11:00:00,A,PC_GDP,S1311,B9,HR,2002,-3.4,,
ESTAT:GOV_10A_MAIN(1.0),21/07/26 11:00:00,A,PC_GDP,S1311,B9,HR,2003,-4.2,,
ESTAT:GOV_10A_MAIN(1.0),21/07/26 11:00:00,A,PC_GDP,S1311,B9,HR,2004,-5.1,,
ESTAT:GOV_10A_MAIN(1.0),21/07/26 11:00:00,A,PC_GDP,S1311,B9,HR,2005,-2.4,,
ESTAT:GOV_10A_MAIN(1.0),21/07/26 11:00:00,A,PC_GDP,S1311,B9,HR,2006,-1.7,,
ESTAT:GOV_10A_MAIN(1.0),21/07/26 11:00:00,A,PC_GDP,S1311,B9,HR,2007,-2.2,,
ESTAT:GOV_10A_MAIN(1.0),21/07/26 11:00:00,A,PC_GDP,S1311,B9,HR,2008,-2.2,,
ESTAT:GOV_10A_MAIN(1.0),21/07/26 11:00:00,A,PC_GDP,S1311,B9,HR,2009,-6.2,,
ESTAT:GOV_10A_MAIN(1.0),21/07/26 11:00:00,A,PC_GDP,S1311,B9,HR,2010,-6.6,,
ESTAT:GOV_10A_MAIN(1.0),21/07/26 11:00:00,A,PC_GDP,S1311,B9,HR,2011,-7.3,,
ESTAT:GOV_10A_MAIN(1.0),21/07/26 11:00:00,A,PC_GDP,S1311,B9,HR,2012,-5.1,,
ESTAT:GOV_10A_MAIN(1.0),21/07/26 11:00:00,A,PC_GDP,S1311,B9,HR,2013,-6.0,,
ESTAT:GOV_10A_MAIN(1.0),21/07/26 11:00:00,A,PC_GDP,S1311,B9,HR,2014,-4.8,,
ESTAT:GOV_10A_MAIN(1.0),21/07/26 11:00:00,A,PC_GDP,S1311,B9,HR,2015,-3.1,,
ESTAT:GOV_10A_MAIN(1.0),21/07/26 11:00:00,A,PC_GDP,S1311,B9,HR,2016,-1.2,,
ESTAT:GOV_10A_MAIN(1.0),21/07/26 11:00:00,A,PC_GDP,S1311,B9,HR,2017,0.5,,
ESTAT:GOV_10A_MAIN(1.0),21/07/26 11:00:00,A,PC_GDP,S1311,B9,HR,2018,0.0,,
ESTAT:GOV_10A_MAIN(1.0),21/07/26 11:00:00,A,PC_GDP,S1311,B9,HR,2019,0.5,,
ESTAT:GOV_10A_MAIN(1.0),21/07/26 11:00:00,A,PC_GDP,S1311,B9,HR,2020,-6.2,,
ESTAT:GOV_10A_MAIN(1.0),21/07/26 11:00:00,A,PC_GDP,S1311,B9,HR,2021,-2.7,,
ESTAT:GOV_10A_MAIN(1.0),21/07/26 11:00:00,A,PC_GDP,S1311,B9,HR,2022,-0.6,,
ESTAT:GOV_10A_MAIN(1.0),21/07/26 11:00:00,A,PC_GDP,S1311,B9,HR,2023,-1.5,,
ESTAT:GOV_10A_MAIN(1.0),21/07/26 11:00:00,A,PC_GDP,S1311,B9,HR,2024,-2.6,,
ESTAT:GOV_10A_MAIN(1.0),21/07/26 11:00:00,A,PC_GDP,S1311,B9,HR,2025,-2.5,,
ESTAT:GOV_10A_MAIN(1.0),21/07/26 11:00:00,A,PC_GDP,S1311,B9,HU,1995,-8.7,,
ESTAT:GOV_10A_MAIN(1.0),21/07/26 11:00:00,A,PC_GDP,S1311,B9,HU,1996,-5.3,,
ESTAT:GOV_10A_MAIN(1.0),21/07/26 11:00:00,A,PC_GDP,S1311,B9,HU,1997,-5.6,,
ESTAT:GOV_10A_MAIN(1.0),21/07/26 11:00:00,A,PC_GDP,S1311,B9,HU,1998,-6.8,,
ESTAT:GOV_10A_MAIN(1.0),21/07/26 11:00:00,A,PC_GDP,S1311,B9,HU,1999,-5.1,,
ESTAT:GOV_10A_MAIN(1.0),21/07/26 11:00:00,A,PC_GDP,S1311,B9,HU,2000,-2.7,,
ESTAT:GOV_10A_MAIN(1.0),21/07/26 11:00:00,A,PC_GDP,S1311,B9,HU,2001,-4.6,,
ESTAT:GOV_10A_MAIN(1.0),21/07/26 11:00:00,A,PC_GDP,S1311,B9,HU,2002,-7.6,,
ESTAT:GOV_10A_MAIN(1.0),21/07/26 11:00:00,A,PC_GDP,S1311,B9,HU,2003,-5.8,,
ESTAT:GOV_10A_MAIN(1.0),21/07/26 11:00:00,A,PC_GDP,S1311,B9,HU,2004,-6.0,,
ESTAT:GOV_10A_MAIN(1.0),21/07/26 11:00:00,A,PC_GDP,S1311,B9,HU,2005,-7.1,,
ESTAT:GOV_10A_MAIN(1.0),21/07/26 11:00:00,A,PC_GDP,S1311,B9,HU,2006,-10.0,,
ESTAT:GOV_10A_MAIN(1.0),21/07/26 11:00:00,A,PC_GDP,S1311,B9,HU,2007,-5.7,,
ESTAT:GOV_10A_MAIN(1.0),21/07/26 11:00:00,A,PC_GDP,S1311,B9,HU,2008,-3.6,,
ESTAT:GOV_10A_MAIN(1.0),21/07/26 11:00:00,A,PC_GDP,S1311,B9,HU,2009,-4.0,,
ESTAT:GOV_10A_MAIN(1.0),21/07/26 11:00:00,A,PC_GDP,S1311,B9,HU,2010,-3.8,,
ESTAT:GOV_10A_MAIN(1.0),21/07/26 11:00:00,A,PC_GDP,S1311,B9,HU,2011,-5.8,,
ESTAT:GOV_10A_MAIN(1.0),21/07/26 11:00:00,A,PC_GDP,S1311,B9,HU,2012,-2.8,,
ESTAT:GOV_10A_MAIN(1.0),21/07/26 11:00:00,A,PC_GDP,S1311,B9,HU,2013,-5.5,,
ESTAT:GOV_10A_MAIN(1.0),21/07/26 11:00:00,A,PC_GDP,S1311,B9,HU,2014,-4.2,,
ESTAT:GOV_10A_MAIN(1.0),21/07/26 11:00:00,A,PC_GDP,S1311,B9,HU,2015,-2.2,,
ESTAT:GOV_10A_MAIN(1.0),21/07/26 11:00:00,A,PC_GDP,S1311,B9,HU,2016,-2.0,,
ESTAT:GOV_10A_MAIN(1.0),21/07/26 11:00:00,A,PC_GDP,S1311,B9,HU,2017,-2.4,,
ESTAT:GOV_10A_MAIN(1.0),21/07/26 11:00:00,A,PC_GDP,S1311,B9,HU,2018,-2.3,,
ESTAT:GOV_10A_MAIN(1.0),21/07/26 11:00:00,A,PC_GDP,S1311,B9,HU,2019,-1.6,,
ESTAT:GOV_10A_MAIN(1.0),21/07/26 11:00:00,A,PC_GDP,S1311,B9,HU,2020,-6.7,,
ESTAT:GOV_10A_MAIN(1.0),21/07/26 11:00:00,A,PC_GDP,S1311,B9,HU,2021,-7.8,,
ESTAT:GOV_10A_MAIN(1.0),21/07/26 11:00:00,A,PC_GDP,S1311,B9,HU,2022,-6.1,,
ESTAT:GOV_10A_MAIN(1.0),21/07/26 11:00:00,A,PC_GDP,S1311,B9,HU,2023,-6.9,,
ESTAT:GOV_10A_MAIN(1.0),21/07/26 11:00:00,A,PC_GDP,S1311,B9,HU,2024,-4.9,,
ESTAT:GOV_10A_MAIN(1.0),21/07/26 11:00:00,A,PC_GDP,S1311,B9,HU,2025,-4.8,,
ESTAT:GOV_10A_MAIN(1.0),21/07/26 11:00:00,A,PC_GDP,S1311,B9,IE,1995,-2.0,,
ESTAT:GOV_10A_MAIN(1.0),21/07/26 11:00:00,A,PC_GDP,S1311,B9,IE,1996,-0.1,,
ESTAT:GOV_10A_MAIN(1.0),21/07/26 11:00:00,A,PC_GDP,S1311,B9,IE,1997,1.4,,
ESTAT:GOV_10A_MAIN(1.0),21/07/26 11:00:00,A,PC_GDP,S1311,B9,IE,1998,2.2,,
ESTAT:GOV_10A_MAIN(1.0),21/07/26 11:00:00,A,PC_GDP,S1311,B9,IE,1999,3.3,,
ESTAT:GOV_10A_MAIN(1.0),21/07/26 11:00:00,A,PC_GDP,S1311,B9,IE,2000,4.4,,
ESTAT:GOV_10A_MAIN(1.0),21/07/26 11:00:00,A,PC_GDP,S1311,B9,IE,2001,0.8,,
ESTAT:GOV_10A_MAIN(1.0),21/07/26 11:00:00,A,PC_GDP,S1311,B9,IE,2002,0.0,,
ESTAT:GOV_10A_MAIN(1.0),21/07/26 11:00:00,A,PC_GDP,S1311,B9,IE,2003,-0.1,,
ESTAT:GOV_10A_MAIN(1.0),21/07/26 11:00:00,A,PC_GDP,S1311,B9,IE,2004,1.0,,
ESTAT:GOV_10A_MAIN(1.0),21/07/26 11:00:00,A,PC_GDP,S1311,B9,IE,2005,1.1,,
ESTAT:GOV_10A_MAIN(1.0),21/07/26 11:00:00,A,PC_GDP,S1311,B9,IE,2006,2.3,,
ESTAT:GOV_10A_MAIN(1.0),21/07/26 11:00:00,A,PC_GDP,S1311,B9,IE,2007,0.2,,
ESTAT:GOV_10A_MAIN(1.0),21/07/26 11:00:00,A,PC_GDP,S1311,B9,IE,2008,-6.5,,
ESTAT:GOV_10A_MAIN(1.0),21/07/26 11:00:00,A,PC_GDP,S1311,B9,IE,2009,-12.4,,
ESTAT:GOV_10A_MAIN(1.0),21/07/26 11:00:00,A,PC_GDP,S1311,B9,IE,2010,-31.5,,
ESTAT:GOV_10A_MAIN(1.0),21/07/26 11:00:00,A,PC_GDP,S1311,B9,IE,2011,-13.1,,
ESTAT:GOV_10A_MAIN(1.0),21/07/26 11:00:00,A,PC_GDP,S1311,B9,IE,2012,-8.3,,
ESTAT:GOV_10A_MAIN(1.0),21/07/26 11:00:00,A,PC_GDP,S1311,B9,IE,2013,-6.2,,
ESTAT:GOV_10A_MAIN(1.0),21/07/26 11:00:00,A,PC_GDP,S1311,B9,IE,2014,-3.7,,
ESTAT:GOV_10A_MAIN(1.0),21/07/26 11:00:00,A,PC_GDP,S1311,B9,IE,2015,-2.1,,
ESTAT:GOV_10A_MAIN(1.0),21/07/26 11:00:00,A,PC_GDP,S1311,B9,IE,2016,-1.0,,
ESTAT:GOV_10A_MAIN(1.0),21/07/26 11:00:00,A,PC_GDP,S1311,B9,IE,2017,-0.5,,
ESTAT:GOV_10A_MAIN(1.0),21/07/26 11:00:00,A,PC_GDP,S1311,B9,IE,2018,-0.2,,
ESTAT:GOV_10A_MAIN(1.0),21/07/26 11:00:00,A,PC_GDP,S1311,B9,IE,2019,0.1,,
ESTAT:GOV_10A_MAIN(1.0),21/07/26 11:00:00,A,PC_GDP,S1311,B9,IE,2020,-4.0,,
ESTAT:GOV_10A_MAIN(1.0),21/07/26 11:00:00,A,PC_GDP,S1311,B9,IE,2021,-1.1,,
ESTAT:GOV_10A_MAIN(1.0),21/07/26 11:00:00,A,PC_GDP,S1311,B9,IE,2022,1.4,,
ESTAT:GOV_10A_MAIN(1.0),21/07/26 11:00:00,A,PC_GDP,S1311,B9,IE,2023,1.1,,
ESTAT:GOV_10A_MAIN(1.0),21/07/26 11:00:00,A,PC_GDP,S1311,B9,IE,2024,3.8,,
ESTAT:GOV_10A_MAIN(1.0),21/07/26 11:00:00,A,PC_GDP,S1311,B9,IE,2025,1.2,,
ESTAT:GOV_10A_MAIN(1.0),21/07/26 11:00:00,A,PC_GDP,S1311,B9,IS,1998,0.2,,
ESTAT:GOV_10A_MAIN(1.0),21/07/26 11:00:00,A,PC_GDP,S1311,B9,IS,1999,1.6,,
ESTAT:GOV_10A_MAIN(1.0),21/07/26 11:00:00,A,PC_GDP,S1311,B9,IS,2000,1.5,,
ESTAT:GOV_10A_MAIN(1.0),21/07/26 11:00:00,A,PC_GDP,S1311,B9,IS,2001,0.0,,
ESTAT:GOV_10A_MAIN(1.0),21/07/26 11:00:00,A,PC_GDP,S1311,B9,IS,2002,-1.0,,
ESTAT:GOV_10A_MAIN(1.0),21/07/26 11:00:00,A,PC_GDP,S1311,B9,IS,2003,-1.3,,
ESTAT:GOV_10A_MAIN(1.0),21/07/26 11:00:00,A,PC_GDP,S1311,B9,IS,2004,1.2,,
ESTAT:GOV_10A_MAIN(1.0),21/07/26 11:00:00,A,PC_GDP,S1311,B9,IS,2005,4.5,,
ESTAT:GOV_10A_MAIN(1.0),21/07/26 11:00:00,A,PC_GDP,S1311,B9,IS,2006,5.5,,
ESTAT:GOV_10A_MAIN(1.0),21/07/26 11:00:00,A,PC_GDP,S1311,B9,IS,2007,4.1,,
ESTAT:GOV_10A_MAIN(1.0),21/07/26 11:00:00,A,PC_GDP,S1311,B9,IS,2008,-11.5,,
ESTAT:GOV_10A_MAIN(1.0),21/07/26 11:00:00,A,PC_GDP,S1311,B9,IS,2009,-7.0,,
ESTAT:GOV_10A_MAIN(1.0),21/07/26 11:00:00,A,PC_GDP,S1311,B9,IS,2010,-5.9,,
ESTAT:GOV_10A_MAIN(1.0),21/07/26 11:00:00,A,PC_GDP,S1311,B9,IS,2011,-6.5,,
ESTAT:GOV_10A_MAIN(1.0),21/07/26 11:00:00,A,PC_GDP,S1311,B9,IS,2012,-2.1,,
ESTAT:GOV_10A_MAIN(1.0),21/07/26 11:00:00,A,PC_GDP,S1311,B9,IS,2013,-1.1,,
ESTAT:GOV_10A_MAIN(1.0),21/07/26 11:00:00,A,PC_GDP,S1311,B9,IS,2014,1.2,,
ESTAT:GOV_10A_MAIN(1.0),21/07/26 11:00:00,A,PC_GDP,S1311,B9,IS,2015,0.2,,
ESTAT:GOV_10A_MAIN(1.0),21/07/26 11:00:00,A,PC_GDP,S1311,B9,IS,2016,12.2,,
ESTAT:GOV_10A_MAIN(1.0),21/07/26 11:00:00,A,PC_GDP,S1311,B9,IS,2017,2.2,,
ESTAT:GOV_10A_MAIN(1.0),21/07/26 11:00:00,A,PC_GDP,S1311,B9,IS,2018,1.3,,
ESTAT:GOV_10A_MAIN(1.0),21/07/26 11:00:00,A,PC_GDP,S1311,B9,IS,2019,-1.1,,
ESTAT:GOV_10A_MAIN(1.0),21/07/26 11:00:00,A,PC_GDP,S1311,B9,IS,2020,-8.1,,
ESTAT:GOV_10A_MAIN(1.0),21/07/26 11:00:00,A,PC_GDP,S1311,B9,IS,2021,-7.2,,
ESTAT:GOV_10A_MAIN(1.0),21/07/26 11:00:00,A,PC_GDP,S1311,B9,IS,2022,-2.9,,
ESTAT:GOV_10A_MAIN(1.0),21/07/26 11:00:00,A,PC_GDP,S1311,B9,IS,2023,-1.3,,
ESTAT:GOV_10A_MAIN(1.0),21/07/26 11:00:00,A,PC_GDP,S1311,B9,IS,2024,-3.5,,
ESTAT:GOV_10A_MAIN(1.0),21/07/26 11:00:00,A,PC_GDP,S1311,B9,IS,2025,-2.0,,
ESTAT:GOV_10A_MAIN(1.0),21/07/26 11:00:00,A,PC_GDP,S1311,B9,IT,1995,-7.3,,
ESTAT:GOV_10A_MAIN(1.0),21/07/26 11:00:00,A,PC_GDP,S1311,B9,IT,1996,-6.6,,
ESTAT:GOV_10A_MAIN(1.0),21/07/26 11:00:00,A,PC_GDP,S1311,B9,IT,1997,-2.6,,
ESTAT:GOV_10A_MAIN(1.0),21/07/26 11:00:00,A,PC_GDP,S1311,B9,IT,1998,-2.0,,
ESTAT:GOV_10A_MAIN(1.0),21/07/26 11:00:00,A,PC_GDP,S1311,B9,IT,1999,-2.0,,
ESTAT:GOV_10A_MAIN(1.0),21/07/26 11:00:00,A,PC_GDP,S1311,B9,IT,2000,-2.3,,
ESTAT:GOV_10A_MAIN(1.0),21/07/26 11:00:00,A,PC_GDP,S1311,B9,IT,2001,-2.9,,
ESTAT:GOV_10A_MAIN(1.0),21/07/26 11:00:00,A,PC_GDP,S1311,B9,IT,2002,-2.8,,
ESTAT:GOV_10A_MAIN(1.0),21/07/26 11:00:00,A,PC_GDP,S1311,B9,IT,2003,-2.7,,
ESTAT:GOV_10A_MAIN(1.0),21/07/26 11:00:00,A,PC_GDP,S1311,B9,IT,2004,-3.0,,
ESTAT:GOV_10A_MAIN(1.0),21/07/26 11:00:00,A,PC_GDP,S1311,B9,IT,2005,-3.6,,
ESTAT:GOV_10A_MAIN(1.0),21/07/26 11:00:00,A,PC_GDP,S1311,B9,IT,2006,-2.8,,
ESTAT:GOV_10A_MAIN(1.0),21/07/26 11:00:00,A,PC_GDP,S1311,B9,IT,2007,-1.8,,
ESTAT:GOV_10A_MAIN(1.0),21/07/26 11:00:00,A,PC_GDP,S1311,B9,IT,2008,-2.6,,
ESTAT:GOV_10A_MAIN(1.0),21/07/26 11:00:00,A,PC_GDP,S1311,B9,IT,2009,-4.6,,
ESTAT:GOV_10A_MAIN(1.0),21/07/26 11:00:00,A,PC_GDP,S1311,B9,IT,2010,-4.0,,
ESTAT:GOV_10A_MAIN(1.0),21/07/26 11:00:00,A,PC_GDP,S1311,B9,IT,2011,-3.5,,
ESTAT:GOV_10A_MAIN(1.0),21/07/26 11:00:00,A,PC_GDP,S1311,B9,IT,2012,-3.5,,
ESTAT:GOV_10A_MAIN(1.0),21/07/26 11:00:00,A,PC_GDP,S1311,B9,IT,2013,-3.1,,
ESTAT:GOV_10A_MAIN(1.0),21/07/26 11:00:00,A,PC_GDP,S1311,B9,IT,2014,-3.1,,
ESTAT:GOV_10A_MAIN(1.0),21/07/26 11:00:00,A,PC_GDP,S1311,B9,IT,2015,-3.0,,
ESTAT:GOV_10A_MAIN(1.0),21/07/26 11:00:00,A,PC_GDP,S1311,B9,IT,2016,-2.7,,
ESTAT:GOV_10A_MAIN(1.0),21/07/26 11:00:00,A,PC_GDP,S1311,B9,IT,2017,-2.9,,
ESTAT:GOV_10A_MAIN(1.0),21/07/26 11:00:00,A,PC_GDP,S1311,B9,IT,2018,-2.5,,
ESTAT:GOV_10A_MAIN(1.0),21/07/26 11:00:00,A,PC_GDP,S1311,B9,IT,2019,-1.7,,
ESTAT:GOV_10A_MAIN(1.0),21/07/26 11:00:00,A,PC_GDP,S1311,B9,IT,2020,-9.4,,
ESTAT:GOV_10A_MAIN(1.0),21/07/26 11:00:00,A,PC_GDP,S1311,B9,IT,2021,-9.0,,
ESTAT:GOV_10A_MAIN(1.0),21/07/26 11:00:00,A,PC_GDP,S1311,B9,IT,2022,-8.1,,
ESTAT:GOV_10A_MAIN(1.0),21/07/26 11:00:00,A,PC_GDP,S1311,B9,IT,2023,-7.6,,
ESTAT:GOV_10A_MAIN(1.0),21/07/26 11:00:00,A,PC_GDP,S1311,B9,IT,2024,-3.9,,
ESTAT:GOV_10A_MAIN(1.0),21/07/26 11:00:00,A,PC_GDP,S1311,B9,IT,2025,-3.5,,
ESTAT:GOV_10A_MAIN(1.0),21/07/26 11:00:00,A,PC_GDP,S1311,B9,LT,1995,-2.5,,
ESTAT:GOV_10A_MAIN(1.0),21/07/26 11:00:00,A,PC_GDP,S1311,B9,LT,1996,-3.5,,
ESTAT:GOV_10A_MAIN(1.0),21/07/26 11:00:00,A,PC_GDP,S1311,B9,LT,1997,-12.0,,
ESTAT:GOV_10A_MAIN(1.0),21/07/26 11:00:00,A,PC_GDP,S1311,B9,LT,1998,-3.5,,
ESTAT:GOV_10A_MAIN(1.0),21/07/26 11:00:00,A,PC_GDP,S1311,B9,LT,1999,-1.8,,
ESTAT:GOV_10A_MAIN(1.0),21/07/26 11:00:00,A,PC_GDP,S1311,B9,LT,2000,-2.6,,
ESTAT:GOV_10A_MAIN(1.0),21/07/26 11:00:00,A,PC_GDP,S1311,B9,LT,2001,-2.6,,
ESTAT:GOV_10A_MAIN(1.0),21/07/26 11:00:00,A,PC_GDP,S1311,B9,LT,2002,-2.2,,
ESTAT:GOV_10A_MAIN(1.0),21/07/26 11:00:00,A,PC_GDP,S1311,B9,LT,2003,-1.7,,
ESTAT:GOV_10A_MAIN(1.0),21/07/26 11:00:00,A,PC_GDP,S1311,B9,LT,2004,-2.2,,
ESTAT:GOV_10A_MAIN(1.0),21/07/26 11:00:00,A,PC_GDP,S1311,B9,LT,2005,-0.9,,
ESTAT:GOV_10A_MAIN(1.0),21/07/26 11:00:00,A,PC_GDP,S1311,B9,LT,2006,-0.6,,
ESTAT:GOV_10A_MAIN(1.0),21/07/26 11:00:00,A,PC_GDP,S1311,B9,LT,2007,-0.4,,
ESTAT:GOV_10A_MAIN(1.0),21/07/26 11:00:00,A,PC_GDP,S1311,B9,LT,2008,-1.9,,
ESTAT:GOV_10A_MAIN(1.0),21/07/26 11:00:00,A,PC_GDP,S1311,B9,LT,2009,-5.4,,
ESTAT:GOV_10A_MAIN(1.0),21/07/26 11:00:00,A,PC_GDP,S1311,B9,LT,2010,-4.5,,
ESTAT:GOV_10A_MAIN(1.0),21/07/26 11:00:00,A,PC_GDP,S1311,B9,LT,2011,-3.7,,
ESTAT:GOV_10A_MAIN(1.0),21/07/26 11:00:00,A,PC_GDP,S1311,B9,LT,2012,-1.2,,
ESTAT:GOV_10A_MAIN(1.0),21/07/26 11:00:00,A,PC_GDP,S1311,B9,LT,2013,-1.4,,
ESTAT:GOV_10A_MAIN(1.0),21/07/26 11:00:00,A,PC_GDP,S1311,B9,LT,2014,-0.7,,
ESTAT:GOV_10A_MAIN(1.0),21/07/26 11:00:00,A,PC_GDP,S1311,B9,LT,2015,-1.1,,
ESTAT:GOV_10A_MAIN(1.0),21/07/26 11:00:00,A,PC_GDP,S1311,B9,LT,2016,-0.5,,
ESTAT:GOV_10A_MAIN(1.0),21/07/26 11:00:00,A,PC_GDP,S1311,B9,LT,2017,-0.3,,
ESTAT:GOV_10A_MAIN(1.0),21/07/26 11:00:00,A,PC_GDP,S1311,B9,LT,2018,-8.4,,
ESTAT:GOV_10A_MAIN(1.0),21/07/26 11:00:00,A,PC_GDP,S1311,B9,LT,2019,-0.4,,
ESTAT:GOV_10A_MAIN(1.0),21/07/26 11:00:00,A,PC_GDP,S1311,B9,LT,2020,-7.1,,
ESTAT:GOV_10A_MAIN(1.0),21/07/26 11:00:00,A,PC_GDP,S1311,B9,LT,2021,-2.8,,
ESTAT:GOV_10A_MAIN(1.0),21/07/26 11:00:00,A,PC_GDP,S1311,B9,LT,2022,-2.4,,
ESTAT:GOV_10A_MAIN(1.0),21/07/26 11:00:00,A,PC_GDP,S1311,B9,LT,2023,-2.2,,
ESTAT:GOV_10A_MAIN(1.0),21/07/26 11:00:00,A,PC_GDP,S1311,B9,LT,2024,-2.5,,
ESTAT:GOV_10A_MAIN(1.0),21/07/26 11:00:00,A,PC_GDP,S1311,B9,LT,2025,-2.8,,
ESTAT:GOV_10A_MAIN(1.0),21/07/26 11:00:00,A,PC_GDP,S1311,B9,LU,1995,0.8,,
ESTAT:GOV_10A_MAIN(1.0),21/07/26 11:00:00,A,PC_GDP,S1311,B9,LU,1996,0.7,,
ESTAT:GOV_10A_MAIN(1.0),21/07/26 11:00:00,A,PC_GDP,S1311,B9,LU,1997,1.2,,
ESTAT:GOV_10A_MAIN(1.0),21/07/26 11:00:00,A,PC_GDP,S1311,B9,LU,1998,1.2,,
ESTAT:GOV_10A_MAIN(1.0),21/07/26 11:00:00,A,PC_GDP,S1311,B9,LU,1999,1.5,,
ESTAT:GOV_10A_MAIN(1.0),21/07/26 11:00:00,A,PC_GDP,S1311,B9,LU,2000,2.7,,
ESTAT:GOV_10A_MAIN(1.0),21/07/26 11:00:00,A,PC_GDP,S1311,B9,LU,2001,2.7,,
ESTAT:GOV_10A_MAIN(1.0),21/07/26 11:00:00,A,PC_GDP,S1311,B9,LU,2002,-0.2,,
ESTAT:GOV_10A_MAIN(1.0),21/07/26 11:00:00,A,PC_GDP,S1311,B9,LU,2003,-1.4,,
ESTAT:GOV_10A_MAIN(1.0),21/07/26 11:00:00,A,PC_GDP,S1311,B9,LU,2004,-2.7,,
ESTAT:GOV_10A_MAIN(1.0),21/07/26 11:00:00,A,PC_GDP,S1311,B9,LU,2005,-1.5,,
ESTAT:GOV_10A_MAIN(1.0),21/07/26 11:00:00,A,PC_GDP,S1311,B9,LU,2006,-0.1,,
ESTAT:GOV_10A_MAIN(1.0),21/07/26 11:00:00,A,PC_GDP,S1311,B9,LU,2007,1.6,,
ESTAT:GOV_10A_MAIN(1.0),21/07/26 11:00:00,A,PC_GDP,S1311,B9,LU,2008,0.2,,
ESTAT:GOV_10A_MAIN(1.0),21/07/26 11:00:00,A,PC_GDP,S1311,B9,LU,2009,-2.0,,
ESTAT:GOV_10A_MAIN(1.0),21/07/26 11:00:00,A,PC_GDP,S1311,B9,LU,2010,-2.1,,
ESTAT:GOV_10A_MAIN(1.0),21/07/26 11:00:00,A,PC_GDP,S1311,B9,LU,2011,-1.5,,
ESTAT:GOV_10A_MAIN(1.0),21/07/26 11:00:00,A,PC_GDP,S1311,B9,LU,2012,-1.8,,
ESTAT:GOV_10A_MAIN(1.0),21/07/26 11:00:00,A,PC_GDP,S1311,B9,LU,2013,-1.0,,
ESTAT:GOV_10A_MAIN(1.0),21/07/26 11:00:00,A,PC_GDP,S1311,B9,LU,2014,-0.3,,
ESTAT:GOV_10A_MAIN(1.0),21/07/26 11:00:00,A,PC_GDP,S1311,B9,LU,2015,-0.4,,
ESTAT:GOV_10A_MAIN(1.0),21/07/26 11:00:00,A,PC_GDP,S1311,B9,LU,2016,-0.1,,
ESTAT:GOV_10A_MAIN(1.0),21/07/26 11:00:00,A,PC_GDP,S1311,B9,LU,2017,-0.5,,
ESTAT:GOV_10A_MAIN(1.0),21/07/26 11:00:00,A,PC_GDP,S1311,B9,LU,2018,1.0,,
ESTAT:GOV_10A_MAIN(1.0),21/07/26 11:00:00,A,PC_GDP,S1311,B9,LU,2019,0.2,,
ESTAT:GOV_10A_MAIN(1.0),21/07/26 11:00:00,A,PC_GDP,S1311,B9,LU,2020,-4.5,,
ESTAT:GOV_10A_MAIN(1.0),21/07/26 11:00:00,A,PC_GDP,S1311,B9,LU,2021,-0.3,,
ESTAT:GOV_10A_MAIN(1.0),21/07/26 11:00:00,A,PC_GDP,S1311,B9,LU,2022,-0.9,,
ESTAT:GOV_10A_MAIN(1.0),21/07/26 11:00:00,A,PC_GDP,S1311,B9,LU,2023,-1.7,,
ESTAT:GOV_10A_MAIN(1.0),21/07/26 11:00:00,A,PC_GDP,S1311,B9,LU,2024,-0.3,,
ESTAT:GOV_10A_MAIN(1.0),21/07/26 11:00:00,A,PC_GDP,S1311,B9,LU,2025,-2.6,,
ESTAT:GOV_10A_MAIN(1.0),21/07/26 11:00:00,A,PC_GDP,S1311,B9,LV,1995,-2.8,,
ESTAT:GOV_10A_MAIN(1.0),21/07/26 11:00:00,A,PC_GDP,S1311,B9,LV,1996,-2.9,,
ESTAT:GOV_10A_MAIN(1.0),21/07/26 11:00:00,A,PC_GDP,S1311,B9,LV,1997,0.0,,
ESTAT:GOV_10A_MAIN(1.0),21/07/26 11:00:00,A,PC_GDP,S1311,B9,LV,1998,-0.1,,
ESTAT:GOV_10A_MAIN(1.0),21/07/26 11:00:00,A,PC_GDP,S1311,B9,LV,1999,-1.9,,
ESTAT:GOV_10A_MAIN(1.0),21/07/26 11:00:00,A,PC_GDP,S1311,B9,LV,2000,-2.1,,
ESTAT:GOV_10A_MAIN(1.0),21/07/26 11:00:00,A,PC_GDP,S1311,B9,LV,2001,-1.0,,
ESTAT:GOV_10A_MAIN(1.0),21/07/26 11:00:00,A,PC_GDP,S1311,B9,LV,2002,-1.8,,
ESTAT:GOV_10A_MAIN(1.0),21/07/26 11:00:00,A,PC_GDP,S1311,B9,LV,2003,-2.2,,
ESTAT:GOV_10A_MAIN(1.0),21/07/26 11:00:00,A,PC_GDP,S1311,B9,LV,2004,-1.8,,
ESTAT:GOV_10A_MAIN(1.0),21/07/26 11:00:00,A,PC_GDP,S1311,B9,LV,2005,-1.5,,
ESTAT:GOV_10A_MAIN(1.0),21/07/26 11:00:00,A,PC_GDP,S1311,B9,LV,2006,-2.0,,
ESTAT:GOV_10A_MAIN(1.0),21/07/26 11:00:00,A,PC_GDP,S1311,B9,LV,2007,-2.3,,
ESTAT:GOV_10A_MAIN(1.0),21/07/26 11:00:00,A,PC_GDP,S1311,B9,LV,2008,-4.6,,
ESTAT:GOV_10A_MAIN(1.0),21/07/26 11:00:00,A,PC_GDP,S1311,B9,LV,2009,-6.2,,
ESTAT:GOV_10A_MAIN(1.0),21/07/26 11:00:00,A,PC_GDP,S1311,B9,LV,2010,-5.8,,
ESTAT:GOV_10A_MAIN(1.0),21/07/26 11:00:00,A,PC_GDP,S1311,B9,LV,2011,-2.9,,
ESTAT:GOV_10A_MAIN(1.0),21/07/26 11:00:00,A,PC_GDP,S1311,B9,LV,2012,-0.8,,
ESTAT:GOV_10A_MAIN(1.0),21/07/26 11:00:00,A,PC_GDP,S1311,B9,LV,2013,-0.4,,
ESTAT:GOV_10A_MAIN(1.0),21/07/26 11:00:00,A,PC_GDP,S1311,B9,LV,2014,-1.7,,
ESTAT:GOV_10A_MAIN(1.0),21/07/26 11:00:00,A,PC_GDP,S1311,B9,LV,2015,-1.9,,
ESTAT:GOV_10A_MAIN(1.0),21/07/26 11:00:00,A,PC_GDP,S1311,B9,LV,2016,-0.1,,
ESTAT:GOV_10A_MAIN(1.0),21/07/26 11:00:00,A,PC_GDP,S1311,B9,LV,2017,-0.3,,
ESTAT:GOV_10A_MAIN(1.0),21/07/26 11:00:00,A,PC_GDP,S1311,B9,LV,2018,-1.5,,
ESTAT:GOV_10A_MAIN(1.0),21/07/26 11:00:00,A,PC_GDP,S1311,B9,LV,2019,-1.7,,
ESTAT:GOV_10A_MAIN(1.0),21/07/26 11:00:00,A,PC_GDP,S1311,B9,LV,2020,-4.5,,
ESTAT:GOV_10A_MAIN(1.0),21/07/26 11:00:00,A,PC_GDP,S1311,B9,LV,2021,-7.7,,
ESTAT:GOV_10A_MAIN(1.0),21/07/26 11:00:00,A,PC_GDP,S1311,B9,LV,2022,-5.5,,
ESTAT:GOV_10A_MAIN(1.0),21/07/26 11:00:00,A,PC_GDP,S1311,B9,LV,2023,-2.7,,
ESTAT:GOV_10A_MAIN(1.0),21/07/26 11:00:00,A,PC_GDP,S1311,B9,LV,2024,-2.8,,
ESTAT:GOV_10A_MAIN(1.0),21/07/26 11:00:00,A,PC_GDP,S1311,B9,LV,2025,-3.3,,
ESTAT:GOV_10A_MAIN(1.0),21/07/26 11:00:00,A,PC_GDP,S1311,B9,MT,1995,-3.5,,
ESTAT:GOV_10A_MAIN(1.0),21/07/26 11:00:00,A,PC_GDP,S1311,B9,MT,1996,-7.6,,
ESTAT:GOV_10A_MAIN(1.0),21/07/26 11:00:00,A,PC_GDP,S1311,B9,MT,1997,-7.0,,
ESTAT:GOV_10A_MAIN(1.0),21/07/26 11:00:00,A,PC_GDP,S1311,B9,MT,1998,-9.2,,
ESTAT:GOV_10A_MAIN(1.0),21/07/26 11:00:00,A,PC_GDP,S1311,B9,MT,1999,-6.6,,
ESTAT:GOV_10A_MAIN(1.0),21/07/26 11:00:00,A,PC_GDP,S1311,B9,MT,2000,-5.6,,
ESTAT:GOV_10A_MAIN(1.0),21/07/26 11:00:00,A,PC_GDP,S1311,B9,MT,2001,-6.1,,
ESTAT:GOV_10A_MAIN(1.0),21/07/26 11:00:00,A,PC_GDP,S1311,B9,MT,2002,-5.4,,
ESTAT:GOV_10A_MAIN(1.0),21/07/26 11:00:00,A,PC_GDP,S1311,B9,MT,2003,-9.0,,
ESTAT:GOV_10A_MAIN(1.0),21/07/26 11:00:00,A,PC_GDP,S1311,B9,MT,2004,-4.3,,
ESTAT:GOV_10A_MAIN(1.0),21/07/26 11:00:00,A,PC_GDP,S1311,B9,MT,2005,-2.9,,
ESTAT:GOV_10A_MAIN(1.0),21/07/26 11:00:00,A,PC_GDP,S1311,B9,MT,2006,-2.5,,
ESTAT:GOV_10A_MAIN(1.0),21/07/26 11:00:00,A,PC_GDP,S1311,B9,MT,2007,-2.1,,
ESTAT:GOV_10A_MAIN(1.0),21/07/26 11:00:00,A,PC_GDP,S1311,B9,MT,2008,-4.1,,
ESTAT:GOV_10A_MAIN(1.0),21/07/26 11:00:00,A,PC_GDP,S1311,B9,MT,2009,-3.1,,
ESTAT:GOV_10A_MAIN(1.0),21/07/26 11:00:00,A,PC_GDP,S1311,B9,MT,2010,-2.3,,
ESTAT:GOV_10A_MAIN(1.0),21/07/26 11:00:00,A,PC_GDP,S1311,B9,MT,2011,-3.0,,
ESTAT:GOV_10A_MAIN(1.0),21/07/26 11:00:00,A,PC_GDP,S1311,B9,MT,2012,-3.3,,
ESTAT:GOV_10A_MAIN(1.0),21/07/26 11:00:00,A,PC_GDP,S1311,B9,MT,2013,-2.2,,
ESTAT:GOV_10A_MAIN(1.0),21/07/26 11:00:00,A,PC_GDP,S1311,B9,MT,2014,-1.5,,
ESTAT:GOV_10A_MAIN(1.0),21/07/26 11:00:00,A,PC_GDP,S1311,B9,MT,2015,-0.9,,
ESTAT:GOV_10A_MAIN(1.0),21/07/26 11:00:00,A,PC_GDP,S1311,B9,MT,2016,1.1,,
ESTAT:GOV_10A_MAIN(1.0),21/07/26 11:00:00,A,PC_GDP,S1311,B9,MT,2017,3.3,,
ESTAT:GOV_10A_MAIN(1.0),21/07/26 11:00:00,A,PC_GDP,S1311,B9,MT,2018,1.8,,
ESTAT:GOV_10A_MAIN(1.0),21/07/26 11:00:00,A,PC_GDP,S1311,B9,MT,2019,0.7,,
ESTAT:GOV_10A_MAIN(1.0),21/07/26 11:00:00,A,PC_GDP,S1311,B9,MT,2020,-8.8,,
ESTAT:GOV_10A_MAIN(1.0),21/07/26 11:00:00,A,PC_GDP,S1311,B9,MT,2021,-7.0,,
ESTAT:GOV_10A_MAIN(1.0),21/07/26 11:00:00,A,PC_GDP,S1311,B9,MT,2022,-5.3,,
ESTAT:GOV_10A_MAIN(1.0),21/07/26 11:00:00,A,PC_GDP,S1311,B9,MT,2023,-4.4,,
ESTAT:GOV_10A_MAIN(1.0),21/07/26 11:00:00,A,PC_GDP,S1311,B9,MT,2024,-3.4,,
ESTAT:GOV_10A_MAIN(1.0),21/07/26 11:00:00,A,PC_GDP,S1311,B9,MT,2025,-2.2,,
ESTAT:GOV_10A_MAIN(1.0),21/07/26 11:00:00,A,PC_GDP,S1311,B9,NL,1995,-8.0,,
ESTAT:GOV_10A_MAIN(1.0),21/07/26 11:00:00,A,PC_GDP,S1311,B9,NL,1996,-1.6,,
ESTAT:GOV_10A_MAIN(1.0),21/07/26 11:00:00,A,PC_GDP,S1311,B9,NL,1997,-2.4,,
ESTAT:GOV_10A_MAIN(1.0),21/07/26 11:00:00,A,PC_GDP,S1311,B9,NL,1998,-1.6,,
ESTAT:GOV_10A_MAIN(1.0),21/07/26 11:00:00,A,PC_GDP,S1311,B9,NL,1999,-0.8,,
ESTAT:GOV_10A_MAIN(1.0),21/07/26 11:00:00,A,PC_GDP,S1311,B9,NL,2000,-0.3,,
ESTAT:GOV_10A_MAIN(1.0),21/07/26 11:00:00,A,PC_GDP,S1311,B9,NL,2001,-0.3,,
ESTAT:GOV_10A_MAIN(1.0),21/07/26 11:00:00,A,PC_GDP,S1311,B9,NL,2002,-1.3,,
ESTAT:GOV_10A_MAIN(1.0),21/07/26 11:00:00,A,PC_GDP,S1311,B9,NL,2003,-2.8,,
ESTAT:GOV_10A_MAIN(1.0),21/07/26 11:00:00,A,PC_GDP,S1311,B9,NL,2004,-1.6,,
ESTAT:GOV_10A_MAIN(1.0),21/07/26 11:00:00,A,PC_GDP,S1311,B9,NL,2005,-0.1,,
ESTAT:GOV_10A_MAIN(1.0),21/07/26 11:00:00,A,PC_GDP,S1311,B9,NL,2006,0.6,,
ESTAT:GOV_10A_MAIN(1.0),21/07/26 11:00:00,A,PC_GDP,S1311,B9,NL,2007,0.3,,
ESTAT:GOV_10A_MAIN(1.0),21/07/26 11:00:00,A,PC_GDP,S1311,B9,NL,2008,0.1,,
ESTAT:GOV_10A_MAIN(1.0),21/07/26 11:00:00,A,PC_GDP,S1311,B9,NL,2009,-3.0,,
ESTAT:GOV_10A_MAIN(1.0),21/07/26 11:00:00,A,PC_GDP,S1311,B9,NL,2010,-3.9,,
ESTAT:GOV_10A_MAIN(1.0),21/07/26 11:00:00,A,PC_GDP,S1311,B9,NL,2011,-2.7,,
ESTAT:GOV_10A_MAIN(1.0),21/07/26 11:00:00,A,PC_GDP,S1311,B9,NL,2012,-2.9,,
ESTAT:GOV_10A_MAIN(1.0),21/07/26 11:00:00,A,PC_GDP,S1311,B9,NL,2013,-1.3,,
ESTAT:GOV_10A_MAIN(1.0),21/07/26 11:00:00,A,PC_GDP,S1311,B9,NL,2014,-1.0,,
ESTAT:GOV_10A_MAIN(1.0),21/07/26 11:00:00,A,PC_GDP,S1311,B9,NL,2015,-1.6,,
ESTAT:GOV_10A_MAIN(1.0),21/07/26 11:00:00,A,PC_GDP,S1311,B9,NL,2016,-0.9,,
ESTAT:GOV_10A_MAIN(1.0),21/07/26 11:00:00,A,PC_GDP,S1311,B9,NL,2017,1.1,,
ESTAT:GOV_10A_MAIN(1.0),21/07/26 11:00:00,A,PC_GDP,S1311,B9,NL,2018,0.9,,
ESTAT:GOV_10A_MAIN(1.0),21/07/26 11:00:00,A,PC_GDP,S1311,B9,NL,2019,1.3,,
ESTAT:GOV_10A_MAIN(1.0),21/07/26 11:00:00,A,PC_GDP,S1311,B9,NL,2020,-4.0,,
ESTAT:GOV_10A_MAIN(1.0),21/07/26 11:00:00,A,PC_GDP,S1311,B9,NL,2021,-3.3,,
ESTAT:GOV_10A_MAIN(1.0),21/07/26 11:00:00,A,PC_GDP,S1311,B9,NL,2022,-1.4,,
ESTAT:GOV_10A_MAIN(1.0),21/07/26 11:00:00,A,PC_GDP,S1311,B9,NL,2023,-2.1,,
ESTAT:GOV_10A_MAIN(1.0),21/07/26 11:00:00,A,PC_GDP,S1311,B9,NL,2024,-1.7,,
ESTAT:GOV_10A_MAIN(1.0),21/07/26 11:00:00,A,PC_GDP,S1311,B9,NL,2025,-2.1,p,
ESTAT:GOV_10A_MAIN(1.0),21/07/26 11:00:00,A,PC_GDP,S1311,B9,NO,1995,3.2,,
ESTAT:GOV_10A_MAIN(1.0),21/07/26 11:00:00,A,PC_GDP,S1311,B9,NO,1996,6.4,,
ESTAT:GOV_10A_MAIN(1.0),21/07/26 11:00:00,A,PC_GDP,S1311,B9,NO,1997,7.6,,
ESTAT:GOV_10A_MAIN(1.0),21/07/26 11:00:00,A,PC_GDP,S1311,B9,NO,1998,4.6,,
ESTAT:GOV_10A_MAIN(1.0),21/07/26 11:00:00,A,PC_GDP,S1311,B9,NO,1999,6.7,,
ESTAT:GOV_10A_MAIN(1.0),21/07/26 11:00:00,A,PC_GDP,S1311,B9,NO,2000,15.5,,
ESTAT:GOV_10A_MAIN(1.0),21/07/26 11:00:00,A,PC_GDP,S1311,B9,NO,2001,13.9,,
ESTAT:GOV_10A_MAIN(1.0),21/07/26 11:00:00,A,PC_GDP,S1311,B9,NO,2002,9.0,,
ESTAT:GOV_10A_MAIN(1.0),21/07/26 11:00:00,A,PC_GDP,S1311,B9,NO,2003,8.2,,
ESTAT:GOV_10A_MAIN(1.0),21/07/26 11:00:00,A,PC_GDP,S1311,B9,NO,2004,11.4,,
ESTAT:GOV_10A_MAIN(1.0),21/07/26 11:00:00,A,PC_GDP,S1311,B9,NO,2005,14.7,,
ESTAT:GOV_10A_MAIN(1.0),21/07/26 11:00:00,A,PC_GDP,S1311,B9,NO,2006,17.8,,
ESTAT:GOV_10A_MAIN(1.0),21/07/26 11:00:00,A,PC_GDP,S1311,B9,NO,2007,17.3,,
ESTAT:GOV_10A_MAIN(1.0),21/07/26 11:00:00,A,PC_GDP,S1311,B9,NO,2008,19.3,,
ESTAT:GOV_10A_MAIN(1.0),21/07/26 11:00:00,A,PC_GDP,S1311,B9,NO,2009,11.0,,
ESTAT:GOV_10A_MAIN(1.0),21/07/26 11:00:00,A,PC_GDP,S1311,B9,NO,2010,11.5,,
ESTAT:GOV_10A_MAIN(1.0),21/07/26 11:00:00,A,PC_GDP,S1311,B9,NO,2011,13.7,,
ESTAT:GOV_10A_MAIN(1.0),21/07/26 11:00:00,A,PC_GDP,S1311,B9,NO,2012,13.9,,
ESTAT:GOV_10A_MAIN(1.0),21/07/26 11:00:00,A,PC_GDP,S1311,B9,NO,2013,11.1,,
ESTAT:GOV_10A_MAIN(1.0),21/07/26 11:00:00,A,PC_GDP,S1311,B9,NO,2014,9.0,,
ESTAT:GOV_10A_MAIN(1.0),21/07/26 11:00:00,A,PC_GDP,S1311,B9,NO,2015,6.1,,
ESTAT:GOV_10A_MAIN(1.0),21/07/26 11:00:00,A,PC_GDP,S1311,B9,NO,2016,4.3,,
ESTAT:GOV_10A_MAIN(1.0),21/07/26 11:00:00,A,PC_GDP,S1311,B9,NO,2017,5.2,,
ESTAT:GOV_10A_MAIN(1.0),21/07/26 11:00:00,A,PC_GDP,S1311,B9,NO,2018,8.0,,
ESTAT:GOV_10A_MAIN(1.0),21/07/26 11:00:00,A,PC_GDP,S1311,B9,NO,2019,7.2,,
ESTAT:GOV_10A_MAIN(1.0),21/07/26 11:00:00,A,PC_GDP,S1311,B9,NO,2020,-2.0,,
ESTAT:GOV_10A_MAIN(1.0),21/07/26 11:00:00,A,PC_GDP,S1311,B9,NO,2021,9.6,,
ESTAT:GOV_10A_MAIN(1.0),21/07/26 11:00:00,A,PC_GDP,S1311,B9,NO,2022,25.4,,
ESTAT:GOV_10A_MAIN(1.0),21/07/26 11:00:00,A,PC_GDP,S1311,B9,NO,2023,16.7,,
ESTAT:GOV_10A_MAIN(1.0),21/07/26 11:00:00,A,PC_GDP,S1311,B9,NO,2024,13.7,,
ESTAT:GOV_10A_MAIN(1.0),21/07/26 11:00:00,A,PC_GDP,S1311,B9,NO,2025,11.1,,
ESTAT:GOV_10A_MAIN(1.0),21/07/26 11:00:00,A,PC_GDP,S1311,B9,PL,1995,-3.8,,
ESTAT:GOV_10A_MAIN(1.0),21/07/26 11:00:00,A,PC_GDP,S1311,B9,PL,1996,-4.9,,
ESTAT:GOV_10A_MAIN(1.0),21/07/26 11:00:00,A,PC_GDP,S1311,B9,PL,1997,-5.0,,
ESTAT:GOV_10A_MAIN(1.0),21/07/26 11:00:00,A,PC_GDP,S1311,B9,PL,1998,-4.3,,
ESTAT:GOV_10A_MAIN(1.0),21/07/26 11:00:00,A,PC_GDP,S1311,B9,PL,1999,-1.5,,
ESTAT:GOV_10A_MAIN(1.0),21/07/26 11:00:00,A,PC_GDP,S1311,B9,PL,2000,-2.7,,
ESTAT:GOV_10A_MAIN(1.0),21/07/26 11:00:00,A,PC_GDP,S1311,B9,PL,2001,-4.3,,
ESTAT:GOV_10A_MAIN(1.0),21/07/26 11:00:00,A,PC_GDP,S1311,B9,PL,2002,-4.2,,
ESTAT:GOV_10A_MAIN(1.0),21/07/26 11:00:00,A,PC_GDP,S1311,B9,PL,2003,-5.4,,
ESTAT:GOV_10A_MAIN(1.0),21/07/26 11:00:00,A,PC_GDP,S1311,B9,PL,2004,-4.9,,
ESTAT:GOV_10A_MAIN(1.0),21/07/26 11:00:00,A,PC_GDP,S1311,B9,PL,2005,-4.0,,
ESTAT:GOV_10A_MAIN(1.0),21/07/26 11:00:00,A,PC_GDP,S1311,B9,PL,2006,-3.9,,
ESTAT:GOV_10A_MAIN(1.0),21/07/26 11:00:00,A,PC_GDP,S1311,B9,PL,2007,-2.9,,
ESTAT:GOV_10A_MAIN(1.0),21/07/26 11:00:00,A,PC_GDP,S1311,B9,PL,2008,-3.8,,
ESTAT:GOV_10A_MAIN(1.0),21/07/26 11:00:00,A,PC_GDP,S1311,B9,PL,2009,-5.3,,
ESTAT:GOV_10A_MAIN(1.0),21/07/26 11:00:00,A,PC_GDP,S1311,B9,PL,2010,-5.9,,
ESTAT:GOV_10A_MAIN(1.0),21/07/26 11:00:00,A,PC_GDP,S1311,B9,PL,2011,-4.0,,
ESTAT:GOV_10A_MAIN(1.0),21/07/26 11:00:00,A,PC_GDP,S1311,B9,PL,2012,-3.7,,
ESTAT:GOV_10A_MAIN(1.0),21/07/26 11:00:00,A,PC_GDP,S1311,B9,PL,2013,-3.7,,
ESTAT:GOV_10A_MAIN(1.0),21/07/26 11:00:00,A,PC_GDP,S1311,B9,PL,2014,-2.3,,
ESTAT:GOV_10A_MAIN(1.0),21/07/26 11:00:00,A,PC_GDP,S1311,B9,PL,2015,-2.1,,
ESTAT:GOV_10A_MAIN(1.0),21/07/26 11:00:00,A,PC_GDP,S1311,B9,PL,2016,-2.6,,
ESTAT:GOV_10A_MAIN(1.0),21/07/26 11:00:00,A,PC_GDP,S1311,B9,PL,2017,-3.6,,
ESTAT:GOV_10A_MAIN(1.0),21/07/26 11:00:00,A,PC_GDP,S1311,B9,PL,2018,-0.5,,
ESTAT:GOV_10A_MAIN(1.0),21/07/26 11:00:00,A,PC_GDP,S1311,B9,PL,2019,-1.1,,
ESTAT:GOV_10A_MAIN(1.0),21/07/26 11:00:00,A,PC_GDP,S1311,B9,PL,2020,-7.8,,
ESTAT:GOV_10A_MAIN(1.0),21/07/26 11:00:00,A,PC_GDP,S1311,B9,PL,2021,-1.8,,
ESTAT:GOV_10A_MAIN(1.0),21/07/26 11:00:00,A,PC_GDP,S1311,B9,PL,2022,-3.0,,
ESTAT:GOV_10A_MAIN(1.0),21/07/26 11:00:00,A,PC_GDP,S1311,B9,PL,2023,-4.1,,
ESTAT:GOV_10A_MAIN(1.0),21/07/26 11:00:00,A,PC_GDP,S1311,B9,PL,2024,-6.6,,
ESTAT:GOV_10A_MAIN(1.0),21/07/26 11:00:00,A,PC_GDP,S1311,B9,PL,2025,-7.2,,
ESTAT:GOV_10A_MAIN(1.0),21/07/26 11:00:00,A,PC_GDP,S1311,B9,PT,1995,-4.8,,
ESTAT:GOV_10A_MAIN(1.0),21/07/26 11:00:00,A,PC_GDP,S1311,B9,PT,1996,-5.4,,
ESTAT:GOV_10A_MAIN(1.0),21/07/26 11:00:00,A,PC_GDP,S1311,B9,PT,1997,-3.9,,
ESTAT:GOV_10A_MAIN(1.0),21/07/26 11:00:00,A,PC_GDP,S1311,B9,PT,1998,-4.8,,
ESTAT:GOV_10A_MAIN(1.0),21/07/26 11:00:00,A,PC_GDP,S1311,B9,PT,1999,-3.4,,
ESTAT:GOV_10A_MAIN(1.0),21/07/26 11:00:00,A,PC_GDP,S1311,B9,PT,2000,-2.9,,
ESTAT:GOV_10A_MAIN(1.0),21/07/26 11:00:00,A,PC_GDP,S1311,B9,PT,2001,-4.2,,
ESTAT:GOV_10A_MAIN(1.0),21/07/26 11:00:00,A,PC_GDP,S1311,B9,PT,2002,-3.5,,
ESTAT:GOV_10A_MAIN(1.0),21/07/26 11:00:00,A,PC_GDP,S1311,B9,PT,2003,-5.5,,
ESTAT:GOV_10A_MAIN(1.0),21/07/26 11:00:00,A,PC_GDP,S1311,B9,PT,2004,-6.1,,
ESTAT:GOV_10A_MAIN(1.0),21/07/26 11:00:00,A,PC_GDP,S1311,B9,PT,2005,-6.1,,
ESTAT:GOV_10A_MAIN(1.0),21/07/26 11:00:00,A,PC_GDP,S1311,B9,PT,2006,-4.5,,
ESTAT:GOV_10A_MAIN(1.0),21/07/26 11:00:00,A,PC_GDP,S1311,B9,PT,2007,-3.4,,
ESTAT:GOV_10A_MAIN(1.0),21/07/26 11:00:00,A,PC_GDP,S1311,B9,PT,2008,-4.1,,
ESTAT:GOV_10A_MAIN(1.0),21/07/26 11:00:00,A,PC_GDP,S1311,B9,PT,2009,-9.3,,
ESTAT:GOV_10A_MAIN(1.0),21/07/26 11:00:00,A,PC_GDP,S1311,B9,PT,2010,-11.0,,
ESTAT:GOV_10A_MAIN(1.0),21/07/26 11:00:00,A,PC_GDP,S1311,B9,PT,2011,-7.9,,
ESTAT:GOV_10A_MAIN(1.0),21/07/26 11:00:00,A,PC_GDP,S1311,B9,PT,2012,-6.9,,
ESTAT:GOV_10A_MAIN(1.0),21/07/26 11:00:00,A,PC_GDP,S1311,B9,PT,2013,-5.6,,
ESTAT:GOV_10A_MAIN(1.0),21/07/26 11:00:00,A,PC_GDP,S1311,B9,PT,2014,-8.2,,
ESTAT:GOV_10A_MAIN(1.0),21/07/26 11:00:00,A,PC_GDP,S1311,B9,PT,2015,-5.5,,
ESTAT:GOV_10A_MAIN(1.0),21/07/26 11:00:00,A,PC_GDP,S1311,B9,PT,2016,-3.2,,
ESTAT:GOV_10A_MAIN(1.0),21/07/26 11:00:00,A,PC_GDP,S1311,B9,PT,2017,-4.3,,
ESTAT:GOV_10A_MAIN(1.0),21/07/26 11:00:00,A,PC_GDP,S1311,B9,PT,2018,-1.7,,
ESTAT:GOV_10A_MAIN(1.0),21/07/26 11:00:00,A,PC_GDP,S1311,B9,PT,2019,-1.6,,
ESTAT:GOV_10A_MAIN(1.0),21/07/26 11:00:00,A,PC_GDP,S1311,B9,PT,2020,-6.7,,
ESTAT:GOV_10A_MAIN(1.0),21/07/26 11:00:00,A,PC_GDP,S1311,B9,PT,2021,-3.7,,
ESTAT:GOV_10A_MAIN(1.0),21/07/26 11:00:00,A,PC_GDP,S1311,B9,PT,2022,-2.0,,
ESTAT:GOV_10A_MAIN(1.0),21/07/26 11:00:00,A,PC_GDP,S1311,B9,PT,2023,-0.9,,
ESTAT:GOV_10A_MAIN(1.0),21/07/26 11:00:00,A,PC_GDP,S1311,B9,PT,2024,-1.5,,
ESTAT:GOV_10A_MAIN(1.0),21/07/26 11:00:00,A,PC_GDP,S1311,B9,PT,2025,-1.8,,
ESTAT:GOV_10A_MAIN(1.0),21/07/26 11:00:00,A,PC_GDP,S1311,B9,RO,1995,-3.0,,
ESTAT:GOV_10A_MAIN(1.0),21/07/26 11:00:00,A,PC_GDP,S1311,B9,RO,1996,-4.3,,
ESTAT:GOV_10A_MAIN(1.0),21/07/26 11:00:00,A,PC_GDP,S1311,B9,RO,1997,-4.6,,
ESTAT:GOV_10A_MAIN(1.0),21/07/26 11:00:00,A,PC_GDP,S1311,B9,RO,1998,-2.5,,
ESTAT:GOV_10A_MAIN(1.0),21/07/26 11:00:00,A,PC_GDP,S1311,B9,RO,1999,-4.8,,
ESTAT:GOV_10A_MAIN(1.0),21/07/26 11:00:00,A,PC_GDP,S1311,B9,RO,2000,-5.0,,
ESTAT:GOV_10A_MAIN(1.0),21/07/26 11:00:00,A,PC_GDP,S1311,B9,RO,2001,-4.1,,
ESTAT:GOV_10A_MAIN(1.0),21/07/26 11:00:00,A,PC_GDP,S1311,B9,RO,2002,-2.1,,
ESTAT:GOV_10A_MAIN(1.0),21/07/26 11:00:00,A,PC_GDP,S1311,B9,RO,2003,-1.8,,
ESTAT:GOV_10A_MAIN(1.0),21/07/26 11:00:00,A,PC_GDP,S1311,B9,RO,2004,-1.0,,
ESTAT:GOV_10A_MAIN(1.0),21/07/26 11:00:00,A,PC_GDP,S1311,B9,RO,2005,-0.9,,
ESTAT:GOV_10A_MAIN(1.0),21/07/26 11:00:00,A,PC_GDP,S1311,B9,RO,2006,-3.2,,
ESTAT:GOV_10A_MAIN(1.0),21/07/26 11:00:00,A,PC_GDP,S1311,B9,RO,2007,-3.5,,
ESTAT:GOV_10A_MAIN(1.0),21/07/26 11:00:00,A,PC_GDP,S1311,B9,RO,2008,-4.3,,
ESTAT:GOV_10A_MAIN(1.0),21/07/26 11:00:00,A,PC_GDP,S1311,B9,RO,2009,-7.7,,
ESTAT:GOV_10A_MAIN(1.0),21/07/26 11:00:00,A,PC_GDP,S1311,B9,RO,2010,-6.3,,
ESTAT:GOV_10A_MAIN(1.0),21/07/26 11:00:00,A,PC_GDP,S1311,B9,RO,2011,-4.8,,
ESTAT:GOV_10A_MAIN(1.0),21/07/26 11:00:00,A,PC_GDP,S1311,B9,RO,2012,-3.3,,
ESTAT:GOV_10A_MAIN(1.0),21/07/26 11:00:00,A,PC_GDP,S1311,B9,RO,2013,-2.8,,
ESTAT:GOV_10A_MAIN(1.0),21/07/26 11:00:00,A,PC_GDP,S1311,B9,RO,2014,-1.9,,
ESTAT:GOV_10A_MAIN(1.0),21/07/26 11:00:00,A,PC_GDP,S1311,B9,RO,2015,-1.5,,
ESTAT:GOV_10A_MAIN(1.0),21/07/26 11:00:00,A,PC_GDP,S1311,B9,RO,2016,-2.8,,
ESTAT:GOV_10A_MAIN(1.0),21/07/26 11:00:00,A,PC_GDP,S1311,B9,RO,2017,-2.8,,
ESTAT:GOV_10A_MAIN(1.0),21/07/26 11:00:00,A,PC_GDP,S1311,B9,RO,2018,-3.1,,
ESTAT:GOV_10A_MAIN(1.0),21/07/26 11:00:00,A,PC_GDP,S1311,B9,RO,2019,-4.3,,
ESTAT:GOV_10A_MAIN(1.0),21/07/26 11:00:00,A,PC_GDP,S1311,B9,RO,2020,-9.1,,
ESTAT:GOV_10A_MAIN(1.0),21/07/26 11:00:00,A,PC_GDP,S1311,B9,RO,2021,-7.2,,
ESTAT:GOV_10A_MAIN(1.0),21/07/26 11:00:00,A,PC_GDP,S1311,B9,RO,2022,-6.5,,
ESTAT:GOV_10A_MAIN(1.0),21/07/26 11:00:00,A,PC_GDP,S1311,B9,RO,2023,-6.5,,
ESTAT:GOV_10A_MAIN(1.0),21/07/26 11:00:00,A,PC_GDP,S1311,B9,RO,2024,-8.5,,
ESTAT:GOV_10A_MAIN(1.0),21/07/26 11:00:00,A,PC_GDP,S1311,B9,RO,2025,-7.8,,
ESTAT:GOV_10A_MAIN(1.0),21/07/26 11:00:00,A,PC_GDP,S1311,B9,SE,1995,-7.4,,
ESTAT:GOV_10A_MAIN(1.0),21/07/26 11:00:00,A,PC_GDP,S1311,B9,SE,1996,-3.4,,
ESTAT:GOV_10A_MAIN(1.0),21/07/26 11:00:00,A,PC_GDP,S1311,B9,SE,1997,-1.6,,
ESTAT:GOV_10A_MAIN(1.0),21/07/26 11:00:00,A,PC_GDP,S1311,B9,SE,1998,-0.2,,
ESTAT:GOV_10A_MAIN(1.0),21/07/26 11:00:00,A,PC_GDP,S1311,B9,SE,1999,2.7,,
ESTAT:GOV_10A_MAIN(1.0),21/07/26 11:00:00,A,PC_GDP,S1311,B9,SE,2000,3.4,,
ESTAT:GOV_10A_MAIN(1.0),21/07/26 11:00:00,A,PC_GDP,S1311,B9,SE,2001,6.6,,
ESTAT:GOV_10A_MAIN(1.0),21/07/26 11:00:00,A,PC_GDP,S1311,B9,SE,2002,-1.8,,
ESTAT:GOV_10A_MAIN(1.0),21/07/26 11:00:00,A,PC_GDP,S1311,B9,SE,2003,-1.8,,
ESTAT:GOV_10A_MAIN(1.0),21/07/26 11:00:00,A,PC_GDP,S1311,B9,SE,2004,-0.7,,
ESTAT:GOV_10A_MAIN(1.0),21/07/26 11:00:00,A,PC_GDP,S1311,B9,SE,2005,0.7,,
ESTAT:GOV_10A_MAIN(1.0),21/07/26 11:00:00,A,PC_GDP,S1311,B9,SE,2006,1.2,,
ESTAT:GOV_10A_MAIN(1.0),21/07/26 11:00:00,A,PC_GDP,S1311,B9,SE,2007,2.3,,
ESTAT:GOV_10A_MAIN(1.0),21/07/26 11:00:00,A,PC_GDP,S1311,B9,SE,2008,1.0,,
ESTAT:GOV_10A_MAIN(1.0),21/07/26 11:00:00,A,PC_GDP,S1311,B9,SE,2009,-0.8,,
ESTAT:GOV_10A_MAIN(1.0),21/07/26 11:00:00,A,PC_GDP,S1311,B9,SE,2010,-0.4,,
ESTAT:GOV_10A_MAIN(1.0),21/07/26 11:00:00,A,PC_GDP,S1311,B9,SE,2011,-0.5,,
ESTAT:GOV_10A_MAIN(1.0),21/07/26 11:00:00,A,PC_GDP,S1311,B9,SE,2012,-1.2,,
ESTAT:GOV_10A_MAIN(1.0),21/07/26 11:00:00,A,PC_GDP,S1311,B9,SE,2013,-1.3,,
ESTAT:GOV_10A_MAIN(1.0),21/07/26 11:00:00,A,PC_GDP,S1311,B9,SE,2014,-1.3,,
ESTAT:GOV_10A_MAIN(1.0),21/07/26 11:00:00,A,PC_GDP,S1311,B9,SE,2015,0.1,,
ESTAT:GOV_10A_MAIN(1.0),21/07/26 11:00:00,A,PC_GDP,S1311,B9,SE,2016,1.4,,
ESTAT:GOV_10A_MAIN(1.0),21/07/26 11:00:00,A,PC_GDP,S1311,B9,SE,2017,1.7,,
ESTAT:GOV_10A_MAIN(1.0),21/07/26 11:00:00,A,PC_GDP,S1311,B9,SE,2018,1.3,,
ESTAT:GOV_10A_MAIN(1.0),21/07/26 11:00:00,A,PC_GDP,S1311,B9,SE,2019,1.3,,
ESTAT:GOV_10A_MAIN(1.0),21/07/26 11:00:00,A,PC_GDP,S1311,B9,SE,2020,-2.9,,
ESTAT:GOV_10A_MAIN(1.0),21/07/26 11:00:00,A,PC_GDP,S1311,B9,SE,2021,-0.7,,
ESTAT:GOV_10A_MAIN(1.0),21/07/26 11:00:00,A,PC_GDP,S1311,B9,SE,2022,0.4,,
ESTAT:GOV_10A_MAIN(1.0),21/07/26 11:00:00,A,PC_GDP,S1311,B9,SE,2023,-0.1,,
ESTAT:GOV_10A_MAIN(1.0),21/07/26 11:00:00,A,PC_GDP,S1311,B9,SE,2024,-1.2,,
ESTAT:GOV_10A_MAIN(1.0),21/07/26 11:00:00,A,PC_GDP,S1311,B9,SE,2025,-1.4,,
ESTAT:GOV_10A_MAIN(1.0),21/07/26 11:00:00,A,PC_GDP,S1311,B9,SI,1995,-7.6,,
ESTAT:GOV_10A_MAIN(1.0),21/07/26 11:00:00,A,PC_GDP,S1311,B9,SI,1996,-0.7,,
ESTAT:GOV_10A_MAIN(1.0),21/07/26 11:00:00,A,PC_GDP,S1311,B9,SI,1997,-2.7,,
ESTAT:GOV_10A_MAIN(1.0),21/07/26 11:00:00,A,PC_GDP,S1311,B9,SI,1998,-2.8,,
ESTAT:GOV_10A_MAIN(1.0),21/07/26 11:00:00,A,PC_GDP,S1311,B9,SI,1999,-3.1,,
ESTAT:GOV_10A_MAIN(1.0),21/07/26 11:00:00,A,PC_GDP,S1311,B9,SI,2000,-3.3,,
ESTAT:GOV_10A_MAIN(1.0),21/07/26 11:00:00,A,PC_GDP,S1311,B9,SI,2001,-4.3,,
ESTAT:GOV_10A_MAIN(1.0),21/07/26 11:00:00,A,PC_GDP,S1311,B9,SI,2002,-2.2,,
ESTAT:GOV_10A_MAIN(1.0),21/07/26 11:00:00,A,PC_GDP,S1311,B9,SI,2003,-2.5,,
ESTAT:GOV_10A_MAIN(1.0),21/07/26 11:00:00,A,PC_GDP,S1311,B9,SI,2004,-1.8,,
ESTAT:GOV_10A_MAIN(1.0),21/07/26 11:00:00,A,PC_GDP,S1311,B9,SI,2005,-2.1,,
ESTAT:GOV_10A_MAIN(1.0),21/07/26 11:00:00,A,PC_GDP,S1311,B9,SI,2006,-1.2,,
ESTAT:GOV_10A_MAIN(1.0),21/07/26 11:00:00,A,PC_GDP,S1311,B9,SI,2007,-0.1,,
ESTAT:GOV_10A_MAIN(1.0),21/07/26 11:00:00,A,PC_GDP,S1311,B9,SI,2008,-0.6,,
ESTAT:GOV_10A_MAIN(1.0),21/07/26 11:00:00,A,PC_GDP,S1311,B9,SI,2009,-5.0,,
ESTAT:GOV_10A_MAIN(1.0),21/07/26 11:00:00,A,PC_GDP,S1311,B9,SI,2010,-4.9,,
ESTAT:GOV_10A_MAIN(1.0),21/07/26 11:00:00,A,PC_GDP,S1311,B9,SI,2011,-6.8,,
ESTAT:GOV_10A_MAIN(1.0),21/07/26 11:00:00,A,PC_GDP,S1311,B9,SI,2012,-4.0,,
ESTAT:GOV_10A_MAIN(1.0),21/07/26 11:00:00,A,PC_GDP,S1311,B9,SI,2013,-11.3,,
ESTAT:GOV_10A_MAIN(1.0),21/07/26 11:00:00,A,PC_GDP,S1311,B9,SI,2014,-4.6,,
ESTAT:GOV_10A_MAIN(1.0),21/07/26 11:00:00,A,PC_GDP,S1311,B9,SI,2015,-3.2,,
ESTAT:GOV_10A_MAIN(1.0),21/07/26 11:00:00,A,PC_GDP,S1311,B9,SI,2016,-2.0,,
ESTAT:GOV_10A_MAIN(1.0),21/07/26 11:00:00,A,PC_GDP,S1311,B9,SI,2017,-0.1,,
ESTAT:GOV_10A_MAIN(1.0),21/07/26 11:00:00,A,PC_GDP,S1311,B9,SI,2018,1.1,,
ESTAT:GOV_10A_MAIN(1.0),21/07/26 11:00:00,A,PC_GDP,S1311,B9,SI,2019,0.7,,
ESTAT:GOV_10A_MAIN(1.0),21/07/26 11:00:00,A,PC_GDP,S1311,B9,SI,2020,-7.9,,
ESTAT:GOV_10A_MAIN(1.0),21/07/26 11:00:00,A,PC_GDP,S1311,B9,SI,2021,-5.0,,
ESTAT:GOV_10A_MAIN(1.0),21/07/26 11:00:00,A,PC_GDP,S1311,B9,SI,2022,-2.6,,
ESTAT:GOV_10A_MAIN(1.0),21/07/26 11:00:00,A,PC_GDP,S1311,B9,SI,2023,-2.7,,
ESTAT:GOV_10A_MAIN(1.0),21/07/26 11:00:00,A,PC_GDP,S1311,B9,SI,2024,-0.7,,
ESTAT:GOV_10A_MAIN(1.0),21/07/26 11:00:00,A,PC_GDP,S1311,B9,SI,2025,-2.4,,
ESTAT:GOV_10A_MAIN(1.0),21/07/26 11:00:00,A,PC_GDP,S1311,B9,SK,1995,-5.5,,
ESTAT:GOV_10A_MAIN(1.0),21/07/26 11:00:00,A,PC_GDP,S1311,B9,SK,1996,-11.1,,
ESTAT:GOV_10A_MAIN(1.0),21/07/26 11:00:00,A,PC_GDP,S1311,B9,SK,1997,-5.1,,
ESTAT:GOV_10A_MAIN(1.0),21/07/26 11:00:00,A,PC_GDP,S1311,B9,SK,1998,-4.7,,
ESTAT:GOV_10A_MAIN(1.0),21/07/26 11:00:00,A,PC_GDP,S1311,B9,SK,1999,-6.3,,
ESTAT:GOV_10A_MAIN(1.0),21/07/26 11:00:00,A,PC_GDP,S1311,B9,SK,2000,-13.5,,
ESTAT:GOV_10A_MAIN(1.0),21/07/26 11:00:00,A,PC_GDP,S1311,B9,SK,2001,-8.5,,
ESTAT:GOV_10A_MAIN(1.0),21/07/26 11:00:00,A,PC_GDP,S1311,B9,SK,2002,-9.1,,
ESTAT:GOV_10A_MAIN(1.0),21/07/26 11:00:00,A,PC_GDP,S1311,B9,SK,2003,-3.2,,
ESTAT:GOV_10A_MAIN(1.0),21/07/26 11:00:00,A,PC_GDP,S1311,B9,SK,2004,-3.2,,
ESTAT:GOV_10A_MAIN(1.0),21/07/26 11:00:00,A,PC_GDP,S1311,B9,SK,2005,-2.6,,
ESTAT:GOV_10A_MAIN(1.0),21/07/26 11:00:00,A,PC_GDP,S1311,B9,SK,2006,-3.6,,
ESTAT:GOV_10A_MAIN(1.0),21/07/26 11:00:00,A,PC_GDP,S1311,B9,SK,2007,-2.4,,
ESTAT:GOV_10A_MAIN(1.0),21/07/26 11:00:00,A,PC_GDP,S1311,B9,SK,2008,-2.9,,
ESTAT:GOV_10A_MAIN(1.0),21/07/26 11:00:00,A,PC_GDP,S1311,B9,SK,2009,-7.0,,
ESTAT:GOV_10A_MAIN(1.0),21/07/26 11:00:00,A,PC_GDP,S1311,B9,SK,2010,-6.6,,
ESTAT:GOV_10A_MAIN(1.0),21/07/26 11:00:00,A,PC_GDP,S1311,B9,SK,2011,-4.7,,
ESTAT:GOV_10A_MAIN(1.0),21/07/26 11:00:00,A,PC_GDP,S1311,B9,SK,2012,-4.9,,
ESTAT:GOV_10A_MAIN(1.0),21/07/26 11:00:00,A,PC_GDP,S1311,B9,SK,2013,-3.0,,
ESTAT:GOV_10A_MAIN(1.0),21/07/26 11:00:00,A,PC_GDP,S1311,B9,SK,2014,-3.1,,
ESTAT:GOV_10A_MAIN(1.0),21/07/26 11:00:00,A,PC_GDP,S1311,B9,SK,2015,-2.8,,
ESTAT:GOV_10A_MAIN(1.0),21/07/26 11:00:00,A,PC_GDP,S1311,B9,SK,2016,-2.9,,
ESTAT:GOV_10A_MAIN(1.0),21/07/26 11:00:00,A,PC_GDP,S1311,B9,SK,2017,-1.3,,
ESTAT:GOV_10A_MAIN(1.0),21/07/26 11:00:00,A,PC_GDP,S1311,B9,SK,2018,-1.2,,
ESTAT:GOV_10A_MAIN(1.0),21/07/26 11:00:00,A,PC_GDP,S1311,B9,SK,2019,-1.5,,
ESTAT:GOV_10A_MAIN(1.0),21/07/26 11:00:00,A,PC_GDP,S1311,B9,SK,2020,-5.8,,
ESTAT:GOV_10A_MAIN(1.0),21/07/26 11:00:00,A,PC_GDP,S1311,B9,SK,2021,-5.4,,
ESTAT:GOV_10A_MAIN(1.0),21/07/26 11:00:00,A,PC_GDP,S1311,B9,SK,2022,-1.4,,
ESTAT:GOV_10A_MAIN(1.0),21/07/26 11:00:00,A,PC_GDP,S1311,B9,SK,2023,-5.6,,
ESTAT:GOV_10A_MAIN(1.0),21/07/26 11:00:00,A,PC_GDP,S1311,B9,SK,2024,-5.5,,
ESTAT:GOV_10A_MAIN(1.0),21/07/26 11:00:00,A,PC_GDP,S1311,B9,SK,2025,-5.1,,
ESTAT:GOV_10A_MAIN(1.0),21/07/26 11:00:00,A,PC_GDP,S1312,B9,AT,1995,0.0,,
ESTAT:GOV_10A_MAIN(1.0),21/07/26 11:00:00,A,PC_GDP,S1312,B9,AT,1996,0.2,,
ESTAT:GOV_10A_MAIN(1.0),21/07/26 11:00:00,A,PC_GDP,S1312,B9,AT,1997,0.4,,
ESTAT:GOV_10A_MAIN(1.0),21/07/26 11:00:00,A,PC_GDP,S1312,B9,AT,1998,0.2,,
ESTAT:GOV_10A_MAIN(1.0),21/07/26 11:00:00,A,PC_GDP,S1312,B9,AT,1999,0.0,,
ESTAT:GOV_10A_MAIN(1.0),21/07/26 11:00:00,A,PC_GDP,S1312,B9,AT,2000,-0.1,,
ESTAT:GOV_10A_MAIN(1.0),21/07/26 11:00:00,A,PC_GDP,S1312,B9,AT,2001,0.0,,
ESTAT:GOV_10A_MAIN(1.0),21/07/26 11:00:00,A,PC_GDP,S1312,B9,AT,2002,-0.1,,
ESTAT:GOV_10A_MAIN(1.0),21/07/26 11:00:00,A,PC_GDP,S1312,B9,AT,2003,0.0,,
ESTAT:GOV_10A_MAIN(1.0),21/07/26 11:00:00,A,PC_GDP,S1312,B9,AT,2004,-0.1,,
ESTAT:GOV_10A_MAIN(1.0),21/07/26 11:00:00,A,PC_GDP,S1312,B9,AT,2005,-0.1,,
ESTAT:GOV_10A_MAIN(1.0),21/07/26 11:00:00,A,PC_GDP,S1312,B9,AT,2006,-0.4,,
ESTAT:GOV_10A_MAIN(1.0),21/07/26 11:00:00,A,PC_GDP,S1312,B9,AT,2007,-0.1,,
ESTAT:GOV_10A_MAIN(1.0),21/07/26 11:00:00,A,PC_GDP,S1312,B9,AT,2008,-0.2,,
ESTAT:GOV_10A_MAIN(1.0),21/07/26 11:00:00,A,PC_GDP,S1312,B9,AT,2009,-0.7,,
ESTAT:GOV_10A_MAIN(1.0),21/07/26 11:00:00,A,PC_GDP,S1312,B9,AT,2010,-0.9,,
ESTAT:GOV_10A_MAIN(1.0),21/07/26 11:00:00,A,PC_GDP,S1312,B9,AT,2011,-0.3,,
ESTAT:GOV_10A_MAIN(1.0),21/07/26 11:00:00,A,PC_GDP,S1312,B9,AT,2012,-0.1,,
ESTAT:GOV_10A_MAIN(1.0),21/07/26 11:00:00,A,PC_GDP,S1312,B9,AT,2013,0.0,,
ESTAT:GOV_10A_MAIN(1.0),21/07/26 11:00:00,A,PC_GDP,S1312,B9,AT,2014,0.1,,
ESTAT:GOV_10A_MAIN(1.0),21/07/26 11:00:00,A,PC_GDP,S1312,B9,AT,2015,0.1,,
ESTAT:GOV_10A_MAIN(1.0),21/07/26 11:00:00,A,PC_GDP,S1312,B9,AT,2016,-0.3,,
ESTAT:GOV_10A_MAIN(1.0),21/07/26 11:00:00,A,PC_GDP,S1312,B9,AT,2017,0.1,,
ESTAT:GOV_10A_MAIN(1.0),21/07/26 11:00:00,A,PC_GDP,S1312,B9,AT,2018,0.2,,
ESTAT:GOV_10A_MAIN(1.0),21/07/26 11:00:00,A,PC_GDP,S1312,B9,AT,2019,0.1,,
ESTAT:GOV_10A_MAIN(1.0),21/07/26 11:00:00,A,PC_GDP,S1312,B9,AT,2020,-0.5,,
ESTAT:GOV_10A_MAIN(1.0),21/07/26 11:00:00,A,PC_GDP,S1312,B9,AT,2021,-0.5,,
ESTAT:GOV_10A_MAIN(1.0),21/07/26 11:00:00,A,PC_GDP,S1312,B9,AT,2022,0.4,,
ESTAT:GOV_10A_MAIN(1.0),21/07/26 11:00:00,A,PC_GDP,S1312,B9,AT,2023,-0.1,,
ESTAT:GOV_10A_MAIN(1.0),21/07/26 11:00:00,A,PC_GDP,S1312,B9,AT,2024,-0.5,,
ESTAT:GOV_10A_MAIN(1.0),21/07/26 11:00:00,A,PC_GDP,S1312,B9,AT,2025,-0.4,,
ESTAT:GOV_10A_MAIN(1.0),21/07/26 11:00:00,A,PC_GDP,S1312,B9,BE,1995,-0.8,,
ESTAT:GOV_10A_MAIN(1.0),21/07/26 11:00:00,A,PC_GDP,S1312,B9,BE,1996,-0.4,,
ESTAT:GOV_10A_MAIN(1.0),21/07/26 11:00:00,A,PC_GDP,S1312,B9,BE,1997,-0.1,,
ESTAT:GOV_10A_MAIN(1.0),21/07/26 11:00:00,A,PC_GDP,S1312,B9,BE,1998,0.3,,
ESTAT:GOV_10A_MAIN(1.0),21/07/26 11:00:00,A,PC_GDP,S1312,B9,BE,1999,0.4,,
ESTAT:GOV_10A_MAIN(1.0),21/07/26 11:00:00,A,PC_GDP,S1312,B9,BE,2000,0.3,,
ESTAT:GOV_10A_MAIN(1.0),21/07/26 11:00:00,A,PC_GDP,S1312,B9,BE,2001,0.8,,
ESTAT:GOV_10A_MAIN(1.0),21/07/26 11:00:00,A,PC_GDP,S1312,B9,BE,2002,-0.1,,
ESTAT:GOV_10A_MAIN(1.0),21/07/26 11:00:00,A,PC_GDP,S1312,B9,BE,2003,0.1,,
ESTAT:GOV_10A_MAIN(1.0),21/07/26 11:00:00,A,PC_GDP,S1312,B9,BE,2004,0.0,,
ESTAT:GOV_10A_MAIN(1.0),21/07/26 11:00:00,A,PC_GDP,S1312,B9,BE,2005,0.1,,
ESTAT:GOV_10A_MAIN(1.0),21/07/26 11:00:00,A,PC_GDP,S1312,B9,BE,2006,0.1,,
ESTAT:GOV_10A_MAIN(1.0),21/07/26 11:00:00,A,PC_GDP,S1312,B9,BE,2007,0.4,,
ESTAT:GOV_10A_MAIN(1.0),21/07/26 11:00:00,A,PC_GDP,S1312,B9,BE,2008,-0.1,,
ESTAT:GOV_10A_MAIN(1.0),21/07/26 11:00:00,A,PC_GDP,S1312,B9,BE,2009,-0.8,b,
ESTAT:GOV_10A_MAIN(1.0),21/07/26 11:00:00,A,PC_GDP,S1312,B9,BE,2010,-0.8,,
ESTAT:GOV_10A_MAIN(1.0),21/07/26 11:00:00,A,PC_GDP,S1312,B9,BE,2011,-0.5,,
ESTAT:GOV_10A_MAIN(1.0),21/07/26 11:00:00,A,PC_GDP,S1312,B9,BE,2012,-0.2,,
ESTAT:GOV_10A_MAIN(1.0),21/07/26 11:00:00,A,PC_GDP,S1312,B9,BE,2013,-0.3,,
ESTAT:GOV_10A_MAIN(1.0),21/07/26 11:00:00,A,PC_GDP,S1312,B9,BE,2014,-0.4,,
ESTAT:GOV_10A_MAIN(1.0),21/07/26 11:00:00,A,PC_GDP,S1312,B9,BE,2015,-1.4,,
ESTAT:GOV_10A_MAIN(1.0),21/07/26 11:00:00,A,PC_GDP,S1312,B9,BE,2016,0.0,,
ESTAT:GOV_10A_MAIN(1.0),21/07/26 11:00:00,A,PC_GDP,S1312,B9,BE,2017,0.2,,
ESTAT:GOV_10A_MAIN(1.0),21/07/26 11:00:00,A,PC_GDP,S1312,B9,BE,2018,-0.4,,
ESTAT:GOV_10A_MAIN(1.0),21/07/26 11:00:00,A,PC_GDP,S1312,B9,BE,2019,-0.2,,
ESTAT:GOV_10A_MAIN(1.0),21/07/26 11:00:00,A,PC_GDP,S1312,B9,BE,2020,-2.2,,
ESTAT:GOV_10A_MAIN(1.0),21/07/26 11:00:00,A,PC_GDP,S1312,B9,BE,2021,-1.7,,
ESTAT:GOV_10A_MAIN(1.0),21/07/26 11:00:00,A,PC_GDP,S1312,B9,BE,2022,-0.9,,
ESTAT:GOV_10A_MAIN(1.0),21/07/26 11:00:00,A,PC_GDP,S1312,B9,BE,2023,-1.1,,
ESTAT:GOV_10A_MAIN(1.0),21/07/26 11:00:00,A,PC_GDP,S1312,B9,BE,2024,-1.5,p,
ESTAT:GOV_10A_MAIN(1.0),21/07/26 11:00:00,A,PC_GDP,S1312,B9,BE,2025,-1.4,p,
ESTAT:GOV_10A_MAIN(1.0),21/07/26 11:00:00,A,PC_GDP,S1312,B9,BG,1995,,m,
ESTAT:GOV_10A_MAIN(1.0),21/07/26 11:00:00,A,PC_GDP,S1312,B9,BG,1996,,m,
ESTAT:GOV_10A_MAIN(1.0),21/07/26 11:00:00,A,PC_GDP,S1312,B9,BG,1997,,m,
ESTAT:GOV_10A_MAIN(1.0),21/07/26 11:00:00,A,PC_GDP,S1312,B9,BG,1998,,m,
ESTAT:GOV_10A_MAIN(1.0),21/07/26 11:00:00,A,PC_GDP,S1312,B9,BG,1999,,m,
ESTAT:GOV_10A_MAIN(1.0),21/07/26 11:00:00,A,PC_GDP,S1312,B9,BG,2000,,m,
ESTAT:GOV_10A_MAIN(1.0),21/07/26 11:00:00,A,PC_GDP,S1312,B9,BG,2001,,m,
ESTAT:GOV_10A_MAIN(1.0),21/07/26 11:00:00,A,PC_GDP,S1312,B9,BG,2002,,m,
ESTAT:GOV_10A_MAIN(1.0),21/07/26 11:00:00,A,PC_GDP,S1312,B9,BG,2003,,m,
ESTAT:GOV_10A_MAIN(1.0),21/07/26 11:00:00,A,PC_GDP,S1312,B9,BG,2004,,m,
ESTAT:GOV_10A_MAIN(1.0),21/07/26 11:00:00,A,PC_GDP,S1312,B9,BG,2005,,m,
ESTAT:GOV_10A_MAIN(1.0),21/07/26 11:00:00,A,PC_GDP,S1312,B9,BG,2006,,m,
ESTAT:GOV_10A_MAIN(1.0),21/07/26 11:00:00,A,PC_GDP,S1312,B9,BG,2007,,m,
ESTAT:GOV_10A_MAIN(1.0),21/07/26 11:00:00,A,PC_GDP,S1312,B9,BG,2008,,m,
ESTAT:GOV_10A_MAIN(1.0),21/07/26 11:00:00,A,PC_GDP,S1312,B9,BG,2009,,m,
ESTAT:GOV_10A_MAIN(1.0),21/07/26 11:00:00,A,PC_GDP,S1312,B9,BG,2010,,m,
ESTAT:GOV_10A_MAIN(1.0),21/07/26 11:00:00,A,PC_GDP,S1312,B9,BG,2011,,m,
ESTAT:GOV_10A_MAIN(1.0),21/07/26 11:00:00,A,PC_GDP,S1312,B9,BG,2012,,m,
ESTAT:GOV_10A_MAIN(1.0),21/07/26 11:00:00,A,PC_GDP,S1312,B9,BG,2013,,m,
ESTAT:GOV_10A_MAIN(1.0),21/07/26 11:00:00,A,PC_GDP,S1312,B9,BG,2014,,m,
ESTAT:GOV_10A_MAIN(1.0),21/07/26 11:00:00,A,PC_GDP,S1312,B9,BG,2015,,m,
ESTAT:GOV_10A_MAIN(1.0),21/07/26 11:00:00,A,PC_GDP,S1312,B9,BG,2016,,m,
ESTAT:GOV_10A_MAIN(1.0),21/07/26 11:00:00,A,PC_GDP,S1312,B9,BG,2017,,m,
ESTAT:GOV_10A_MAIN(1.0),21/07/26 11:00:00,A,PC_GDP,S1312,B9,BG,2018,,m,
ESTAT:GOV_10A_MAIN(1.0),21/07/26 11:00:00,A,PC_GDP,S1312,B9,BG,2019,,m,
ESTAT:GOV_10A_MAIN(1.0),21/07/26 11:00:00,A,PC_GDP,S1312,B9,BG,2020,,m,
ESTAT:GOV_10A_MAIN(1.0),21/07/26 11:00:00,A,PC_GDP,S1312,B9,BG,2021,,m,
ESTAT:GOV_10A_MAIN(1.0),21/07/26 11:00:00,A,PC_GDP,S1312,B9,BG,2022,,m,
ESTAT:GOV_10A_MAIN(1.0),21/07/26 11:00:00,A,PC_GDP,S1312,B9,BG,2023,,m,
ESTAT:GOV_10A_MAIN(1.0),21/07/26 11:00:00,A,PC_GDP,S1312,B9,BG,2024,,m,
ESTAT:GOV_10A_MAIN(1.0),21/07/26 11:00:00,A,PC_GDP,S1312,B9,BG,2025,,m,
ESTAT:GOV_10A_MAIN(1.0),21/07/26 11:00:00,A,PC_GDP,S1312,B9,CH,1995,-0.5,,
ESTAT:GOV_10A_MAIN(1.0),21/07/26 11:00:00,A,PC_GDP,S1312,B9,CH,1996,-0.5,,
ESTAT:GOV_10A_MAIN(1.0),21/07/26 11:00:00,A,PC_GDP,S1312,B9,CH,1997,-0.5,,
ESTAT:GOV_10A_MAIN(1.0),21/07/26 11:00:00,A,PC_GDP,S1312,B9,CH,1998,-0.2,,
ESTAT:GOV_10A_MAIN(1.0),21/07/26 11:00:00,A,PC_GDP,S1312,B9,CH,1999,0.1,,
ESTAT:GOV_10A_MAIN(1.0),21/07/26 11:00:00,A,PC_GDP,S1312,B9,CH,2000,0.0,,
ESTAT:GOV_10A_MAIN(1.0),21/07/26 11:00:00,A,PC_GDP,S1312,B9,CH,2001,-0.1,,
ESTAT:GOV_10A_MAIN(1.0),21/07/26 11:00:00,A,PC_GDP,S1312,B9,CH,2002,-0.2,,
ESTAT:GOV_10A_MAIN(1.0),21/07/26 11:00:00,A,PC_GDP,S1312,B9,CH,2003,-0.5,,
ESTAT:GOV_10A_MAIN(1.0),21/07/26 11:00:00,A,PC_GDP,S1312,B9,CH,2004,-0.5,,
ESTAT:GOV_10A_MAIN(1.0),21/07/26 11:00:00,A,PC_GDP,S1312,B9,CH,2005,-0.2,,
ESTAT:GOV_10A_MAIN(1.0),21/07/26 11:00:00,A,PC_GDP,S1312,B9,CH,2006,0.3,,
ESTAT:GOV_10A_MAIN(1.0),21/07/26 11:00:00,A,PC_GDP,S1312,B9,CH,2007,0.6,,
ESTAT:GOV_10A_MAIN(1.0),21/07/26 11:00:00,A,PC_GDP,S1312,B9,CH,2008,0.7,,
ESTAT:GOV_10A_MAIN(1.0),21/07/26 11:00:00,A,PC_GDP,S1312,B9,CH,2009,0.4,,
ESTAT:GOV_10A_MAIN(1.0),21/07/26 11:00:00,A,PC_GDP,S1312,B9,CH,2010,0.2,,
ESTAT:GOV_10A_MAIN(1.0),21/07/26 11:00:00,A,PC_GDP,S1312,B9,CH,2011,0.2,,
ESTAT:GOV_10A_MAIN(1.0),21/07/26 11:00:00,A,PC_GDP,S1312,B9,CH,2012,-0.1,,
ESTAT:GOV_10A_MAIN(1.0),21/07/26 11:00:00,A,PC_GDP,S1312,B9,CH,2013,-0.7,,
ESTAT:GOV_10A_MAIN(1.0),21/07/26 11:00:00,A,PC_GDP,S1312,B9,CH,2014,-0.3,,
ESTAT:GOV_10A_MAIN(1.0),21/07/26 11:00:00,A,PC_GDP,S1312,B9,CH,2015,0.1,,
ESTAT:GOV_10A_MAIN(1.0),21/07/26 11:00:00,A,PC_GDP,S1312,B9,CH,2016,0.1,,
ESTAT:GOV_10A_MAIN(1.0),21/07/26 11:00:00,A,PC_GDP,S1312,B9,CH,2017,0.3,,
ESTAT:GOV_10A_MAIN(1.0),21/07/26 11:00:00,A,PC_GDP,S1312,B9,CH,2018,0.4,,
ESTAT:GOV_10A_MAIN(1.0),21/07/26 11:00:00,A,PC_GDP,S1312,B9,CH,2019,0.5,,
ESTAT:GOV_10A_MAIN(1.0),21/07/26 11:00:00,A,PC_GDP,S1312,B9,CH,2020,-0.5,,
ESTAT:GOV_10A_MAIN(1.0),21/07/26 11:00:00,A,PC_GDP,S1312,B9,CH,2021,0.4,,
ESTAT:GOV_10A_MAIN(1.0),21/07/26 11:00:00,A,PC_GDP,S1312,B9,CH,2022,0.6,,
ESTAT:GOV_10A_MAIN(1.0),21/07/26 11:00:00,A,PC_GDP,S1312,B9,CH,2023,0.0,,
ESTAT:GOV_10A_MAIN(1.0),21/07/26 11:00:00,A,PC_GDP,S1312,B9,CH,2024,0.0,,
ESTAT:GOV_10A_MAIN(1.0),21/07/26 11:00:00,A,PC_GDP,S1312,B9,CY,1995,,m,
ESTAT:GOV_10A_MAIN(1.0),21/07/26 11:00:00,A,PC_GDP,S1312,B9,CY,1996,,m,
ESTAT:GOV_10A_MAIN(1.0),21/07/26 11:00:00,A,PC_GDP,S1312,B9,CY,1997,,m,
ESTAT:GOV_10A_MAIN(1.0),21/07/26 11:00:00,A,PC_GDP,S1312,B9,CY,1998,,m,
ESTAT:GOV_10A_MAIN(1.0),21/07/26 11:00:00,A,PC_GDP,S1312,B9,CY,1999,,m,
ESTAT:GOV_10A_MAIN(1.0),21/07/26 11:00:00,A,PC_GDP,S1312,B9,CY,2000,,m,
ESTAT:GOV_10A_MAIN(1.0),21/07/26 11:00:00,A,PC_GDP,S1312,B9,CY,2001,,m,
ESTAT:GOV_10A_MAIN(1.0),21/07/26 11:00:00,A,PC_GDP,S1312,B9,CY,2002,,m,
ESTAT:GOV_10A_MAIN(1.0),21/07/26 11:00:00,A,PC_GDP,S1312,B9,CY,2003,,m,
ESTAT:GOV_10A_MAIN(1.0),21/07/26 11:00:00,A,PC_GDP,S1312,B9,CY,2004,,m,
ESTAT:GOV_10A_MAIN(1.0),21/07/26 11:00:00,A,PC_GDP,S1312,B9,CY,2005,,m,
ESTAT:GOV_10A_MAIN(1.0),21/07/26 11:00:00,A,PC_GDP,S1312,B9,CY,2006,,m,
ESTAT:GOV_10A_MAIN(1.0),21/07/26 11:00:00,A,PC_GDP,S1312,B9,CY,2007,,m,
ESTAT:GOV_10A_MAIN(1.0),21/07/26 11:00:00,A,PC_GDP,S1312,B9,CY,2008,,m,
ESTAT:GOV_10A_MAIN(1.0),21/07/26 11:00:00,A,PC_GDP,S1312,B9,CY,2009,,m,
ESTAT:GOV_10A_MAIN(1.0),21/07/26 11:00:00,A,PC_GDP,S1312,B9,CY,2010,,m,
ESTAT:GOV_10A_MAIN(1.0),21/07/26 11:00:00,A,PC_GDP,S1312,B9,CY,2011,,m,
ESTAT:GOV_10A_MAIN(1.0),21/07/26 11:00:00,A,PC_GDP,S1312,B9,CY,2012,,m,
ESTAT:GOV_10A_MAIN(1.0),21/07/26 11:00:00,A,PC_GDP,S1312,B9,CY,2013,,m,
ESTAT:GOV_10A_MAIN(1.0),21/07/26 11:00:00,A,PC_GDP,S1312,B9,CY,2014,,m,
ESTAT:GOV_10A_MAIN(1.0),21/07/26 11:00:00,A,PC_GDP,S1312,B9,CY,2015,,m,
ESTAT:GOV_10A_MAIN(1.0),21/07/26 11:00:00,A,PC_GDP,S1312,B9,CY,2016,,m,
ESTAT:GOV_10A_MAIN(1.0),21/07/26 11:00:00,A,PC_GDP,S1312,B9,CY,2017,,m,
ESTAT:GOV_10A_MAIN(1.0),21/07/26 11:00:00,A,PC_GDP,S1312,B9,CY,2018,,m,
ESTAT:GOV_10A_MAIN(1.0),21/07/26 11:00:00,A,PC_GDP,S1312,B9,CY,2019,,m,
ESTAT:GOV_10A_MAIN(1.0),21/07/26 11:00:00,A,PC_GDP,S1312,B9,CY,2020,,m,
ESTAT:GOV_10A_MAIN(1.0),21/07/26 11:00:00,A,PC_GDP,S1312,B9,CY,2021,,m,
ESTAT:GOV_10A_MAIN(1.0),21/07/26 11:00:00,A,PC_GDP,S1312,B9,CY,2022,,m,
ESTAT:GOV_10A_MAIN(1.0),21/07/26 11:00:00,A,PC_GDP,S1312,B9,CY,2023,,m,
ESTAT:GOV_10A_MAIN(1.0),21/07/26 11:00:00,A,PC_GDP,S1312,B9,CY,2024,,m,
ESTAT:GOV_10A_MAIN(1.0),21/07/26 11:00:00,A,PC_GDP,S1312,B9,CY,2025,,m,
ESTAT:GOV_10A_MAIN(1.0),21/07/26 11:00:00,A,PC_GDP,S1312,B9,CZ,1995,,m,
ESTAT:GOV_10A_MAIN(1.0),21/07/26 11:00:00,A,PC_GDP,S1312,B9,CZ,1996,,m,
ESTAT:GOV_10A_MAIN(1.0),21/07/26 11:00:00,A,PC_GDP,S1312,B9,CZ,1997,,m,
ESTAT:GOV_10A_MAIN(1.0),21/07/26 11:00:00,A,PC_GDP,S1312,B9,CZ,1998,,m,
ESTAT:GOV_10A_MAIN(1.0),21/07/26 11:00:00,A,PC_GDP,S1312,B9,CZ,1999,,m,
ESTAT:GOV_10A_MAIN(1.0),21/07/26 11:00:00,A,PC_GDP,S1312,B9,CZ,2000,,m,
ESTAT:GOV_10A_MAIN(1.0),21/07/26 11:00:00,A,PC_GDP,S1312,B9,CZ,2001,,m,
ESTAT:GOV_10A_MAIN(1.0),21/07/26 11:00:00,A,PC_GDP,S1312,B9,CZ,2002,,m,
ESTAT:GOV_10A_MAIN(1.0),21/07/26 11:00:00,A,PC_GDP,S1312,B9,CZ,2003,,m,
ESTAT:GOV_10A_MAIN(1.0),21/07/26 11:00:00,A,PC_GDP,S1312,B9,CZ,2004,,m,
ESTAT:GOV_10A_MAIN(1.0),21/07/26 11:00:00,A,PC_GDP,S1312,B9,CZ,2005,,m,
ESTAT:GOV_10A_MAIN(1.0),21/07/26 11:00:00,A,PC_GDP,S1312,B9,CZ,2006,,m,
ESTAT:GOV_10A_MAIN(1.0),21/07/26 11:00:00,A,PC_GDP,S1312,B9,CZ,2007,,m,
ESTAT:GOV_10A_MAIN(1.0),21/07/26 11:00:00,A,PC_GDP,S1312,B9,CZ,2008,,m,
ESTAT:GOV_10A_MAIN(1.0),21/07/26 11:00:00,A,PC_GDP,S1312,B9,CZ,2009,,m,
ESTAT:GOV_10A_MAIN(1.0),21/07/26 11:00:00,A,PC_GDP,S1312,B9,CZ,2010,,m,
ESTAT:GOV_10A_MAIN(1.0),21/07/26 11:00:00,A,PC_GDP,S1312,B9,CZ,2011,,m,
ESTAT:GOV_10A_MAIN(1.0),21/07/26 11:00:00,A,PC_GDP,S1312,B9,CZ,2012,,m,
ESTAT:GOV_10A_MAIN(1.0),21/07/26 11:00:00,A,PC_GDP,S1312,B9,CZ,2013,,m,
ESTAT:GOV_10A_MAIN(1.0),21/07/26 11:00:00,A,PC_GDP,S1312,B9,CZ,2014,,m,
ESTAT:GOV_10A_MAIN(1.0),21/07/26 11:00:00,A,PC_GDP,S1312,B9,CZ,2015,,m,
ESTAT:GOV_10A_MAIN(1.0),21/07/26 11:00:00,A,PC_GDP,S1312,B9,CZ,2016,,m,
ESTAT:GOV_10A_MAIN(1.0),21/07/26 11:00:00,A,PC_GDP,S1312,B9,CZ,2017,,m,
ESTAT:GOV_10A_MAIN(1.0),21/07/26 11:00:00,A,PC_GDP,S1312,B9,CZ,2018,,m,
ESTAT:GOV_10A_MAIN(1.0),21/07/26 11:00:00,A,PC_GDP,S1312,B9,CZ,2019,,m,
ESTAT:GOV_10A_MAIN(1.0),21/07/26 11:00:00,A,PC_GDP,S1312,B9,CZ,2020,,m,
ESTAT:GOV_10A_MAIN(1.0),21/07/26 11:00:00,A,PC_GDP,S1312,B9,CZ,2021,,m,
ESTAT:GOV_10A_MAIN(1.0),21/07/26 11:00:00,A,PC_GDP,S1312,B9,CZ,2022,,m,
ESTAT:GOV_10A_MAIN(1.0),21/07/26 11:00:00,A,PC_GDP,S1312,B9,CZ,2023,,m,
ESTAT:GOV_10A_MAIN(1.0),21/07/26 11:00:00,A,PC_GDP,S1312,B9,CZ,2024,,m,
ESTAT:GOV_10A_MAIN(1.0),21/07/26 11:00:00,A,PC_GDP,S1312,B9,CZ,2025,,m,
ESTAT:GOV_10A_MAIN(1.0),21/07/26 11:00:00,A,PC_GDP,S1312,B9,DE,1995,-1.4,,
ESTAT:GOV_10A_MAIN(1.0),21/07/26 11:00:00,A,PC_GDP,S1312,B9,DE,1996,-1.3,,
ESTAT:GOV_10A_MAIN(1.0),21/07/26 11:00:00,A,PC_GDP,S1312,B9,DE,1997,-1.3,,
ESTAT:GOV_10A_MAIN(1.0),21/07/26 11:00:00,A,PC_GDP,S1312,B9,DE,1998,-0.9,,
ESTAT:GOV_10A_MAIN(1.0),21/07/26 11:00:00,A,PC_GDP,S1312,B9,DE,1999,-0.6,,
ESTAT:GOV_10A_MAIN(1.0),21/07/26 11:00:00,A,PC_GDP,S1312,B9,DE,2000,-0.5,,
ESTAT:GOV_10A_MAIN(1.0),21/07/26 11:00:00,A,PC_GDP,S1312,B9,DE,2001,-1.4,,
ESTAT:GOV_10A_MAIN(1.0),21/07/26 11:00:00,A,PC_GDP,S1312,B9,DE,2002,-1.6,,
ESTAT:GOV_10A_MAIN(1.0),21/07/26 11:00:00,A,PC_GDP,S1312,B9,DE,2003,-1.6,,
ESTAT:GOV_10A_MAIN(1.0),21/07/26 11:00:00,A,PC_GDP,S1312,B9,DE,2004,-1.3,,
ESTAT:GOV_10A_MAIN(1.0),21/07/26 11:00:00,A,PC_GDP,S1312,B9,DE,2005,-1.0,,
ESTAT:GOV_10A_MAIN(1.0),21/07/26 11:00:00,A,PC_GDP,S1312,B9,DE,2006,-0.5,,
ESTAT:GOV_10A_MAIN(1.0),21/07/26 11:00:00,A,PC_GDP,S1312,B9,DE,2007,0.1,,
ESTAT:GOV_10A_MAIN(1.0),21/07/26 11:00:00,A,PC_GDP,S1312,B9,DE,2008,-0.1,,
ESTAT:GOV_10A_MAIN(1.0),21/07/26 11:00:00,A,PC_GDP,S1312,B9,DE,2009,-0.8,,
ESTAT:GOV_10A_MAIN(1.0),21/07/26 11:00:00,A,PC_GDP,S1312,B9,DE,2010,-0.8,,
ESTAT:GOV_10A_MAIN(1.0),21/07/26 11:00:00,A,PC_GDP,S1312,B9,DE,2011,-0.4,,
ESTAT:GOV_10A_MAIN(1.0),21/07/26 11:00:00,A,PC_GDP,S1312,B9,DE,2012,-0.2,,
ESTAT:GOV_10A_MAIN(1.0),21/07/26 11:00:00,A,PC_GDP,S1312,B9,DE,2013,-0.1,,
ESTAT:GOV_10A_MAIN(1.0),21/07/26 11:00:00,A,PC_GDP,S1312,B9,DE,2014,0.1,,
ESTAT:GOV_10A_MAIN(1.0),21/07/26 11:00:00,A,PC_GDP,S1312,B9,DE,2015,0.2,,
ESTAT:GOV_10A_MAIN(1.0),21/07/26 11:00:00,A,PC_GDP,S1312,B9,DE,2016,0.2,,
ESTAT:GOV_10A_MAIN(1.0),21/07/26 11:00:00,A,PC_GDP,S1312,B9,DE,2017,0.4,,
ESTAT:GOV_10A_MAIN(1.0),21/07/26 11:00:00,A,PC_GDP,S1312,B9,DE,2018,0.3,,
ESTAT:GOV_10A_MAIN(1.0),21/07/26 11:00:00,A,PC_GDP,S1312,B9,DE,2019,0.4,,
ESTAT:GOV_10A_MAIN(1.0),21/07/26 11:00:00,A,PC_GDP,S1312,B9,DE,2020,-0.9,,
ESTAT:GOV_10A_MAIN(1.0),21/07/26 11:00:00,A,PC_GDP,S1312,B9,DE,2021,0.2,,
ESTAT:GOV_10A_MAIN(1.0),21/07/26 11:00:00,A,PC_GDP,S1312,B9,DE,2022,0.5,,
ESTAT:GOV_10A_MAIN(1.0),21/07/26 11:00:00,A,PC_GDP,S1312,B9,DE,2023,-0.2,,
ESTAT:GOV_10A_MAIN(1.0),21/07/26 11:00:00,A,PC_GDP,S1312,B9,DE,2024,-0.5,,
ESTAT:GOV_10A_MAIN(1.0),21/07/26 11:00:00,A,PC_GDP,S1312,B9,DE,2025,-0.2,,
ESTAT:GOV_10A_MAIN(1.0),21/07/26 11:00:00,A,PC_GDP,S1312,B9,DK,1995,,m,
ESTAT:GOV_10A_MAIN(1.0),21/07/26 11:00:00,A,PC_GDP,S1312,B9,DK,1996,,m,
ESTAT:GOV_10A_MAIN(1.0),21/07/26 11:00:00,A,PC_GDP,S1312,B9,DK,1997,,m,
ESTAT:GOV_10A_MAIN(1.0),21/07/26 11:00:00,A,PC_GDP,S1312,B9,DK,1998,,m,
ESTAT:GOV_10A_MAIN(1.0),21/07/26 11:00:00,A,PC_GDP,S1312,B9,DK,1999,,m,
ESTAT:GOV_10A_MAIN(1.0),21/07/26 11:00:00,A,PC_GDP,S1312,B9,DK,2000,,m,
ESTAT:GOV_10A_MAIN(1.0),21/07/26 11:00:00,A,PC_GDP,S1312,B9,DK,2001,,m,
ESTAT:GOV_10A_MAIN(1.0),21/07/26 11:00:00,A,PC_GDP,S1312,B9,DK,2002,,m,
ESTAT:GOV_10A_MAIN(1.0),21/07/26 11:00:00,A,PC_GDP,S1312,B9,DK,2003,,m,
ESTAT:GOV_10A_MAIN(1.0),21/07/26 11:00:00,A,PC_GDP,S1312,B9,DK,2004,,m,
ESTAT:GOV_10A_MAIN(1.0),21/07/26 11:00:00,A,PC_GDP,S1312,B9,DK,2005,,m,
ESTAT:GOV_10A_MAIN(1.0),21/07/26 11:00:00,A,PC_GDP,S1312,B9,DK,2006,,m,
ESTAT:GOV_10A_MAIN(1.0),21/07/26 11:00:00,A,PC_GDP,S1312,B9,DK,2007,,m,
ESTAT:GOV_10A_MAIN(1.0),21/07/26 11:00:00,A,PC_GDP,S1312,B9,DK,2008,,m,
ESTAT:GOV_10A_MAIN(1.0),21/07/26 11:00:00,A,PC_GDP,S1312,B9,DK,2009,,m,
ESTAT:GOV_10A_MAIN(1.0),21/07/26 11:00:00,A,PC_GDP,S1312,B9,DK,2010,,m,
ESTAT:GOV_10A_MAIN(1.0),21/07/26 11:00:00,A,PC_GDP,S1312,B9,DK,2011,,m,
ESTAT:GOV_10A_MAIN(1.0),21/07/26 11:00:00,A,PC_GDP,S1312,B9,DK,2012,,m,
ESTAT:GOV_10A_MAIN(1.0),21/07/26 11:00:00,A,PC_GDP,S1312,B9,DK,2013,,m,
ESTAT:GOV_10A_MAIN(1.0),21/07/26 11:00:00,A,PC_GDP,S1312,B9,DK,2014,,m,
ESTAT:GOV_10A_MAIN(1.0),21/07/26 11:00:00,A,PC_GDP,S1312,B9,DK,2015,,m,
ESTAT:GOV_10A_MAIN(1.0),21/07/26 11:00:00,A,PC_GDP,S1312,B9,DK,2016,,m,
ESTAT:GOV_10A_MAIN(1.0),21/07/26 11:00:00,A,PC_GDP,S1312,B9,DK,2017,,m,
ESTAT:GOV_10A_MAIN(1.0),21/07/26 11:00:00,A,PC_GDP,S1312,B9,DK,2018,,m,
ESTAT:GOV_10A_MAIN(1.0),21/07/26 11:00:00,A,PC_GDP,S1312,B9,DK,2019,,m,
ESTAT:GOV_10A_MAIN(1.0),21/07/26 11:00:00,A,PC_GDP,S1312,B9,DK,2020,,m,
ESTAT:GOV_10A_MAIN(1.0),21/07/26 11:00:00,A,PC_GDP,S1312,B9,DK,2021,,m,
ESTAT:GOV_10A_MAIN(1.0),21/07/26 11:00:00,A,PC_GDP,S1312,B9,DK,2022,,m,
ESTAT:GOV_10A_MAIN(1.0),21/07/26 11:00:00,A,PC_GDP,S1312,B9,DK,2023,,m,
ESTAT:GOV_10A_MAIN(1.0),21/07/26 11:00:00,A,PC_GDP,S1312,B9,DK,2024,,m,
ESTAT:GOV_10A_MAIN(1.0),21/07/26 11:00:00,A,PC_GDP,S1312,B9,DK,2025,,m,
ESTAT:GOV_10A_MAIN(1.0),21/07/26 11:00:00,A,PC_GDP,S1312,B9,EA19,1995,-0.6,,
ESTAT:GOV_10A_MAIN(1.0),21/07/26 11:00:00,A,PC_GDP,S1312,B9,EA19,1996,-0.5,,
ESTAT:GOV_10A_MAIN(1.0),21/07/26 11:00:00,A,PC_GDP,S1312,B9,EA19,1997,-0.4,,
ESTAT:GOV_10A_MAIN(1.0),21/07/26 11:00:00,A,PC_GDP,S1312,B9,EA19,1998,-0.3,,
ESTAT:GOV_10A_MAIN(1.0),21/07/26 11:00:00,A,PC_GDP,S1312,B9,EA19,1999,-0.2,,
ESTAT:GOV_10A_MAIN(1.0),21/07/26 11:00:00,A,PC_GDP,S1312,B9,EA19,2000,-0.2,,
ESTAT:GOV_10A_MAIN(1.0),21/07/26 11:00:00,A,PC_GDP,S1312,B9,EA19,2001,-0.5,,
ESTAT:GOV_10A_MAIN(1.0),21/07/26 11:00:00,A,PC_GDP,S1312,B9,EA19,2002,-0.5,,
ESTAT:GOV_10A_MAIN(1.0),21/07/26 11:00:00,A,PC_GDP,S1312,B9,EA19,2003,-0.5,,
ESTAT:GOV_10A_MAIN(1.0),21/07/26 11:00:00,A,PC_GDP,S1312,B9,EA19,2004,-0.4,,
ESTAT:GOV_10A_MAIN(1.0),21/07/26 11:00:00,A,PC_GDP,S1312,B9,EA19,2005,-0.3,,
ESTAT:GOV_10A_MAIN(1.0),21/07/26 11:00:00,A,PC_GDP,S1312,B9,EA19,2006,-0.2,,
ESTAT:GOV_10A_MAIN(1.0),21/07/26 11:00:00,A,PC_GDP,S1312,B9,EA19,2007,0.0,,
ESTAT:GOV_10A_MAIN(1.0),21/07/26 11:00:00,A,PC_GDP,S1312,B9,EA19,2008,-0.2,,
ESTAT:GOV_10A_MAIN(1.0),21/07/26 11:00:00,A,PC_GDP,S1312,B9,EA19,2009,-0.5,,
ESTAT:GOV_10A_MAIN(1.0),21/07/26 11:00:00,A,PC_GDP,S1312,B9,EA19,2010,-0.7,,
ESTAT:GOV_10A_MAIN(1.0),21/07/26 11:00:00,A,PC_GDP,S1312,B9,EA19,2011,-0.7,,
ESTAT:GOV_10A_MAIN(1.0),21/07/26 11:00:00,A,PC_GDP,S1312,B9,EA19,2012,-0.3,,
ESTAT:GOV_10A_MAIN(1.0),21/07/26 11:00:00,A,PC_GDP,S1312,B9,EA19,2013,-0.2,,
ESTAT:GOV_10A_MAIN(1.0),21/07/26 11:00:00,A,PC_GDP,S1312,B9,EA19,2014,-0.2,,
ESTAT:GOV_10A_MAIN(1.0),21/07/26 11:00:00,A,PC_GDP,S1312,B9,EA19,2015,-0.2,,
ESTAT:GOV_10A_MAIN(1.0),21/07/26 11:00:00,A,PC_GDP,S1312,B9,EA19,2016,0.0,,
ESTAT:GOV_10A_MAIN(1.0),21/07/26 11:00:00,A,PC_GDP,S1312,B9,EA19,2017,0.1,,
ESTAT:GOV_10A_MAIN(1.0),21/07/26 11:00:00,A,PC_GDP,S1312,B9,EA19,2018,0.1,,
ESTAT:GOV_10A_MAIN(1.0),21/07/26 11:00:00,A,PC_GDP,S1312,B9,EA19,2019,0.0,,
ESTAT:GOV_10A_MAIN(1.0),21/07/26 11:00:00,A,PC_GDP,S1312,B9,EA19,2020,-0.4,,
ESTAT:GOV_10A_MAIN(1.0),21/07/26 11:00:00,A,PC_GDP,S1312,B9,EA19,2021,0.0,,
ESTAT:GOV_10A_MAIN(1.0),21/07/26 11:00:00,A,PC_GDP,S1312,B9,EA19,2022,0.0,,
ESTAT:GOV_10A_MAIN(1.0),21/07/26 11:00:00,A,PC_GDP,S1312,B9,EA19,2023,-0.2,,
ESTAT:GOV_10A_MAIN(1.0),21/07/26 11:00:00,A,PC_GDP,S1312,B9,EA19,2024,-0.2,,
ESTAT:GOV_10A_MAIN(1.0),21/07/26 11:00:00,A,PC_GDP,S1312,B9,EA19,2025,-0.2,,
ESTAT:GOV_10A_MAIN(1.0),21/07/26 11:00:00,A,PC_GDP,S1312,B9,EA20,1995,-0.5,,
ESTAT:GOV_10A_MAIN(1.0),21/07/26 11:00:00,A,PC_GDP,S1312,B9,EA20,1996,-0.5,,
ESTAT:GOV_10A_MAIN(1.0),21/07/26 11:00:00,A,PC_GDP,S1312,B9,EA20,1997,-0.4,,
ESTAT:GOV_10A_MAIN(1.0),21/07/26 11:00:00,A,PC_GDP,S1312,B9,EA20,1998,-0.3,,
ESTAT:GOV_10A_MAIN(1.0),21/07/26 11:00:00,A,PC_GDP,S1312,B9,EA20,1999,-0.2,,
ESTAT:GOV_10A_MAIN(1.0),21/07/26 11:00:00,A,PC_GDP,S1312,B9,EA20,2000,-0.2,,
ESTAT:GOV_10A_MAIN(1.0),21/07/26 11:00:00,A,PC_GDP,S1312,B9,EA20,2001,-0.5,,
ESTAT:GOV_10A_MAIN(1.0),21/07/26 11:00:00,A,PC_GDP,S1312,B9,EA20,2002,-0.5,,
ESTAT:GOV_10A_MAIN(1.0),21/07/26 11:00:00,A,PC_GDP,S1312,B9,EA20,2003,-0.5,,
ESTAT:GOV_10A_MAIN(1.0),21/07/26 11:00:00,A,PC_GDP,S1312,B9,EA20,2004,-0.4,,
ESTAT:GOV_10A_MAIN(1.0),21/07/26 11:00:00,A,PC_GDP,S1312,B9,EA20,2005,-0.3,,
ESTAT:GOV_10A_MAIN(1.0),21/07/26 11:00:00,A,PC_GDP,S1312,B9,EA20,2006,-0.2,,
ESTAT:GOV_10A_MAIN(1.0),21/07/26 11:00:00,A,PC_GDP,S1312,B9,EA20,2007,0.0,,
ESTAT:GOV_10A_MAIN(1.0),21/07/26 11:00:00,A,PC_GDP,S1312,B9,EA20,2008,-0.2,,
ESTAT:GOV_10A_MAIN(1.0),21/07/26 11:00:00,A,PC_GDP,S1312,B9,EA20,2009,-0.5,,
ESTAT:GOV_10A_MAIN(1.0),21/07/26 11:00:00,A,PC_GDP,S1312,B9,EA20,2010,-0.7,,
ESTAT:GOV_10A_MAIN(1.0),21/07/26 11:00:00,A,PC_GDP,S1312,B9,EA20,2011,-0.7,,
ESTAT:GOV_10A_MAIN(1.0),21/07/26 11:00:00,A,PC_GDP,S1312,B9,EA20,2012,-0.3,,
ESTAT:GOV_10A_MAIN(1.0),21/07/26 11:00:00,A,PC_GDP,S1312,B9,EA20,2013,-0.2,,
ESTAT:GOV_10A_MAIN(1.0),21/07/26 11:00:00,A,PC_GDP,S1312,B9,EA20,2014,-0.2,,
ESTAT:GOV_10A_MAIN(1.0),21/07/26 11:00:00,A,PC_GDP,S1312,B9,EA20,2015,-0.2,,
ESTAT:GOV_10A_MAIN(1.0),21/07/26 11:00:00,A,PC_GDP,S1312,B9,EA20,2016,0.0,,
ESTAT:GOV_10A_MAIN(1.0),21/07/26 11:00:00,A,PC_GDP,S1312,B9,EA20,2017,0.1,,
ESTAT:GOV_10A_MAIN(1.0),21/07/26 11:00:00,A,PC_GDP,S1312,B9,EA20,2018,0.1,,
ESTAT:GOV_10A_MAIN(1.0),21/07/26 11:00:00,A,PC_GDP,S1312,B9,EA20,2019,0.0,,
ESTAT:GOV_10A_MAIN(1.0),21/07/26 11:00:00,A,PC_GDP,S1312,B9,EA20,2020,-0.4,,
ESTAT:GOV_10A_MAIN(1.0),21/07/26 11:00:00,A,PC_GDP,S1312,B9,EA20,2021,0.0,,
ESTAT:GOV_10A_MAIN(1.0),21/07/26 11:00:00,A,PC_GDP,S1312,B9,EA20,2022,0.0,,
ESTAT:GOV_10A_MAIN(1.0),21/07/26 11:00:00,A,PC_GDP,S1312,B9,EA20,2023,-0.2,,
ESTAT:GOV_10A_MAIN(1.0),21/07/26 11:00:00,A,PC_GDP,S1312,B9,EA20,2024,-0.2,,
ESTAT:GOV_10A_MAIN(1.0),21/07/26 11:00:00,A,PC_GDP,S1312,B9,EA20,2025,-0.2,,
ESTAT:GOV_10A_MAIN(1.0),21/07/26 11:00:00,A,PC_GDP,S1312,B9,EA21,1995,-0.5,,
ESTAT:GOV_10A_MAIN(1.0),21/07/26 11:00:00,A,PC_GDP,S1312,B9,EA21,1996,-0.5,,
ESTAT:GOV_10A_MAIN(1.0),21/07/26 11:00:00,A,PC_GDP,S1312,B9,EA21,1997,-0.4,,
ESTAT:GOV_10A_MAIN(1.0),21/07/26 11:00:00,A,PC_GDP,S1312,B9,EA21,1998,-0.3,,
ESTAT:GOV_10A_MAIN(1.0),21/07/26 11:00:00,A,PC_GDP,S1312,B9,EA21,1999,-0.2,,
ESTAT:GOV_10A_MAIN(1.0),21/07/26 11:00:00,A,PC_GDP,S1312,B9,EA21,2000,-0.2,,
ESTAT:GOV_10A_MAIN(1.0),21/07/26 11:00:00,A,PC_GDP,S1312,B9,EA21,2001,-0.5,,
ESTAT:GOV_10A_MAIN(1.0),21/07/26 11:00:00,A,PC_GDP,S1312,B9,EA21,2002,-0.5,,
ESTAT:GOV_10A_MAIN(1.0),21/07/26 11:00:00,A,PC_GDP,S1312,B9,EA21,2003,-0.5,,
ESTAT:GOV_10A_MAIN(1.0),21/07/26 11:00:00,A,PC_GDP,S1312,B9,EA21,2004,-0.4,,
ESTAT:GOV_10A_MAIN(1.0),21/07/26 11:00:00,A,PC_GDP,S1312,B9,EA21,2005,-0.3,,
ESTAT:GOV_10A_MAIN(1.0),21/07/26 11:00:00,A,PC_GDP,S1312,B9,EA21,2006,-0.2,,
ESTAT:GOV_10A_MAIN(1.0),21/07/26 11:00:00,A,PC_GDP,S1312,B9,EA21,2007,0.0,,
ESTAT:GOV_10A_MAIN(1.0),21/07/26 11:00:00,A,PC_GDP,S1312,B9,EA21,2008,-0.2,,
ESTAT:GOV_10A_MAIN(1.0),21/07/26 11:00:00,A,PC_GDP,S1312,B9,EA21,2009,-0.5,,
ESTAT:GOV_10A_MAIN(1.0),21/07/26 11:00:00,A,PC_GDP,S1312,B9,EA21,2010,-0.7,,
ESTAT:GOV_10A_MAIN(1.0),21/07/26 11:00:00,A,PC_GDP,S1312,B9,EA21,2011,-0.7,,
ESTAT:GOV_10A_MAIN(1.0),21/07/26 11:00:00,A,PC_GDP,S1312,B9,EA21,2012,-0.3,,
ESTAT:GOV_10A_MAIN(1.0),21/07/26 11:00:00,A,PC_GDP,S1312,B9,EA21,2013,-0.2,,
ESTAT:GOV_10A_MAIN(1.0),21/07/26 11:00:00,A,PC_GDP,S1312,B9,EA21,2014,-0.2,,
ESTAT:GOV_10A_MAIN(1.0),21/07/26 11:00:00,A,PC_GDP,S1312,B9,EA21,2015,-0.2,,
ESTAT:GOV_10A_MAIN(1.0),21/07/26 11:00:00,A,PC_GDP,S1312,B9,EA21,2016,0.0,,
ESTAT:GOV_10A_MAIN(1.0),21/07/26 11:00:00,A,PC_GDP,S1312,B9,EA21,2017,0.1,,
ESTAT:GOV_10A_MAIN(1.0),21/07/26 11:00:00,A,PC_GDP,S1312,B9,EA21,2018,0.1,,
ESTAT:GOV_10A_MAIN(1.0),21/07/26 11:00:00,A,PC_GDP,S1312,B9,EA21,2019,0.0,,
ESTAT:GOV_10A_MAIN(1.0),21/07/26 11:00:00,A,PC_GDP,S1312,B9,EA21,2020,-0.4,,
ESTAT:GOV_10A_MAIN(1.0),21/07/26 11:00:00,A,PC_GDP,S1312,B9,EA21,2021,0.0,,
ESTAT:GOV_10A_MAIN(1.0),21/07/26 11:00:00,A,PC_GDP,S1312,B9,EA21,2022,0.0,,
ESTAT:GOV_10A_MAIN(1.0),21/07/26 11:00:00,A,PC_GDP,S1312,B9,EA21,2023,-0.2,,
ESTAT:GOV_10A_MAIN(1.0),21/07/26 11:00:00,A,PC_GDP,S1312,B9,EA21,2024,-0.2,,
ESTAT:GOV_10A_MAIN(1.0),21/07/26 11:00:00,A,PC_GDP,S1312,B9,EA21,2025,-0.2,,
ESTAT:GOV_10A_MAIN(1.0),21/07/26 11:00:00,A,PC_GDP,S1312,B9,EE,1995,,m,
ESTAT:GOV_10A_MAIN(1.0),21/07/26 11:00:00,A,PC_GDP,S1312,B9,EE,1996,,m,
ESTAT:GOV_10A_MAIN(1.0),21/07/26 11:00:00,A,PC_GDP,S1312,B9,EE,1997,,m,
ESTAT:GOV_10A_MAIN(1.0),21/07/26 11:00:00,A,PC_GDP,S1312,B9,EE,1998,,m,
ESTAT:GOV_10A_MAIN(1.0),21/07/26 11:00:00,A,PC_GDP,S1312,B9,EE,1999,,m,
ESTAT:GOV_10A_MAIN(1.0),21/07/26 11:00:00,A,PC_GDP,S1312,B9,EE,2000,,m,
ESTAT:GOV_10A_MAIN(1.0),21/07/26 11:00:00,A,PC_GDP,S1312,B9,EE,2001,,m,
ESTAT:GOV_10A_MAIN(1.0),21/07/26 11:00:00,A,PC_GDP,S1312,B9,EE,2002,,m,
ESTAT:GOV_10A_MAIN(1.0),21/07/26 11:00:00,A,PC_GDP,S1312,B9,EE,2003,,m,
ESTAT:GOV_10A_MAIN(1.0),21/07/26 11:00:00,A,PC_GDP,S1312,B9,EE,2004,,m,
ESTAT:GOV_10A_MAIN(1.0),21/07/26 11:00:00,A,PC_GDP,S1312,B9,EE,2005,,m,
ESTAT:GOV_10A_MAIN(1.0),21/07/26 11:00:00,A,PC_GDP,S1312,B9,EE,2006,,m,
ESTAT:GOV_10A_MAIN(1.0),21/07/26 11:00:00,A,PC_GDP,S1312,B9,EE,2007,,m,
ESTAT:GOV_10A_MAIN(1.0),21/07/26 11:00:00,A,PC_GDP,S1312,B9,EE,2008,,m,
ESTAT:GOV_10A_MAIN(1.0),21/07/26 11:00:00,A,PC_GDP,S1312,B9,EE,2009,,m,
ESTAT:GOV_10A_MAIN(1.0),21/07/26 11:00:00,A,PC_GDP,S1312,B9,EE,2010,,m,
ESTAT:GOV_10A_MAIN(1.0),21/07/26 11:00:00,A,PC_GDP,S1312,B9,EE,2011,,m,
ESTAT:GOV_10A_MAIN(1.0),21/07/26 11:00:00,A,PC_GDP,S1312,B9,EE,2012,,m,
ESTAT:GOV_10A_MAIN(1.0),21/07/26 11:00:00,A,PC_GDP,S1312,B9,EE,2013,,m,
ESTAT:GOV_10A_MAIN(1.0),21/07/26 11:00:00,A,PC_GDP,S1312,B9,EE,2014,,m,
ESTAT:GOV_10A_MAIN(1.0),21/07/26 11:00:00,A,PC_GDP,S1312,B9,EE,2015,,m,
ESTAT:GOV_10A_MAIN(1.0),21/07/26 11:00:00,A,PC_GDP,S1312,B9,EE,2016,,m,
ESTAT:GOV_10A_MAIN(1.0),21/07/26 11:00:00,A,PC_GDP,S1312,B9,EE,2017,,m,
ESTAT:GOV_10A_MAIN(1.0),21/07/26 11:00:00,A,PC_GDP,S1312,B9,EE,2018,,m,
ESTAT:GOV_10A_MAIN(1.0),21/07/26 11:00:00,A,PC_GDP,S1312,B9,EE,2019,,m,
ESTAT:GOV_10A_MAIN(1.0),21/07/26 11:00:00,A,PC_GDP,S1312,B9,EE,2020,,m,
ESTAT:GOV_10A_MAIN(1.0),21/07/26 11:00:00,A,PC_GDP,S1312,B9,EE,2021,,m,
ESTAT:GOV_10A_MAIN(1.0),21/07/26 11:00:00,A,PC_GDP,S1312,B9,EE,2022,,m,
ESTAT:GOV_10A_MAIN(1.0),21/07/26 11:00:00,A,PC_GDP,S1312,B9,EE,2023,,m,
ESTAT:GOV_10A_MAIN(1.0),21/07/26 11:00:00,A,PC_GDP,S1312,B9,EE,2024,,m,
ESTAT:GOV_10A_MAIN(1.0),21/07/26 11:00:00,A,PC_GDP,S1312,B9,EE,2025,,m,
ESTAT:GOV_10A_MAIN(1.0),21/07/26 11:00:00,A,PC_GDP,S1312,B9,EL,1995,,m,
ESTAT:GOV_10A_MAIN(1.0),21/07/26 11:00:00,A,PC_GDP,S1312,B9,EL,1996,,m,
ESTAT:GOV_10A_MAIN(1.0),21/07/26 11:00:00,A,PC_GDP,S1312,B9,EL,1997,,m,
ESTAT:GOV_10A_MAIN(1.0),21/07/26 11:00:00,A,PC_GDP,S1312,B9,EL,1998,,m,
ESTAT:GOV_10A_MAIN(1.0),21/07/26 11:00:00,A,PC_GDP,S1312,B9,EL,1999,,m,
ESTAT:GOV_10A_MAIN(1.0),21/07/26 11:00:00,A,PC_GDP,S1312,B9,EL,2000,,m,
ESTAT:GOV_10A_MAIN(1.0),21/07/26 11:00:00,A,PC_GDP,S1312,B9,EL,2001,,m,
ESTAT:GOV_10A_MAIN(1.0),21/07/26 11:00:00,A,PC_GDP,S1312,B9,EL,2002,,m,
ESTAT:GOV_10A_MAIN(1.0),21/07/26 11:00:00,A,PC_GDP,S1312,B9,EL,2003,,m,
ESTAT:GOV_10A_MAIN(1.0),21/07/26 11:00:00,A,PC_GDP,S1312,B9,EL,2004,,m,
ESTAT:GOV_10A_MAIN(1.0),21/07/26 11:00:00,A,PC_GDP,S1312,B9,EL,2005,,m,
ESTAT:GOV_10A_MAIN(1.0),21/07/26 11:00:00,A,PC_GDP,S1312,B9,EL,2006,,m,
ESTAT:GOV_10A_MAIN(1.0),21/07/26 11:00:00,A,PC_GDP,S1312,B9,EL,2007,,m,
ESTAT:GOV_10A_MAIN(1.0),21/07/26 11:00:00,A,PC_GDP,S1312,B9,EL,2008,,m,
ESTAT:GOV_10A_MAIN(1.0),21/07/26 11:00:00,A,PC_GDP,S1312,B9,EL,2009,,m,
ESTAT:GOV_10A_MAIN(1.0),21/07/26 11:00:00,A,PC_GDP,S1312,B9,EL,2010,,m,
ESTAT:GOV_10A_MAIN(1.0),21/07/26 11:00:00,A,PC_GDP,S1312,B9,EL,2011,,m,
ESTAT:GOV_10A_MAIN(1.0),21/07/26 11:00:00,A,PC_GDP,S1312,B9,EL,2012,,m,
ESTAT:GOV_10A_MAIN(1.0),21/07/26 11:00:00,A,PC_GDP,S1312,B9,EL,2013,,m,
ESTAT:GOV_10A_MAIN(1.0),21/07/26 11:00:00,A,PC_GDP,S1312,B9,EL,2014,,m,
ESTAT:GOV_10A_MAIN(1.0),21/07/26 11:00:00,A,PC_GDP,S1312,B9,EL,2015,,m,
ESTAT:GOV_10A_MAIN(1.0),21/07/26 11:00:00,A,PC_GDP,S1312,B9,EL,2016,,m,
ESTAT:GOV_10A_MAIN(1.0),21/07/26 11:00:00,A,PC_GDP,S1312,B9,EL,2017,,m,
ESTAT:GOV_10A_MAIN(1.0),21/07/26 11:00:00,A,PC_GDP,S1312,B9,EL,2018,,m,
ESTAT:GOV_10A_MAIN(1.0),21/07/26 11:00:00,A,PC_GDP,S1312,B9,EL,2019,,m,
ESTAT:GOV_10A_MAIN(1.0),21/07/26 11:00:00,A,PC_GDP,S1312,B9,EL,2020,,m,
ESTAT:GOV_10A_MAIN(1.0),21/07/26 11:00:00,A,PC_GDP,S1312,B9,EL,2021,,m,
ESTAT:GOV_10A_MAIN(1.0),21/07/26 11:00:00,A,PC_GDP,S1312,B9,EL,2022,,m,
ESTAT:GOV_10A_MAIN(1.0),21/07/26 11:00:00,A,PC_GDP,S1312,B9,EL,2023,,m,
ESTAT:GOV_10A_MAIN(1.0),21/07/26 11:00:00,A,PC_GDP,S1312,B9,EL,2024,,m,
ESTAT:GOV_10A_MAIN(1.0),21/07/26 11:00:00,A,PC_GDP,S1312,B9,EL,2025,,m,
ESTAT:GOV_10A_MAIN(1.0),21/07/26 11:00:00,A,PC_GDP,S1312,B9,ES,1995,-0.6,,
ESTAT:GOV_10A_MAIN(1.0),21/07/26 11:00:00,A,PC_GDP,S1312,B9,ES,1996,-0.6,,
ESTAT:GOV_10A_MAIN(1.0),21/07/26 11:00:00,A,PC_GDP,S1312,B9,ES,1997,-0.3,,
ESTAT:GOV_10A_MAIN(1.0),21/07/26 11:00:00,A,PC_GDP,S1312,B9,ES,1998,-0.4,,
ESTAT:GOV_10A_MAIN(1.0),21/07/26 11:00:00,A,PC_GDP,S1312,B9,ES,1999,-0.2,,
ESTAT:GOV_10A_MAIN(1.0),21/07/26 11:00:00,A,PC_GDP,S1312,B9,ES,2000,-0.5,,
ESTAT:GOV_10A_MAIN(1.0),21/07/26 11:00:00,A,PC_GDP,S1312,B9,ES,2001,-0.6,,
ESTAT:GOV_10A_MAIN(1.0),21/07/26 11:00:00,A,PC_GDP,S1312,B9,ES,2002,-0.5,,
ESTAT:GOV_10A_MAIN(1.0),21/07/26 11:00:00,A,PC_GDP,S1312,B9,ES,2003,-0.5,,
ESTAT:GOV_10A_MAIN(1.0),21/07/26 11:00:00,A,PC_GDP,S1312,B9,ES,2004,-0.1,,
ESTAT:GOV_10A_MAIN(1.0),21/07/26 11:00:00,A,PC_GDP,S1312,B9,ES,2005,-0.3,,
ESTAT:GOV_10A_MAIN(1.0),21/07/26 11:00:00,A,PC_GDP,S1312,B9,ES,2006,-0.1,,
ESTAT:GOV_10A_MAIN(1.0),21/07/26 11:00:00,A,PC_GDP,S1312,B9,ES,2007,-0.3,,
ESTAT:GOV_10A_MAIN(1.0),21/07/26 11:00:00,A,PC_GDP,S1312,B9,ES,2008,-1.7,,
ESTAT:GOV_10A_MAIN(1.0),21/07/26 11:00:00,A,PC_GDP,S1312,B9,ES,2009,-2.0,,
ESTAT:GOV_10A_MAIN(1.0),21/07/26 11:00:00,A,PC_GDP,S1312,B9,ES,2010,-3.8,,
ESTAT:GOV_10A_MAIN(1.0),21/07/26 11:00:00,A,PC_GDP,S1312,B9,ES,2011,-5.1,,
ESTAT:GOV_10A_MAIN(1.0),21/07/26 11:00:00,A,PC_GDP,S1312,B9,ES,2012,-2.0,,
ESTAT:GOV_10A_MAIN(1.0),21/07/26 11:00:00,A,PC_GDP,S1312,B9,ES,2013,-1.6,,
ESTAT:GOV_10A_MAIN(1.0),21/07/26 11:00:00,A,PC_GDP,S1312,B9,ES,2014,-1.8,,
ESTAT:GOV_10A_MAIN(1.0),21/07/26 11:00:00,A,PC_GDP,S1312,B9,ES,2015,-1.7,,
ESTAT:GOV_10A_MAIN(1.0),21/07/26 11:00:00,A,PC_GDP,S1312,B9,ES,2016,-0.8,,
ESTAT:GOV_10A_MAIN(1.0),21/07/26 11:00:00,A,PC_GDP,S1312,B9,ES,2017,-0.3,,
ESTAT:GOV_10A_MAIN(1.0),21/07/26 11:00:00,A,PC_GDP,S1312,B9,ES,2018,-0.3,,
ESTAT:GOV_10A_MAIN(1.0),21/07/26 11:00:00,A,PC_GDP,S1312,B9,ES,2019,-0.6,,
ESTAT:GOV_10A_MAIN(1.0),21/07/26 11:00:00,A,PC_GDP,S1312,B9,ES,2020,-0.2,,
ESTAT:GOV_10A_MAIN(1.0),21/07/26 11:00:00,A,PC_GDP,S1312,B9,ES,2021,0.0,,
ESTAT:GOV_10A_MAIN(1.0),21/07/26 11:00:00,A,PC_GDP,S1312,B9,ES,2022,-1.1,,
ESTAT:GOV_10A_MAIN(1.0),21/07/26 11:00:00,A,PC_GDP,S1312,B9,ES,2023,-0.8,,
ESTAT:GOV_10A_MAIN(1.0),21/07/26 11:00:00,A,PC_GDP,S1312,B9,ES,2024,-0.2,,
ESTAT:GOV_10A_MAIN(1.0),21/07/26 11:00:00,A,PC_GDP,S1312,B9,ES,2025,-0.4,,
ESTAT:GOV_10A_MAIN(1.0),21/07/26 11:00:00,A,PC_GDP,S1312,B9,EU27_2020,1995,-0.5,,
ESTAT:GOV_10A_MAIN(1.0),21/07/26 11:00:00,A,PC_GDP,S1312,B9,EU27_2020,1996,-0.4,,
ESTAT:GOV_10A_MAIN(1.0),21/07/26 11:00:00,A,PC_GDP,S1312,B9,EU27_2020,1997,-0.4,,
ESTAT:GOV_10A_MAIN(1.0),21/07/26 11:00:00,A,PC_GDP,S1312,B9,EU27_2020,1998,-0.3,,
ESTAT:GOV_10A_MAIN(1.0),21/07/26 11:00:00,A,PC_GDP,S1312,B9,EU27_2020,1999,-0.2,,
ESTAT:GOV_10A_MAIN(1.0),21/07/26 11:00:00,A,PC_GDP,S1312,B9,EU27_2020,2000,-0.2,,
ESTAT:GOV_10A_MAIN(1.0),21/07/26 11:00:00,A,PC_GDP,S1312,B9,EU27_2020,2001,-0.4,,
ESTAT:GOV_10A_MAIN(1.0),21/07/26 11:00:00,A,PC_GDP,S1312,B9,EU27_2020,2002,-0.5,,
ESTAT:GOV_10A_MAIN(1.0),21/07/26 11:00:00,A,PC_GDP,S1312,B9,EU27_2020,2003,-0.4,,
ESTAT:GOV_10A_MAIN(1.0),21/07/26 11:00:00,A,PC_GDP,S1312,B9,EU27_2020,2004,-0.3,,
ESTAT:GOV_10A_MAIN(1.0),21/07/26 11:00:00,A,PC_GDP,S1312,B9,EU27_2020,2005,-0.3,,
ESTAT:GOV_10A_MAIN(1.0),21/07/26 11:00:00,A,PC_GDP,S1312,B9,EU27_2020,2006,-0.1,,
ESTAT:GOV_10A_MAIN(1.0),21/07/26 11:00:00,A,PC_GDP,S1312,B9,EU27_2020,2007,0.0,,
ESTAT:GOV_10A_MAIN(1.0),21/07/26 11:00:00,A,PC_GDP,S1312,B9,EU27_2020,2008,-0.2,,
ESTAT:GOV_10A_MAIN(1.0),21/07/26 11:00:00,A,PC_GDP,S1312,B9,EU27_2020,2009,-0.4,,
ESTAT:GOV_10A_MAIN(1.0),21/07/26 11:00:00,A,PC_GDP,S1312,B9,EU27_2020,2010,-0.6,,
ESTAT:GOV_10A_MAIN(1.0),21/07/26 11:00:00,A,PC_GDP,S1312,B9,EU27_2020,2011,-0.6,,
ESTAT:GOV_10A_MAIN(1.0),21/07/26 11:00:00,A,PC_GDP,S1312,B9,EU27_2020,2012,-0.2,,
ESTAT:GOV_10A_MAIN(1.0),21/07/26 11:00:00,A,PC_GDP,S1312,B9,EU27_2020,2013,-0.2,,
ESTAT:GOV_10A_MAIN(1.0),21/07/26 11:00:00,A,PC_GDP,S1312,B9,EU27_2020,2014,-0.2,,
ESTAT:GOV_10A_MAIN(1.0),21/07/26 11:00:00,A,PC_GDP,S1312,B9,EU27_2020,2015,-0.2,,
ESTAT:GOV_10A_MAIN(1.0),21/07/26 11:00:00,A,PC_GDP,S1312,B9,EU27_2020,2016,0.0,,
ESTAT:GOV_10A_MAIN(1.0),21/07/26 11:00:00,A,PC_GDP,S1312,B9,EU27_2020,2017,0.1,,
ESTAT:GOV_10A_MAIN(1.0),21/07/26 11:00:00,A,PC_GDP,S1312,B9,EU27_2020,2018,0.0,,
ESTAT:GOV_10A_MAIN(1.0),21/07/26 11:00:00,A,PC_GDP,S1312,B9,EU27_2020,2019,0.0,,
ESTAT:GOV_10A_MAIN(1.0),21/07/26 11:00:00,A,PC_GDP,S1312,B9,EU27_2020,2020,-0.3,,
ESTAT:GOV_10A_MAIN(1.0),21/07/26 11:00:00,A,PC_GDP,S1312,B9,EU27_2020,2021,0.0,,
ESTAT:GOV_10A_MAIN(1.0),21/07/26 11:00:00,A,PC_GDP,S1312,B9,EU27_2020,2022,0.0,,
ESTAT:GOV_10A_MAIN(1.0),21/07/26 11:00:00,A,PC_GDP,S1312,B9,EU27_2020,2023,-0.2,,
ESTAT:GOV_10A_MAIN(1.0),21/07/26 11:00:00,A,PC_GDP,S1312,B9,EU27_2020,2024,-0.2,,
ESTAT:GOV_10A_MAIN(1.0),21/07/26 11:00:00,A,PC_GDP,S1312,B9,EU27_2020,2025,-0.1,,
ESTAT:GOV_10A_MAIN(1.0),21/07/26 11:00:00,A,PC_GDP,S1312,B9,FI,1995,,m,
ESTAT:GOV_10A_MAIN(1.0),21/07/26 11:00:00,A,PC_GDP,S1312,B9,FI,1996,,m,
ESTAT:GOV_10A_MAIN(1.0),21/07/26 11:00:00,A,PC_GDP,S1312,B9,FI,1997,,m,
ESTAT:GOV_10A_MAIN(1.0),21/07/26 11:00:00,A,PC_GDP,S1312,B9,FI,1998,,m,
ESTAT:GOV_10A_MAIN(1.0),21/07/26 11:00:00,A,PC_GDP,S1312,B9,FI,1999,,m,
ESTAT:GOV_10A_MAIN(1.0),21/07/26 11:00:00,A,PC_GDP,S1312,B9,FI,2000,,m,
ESTAT:GOV_10A_MAIN(1.0),21/07/26 11:00:00,A,PC_GDP,S1312,B9,FI,2001,,m,
ESTAT:GOV_10A_MAIN(1.0),21/07/26 11:00:00,A,PC_GDP,S1312,B9,FI,2002,,m,
ESTAT:GOV_10A_MAIN(1.0),21/07/26 11:00:00,A,PC_GDP,S1312,B9,FI,2003,,m,
ESTAT:GOV_10A_MAIN(1.0),21/07/26 11:00:00,A,PC_GDP,S1312,B9,FI,2004,,m,
ESTAT:GOV_10A_MAIN(1.0),21/07/26 11:00:00,A,PC_GDP,S1312,B9,FI,2005,,m,
ESTAT:GOV_10A_MAIN(1.0),21/07/26 11:00:00,A,PC_GDP,S1312,B9,FI,2006,,m,
ESTAT:GOV_10A_MAIN(1.0),21/07/26 11:00:00,A,PC_GDP,S1312,B9,FI,2007,,m,
ESTAT:GOV_10A_MAIN(1.0),21/07/26 11:00:00,A,PC_GDP,S1312,B9,FI,2008,,m,
ESTAT:GOV_10A_MAIN(1.0),21/07/26 11:00:00,A,PC_GDP,S1312,B9,FI,2009,,m,
ESTAT:GOV_10A_MAIN(1.0),21/07/26 11:00:00,A,PC_GDP,S1312,B9,FI,2010,,m,
ESTAT:GOV_10A_MAIN(1.0),21/07/26 11:00:00,A,PC_GDP,S1312,B9,FI,2011,,m,
ESTAT:GOV_10A_MAIN(1.0),21/07/26 11:00:00,A,PC_GDP,S1312,B9,FI,2012,,m,
ESTAT:GOV_10A_MAIN(1.0),21/07/26 11:00:00,A,PC_GDP,S1312,B9,FI,2013,,m,
ESTAT:GOV_10A_MAIN(1.0),21/07/26 11:00:00,A,PC_GDP,S1312,B9,FI,2014,,m,
ESTAT:GOV_10A_MAIN(1.0),21/07/26 11:00:00,A,PC_GDP,S1312,B9,FI,2015,,m,
ESTAT:GOV_10A_MAIN(1.0),21/07/26 11:00:00,A,PC_GDP,S1312,B9,FI,2016,,m,
ESTAT:GOV_10A_MAIN(1.0),21/07/26 11:00:00,A,PC_GDP,S1312,B9,FI,2017,,m,
ESTAT:GOV_10A_MAIN(1.0),21/07/26 11:00:00,A,PC_GDP,S1312,B9,FI,2018,,m,
ESTAT:GOV_10A_MAIN(1.0),21/07/26 11:00:00,A,PC_GDP,S1312,B9,FI,2019,,m,
ESTAT:GOV_10A_MAIN(1.0),21/07/26 11:00:00,A,PC_GDP,S1312,B9,FI,2020,,m,
ESTAT:GOV_10A_MAIN(1.0),21/07/26 11:00:00,A,PC_GDP,S1312,B9,FI,2021,,m,
ESTAT:GOV_10A_MAIN(1.0),21/07/26 11:00:00,A,PC_GDP,S1312,B9,FI,2022,,m,
ESTAT:GOV_10A_MAIN(1.0),21/07/26 11:00:00,A,PC_GDP,S1312,B9,FI,2023,,m,
ESTAT:GOV_10A_MAIN(1.0),21/07/26 11:00:00,A,PC_GDP,S1312,B9,FI,2024,,m,
ESTAT:GOV_10A_MAIN(1.0),21/07/26 11:00:00,A,PC_GDP,S1312,B9,FI,2025,,m,
ESTAT:GOV_10A_MAIN(1.0),21/07/26 11:00:00,A,PC_GDP,S1312,B9,FR,1995,,m,
ESTAT:GOV_10A_MAIN(1.0),21/07/26 11:00:00,A,PC_GDP,S1312,B9,FR,1996,,m,
ESTAT:GOV_10A_MAIN(1.0),21/07/26 11:00:00,A,PC_GDP,S1312,B9,FR,1997,,m,
ESTAT:GOV_10A_MAIN(1.0),21/07/26 11:00:00,A,PC_GDP,S1312,B9,FR,1998,,m,
ESTAT:GOV_10A_MAIN(1.0),21/07/26 11:00:00,A,PC_GDP,S1312,B9,FR,1999,,m,
ESTAT:GOV_10A_MAIN(1.0),21/07/26 11:00:00,A,PC_GDP,S1312,B9,FR,2000,,m,
ESTAT:GOV_10A_MAIN(1.0),21/07/26 11:00:00,A,PC_GDP,S1312,B9,FR,2001,,m,
ESTAT:GOV_10A_MAIN(1.0),21/07/26 11:00:00,A,PC_GDP,S1312,B9,FR,2002,,m,
ESTAT:GOV_10A_MAIN(1.0),21/07/26 11:00:00,A,PC_GDP,S1312,B9,FR,2003,,m,
ESTAT:GOV_10A_MAIN(1.0),21/07/26 11:00:00,A,PC_GDP,S1312,B9,FR,2004,,m,
ESTAT:GOV_10A_MAIN(1.0),21/07/26 11:00:00,A,PC_GDP,S1312,B9,FR,2005,,m,
ESTAT:GOV_10A_MAIN(1.0),21/07/26 11:00:00,A,PC_GDP,S1312,B9,FR,2006,,m,
ESTAT:GOV_10A_MAIN(1.0),21/07/26 11:00:00,A,PC_GDP,S1312,B9,FR,2007,,m,
ESTAT:GOV_10A_MAIN(1.0),21/07/26 11:00:00,A,PC_GDP,S1312,B9,FR,2008,,m,
ESTAT:GOV_10A_MAIN(1.0),21/07/26 11:00:00,A,PC_GDP,S1312,B9,FR,2009,,m,
ESTAT:GOV_10A_MAIN(1.0),21/07/26 11:00:00,A,PC_GDP,S1312,B9,FR,2010,,m,
ESTAT:GOV_10A_MAIN(1.0),21/07/26 11:00:00,A,PC_GDP,S1312,B9,FR,2011,,m,
ESTAT:GOV_10A_MAIN(1.0),21/07/26 11:00:00,A,PC_GDP,S1312,B9,FR,2012,,m,
ESTAT:GOV_10A_MAIN(1.0),21/07/26 11:00:00,A,PC_GDP,S1312,B9,FR,2013,,m,
ESTAT:GOV_10A_MAIN(1.0),21/07/26 11:00:00,A,PC_GDP,S1312,B9,FR,2014,,m,
ESTAT:GOV_10A_MAIN(1.0),21/07/26 11:00:00,A,PC_GDP,S1312,B9,FR,2015,,m,
ESTAT:GOV_10A_MAIN(1.0),21/07/26 11:00:00,A,PC_GDP,S1312,B9,FR,2016,,m,
ESTAT:GOV_10A_MAIN(1.0),21/07/26 11:00:00,A,PC_GDP,S1312,B9,FR,2017,,m,
ESTAT:GOV_10A_MAIN(1.0),21/07/26 11:00:00,A,PC_GDP,S1312,B9,FR,2018,,m,
ESTAT:GOV_10A_MAIN(1.0),21/07/26 11:00:00,A,PC_GDP,S1312,B9,FR,2019,,m,
ESTAT:GOV_10A_MAIN(1.0),21/07/26 11:00:00,A,PC_GDP,S1312,B9,FR,2020,,m,
ESTAT:GOV_10A_MAIN(1.0),21/07/26 11:00:00,A,PC_GDP,S1312,B9,FR,2021,,m,
ESTAT:GOV_10A_MAIN(1.0),21/07/26 11:00:00,A,PC_GDP,S1312,B9,FR,2022,,m,
ESTAT:GOV_10A_MAIN(1.0),21/07/26 11:00:00,A,PC_GDP,S1312,B9,FR,2023,,m,
ESTAT:GOV_10A_MAIN(1.0),21/07/26 11:00:00,A,PC_GDP,S1312,B9,FR,2024,,m,
ESTAT:GOV_10A_MAIN(1.0),21/07/26 11:00:00,A,PC_GDP,S1312,B9,FR,2025,,m,
ESTAT:GOV_10A_MAIN(1.0),21/07/26 11:00:00,A,PC_GDP,S1312,B9,HR,1995,,m,
ESTAT:GOV_10A_MAIN(1.0),21/07/26 11:00:00,A,PC_GDP,S1312,B9,HR,1996,,m,
ESTAT:GOV_10A_MAIN(1.0),21/07/26 11:00:00,A,PC_GDP,S1312,B9,HR,1997,,m,
ESTAT:GOV_10A_MAIN(1.0),21/07/26 11:00:00,A,PC_GDP,S1312,B9,HR,1998,,m,
ESTAT:GOV_10A_MAIN(1.0),21/07/26 11:00:00,A,PC_GDP,S1312,B9,HR,1999,,m,
ESTAT:GOV_10A_MAIN(1.0),21/07/26 11:00:00,A,PC_GDP,S1312,B9,HR,2000,,m,
ESTAT:GOV_10A_MAIN(1.0),21/07/26 11:00:00,A,PC_GDP,S1312,B9,HR,2001,,m,
ESTAT:GOV_10A_MAIN(1.0),21/07/26 11:00:00,A,PC_GDP,S1312,B9,HR,2002,,m,
ESTAT:GOV_10A_MAIN(1.0),21/07/26 11:00:00,A,PC_GDP,S1312,B9,HR,2003,,m,
ESTAT:GOV_10A_MAIN(1.0),21/07/26 11:00:00,A,PC_GDP,S1312,B9,HR,2004,,m,
ESTAT:GOV_10A_MAIN(1.0),21/07/26 11:00:00,A,PC_GDP,S1312,B9,HR,2005,,m,
ESTAT:GOV_10A_MAIN(1.0),21/07/26 11:00:00,A,PC_GDP,S1312,B9,HR,2006,,m,
ESTAT:GOV_10A_MAIN(1.0),21/07/26 11:00:00,A,PC_GDP,S1312,B9,HR,2007,,m,
ESTAT:GOV_10A_MAIN(1.0),21/07/26 11:00:00,A,PC_GDP,S1312,B9,HR,2008,,m,
ESTAT:GOV_10A_MAIN(1.0),21/07/26 11:00:00,A,PC_GDP,S1312,B9,HR,2009,,m,
ESTAT:GOV_10A_MAIN(1.0),21/07/26 11:00:00,A,PC_GDP,S1312,B9,HR,2010,,m,
ESTAT:GOV_10A_MAIN(1.0),21/07/26 11:00:00,A,PC_GDP,S1312,B9,HR,2011,,m,
ESTAT:GOV_10A_MAIN(1.0),21/07/26 11:00:00,A,PC_GDP,S1312,B9,HR,2012,,m,
ESTAT:GOV_10A_MAIN(1.0),21/07/26 11:00:00,A,PC_GDP,S1312,B9,HR,2013,,m,
ESTAT:GOV_10A_MAIN(1.0),21/07/26 11:00:00,A,PC_GDP,S1312,B9,HR,2014,,m,
ESTAT:GOV_10A_MAIN(1.0),21/07/26 11:00:00,A,PC_GDP,S1312,B9,HR,2015,,m,
ESTAT:GOV_10A_MAIN(1.0),21/07/26 11:00:00,A,PC_GDP,S1312,B9,HR,2016,,m,
ESTAT:GOV_10A_MAIN(1.0),21/07/26 11:00:00,A,PC_GDP,S1312,B9,HR,2017,,m,
ESTAT:GOV_10A_MAIN(1.0),21/07/26 11:00:00,A,PC_GDP,S1312,B9,HR,2018,,m,
ESTAT:GOV_10A_MAIN(1.0),21/07/26 11:00:00,A,PC_GDP,S1312,B9,HR,2019,,m,
ESTAT:GOV_10A_MAIN(1.0),21/07/26 11:00:00,A,PC_GDP,S1312,B9,HR,2020,,m,
ESTAT:GOV_10A_MAIN(1.0),21/07/26 11:00:00,A,PC_GDP,S1312,B9,HR,2021,,m,
ESTAT:GOV_10A_MAIN(1.0),21/07/26 11:00:00,A,PC_GDP,S1312,B9,HR,2022,,m,
ESTAT:GOV_10A_MAIN(1.0),21/07/26 11:00:00,A,PC_GDP,S1312,B9,HR,2023,,m,
ESTAT:GOV_10A_MAIN(1.0),21/07/26 11:00:00,A,PC_GDP,S1312,B9,HR,2024,,m,
ESTAT:GOV_10A_MAIN(1.0),21/07/26 11:00:00,A,PC_GDP,S1312,B9,HR,2025,,m,
ESTAT:GOV_10A_MAIN(1.0),21/07/26 11:00:00,A,PC_GDP,S1312,B9,HU,1995,,m,
ESTAT:GOV_10A_MAIN(1.0),21/07/26 11:00:00,A,PC_GDP,S1312,B9,HU,1996,,m,
ESTAT:GOV_10A_MAIN(1.0),21/07/26 11:00:00,A,PC_GDP,S1312,B9,HU,1997,,m,
ESTAT:GOV_10A_MAIN(1.0),21/07/26 11:00:00,A,PC_GDP,S1312,B9,HU,1998,,m,
ESTAT:GOV_10A_MAIN(1.0),21/07/26 11:00:00,A,PC_GDP,S1312,B9,HU,1999,,m,
ESTAT:GOV_10A_MAIN(1.0),21/07/26 11:00:00,A,PC_GDP,S1312,B9,HU,2000,,m,
ESTAT:GOV_10A_MAIN(1.0),21/07/26 11:00:00,A,PC_GDP,S1312,B9,HU,2001,,m,
ESTAT:GOV_10A_MAIN(1.0),21/07/26 11:00:00,A,PC_GDP,S1312,B9,HU,2002,,m,
ESTAT:GOV_10A_MAIN(1.0),21/07/26 11:00:00,A,PC_GDP,S1312,B9,HU,2003,,m,
ESTAT:GOV_10A_MAIN(1.0),21/07/26 11:00:00,A,PC_GDP,S1312,B9,HU,2004,,m,
ESTAT:GOV_10A_MAIN(1.0),21/07/26 11:00:00,A,PC_GDP,S1312,B9,HU,2005,,m,
ESTAT:GOV_10A_MAIN(1.0),21/07/26 11:00:00,A,PC_GDP,S1312,B9,HU,2006,,m,
ESTAT:GOV_10A_MAIN(1.0),21/07/26 11:00:00,A,PC_GDP,S1312,B9,HU,2007,,m,
ESTAT:GOV_10A_MAIN(1.0),21/07/26 11:00:00,A,PC_GDP,S1312,B9,HU,2008,,m,
ESTAT:GOV_10A_MAIN(1.0),21/07/26 11:00:00,A,PC_GDP,S1312,B9,HU,2009,,m,
ESTAT:GOV_10A_MAIN(1.0),21/07/26 11:00:00,A,PC_GDP,S1312,B9,HU,2010,,m,
ESTAT:GOV_10A_MAIN(1.0),21/07/26 11:00:00,A,PC_GDP,S1312,B9,HU,2011,,m,
ESTAT:GOV_10A_MAIN(1.0),21/07/26 11:00:00,A,PC_GDP,S1312,B9,HU,2012,,m,
ESTAT:GOV_10A_MAIN(1.0),21/07/26 11:00:00,A,PC_GDP,S1312,B9,HU,2013,,m,
ESTAT:GOV_10A_MAIN(1.0),21/07/26 11:00:00,A,PC_GDP,S1312,B9,HU,2014,,m,
ESTAT:GOV_10A_MAIN(1.0),21/07/26 11:00:00,A,PC_GDP,S1312,B9,HU,2015,,m,
ESTAT:GOV_10A_MAIN(1.0),21/07/26 11:00:00,A,PC_GDP,S1312,B9,HU,2016,,m,
ESTAT:GOV_10A_MAIN(1.0),21/07/26 11:00:00,A,PC_GDP,S1312,B9,HU,2017,,m,
ESTAT:GOV_10A_MAIN(1.0),21/07/26 11:00:00,A,PC_GDP,S1312,B9,HU,2018,,m,
ESTAT:GOV_10A_MAIN(1.0),21/07/26 11:00:00,A,PC_GDP,S1312,B9,HU,2019,,m,
ESTAT:GOV_10A_MAIN(1.0),21/07/26 11:00:00,A,PC_GDP,S1312,B9,HU,2020,,m,
ESTAT:GOV_10A_MAIN(1.0),21/07/26 11:00:00,A,PC_GDP,S1312,B9,HU,2021,,m,
ESTAT:GOV_10A_MAIN(1.0),21/07/26 11:00:00,A,PC_GDP,S1312,B9,HU,2022,,m,
ESTAT:GOV_10A_MAIN(1.0),21/07/26 11:00:00,A,PC_GDP,S1312,B9,HU,2023,,m,
ESTAT:GOV_10A_MAIN(1.0),21/07/26 11:00:00,A,PC_GDP,S1312,B9,HU,2024,,m,
ESTAT:GOV_10A_MAIN(1.0),21/07/26 11:00:00,A,PC_GDP,S1312,B9,HU,2025,,m,
ESTAT:GOV_10A_MAIN(1.0),21/07/26 11:00:00,A,PC_GDP,S1312,B9,IE,1995,,m,
ESTAT:GOV_10A_MAIN(1.0),21/07/26 11:00:00,A,PC_GDP,S1312,B9,IE,1996,,m,
ESTAT:GOV_10A_MAIN(1.0),21/07/26 11:00:00,A,PC_GDP,S1312,B9,IE,1997,,m,
ESTAT:GOV_10A_MAIN(1.0),21/07/26 11:00:00,A,PC_GDP,S1312,B9,IE,1998,,m,
ESTAT:GOV_10A_MAIN(1.0),21/07/26 11:00:00,A,PC_GDP,S1312,B9,IE,1999,,m,
ESTAT:GOV_10A_MAIN(1.0),21/07/26 11:00:00,A,PC_GDP,S1312,B9,IE,2000,,m,
ESTAT:GOV_10A_MAIN(1.0),21/07/26 11:00:00,A,PC_GDP,S1312,B9,IE,2001,,m,
ESTAT:GOV_10A_MAIN(1.0),21/07/26 11:00:00,A,PC_GDP,S1312,B9,IE,2002,,m,
ESTAT:GOV_10A_MAIN(1.0),21/07/26 11:00:00,A,PC_GDP,S1312,B9,IE,2003,,m,
ESTAT:GOV_10A_MAIN(1.0),21/07/26 11:00:00,A,PC_GDP,S1312,B9,IE,2004,,m,
ESTAT:GOV_10A_MAIN(1.0),21/07/26 11:00:00,A,PC_GDP,S1312,B9,IE,2005,,m,
ESTAT:GOV_10A_MAIN(1.0),21/07/26 11:00:00,A,PC_GDP,S1312,B9,IE,2006,,m,
ESTAT:GOV_10A_MAIN(1.0),21/07/26 11:00:00,A,PC_GDP,S1312,B9,IE,2007,,m,
ESTAT:GOV_10A_MAIN(1.0),21/07/26 11:00:00,A,PC_GDP,S1312,B9,IE,2008,,m,
ESTAT:GOV_10A_MAIN(1.0),21/07/26 11:00:00,A,PC_GDP,S1312,B9,IE,2009,,m,
ESTAT:GOV_10A_MAIN(1.0),21/07/26 11:00:00,A,PC_GDP,S1312,B9,IE,2010,,m,
ESTAT:GOV_10A_MAIN(1.0),21/07/26 11:00:00,A,PC_GDP,S1312,B9,IE,2011,,m,
ESTAT:GOV_10A_MAIN(1.0),21/07/26 11:00:00,A,PC_GDP,S1312,B9,IE,2012,,m,
ESTAT:GOV_10A_MAIN(1.0),21/07/26 11:00:00,A,PC_GDP,S1312,B9,IE,2013,,m,
ESTAT:GOV_10A_MAIN(1.0),21/07/26 11:00:00,A,PC_GDP,S1312,B9,IE,2014,,m,
ESTAT:GOV_10A_MAIN(1.0),21/07/26 11:00:00,A,PC_GDP,S1312,B9,IE,2015,,m,
ESTAT:GOV_10A_MAIN(1.0),21/07/26 11:00:00,A,PC_GDP,S1312,B9,IE,2016,,m,
ESTAT:GOV_10A_MAIN(1.0),21/07/26 11:00:00,A,PC_GDP,S1312,B9,IE,2017,,m,
ESTAT:GOV_10A_MAIN(1.0),21/07/26 11:00:00,A,PC_GDP,S1312,B9,IE,2018,,m,
ESTAT:GOV_10A_MAIN(1.0),21/07/26 11:00:00,A,PC_GDP,S1312,B9,IE,2019,,m,
ESTAT:GOV_10A_MAIN(1.0),21/07/26 11:00:00,A,PC_GDP,S1312,B9,IE,2020,,m,
ESTAT:GOV_10A_MAIN(1.0),21/07/26 11:00:00,A,PC_GDP,S1312,B9,IE,2021,,m,
ESTAT:GOV_10A_MAIN(1.0),21/07/26 11:00:00,A,PC_GDP,S1312,B9,IE,2022,,m,
ESTAT:GOV_10A_MAIN(1.0),21/07/26 11:00:00,A,PC_GDP,S1312,B9,IE,2023,,m,
ESTAT:GOV_10A_MAIN(1.0),21/07/26 11:00:00,A,PC_GDP,S1312,B9,IE,2024,,m,
ESTAT:GOV_10A_MAIN(1.0),21/07/26 11:00:00,A,PC_GDP,S1312,B9,IE,2025,,m,
ESTAT:GOV_10A_MAIN(1.0),21/07/26 11:00:00,A,PC_GDP,S1312,B9,IS,1998,,m,
ESTAT:GOV_10A_MAIN(1.0),21/07/26 11:00:00,A,PC_GDP,S1312,B9,IS,1999,,m,
ESTAT:GOV_10A_MAIN(1.0),21/07/26 11:00:00,A,PC_GDP,S1312,B9,IS,2000,,m,
ESTAT:GOV_10A_MAIN(1.0),21/07/26 11:00:00,A,PC_GDP,S1312,B9,IS,2001,,m,
ESTAT:GOV_10A_MAIN(1.0),21/07/26 11:00:00,A,PC_GDP,S1312,B9,IS,2002,,m,
ESTAT:GOV_10A_MAIN(1.0),21/07/26 11:00:00,A,PC_GDP,S1312,B9,IS,2003,,m,
ESTAT:GOV_10A_MAIN(1.0),21/07/26 11:00:00,A,PC_GDP,S1312,B9,IS,2004,,m,
ESTAT:GOV_10A_MAIN(1.0),21/07/26 11:00:00,A,PC_GDP,S1312,B9,IS,2005,,m,
ESTAT:GOV_10A_MAIN(1.0),21/07/26 11:00:00,A,PC_GDP,S1312,B9,IS,2006,,m,
ESTAT:GOV_10A_MAIN(1.0),21/07/26 11:00:00,A,PC_GDP,S1312,B9,IS,2007,,m,
ESTAT:GOV_10A_MAIN(1.0),21/07/26 11:00:00,A,PC_GDP,S1312,B9,IS,2008,,m,
ESTAT:GOV_10A_MAIN(1.0),21/07/26 11:00:00,A,PC_GDP,S1312,B9,IS,2009,,m,
ESTAT:GOV_10A_MAIN(1.0),21/07/26 11:00:00,A,PC_GDP,S1312,B9,IS,2010,,m,
ESTAT:GOV_10A_MAIN(1.0),21/07/26 11:00:00,A,PC_GDP,S1312,B9,IS,2011,,m,
ESTAT:GOV_10A_MAIN(1.0),21/07/26 11:00:00,A,PC_GDP,S1312,B9,IS,2012,,m,
ESTAT:GOV_10A_MAIN(1.0),21/07/26 11:00:00,A,PC_GDP,S1312,B9,IS,2013,,m,
ESTAT:GOV_10A_MAIN(1.0),21/07/26 11:00:00,A,PC_GDP,S1312,B9,IS,2014,,m,
ESTAT:GOV_10A_MAIN(1.0),21/07/26 11:00:00,A,PC_GDP,S1312,B9,IS,2015,,m,
ESTAT:GOV_10A_MAIN(1.0),21/07/26 11:00:00,A,PC_GDP,S1312,B9,IS,2016,,m,
ESTAT:GOV_10A_MAIN(1.0),21/07/26 11:00:00,A,PC_GDP,S1312,B9,IS,2017,,m,
ESTAT:GOV_10A_MAIN(1.0),21/07/26 11:00:00,A,PC_GDP,S1312,B9,IS,2018,,m,
ESTAT:GOV_10A_MAIN(1.0),21/07/26 11:00:00,A,PC_GDP,S1312,B9,IS,2019,,m,
ESTAT:GOV_10A_MAIN(1.0),21/07/26 11:00:00,A,PC_GDP,S1312,B9,IS,2020,,m,
ESTAT:GOV_10A_MAIN(1.0),21/07/26 11:00:00,A,PC_GDP,S1312,B9,IS,2021,,m,
ESTAT:GOV_10A_MAIN(1.0),21/07/26 11:00:00,A,PC_GDP,S1312,B9,IS,2022,,m,
ESTAT:GOV_10A_MAIN(1.0),21/07/26 11:00:00,A,PC_GDP,S1312,B9,IS,2023,,m,
ESTAT:GOV_10A_MAIN(1.0),21/07/26 11:00:00,A,PC_GDP,S1312,B9,IS,2024,,m,
ESTAT:GOV_10A_MAIN(1.0),21/07/26 11:00:00,A,PC_GDP,S1312,B9,IS,2025,,m,
ESTAT:GOV_10A_MAIN(1.0),21/07/26 11:00:00,A,PC_GDP,S1312,B9,IT,1995,,m,
ESTAT:GOV_10A_MAIN(1.0),21/07/26 11:00:00,A,PC_GDP,S1312,B9,IT,1996,,m,
ESTAT:GOV_10A_MAIN(1.0),21/07/26 11:00:00,A,PC_GDP,S1312,B9,IT,1997,,m,
ESTAT:GOV_10A_MAIN(1.0),21/07/26 11:00:00,A,PC_GDP,S1312,B9,IT,1998,,m,
ESTAT:GOV_10A_MAIN(1.0),21/07/26 11:00:00,A,PC_GDP,S1312,B9,IT,1999,,m,
ESTAT:GOV_10A_MAIN(1.0),21/07/26 11:00:00,A,PC_GDP,S1312,B9,IT,2000,,m,
ESTAT:GOV_10A_MAIN(1.0),21/07/26 11:00:00,A,PC_GDP,S1312,B9,IT,2001,,m,
ESTAT:GOV_10A_MAIN(1.0),21/07/26 11:00:00,A,PC_GDP,S1312,B9,IT,2002,,m,
ESTAT:GOV_10A_MAIN(1.0),21/07/26 11:00:00,A,PC_GDP,S1312,B9,IT,2003,,m,
ESTAT:GOV_10A_MAIN(1.0),21/07/26 11:00:00,A,PC_GDP,S1312,B9,IT,2004,,m,
ESTAT:GOV_10A_MAIN(1.0),21/07/26 11:00:00,A,PC_GDP,S1312,B9,IT,2005,,m,
ESTAT:GOV_10A_MAIN(1.0),21/07/26 11:00:00,A,PC_GDP,S1312,B9,IT,2006,,m,
ESTAT:GOV_10A_MAIN(1.0),21/07/26 11:00:00,A,PC_GDP,S1312,B9,IT,2007,,m,
ESTAT:GOV_10A_MAIN(1.0),21/07/26 11:00:00,A,PC_GDP,S1312,B9,IT,2008,,m,
ESTAT:GOV_10A_MAIN(1.0),21/07/26 11:00:00,A,PC_GDP,S1312,B9,IT,2009,,m,
ESTAT:GOV_10A_MAIN(1.0),21/07/26 11:00:00,A,PC_GDP,S1312,B9,IT,2010,,m,
ESTAT:GOV_10A_MAIN(1.0),21/07/26 11:00:00,A,PC_GDP,S1312,B9,IT,2011,,m,
ESTAT:GOV_10A_MAIN(1.0),21/07/26 11:00:00,A,PC_GDP,S1312,B9,IT,2012,,m,
ESTAT:GOV_10A_MAIN(1.0),21/07/26 11:00:00,A,PC_GDP,S1312,B9,IT,2013,,m,
ESTAT:GOV_10A_MAIN(1.0),21/07/26 11:00:00,A,PC_GDP,S1312,B9,IT,2014,,m,
ESTAT:GOV_10A_MAIN(1.0),21/07/26 11:00:00,A,PC_GDP,S1312,B9,IT,2015,,m,
ESTAT:GOV_10A_MAIN(1.0),21/07/26 11:00:00,A,PC_GDP,S1312,B9,IT,2016,,m,
ESTAT:GOV_10A_MAIN(1.0),21/07/26 11:00:00,A,PC_GDP,S1312,B9,IT,2017,,m,
ESTAT:GOV_10A_MAIN(1.0),21/07/26 11:00:00,A,PC_GDP,S1312,B9,IT,2018,,m,
ESTAT:GOV_10A_MAIN(1.0),21/07/26 11:00:00,A,PC_GDP,S1312,B9,IT,2019,,m,
ESTAT:GOV_10A_MAIN(1.0),21/07/26 11:00:00,A,PC_GDP,S1312,B9,IT,2020,,m,
ESTAT:GOV_10A_MAIN(1.0),21/07/26 11:00:00,A,PC_GDP,S1312,B9,IT,2021,,m,
ESTAT:GOV_10A_MAIN(1.0),21/07/26 11:00:00,A,PC_GDP,S1312,B9,IT,2022,,m,
ESTAT:GOV_10A_MAIN(1.0),21/07/26 11:00:00,A,PC_GDP,S1312,B9,IT,2023,,m,
ESTAT:GOV_10A_MAIN(1.0),21/07/26 11:00:00,A,PC_GDP,S1312,B9,IT,2024,,m,
ESTAT:GOV_10A_MAIN(1.0),21/07/26 11:00:00,A,PC_GDP,S1312,B9,IT,2025,,m,
ESTAT:GOV_10A_MAIN(1.0),21/07/26 11:00:00,A,PC_GDP,S1312,B9,LT,1995,,m,
ESTAT:GOV_10A_MAIN(1.0),21/07/26 11:00:00,A,PC_GDP,S1312,B9,LT,1996,,m,
ESTAT:GOV_10A_MAIN(1.0),21/07/26 11:00:00,A,PC_GDP,S1312,B9,LT,1997,,m,
ESTAT:GOV_10A_MAIN(1.0),21/07/26 11:00:00,A,PC_GDP,S1312,B9,LT,1998,,m,
ESTAT:GOV_10A_MAIN(1.0),21/07/26 11:00:00,A,PC_GDP,S1312,B9,LT,1999,,m,
ESTAT:GOV_10A_MAIN(1.0),21/07/26 11:00:00,A,PC_GDP,S1312,B9,LT,2000,,m,
ESTAT:GOV_10A_MAIN(1.0),21/07/26 11:00:00,A,PC_GDP,S1312,B9,LT,2001,,m,
ESTAT:GOV_10A_MAIN(1.0),21/07/26 11:00:00,A,PC_GDP,S1312,B9,LT,2002,,m,
ESTAT:GOV_10A_MAIN(1.0),21/07/26 11:00:00,A,PC_GDP,S1312,B9,LT,2003,,m,
ESTAT:GOV_10A_MAIN(1.0),21/07/26 11:00:00,A,PC_GDP,S1312,B9,LT,2004,,m,
ESTAT:GOV_10A_MAIN(1.0),21/07/26 11:00:00,A,PC_GDP,S1312,B9,LT,2005,,m,
ESTAT:GOV_10A_MAIN(1.0),21/07/26 11:00:00,A,PC_GDP,S1312,B9,LT,2006,,m,
ESTAT:GOV_10A_MAIN(1.0),21/07/26 11:00:00,A,PC_GDP,S1312,B9,LT,2007,,m,
ESTAT:GOV_10A_MAIN(1.0),21/07/26 11:00:00,A,PC_GDP,S1312,B9,LT,2008,,m,
ESTAT:GOV_10A_MAIN(1.0),21/07/26 11:00:00,A,PC_GDP,S1312,B9,LT,2009,,m,
ESTAT:GOV_10A_MAIN(1.0),21/07/26 11:00:00,A,PC_GDP,S1312,B9,LT,2010,,m,
ESTAT:GOV_10A_MAIN(1.0),21/07/26 11:00:00,A,PC_GDP,S1312,B9,LT,2011,,m,
ESTAT:GOV_10A_MAIN(1.0),21/07/26 11:00:00,A,PC_GDP,S1312,B9,LT,2012,,m,
ESTAT:GOV_10A_MAIN(1.0),21/07/26 11:00:00,A,PC_GDP,S1312,B9,LT,2013,,m,
ESTAT:GOV_10A_MAIN(1.0),21/07/26 11:00:00,A,PC_GDP,S1312,B9,LT,2014,,m,
ESTAT:GOV_10A_MAIN(1.0),21/07/26 11:00:00,A,PC_GDP,S1312,B9,LT,2015,,m,
ESTAT:GOV_10A_MAIN(1.0),21/07/26 11:00:00,A,PC_GDP,S1312,B9,LT,2016,,m,
ESTAT:GOV_10A_MAIN(1.0),21/07/26 11:00:00,A,PC_GDP,S1312,B9,LT,2017,,m,
ESTAT:GOV_10A_MAIN(1.0),21/07/26 11:00:00,A,PC_GDP,S1312,B9,LT,2018,,m,
ESTAT:GOV_10A_MAIN(1.0),21/07/26 11:00:00,A,PC_GDP,S1312,B9,LT,2019,,m,
ESTAT:GOV_10A_MAIN(1.0),21/07/26 11:00:00,A,PC_GDP,S1312,B9,LT,2020,,m,
ESTAT:GOV_10A_MAIN(1.0),21/07/26 11:00:00,A,PC_GDP,S1312,B9,LT,2021,,m,
ESTAT:GOV_10A_MAIN(1.0),21/07/26 11:00:00,A,PC_GDP,S1312,B9,LT,2022,,m,
ESTAT:GOV_10A_MAIN(1.0),21/07/26 11:00:00,A,PC_GDP,S1312,B9,LT,2023,,m,
ESTAT:GOV_10A_MAIN(1.0),21/07/26 11:00:00,A,PC_GDP,S1312,B9,LT,2024,,m,
ESTAT:GOV_10A_MAIN(1.0),21/07/26 11:00:00,A,PC_GDP,S1312,B9,LT,2025,,m,
ESTAT:GOV_10A_MAIN(1.0),21/07/26 11:00:00,A,PC_GDP,S1312,B9,LU,1995,,m,
ESTAT:GOV_10A_MAIN(1.0),21/07/26 11:00:00,A,PC_GDP,S1312,B9,LU,1996,,m,
ESTAT:GOV_10A_MAIN(1.0),21/07/26 11:00:00,A,PC_GDP,S1312,B9,LU,1997,,m,
ESTAT:GOV_10A_MAIN(1.0),21/07/26 11:00:00,A,PC_GDP,S1312,B9,LU,1998,,m,
ESTAT:GOV_10A_MAIN(1.0),21/07/26 11:00:00,A,PC_GDP,S1312,B9,LU,1999,,m,
ESTAT:GOV_10A_MAIN(1.0),21/07/26 11:00:00,A,PC_GDP,S1312,B9,LU,2000,,m,
ESTAT:GOV_10A_MAIN(1.0),21/07/26 11:00:00,A,PC_GDP,S1312,B9,LU,2001,,m,
ESTAT:GOV_10A_MAIN(1.0),21/07/26 11:00:00,A,PC_GDP,S1312,B9,LU,2002,,m,
ESTAT:GOV_10A_MAIN(1.0),21/07/26 11:00:00,A,PC_GDP,S1312,B9,LU,2003,,m,
ESTAT:GOV_10A_MAIN(1.0),21/07/26 11:00:00,A,PC_GDP,S1312,B9,LU,2004,,m,
ESTAT:GOV_10A_MAIN(1.0),21/07/26 11:00:00,A,PC_GDP,S1312,B9,LU,2005,,m,
ESTAT:GOV_10A_MAIN(1.0),21/07/26 11:00:00,A,PC_GDP,S1312,B9,LU,2006,,m,
ESTAT:GOV_10A_MAIN(1.0),21/07/26 11:00:00,A,PC_GDP,S1312,B9,LU,2007,,m,
ESTAT:GOV_10A_MAIN(1.0),21/07/26 11:00:00,A,PC_GDP,S1312,B9,LU,2008,,m,
ESTAT:GOV_10A_MAIN(1.0),21/07/26 11:00:00,A,PC_GDP,S1312,B9,LU,2009,,m,
ESTAT:GOV_10A_MAIN(1.0),21/07/26 11:00:00,A,PC_GDP,S1312,B9,LU,2010,,m,
ESTAT:GOV_10A_MAIN(1.0),21/07/26 11:00:00,A,PC_GDP,S1312,B9,LU,2011,,m,
ESTAT:GOV_10A_MAIN(1.0),21/07/26 11:00:00,A,PC_GDP,S1312,B9,LU,2012,,m,
ESTAT:GOV_10A_MAIN(1.0),21/07/26 11:00:00,A,PC_GDP,S1312,B9,LU,2013,,m,
ESTAT:GOV_10A_MAIN(1.0),21/07/26 11:00:00,A,PC_GDP,S1312,B9,LU,2014,,m,
ESTAT:GOV_10A_MAIN(1.0),21/07/26 11:00:00,A,PC_GDP,S1312,B9,LU,2015,,m,
ESTAT:GOV_10A_MAIN(1.0),21/07/26 11:00:00,A,PC_GDP,S1312,B9,LU,2016,,m,
ESTAT:GOV_10A_MAIN(1.0),21/07/26 11:00:00,A,PC_GDP,S1312,B9,LU,2017,,m,
ESTAT:GOV_10A_MAIN(1.0),21/07/26 11:00:00,A,PC_GDP,S1312,B9,LU,2018,,m,
ESTAT:GOV_10A_MAIN(1.0),21/07/26 11:00:00,A,PC_GDP,S1312,B9,LU,2019,,m,
ESTAT:GOV_10A_MAIN(1.0),21/07/26 11:00:00,A,PC_GDP,S1312,B9,LU,2020,,m,
ESTAT:GOV_10A_MAIN(1.0),21/07/26 11:00:00,A,PC_GDP,S1312,B9,LU,2021,,m,
ESTAT:GOV_10A_MAIN(1.0),21/07/26 11:00:00,A,PC_GDP,S1312,B9,LU,2022,,m,
ESTAT:GOV_10A_MAIN(1.0),21/07/26 11:00:00,A,PC_GDP,S1312,B9,LU,2023,,m,
ESTAT:GOV_10A_MAIN(1.0),21/07/26 11:00:00,A,PC_GDP,S1312,B9,LU,2024,,m,
ESTAT:GOV_10A_MAIN(1.0),21/07/26 11:00:00,A,PC_GDP,S1312,B9,LU,2025,,m,
ESTAT:GOV_10A_MAIN(1.0),21/07/26 11:00:00,A,PC_GDP,S1312,B9,LV,1995,,m,
ESTAT:GOV_10A_MAIN(1.0),21/07/26 11:00:00,A,PC_GDP,S1312,B9,LV,1996,,m,
ESTAT:GOV_10A_MAIN(1.0),21/07/26 11:00:00,A,PC_GDP,S1312,B9,LV,1997,,m,
ESTAT:GOV_10A_MAIN(1.0),21/07/26 11:00:00,A,PC_GDP,S1312,B9,LV,1998,,m,
ESTAT:GOV_10A_MAIN(1.0),21/07/26 11:00:00,A,PC_GDP,S1312,B9,LV,1999,,m,
ESTAT:GOV_10A_MAIN(1.0),21/07/26 11:00:00,A,PC_GDP,S1312,B9,LV,2000,,m,
ESTAT:GOV_10A_MAIN(1.0),21/07/26 11:00:00,A,PC_GDP,S1312,B9,LV,2001,,m,
ESTAT:GOV_10A_MAIN(1.0),21/07/26 11:00:00,A,PC_GDP,S1312,B9,LV,2002,,m,
ESTAT:GOV_10A_MAIN(1.0),21/07/26 11:00:00,A,PC_GDP,S1312,B9,LV,2003,,m,
ESTAT:GOV_10A_MAIN(1.0),21/07/26 11:00:00,A,PC_GDP,S1312,B9,LV,2004,,m,
ESTAT:GOV_10A_MAIN(1.0),21/07/26 11:00:00,A,PC_GDP,S1312,B9,LV,2005,,m,
ESTAT:GOV_10A_MAIN(1.0),21/07/26 11:00:00,A,PC_GDP,S1312,B9,LV,2006,,m,
ESTAT:GOV_10A_MAIN(1.0),21/07/26 11:00:00,A,PC_GDP,S1312,B9,LV,2007,,m,
ESTAT:GOV_10A_MAIN(1.0),21/07/26 11:00:00,A,PC_GDP,S1312,B9,LV,2008,,m,
ESTAT:GOV_10A_MAIN(1.0),21/07/26 11:00:00,A,PC_GDP,S1312,B9,LV,2009,,m,
ESTAT:GOV_10A_MAIN(1.0),21/07/26 11:00:00,A,PC_GDP,S1312,B9,LV,2010,,m,
ESTAT:GOV_10A_MAIN(1.0),21/07/26 11:00:00,A,PC_GDP,S1312,B9,LV,2011,,m,
ESTAT:GOV_10A_MAIN(1.0),21/07/26 11:00:00,A,PC_GDP,S1312,B9,LV,2012,,m,
ESTAT:GOV_10A_MAIN(1.0),21/07/26 11:00:00,A,PC_GDP,S1312,B9,LV,2013,,m,
ESTAT:GOV_10A_MAIN(1.0),21/07/26 11:00:00,A,PC_GDP,S1312,B9,LV,2014,,m,
ESTAT:GOV_10A_MAIN(1.0),21/07/26 11:00:00,A,PC_GDP,S1312,B9,LV,2015,,m,
ESTAT:GOV_10A_MAIN(1.0),21/07/26 11:00:00,A,PC_GDP,S1312,B9,LV,2016,,m,
ESTAT:GOV_10A_MAIN(1.0),21/07/26 11:00:00,A,PC_GDP,S1312,B9,LV,2017,,m,
ESTAT:GOV_10A_MAIN(1.0),21/07/26 11:00:00,A,PC_GDP,S1312,B9,LV,2018,,m,
ESTAT:GOV_10A_MAIN(1.0),21/07/26 11:00:00,A,PC_GDP,S1312,B9,LV,2019,,m,
ESTAT:GOV_10A_MAIN(1.0),21/07/26 11:00:00,A,PC_GDP,S1312,B9,LV,2020,,m,
ESTAT:GOV_10A_MAIN(1.0),21/07/26 11:00:00,A,PC_GDP,S1312,B9,LV,2021,,m,
ESTAT:GOV_10A_MAIN(1.0),21/07/26 11:00:00,A,PC_GDP,S1312,B9,LV,2022,,m,
ESTAT:GOV_10A_MAIN(1.0),21/07/26 11:00:00,A,PC_GDP,S1312,B9,LV,2023,,m,
ESTAT:GOV_10A_MAIN(1.0),21/07/26 11:00:00,A,PC_GDP,S1312,B9,LV,2024,,m,
ESTAT:GOV_10A_MAIN(1.0),21/07/26 11:00:00,A,PC_GDP,S1312,B9,LV,2025,,m,
ESTAT:GOV_10A_MAIN(1.0),21/07/26 11:00:00,A,PC_GDP,S1312,B9,MT,1995,,m,
ESTAT:GOV_10A_MAIN(1.0),21/07/26 11:00:00,A,PC_GDP,S1312,B9,MT,1996,,m,
ESTAT:GOV_10A_MAIN(1.0),21/07/26 11:00:00,A,PC_GDP,S1312,B9,MT,1997,,m,
ESTAT:GOV_10A_MAIN(1.0),21/07/26 11:00:00,A,PC_GDP,S1312,B9,MT,1998,,m,
ESTAT:GOV_10A_MAIN(1.0),21/07/26 11:00:00,A,PC_GDP,S1312,B9,MT,1999,,m,
ESTAT:GOV_10A_MAIN(1.0),21/07/26 11:00:00,A,PC_GDP,S1312,B9,MT,2000,,m,
ESTAT:GOV_10A_MAIN(1.0),21/07/26 11:00:00,A,PC_GDP,S1312,B9,MT,2001,,m,
ESTAT:GOV_10A_MAIN(1.0),21/07/26 11:00:00,A,PC_GDP,S1312,B9,MT,2002,,m,
ESTAT:GOV_10A_MAIN(1.0),21/07/26 11:00:00,A,PC_GDP,S1312,B9,MT,2003,,m,
ESTAT:GOV_10A_MAIN(1.0),21/07/26 11:00:00,A,PC_GDP,S1312,B9,MT,2004,,m,
ESTAT:GOV_10A_MAIN(1.0),21/07/26 11:00:00,A,PC_GDP,S1312,B9,MT,2005,,m,
ESTAT:GOV_10A_MAIN(1.0),21/07/26 11:00:00,A,PC_GDP,S1312,B9,MT,2006,,m,
ESTAT:GOV_10A_MAIN(1.0),21/07/26 11:00:00,A,PC_GDP,S1312,B9,MT,2007,,m,
ESTAT:GOV_10A_MAIN(1.0),21/07/26 11:00:00,A,PC_GDP,S1312,B9,MT,2008,,m,
ESTAT:GOV_10A_MAIN(1.0),21/07/26 11:00:00,A,PC_GDP,S1312,B9,MT,2009,,m,
ESTAT:GOV_10A_MAIN(1.0),21/07/26 11:00:00,A,PC_GDP,S1312,B9,MT,2010,,m,
ESTAT:GOV_10A_MAIN(1.0),21/07/26 11:00:00,A,PC_GDP,S1312,B9,MT,2011,,m,
ESTAT:GOV_10A_MAIN(1.0),21/07/26 11:00:00,A,PC_GDP,S1312,B9,MT,2012,,m,
ESTAT:GOV_10A_MAIN(1.0),21/07/26 11:00:00,A,PC_GDP,S1312,B9,MT,2013,,m,
ESTAT:GOV_10A_MAIN(1.0),21/07/26 11:00:00,A,PC_GDP,S1312,B9,MT,2014,,m,
ESTAT:GOV_10A_MAIN(1.0),21/07/26 11:00:00,A,PC_GDP,S1312,B9,MT,2015,,m,
ESTAT:GOV_10A_MAIN(1.0),21/07/26 11:00:00,A,PC_GDP,S1312,B9,MT,2016,,m,
ESTAT:GOV_10A_MAIN(1.0),21/07/26 11:00:00,A,PC_GDP,S1312,B9,MT,2017,,m,
ESTAT:GOV_10A_MAIN(1.0),21/07/26 11:00:00,A,PC_GDP,S1312,B9,MT,2018,,m,
ESTAT:GOV_10A_MAIN(1.0),21/07/26 11:00:00,A,PC_GDP,S1312,B9,MT,2019,,m,
ESTAT:GOV_10A_MAIN(1.0),21/07/26 11:00:00,A,PC_GDP,S1312,B9,MT,2020,,m,
ESTAT:GOV_10A_MAIN(1.0),21/07/26 11:00:00,A,PC_GDP,S1312,B9,MT,2021,,m,
ESTAT:GOV_10A_MAIN(1.0),21/07/26 11:00:00,A,PC_GDP,S1312,B9,MT,2022,,m,
ESTAT:GOV_10A_MAIN(1.0),21/07/26 11:00:00,A,PC_GDP,S1312,B9,MT,2023,,m,
ESTAT:GOV_10A_MAIN(1.0),21/07/26 11:00:00,A,PC_GDP,S1312,B9,MT,2024,,m,
ESTAT:GOV_10A_MAIN(1.0),21/07/26 11:00:00,A,PC_GDP,S1312,B9,MT,2025,,m,
ESTAT:GOV_10A_MAIN(1.0),21/07/26 11:00:00,A,PC_GDP,S1312,B9,NL,1995,,m,
ESTAT:GOV_10A_MAIN(1.0),21/07/26 11:00:00,A,PC_GDP,S1312,B9,NL,1996,,m,
ESTAT:GOV_10A_MAIN(1.0),21/07/26 11:00:00,A,PC_GDP,S1312,B9,NL,1997,,m,
ESTAT:GOV_10A_MAIN(1.0),21/07/26 11:00:00,A,PC_GDP,S1312,B9,NL,1998,,m,
ESTAT:GOV_10A_MAIN(1.0),21/07/26 11:00:00,A,PC_GDP,S1312,B9,NL,1999,,m,
ESTAT:GOV_10A_MAIN(1.0),21/07/26 11:00:00,A,PC_GDP,S1312,B9,NL,2000,,m,
ESTAT:GOV_10A_MAIN(1.0),21/07/26 11:00:00,A,PC_GDP,S1312,B9,NL,2001,,m,
ESTAT:GOV_10A_MAIN(1.0),21/07/26 11:00:00,A,PC_GDP,S1312,B9,NL,2002,,m,
ESTAT:GOV_10A_MAIN(1.0),21/07/26 11:00:00,A,PC_GDP,S1312,B9,NL,2003,,m,
ESTAT:GOV_10A_MAIN(1.0),21/07/26 11:00:00,A,PC_GDP,S1312,B9,NL,2004,,m,
ESTAT:GOV_10A_MAIN(1.0),21/07/26 11:00:00,A,PC_GDP,S1312,B9,NL,2005,,m,
ESTAT:GOV_10A_MAIN(1.0),21/07/26 11:00:00,A,PC_GDP,S1312,B9,NL,2006,,m,
ESTAT:GOV_10A_MAIN(1.0),21/07/26 11:00:00,A,PC_GDP,S1312,B9,NL,2007,,m,
ESTAT:GOV_10A_MAIN(1.0),21/07/26 11:00:00,A,PC_GDP,S1312,B9,NL,2008,,m,
ESTAT:GOV_10A_MAIN(1.0),21/07/26 11:00:00,A,PC_GDP,S1312,B9,NL,2009,,m,
ESTAT:GOV_10A_MAIN(1.0),21/07/26 11:00:00,A,PC_GDP,S1312,B9,NL,2010,,m,
ESTAT:GOV_10A_MAIN(1.0),21/07/26 11:00:00,A,PC_GDP,S1312,B9,NL,2011,,m,
ESTAT:GOV_10A_MAIN(1.0),21/07/26 11:00:00,A,PC_GDP,S1312,B9,NL,2012,,m,
ESTAT:GOV_10A_MAIN(1.0),21/07/26 11:00:00,A,PC_GDP,S1312,B9,NL,2013,,m,
ESTAT:GOV_10A_MAIN(1.0),21/07/26 11:00:00,A,PC_GDP,S1312,B9,NL,2014,,m,
ESTAT:GOV_10A_MAIN(1.0),21/07/26 11:00:00,A,PC_GDP,S1312,B9,NL,2015,,m,
ESTAT:GOV_10A_MAIN(1.0),21/07/26 11:00:00,A,PC_GDP,S1312,B9,NL,2016,,m,
ESTAT:GOV_10A_MAIN(1.0),21/07/26 11:00:00,A,PC_GDP,S1312,B9,NL,2017,,m,
ESTAT:GOV_10A_MAIN(1.0),21/07/26 11:00:00,A,PC_GDP,S1312,B9,NL,2018,,m,
ESTAT:GOV_10A_MAIN(1.0),21/07/26 11:00:00,A,PC_GDP,S1312,B9,NL,2019,,m,
ESTAT:GOV_10A_MAIN(1.0),21/07/26 11:00:00,A,PC_GDP,S1312,B9,NL,2020,,m,
ESTAT:GOV_10A_MAIN(1.0),21/07/26 11:00:00,A,PC_GDP,S1312,B9,NL,2021,,m,
ESTAT:GOV_10A_MAIN(1.0),21/07/26 11:00:00,A,PC_GDP,S1312,B9,NL,2022,,m,
ESTAT:GOV_10A_MAIN(1.0),21/07/26 11:00:00,A,PC_GDP,S1312,B9,NL,2023,,m,
ESTAT:GOV_10A_MAIN(1.0),21/07/26 11:00:00,A,PC_GDP,S1312,B9,NL,2024,,m,
ESTAT:GOV_10A_MAIN(1.0),21/07/26 11:00:00,A,PC_GDP,S1312,B9,NL,2025,,m,
ESTAT:GOV_10A_MAIN(1.0),21/07/26 11:00:00,A,PC_GDP,S1312,B9,NO,1995,,m,
ESTAT:GOV_10A_MAIN(1.0),21/07/26 11:00:00,A,PC_GDP,S1312,B9,NO,1996,,m,
ESTAT:GOV_10A_MAIN(1.0),21/07/26 11:00:00,A,PC_GDP,S1312,B9,NO,1997,,m,
ESTAT:GOV_10A_MAIN(1.0),21/07/26 11:00:00,A,PC_GDP,S1312,B9,NO,1998,,m,
ESTAT:GOV_10A_MAIN(1.0),21/07/26 11:00:00,A,PC_GDP,S1312,B9,NO,1999,,m,
ESTAT:GOV_10A_MAIN(1.0),21/07/26 11:00:00,A,PC_GDP,S1312,B9,NO,2000,,m,
ESTAT:GOV_10A_MAIN(1.0),21/07/26 11:00:00,A,PC_GDP,S1312,B9,NO,2001,,m,
ESTAT:GOV_10A_MAIN(1.0),21/07/26 11:00:00,A,PC_GDP,S1312,B9,NO,2002,,m,
ESTAT:GOV_10A_MAIN(1.0),21/07/26 11:00:00,A,PC_GDP,S1312,B9,NO,2003,,m,
ESTAT:GOV_10A_MAIN(1.0),21/07/26 11:00:00,A,PC_GDP,S1312,B9,NO,2004,,m,
ESTAT:GOV_10A_MAIN(1.0),21/07/26 11:00:00,A,PC_GDP,S1312,B9,NO,2005,,m,
ESTAT:GOV_10A_MAIN(1.0),21/07/26 11:00:00,A,PC_GDP,S1312,B9,NO,2006,,m,
ESTAT:GOV_10A_MAIN(1.0),21/07/26 11:00:00,A,PC_GDP,S1312,B9,NO,2007,,m,
ESTAT:GOV_10A_MAIN(1.0),21/07/26 11:00:00,A,PC_GDP,S1312,B9,NO,2008,,m,
ESTAT:GOV_10A_MAIN(1.0),21/07/26 11:00:00,A,PC_GDP,S1312,B9,NO,2009,,m,
ESTAT:GOV_10A_MAIN(1.0),21/07/26 11:00:00,A,PC_GDP,S1312,B9,NO,2010,,m,
ESTAT:GOV_10A_MAIN(1.0),21/07/26 11:00:00,A,PC_GDP,S1312,B9,NO,2011,,m,
ESTAT:GOV_10A_MAIN(1.0),21/07/26 11:00:00,A,PC_GDP,S1312,B9,NO,2012,,m,
ESTAT:GOV_10A_MAIN(1.0),21/07/26 11:00:00,A,PC_GDP,S1312,B9,NO,2013,,m,
ESTAT:GOV_10A_MAIN(1.0),21/07/26 11:00:00,A,PC_GDP,S1312,B9,NO,2014,,m,
ESTAT:GOV_10A_MAIN(1.0),21/07/26 11:00:00,A,PC_GDP,S1312,B9,NO,2015,,m,
ESTAT:GOV_10A_MAIN(1.0),21/07/26 11:00:00,A,PC_GDP,S1312,B9,NO,2016,,m,
ESTAT:GOV_10A_MAIN(1.0),21/07/26 11:00:00,A,PC_GDP,S1312,B9,NO,2017,,m,
ESTAT:GOV_10A_MAIN(1.0),21/07/26 11:00:00,A,PC_GDP,S1312,B9,NO,2018,,m,
ESTAT:GOV_10A_MAIN(1.0),21/07/26 11:00:00,A,PC_GDP,S1312,B9,NO,2019,,m,
ESTAT:GOV_10A_MAIN(1.0),21/07/26 11:00:00,A,PC_GDP,S1312,B9,NO,2020,,m,
ESTAT:GOV_10A_MAIN(1.0),21/07/26 11:00:00,A,PC_GDP,S1312,B9,NO,2021,,m,
ESTAT:GOV_10A_MAIN(1.0),21/07/26 11:00:00,A,PC_GDP,S1312,B9,NO,2022,,m,
ESTAT:GOV_10A_MAIN(1.0),21/07/26 11:00:00,A,PC_GDP,S1312,B9,NO,2023,,m,
ESTAT:GOV_10A_MAIN(1.0),21/07/26 11:00:00,A,PC_GDP,S1312,B9,NO,2024,,m,
ESTAT:GOV_10A_MAIN(1.0),21/07/26 11:00:00,A,PC_GDP,S1312,B9,NO,2025,,m,
ESTAT:GOV_10A_MAIN(1.0),21/07/26 11:00:00,A,PC_GDP,S1312,B9,PL,1995,,m,
ESTAT:GOV_10A_MAIN(1.0),21/07/26 11:00:00,A,PC_GDP,S1312,B9,PL,1996,,m,
ESTAT:GOV_10A_MAIN(1.0),21/07/26 11:00:00,A,PC_GDP,S1312,B9,PL,1997,,m,
ESTAT:GOV_10A_MAIN(1.0),21/07/26 11:00:00,A,PC_GDP,S1312,B9,PL,1998,,m,
ESTAT:GOV_10A_MAIN(1.0),21/07/26 11:00:00,A,PC_GDP,S1312,B9,PL,1999,,m,
ESTAT:GOV_10A_MAIN(1.0),21/07/26 11:00:00,A,PC_GDP,S1312,B9,PL,2000,,m,
ESTAT:GOV_10A_MAIN(1.0),21/07/26 11:00:00,A,PC_GDP,S1312,B9,PL,2001,,m,
ESTAT:GOV_10A_MAIN(1.0),21/07/26 11:00:00,A,PC_GDP,S1312,B9,PL,2002,,m,
ESTAT:GOV_10A_MAIN(1.0),21/07/26 11:00:00,A,PC_GDP,S1312,B9,PL,2003,,m,
ESTAT:GOV_10A_MAIN(1.0),21/07/26 11:00:00,A,PC_GDP,S1312,B9,PL,2004,,m,
ESTAT:GOV_10A_MAIN(1.0),21/07/26 11:00:00,A,PC_GDP,S1312,B9,PL,2005,,m,
ESTAT:GOV_10A_MAIN(1.0),21/07/26 11:00:00,A,PC_GDP,S1312,B9,PL,2006,,m,
ESTAT:GOV_10A_MAIN(1.0),21/07/26 11:00:00,A,PC_GDP,S1312,B9,PL,2007,,m,
ESTAT:GOV_10A_MAIN(1.0),21/07/26 11:00:00,A,PC_GDP,S1312,B9,PL,2008,,m,
ESTAT:GOV_10A_MAIN(1.0),21/07/26 11:00:00,A,PC_GDP,S1312,B9,PL,2009,,m,
ESTAT:GOV_10A_MAIN(1.0),21/07/26 11:00:00,A,PC_GDP,S1312,B9,PL,2010,,m,
ESTAT:GOV_10A_MAIN(1.0),21/07/26 11:00:00,A,PC_GDP,S1312,B9,PL,2011,,m,
ESTAT:GOV_10A_MAIN(1.0),21/07/26 11:00:00,A,PC_GDP,S1312,B9,PL,2012,,m,
ESTAT:GOV_10A_MAIN(1.0),21/07/26 11:00:00,A,PC_GDP,S1312,B9,PL,2013,,m,
ESTAT:GOV_10A_MAIN(1.0),21/07/26 11:00:00,A,PC_GDP,S1312,B9,PL,2014,,m,
ESTAT:GOV_10A_MAIN(1.0),21/07/26 11:00:00,A,PC_GDP,S1312,B9,PL,2015,,m,
ESTAT:GOV_10A_MAIN(1.0),21/07/26 11:00:00,A,PC_GDP,S1312,B9,PL,2016,,m,
ESTAT:GOV_10A_MAIN(1.0),21/07/26 11:00:00,A,PC_GDP,S1312,B9,PL,2017,,m,
ESTAT:GOV_10A_MAIN(1.0),21/07/26 11:00:00,A,PC_GDP,S1312,B9,PL,2018,,m,
ESTAT:GOV_10A_MAIN(1.0),21/07/26 11:00:00,A,PC_GDP,S1312,B9,PL,2019,,m,
ESTAT:GOV_10A_MAIN(1.0),21/07/26 11:00:00,A,PC_GDP,S1312,B9,PL,2020,,m,
ESTAT:GOV_10A_MAIN(1.0),21/07/26 11:00:00,A,PC_GDP,S1312,B9,PL,2021,,m,
ESTAT:GOV_10A_MAIN(1.0),21/07/26 11:00:00,A,PC_GDP,S1312,B9,PL,2022,,m,
ESTAT:GOV_10A_MAIN(1.0),21/07/26 11:00:00,A,PC_GDP,S1312,B9,PL,2023,,m,
ESTAT:GOV_10A_MAIN(1.0),21/07/26 11:00:00,A,PC_GDP,S1312,B9,PL,2024,,m,
ESTAT:GOV_10A_MAIN(1.0),21/07/26 11:00:00,A,PC_GDP,S1312,B9,PL,2025,,m,
ESTAT:GOV_10A_MAIN(1.0),21/07/26 11:00:00,A,PC_GDP,S1312,B9,PT,1995,,m,
ESTAT:GOV_10A_MAIN(1.0),21/07/26 11:00:00,A,PC_GDP,S1312,B9,PT,1996,,m,
ESTAT:GOV_10A_MAIN(1.0),21/07/26 11:00:00,A,PC_GDP,S1312,B9,PT,1997,,m,
ESTAT:GOV_10A_MAIN(1.0),21/07/26 11:00:00,A,PC_GDP,S1312,B9,PT,1998,,m,
ESTAT:GOV_10A_MAIN(1.0),21/07/26 11:00:00,A,PC_GDP,S1312,B9,PT,1999,,m,
ESTAT:GOV_10A_MAIN(1.0),21/07/26 11:00:00,A,PC_GDP,S1312,B9,PT,2000,,m,
ESTAT:GOV_10A_MAIN(1.0),21/07/26 11:00:00,A,PC_GDP,S1312,B9,PT,2001,,m,
ESTAT:GOV_10A_MAIN(1.0),21/07/26 11:00:00,A,PC_GDP,S1312,B9,PT,2002,,m,
ESTAT:GOV_10A_MAIN(1.0),21/07/26 11:00:00,A,PC_GDP,S1312,B9,PT,2003,,m,
ESTAT:GOV_10A_MAIN(1.0),21/07/26 11:00:00,A,PC_GDP,S1312,B9,PT,2004,,m,
ESTAT:GOV_10A_MAIN(1.0),21/07/26 11:00:00,A,PC_GDP,S1312,B9,PT,2005,,m,
ESTAT:GOV_10A_MAIN(1.0),21/07/26 11:00:00,A,PC_GDP,S1312,B9,PT,2006,,m,
ESTAT:GOV_10A_MAIN(1.0),21/07/26 11:00:00,A,PC_GDP,S1312,B9,PT,2007,,m,
ESTAT:GOV_10A_MAIN(1.0),21/07/26 11:00:00,A,PC_GDP,S1312,B9,PT,2008,,m,
ESTAT:GOV_10A_MAIN(1.0),21/07/26 11:00:00,A,PC_GDP,S1312,B9,PT,2009,,m,
ESTAT:GOV_10A_MAIN(1.0),21/07/26 11:00:00,A,PC_GDP,S1312,B9,PT,2010,,m,
ESTAT:GOV_10A_MAIN(1.0),21/07/26 11:00:00,A,PC_GDP,S1312,B9,PT,2011,,m,
ESTAT:GOV_10A_MAIN(1.0),21/07/26 11:00:00,A,PC_GDP,S1312,B9,PT,2012,,m,
ESTAT:GOV_10A_MAIN(1.0),21/07/26 11:00:00,A,PC_GDP,S1312,B9,PT,2013,,m,
ESTAT:GOV_10A_MAIN(1.0),21/07/26 11:00:00,A,PC_GDP,S1312,B9,PT,2014,,m,
ESTAT:GOV_10A_MAIN(1.0),21/07/26 11:00:00,A,PC_GDP,S1312,B9,PT,2015,,m,
ESTAT:GOV_10A_MAIN(1.0),21/07/26 11:00:00,A,PC_GDP,S1312,B9,PT,2016,,m,
ESTAT:GOV_10A_MAIN(1.0),21/07/26 11:00:00,A,PC_GDP,S1312,B9,PT,2017,,m,
ESTAT:GOV_10A_MAIN(1.0),21/07/26 11:00:00,A,PC_GDP,S1312,B9,PT,2018,,m,
ESTAT:GOV_10A_MAIN(1.0),21/07/26 11:00:00,A,PC_GDP,S1312,B9,PT,2019,,m,
ESTAT:GOV_10A_MAIN(1.0),21/07/26 11:00:00,A,PC_GDP,S1312,B9,PT,2020,,m,
ESTAT:GOV_10A_MAIN(1.0),21/07/26 11:00:00,A,PC_GDP,S1312,B9,PT,2021,,m,
ESTAT:GOV_10A_MAIN(1.0),21/07/26 11:00:00,A,PC_GDP,S1312,B9,PT,2022,,m,
ESTAT:GOV_10A_MAIN(1.0),21/07/26 11:00:00,A,PC_GDP,S1312,B9,PT,2023,,m,
ESTAT:GOV_10A_MAIN(1.0),21/07/26 11:00:00,A,PC_GDP,S1312,B9,PT,2024,,m,
ESTAT:GOV_10A_MAIN(1.0),21/07/26 11:00:00,A,PC_GDP,S1312,B9,PT,2025,,m,
ESTAT:GOV_10A_MAIN(1.0),21/07/26 11:00:00,A,PC_GDP,S1312,B9,RO,1995,,m,
ESTAT:GOV_10A_MAIN(1.0),21/07/26 11:00:00,A,PC_GDP,S1312,B9,RO,1996,,m,
ESTAT:GOV_10A_MAIN(1.0),21/07/26 11:00:00,A,PC_GDP,S1312,B9,RO,1997,,m,
ESTAT:GOV_10A_MAIN(1.0),21/07/26 11:00:00,A,PC_GDP,S1312,B9,RO,1998,,m,
ESTAT:GOV_10A_MAIN(1.0),21/07/26 11:00:00,A,PC_GDP,S1312,B9,RO,1999,,m,
ESTAT:GOV_10A_MAIN(1.0),21/07/26 11:00:00,A,PC_GDP,S1312,B9,RO,2000,,m,
ESTAT:GOV_10A_MAIN(1.0),21/07/26 11:00:00,A,PC_GDP,S1312,B9,RO,2001,,m,
ESTAT:GOV_10A_MAIN(1.0),21/07/26 11:00:00,A,PC_GDP,S1312,B9,RO,2002,,m,
ESTAT:GOV_10A_MAIN(1.0),21/07/26 11:00:00,A,PC_GDP,S1312,B9,RO,2003,,m,
ESTAT:GOV_10A_MAIN(1.0),21/07/26 11:00:00,A,PC_GDP,S1312,B9,RO,2004,,m,
ESTAT:GOV_10A_MAIN(1.0),21/07/26 11:00:00,A,PC_GDP,S1312,B9,RO,2005,,m,
ESTAT:GOV_10A_MAIN(1.0),21/07/26 11:00:00,A,PC_GDP,S1312,B9,RO,2006,,m,
ESTAT:GOV_10A_MAIN(1.0),21/07/26 11:00:00,A,PC_GDP,S1312,B9,RO,2007,,m,
ESTAT:GOV_10A_MAIN(1.0),21/07/26 11:00:00,A,PC_GDP,S1312,B9,RO,2008,,m,
ESTAT:GOV_10A_MAIN(1.0),21/07/26 11:00:00,A,PC_GDP,S1312,B9,RO,2009,,m,
ESTAT:GOV_10A_MAIN(1.0),21/07/26 11:00:00,A,PC_GDP,S1312,B9,RO,2010,,m,
ESTAT:GOV_10A_MAIN(1.0),21/07/26 11:00:00,A,PC_GDP,S1312,B9,RO,2011,,m,
ESTAT:GOV_10A_MAIN(1.0),21/07/26 11:00:00,A,PC_GDP,S1312,B9,RO,2012,,m,
ESTAT:GOV_10A_MAIN(1.0),21/07/26 11:00:00,A,PC_GDP,S1312,B9,RO,2013,,m,
ESTAT:GOV_10A_MAIN(1.0),21/07/26 11:00:00,A,PC_GDP,S1312,B9,RO,2014,,m,
ESTAT:GOV_10A_MAIN(1.0),21/07/26 11:00:00,A,PC_GDP,S1312,B9,RO,2015,,m,
ESTAT:GOV_10A_MAIN(1.0),21/07/26 11:00:00,A,PC_GDP,S1312,B9,RO,2016,,m,
ESTAT:GOV_10A_MAIN(1.0),21/07/26 11:00:00,A,PC_GDP,S1312,B9,RO,2017,,m,
ESTAT:GOV_10A_MAIN(1.0),21/07/26 11:00:00,A,PC_GDP,S1312,B9,RO,2018,,m,
ESTAT:GOV_10A_MAIN(1.0),21/07/26 11:00:00,A,PC_GDP,S1312,B9,RO,2019,,m,
ESTAT:GOV_10A_MAIN(1.0),21/07/26 11:00:00,A,PC_GDP,S1312,B9,RO,2020,,m,
ESTAT:GOV_10A_MAIN(1.0),21/07/26 11:00:00,A,PC_GDP,S1312,B9,RO,2021,,m,
ESTAT:GOV_10A_MAIN(1.0),21/07/26 11:00:00,A,PC_GDP,S1312,B9,RO,2022,,m,
ESTAT:GOV_10A_MAIN(1.0),21/07/26 11:00:00,A,PC_GDP,S1312,B9,RO,2023,,m,
ESTAT:GOV_10A_MAIN(1.0),21/07/26 11:00:00,A,PC_GDP,S1312,B9,RO,2024,,m,
ESTAT:GOV_10A_MAIN(1.0),21/07/26 11:00:00,A,PC_GDP,S1312,B9,RO,2025,,m,
ESTAT:GOV_10A_MAIN(1.0),21/07/26 11:00:00,A,PC_GDP,S1312,B9,SE,1995,,m,
ESTAT:GOV_10A_MAIN(1.0),21/07/26 11:00:00,A,PC_GDP,S1312,B9,SE,1996,,m,
ESTAT:GOV_10A_MAIN(1.0),21/07/26 11:00:00,A,PC_GDP,S1312,B9,SE,1997,,m,
ESTAT:GOV_10A_MAIN(1.0),21/07/26 11:00:00,A,PC_GDP,S1312,B9,SE,1998,,m,
ESTAT:GOV_10A_MAIN(1.0),21/07/26 11:00:00,A,PC_GDP,S1312,B9,SE,1999,,m,
ESTAT:GOV_10A_MAIN(1.0),21/07/26 11:00:00,A,PC_GDP,S1312,B9,SE,2000,,m,
ESTAT:GOV_10A_MAIN(1.0),21/07/26 11:00:00,A,PC_GDP,S1312,B9,SE,2001,,m,
ESTAT:GOV_10A_MAIN(1.0),21/07/26 11:00:00,A,PC_GDP,S1312,B9,SE,2002,,m,
ESTAT:GOV_10A_MAIN(1.0),21/07/26 11:00:00,A,PC_GDP,S1312,B9,SE,2003,,m,
ESTAT:GOV_10A_MAIN(1.0),21/07/26 11:00:00,A,PC_GDP,S1312,B9,SE,2004,,m,
ESTAT:GOV_10A_MAIN(1.0),21/07/26 11:00:00,A,PC_GDP,S1312,B9,SE,2005,,m,
ESTAT:GOV_10A_MAIN(1.0),21/07/26 11:00:00,A,PC_GDP,S1312,B9,SE,2006,,m,
ESTAT:GOV_10A_MAIN(1.0),21/07/26 11:00:00,A,PC_GDP,S1312,B9,SE,2007,,m,
ESTAT:GOV_10A_MAIN(1.0),21/07/26 11:00:00,A,PC_GDP,S1312,B9,SE,2008,,m,
ESTAT:GOV_10A_MAIN(1.0),21/07/26 11:00:00,A,PC_GDP,S1312,B9,SE,2009,,m,
ESTAT:GOV_10A_MAIN(1.0),21/07/26 11:00:00,A,PC_GDP,S1312,B9,SE,2010,,m,
ESTAT:GOV_10A_MAIN(1.0),21/07/26 11:00:00,A,PC_GDP,S1312,B9,SE,2011,,m,
ESTAT:GOV_10A_MAIN(1.0),21/07/26 11:00:00,A,PC_GDP,S1312,B9,SE,2012,,m,
ESTAT:GOV_10A_MAIN(1.0),21/07/26 11:00:00,A,PC_GDP,S1312,B9,SE,2013,,m,
ESTAT:GOV_10A_MAIN(1.0),21/07/26 11:00:00,A,PC_GDP,S1312,B9,SE,2014,,m,
ESTAT:GOV_10A_MAIN(1.0),21/07/26 11:00:00,A,PC_GDP,S1312,B9,SE,2015,,m,
ESTAT:GOV_10A_MAIN(1.0),21/07/26 11:00:00,A,PC_GDP,S1312,B9,SE,2016,,m,
ESTAT:GOV_10A_MAIN(1.0),21/07/26 11:00:00,A,PC_GDP,S1312,B9,SE,2017,,m,
ESTAT:GOV_10A_MAIN(1.0),21/07/26 11:00:00,A,PC_GDP,S1312,B9,SE,2018,,m,
ESTAT:GOV_10A_MAIN(1.0),21/07/26 11:00:00,A,PC_GDP,S1312,B9,SE,2019,,m,
ESTAT:GOV_10A_MAIN(1.0),21/07/26 11:00:00,A,PC_GDP,S1312,B9,SE,2020,,m,
ESTAT:GOV_10A_MAIN(1.0),21/07/26 11:00:00,A,PC_GDP,S1312,B9,SE,2021,,m,
ESTAT:GOV_10A_MAIN(1.0),21/07/26 11:00:00,A,PC_GDP,S1312,B9,SE,2022,,m,
ESTAT:GOV_10A_MAIN(1.0),21/07/26 11:00:00,A,PC_GDP,S1312,B9,SE,2023,,m,
ESTAT:GOV_10A_MAIN(1.0),21/07/26 11:00:00,A,PC_GDP,S1312,B9,SE,2024,,m,
ESTAT:GOV_10A_MAIN(1.0),21/07/26 11:00:00,A,PC_GDP,S1312,B9,SE,2025,,m,
ESTAT:GOV_10A_MAIN(1.0),21/07/26 11:00:00,A,PC_GDP,S1312,B9,SI,1995,,m,
ESTAT:GOV_10A_MAIN(1.0),21/07/26 11:00:00,A,PC_GDP,S1312,B9,SI,1996,,m,
ESTAT:GOV_10A_MAIN(1.0),21/07/26 11:00:00,A,PC_GDP,S1312,B9,SI,1997,,m,
ESTAT:GOV_10A_MAIN(1.0),21/07/26 11:00:00,A,PC_GDP,S1312,B9,SI,1998,,m,
ESTAT:GOV_10A_MAIN(1.0),21/07/26 11:00:00,A,PC_GDP,S1312,B9,SI,1999,,m,
ESTAT:GOV_10A_MAIN(1.0),21/07/26 11:00:00,A,PC_GDP,S1312,B9,SI,2000,,m,
ESTAT:GOV_10A_MAIN(1.0),21/07/26 11:00:00,A,PC_GDP,S1312,B9,SI,2001,,m,
ESTAT:GOV_10A_MAIN(1.0),21/07/26 11:00:00,A,PC_GDP,S1312,B9,SI,2002,,m,
ESTAT:GOV_10A_MAIN(1.0),21/07/26 11:00:00,A,PC_GDP,S1312,B9,SI,2003,,m,
ESTAT:GOV_10A_MAIN(1.0),21/07/26 11:00:00,A,PC_GDP,S1312,B9,SI,2004,,m,
ESTAT:GOV_10A_MAIN(1.0),21/07/26 11:00:00,A,PC_GDP,S1312,B9,SI,2005,,m,
ESTAT:GOV_10A_MAIN(1.0),21/07/26 11:00:00,A,PC_GDP,S1312,B9,SI,2006,,m,
ESTAT:GOV_10A_MAIN(1.0),21/07/26 11:00:00,A,PC_GDP,S1312,B9,SI,2007,,m,
ESTAT:GOV_10A_MAIN(1.0),21/07/26 11:00:00,A,PC_GDP,S1312,B9,SI,2008,,m,
ESTAT:GOV_10A_MAIN(1.0),21/07/26 11:00:00,A,PC_GDP,S1312,B9,SI,2009,,m,
ESTAT:GOV_10A_MAIN(1.0),21/07/26 11:00:00,A,PC_GDP,S1312,B9,SI,2010,,m,
ESTAT:GOV_10A_MAIN(1.0),21/07/26 11:00:00,A,PC_GDP,S1312,B9,SI,2011,,m,
ESTAT:GOV_10A_MAIN(1.0),21/07/26 11:00:00,A,PC_GDP,S1312,B9,SI,2012,,m,
ESTAT:GOV_10A_MAIN(1.0),21/07/26 11:00:00,A,PC_GDP,S1312,B9,SI,2013,,m,
ESTAT:GOV_10A_MAIN(1.0),21/07/26 11:00:00,A,PC_GDP,S1312,B9,SI,2014,,m,
ESTAT:GOV_10A_MAIN(1.0),21/07/26 11:00:00,A,PC_GDP,S1312,B9,SI,2015,,m,
ESTAT:GOV_10A_MAIN(1.0),21/07/26 11:00:00,A,PC_GDP,S1312,B9,SI,2016,,m,
ESTAT:GOV_10A_MAIN(1.0),21/07/26 11:00:00,A,PC_GDP,S1312,B9,SI,2017,,m,
ESTAT:GOV_10A_MAIN(1.0),21/07/26 11:00:00,A,PC_GDP,S1312,B9,SI,2018,,m,
ESTAT:GOV_10A_MAIN(1.0),21/07/26 11:00:00,A,PC_GDP,S1312,B9,SI,2019,,m,
ESTAT:GOV_10A_MAIN(1.0),21/07/26 11:00:00,A,PC_GDP,S1312,B9,SI,2020,,m,
ESTAT:GOV_10A_MAIN(1.0),21/07/26 11:00:00,A,PC_GDP,S1312,B9,SI,2021,,m,
ESTAT:GOV_10A_MAIN(1.0),21/07/26 11:00:00,A,PC_GDP,S1312,B9,SI,2022,,m,
ESTAT:GOV_10A_MAIN(1.0),21/07/26 11:00:00,A,PC_GDP,S1312,B9,SI,2023,,m,
ESTAT:GOV_10A_MAIN(1.0),21/07/26 11:00:00,A,PC_GDP,S1312,B9,SI,2024,,m,
ESTAT:GOV_10A_MAIN(1.0),21/07/26 11:00:00,A,PC_GDP,S1312,B9,SI,2025,,m,
ESTAT:GOV_10A_MAIN(1.0),21/07/26 11:00:00,A,PC_GDP,S1312,B9,SK,1995,,m,
ESTAT:GOV_10A_MAIN(1.0),21/07/26 11:00:00,A,PC_GDP,S1312,B9,SK,1996,,m,
ESTAT:GOV_10A_MAIN(1.0),21/07/26 11:00:00,A,PC_GDP,S1312,B9,SK,1997,,m,
ESTAT:GOV_10A_MAIN(1.0),21/07/26 11:00:00,A,PC_GDP,S1312,B9,SK,1998,,m,
ESTAT:GOV_10A_MAIN(1.0),21/07/26 11:00:00,A,PC_GDP,S1312,B9,SK,1999,,m,
ESTAT:GOV_10A_MAIN(1.0),21/07/26 11:00:00,A,PC_GDP,S1312,B9,SK,2000,,m,
ESTAT:GOV_10A_MAIN(1.0),21/07/26 11:00:00,A,PC_GDP,S1312,B9,SK,2001,,m,
ESTAT:GOV_10A_MAIN(1.0),21/07/26 11:00:00,A,PC_GDP,S1312,B9,SK,2002,,m,
ESTAT:GOV_10A_MAIN(1.0),21/07/26 11:00:00,A,PC_GDP,S1312,B9,SK,2003,,m,
ESTAT:GOV_10A_MAIN(1.0),21/07/26 11:00:00,A,PC_GDP,S1312,B9,SK,2004,,m,
ESTAT:GOV_10A_MAIN(1.0),21/07/26 11:00:00,A,PC_GDP,S1312,B9,SK,2005,,m,
ESTAT:GOV_10A_MAIN(1.0),21/07/26 11:00:00,A,PC_GDP,S1312,B9,SK,2006,,m,
ESTAT:GOV_10A_MAIN(1.0),21/07/26 11:00:00,A,PC_GDP,S1312,B9,SK,2007,,m,
ESTAT:GOV_10A_MAIN(1.0),21/07/26 11:00:00,A,PC_GDP,S1312,B9,SK,2008,,m,
ESTAT:GOV_10A_MAIN(1.0),21/07/26 11:00:00,A,PC_GDP,S1312,B9,SK,2009,,m,
ESTAT:GOV_10A_MAIN(1.0),21/07/26 11:00:00,A,PC_GDP,S1312,B9,SK,2010,,m,
ESTAT:GOV_10A_MAIN(1.0),21/07/26 11:00:00,A,PC_GDP,S1312,B9,SK,2011,,m,
ESTAT:GOV_10A_MAIN(1.0),21/07/26 11:00:00,A,PC_GDP,S1312,B9,SK,2012,,m,
ESTAT:GOV_10A_MAIN(1.0),21/07/26 11:00:00,A,PC_GDP,S1312,B9,SK,2013,,m,
ESTAT:GOV_10A_MAIN(1.0),21/07/26 11:00:00,A,PC_GDP,S1312,B9,SK,2014,,m,
ESTAT:GOV_10A_MAIN(1.0),21/07/26 11:00:00,A,PC_GDP,S1312,B9,SK,2015,,m,
ESTAT:GOV_10A_MAIN(1.0),21/07/26 11:00:00,A,PC_GDP,S1312,B9,SK,2016,,m,
ESTAT:GOV_10A_MAIN(1.0),21/07/26 11:00:00,A,PC_GDP,S1312,B9,SK,2017,,m,
ESTAT:GOV_10A_MAIN(1.0),21/07/26 11:00:00,A,PC_GDP,S1312,B9,SK,2018,,m,
ESTAT:GOV_10A_MAIN(1.0),21/07/26 11:00:00,A,PC_GDP,S1312,B9,SK,2019,,m,
ESTAT:GOV_10A_MAIN(1.0),21/07/26 11:00:00,A,PC_GDP,S1312,B9,SK,2020,,m,
ESTAT:GOV_10A_MAIN(1.0),21/07/26 11:00:00,A,PC_GDP,S1312,B9,SK,2021,,m,
ESTAT:GOV_10A_MAIN(1.0),21/07/26 11:00:00,A,PC_GDP,S1312,B9,SK,2022,,m,
ESTAT:GOV_10A_MAIN(1.0),21/07/26 11:00:00,A,PC_GDP,S1312,B9,SK,2023,,m,
ESTAT:GOV_10A_MAIN(1.0),21/07/26 11:00:00,A,PC_GDP,S1312,B9,SK,2024,,m,
ESTAT:GOV_10A_MAIN(1.0),21/07/26 11:00:00,A,PC_GDP,S1312,B9,SK,2025,,m,
ESTAT:GOV_10A_MAIN(1.0),21/07/26 11:00:00,A,PC_GDP,S1313,B9,AT,1995,-0.7,,
ESTAT:GOV_10A_MAIN(1.0),21/07/26 11:00:00,A,PC_GDP,S1313,B9,AT,1996,-0.3,,
ESTAT:GOV_10A_MAIN(1.0),21/07/26 11:00:00,A,PC_GDP,S1313,B9,AT,1997,0.1,,
ESTAT:GOV_10A_MAIN(1.0),21/07/26 11:00:00,A,PC_GDP,S1313,B9,AT,1998,0.0,,
ESTAT:GOV_10A_MAIN(1.0),21/07/26 11:00:00,A,PC_GDP,S1313,B9,AT,1999,-0.1,,
ESTAT:GOV_10A_MAIN(1.0),21/07/26 11:00:00,A,PC_GDP,S1313,B9,AT,2000,-0.1,,
ESTAT:GOV_10A_MAIN(1.0),21/07/26 11:00:00,A,PC_GDP,S1313,B9,AT,2001,0.2,,
ESTAT:GOV_10A_MAIN(1.0),21/07/26 11:00:00,A,PC_GDP,S1313,B9,AT,2002,0.0,,
ESTAT:GOV_10A_MAIN(1.0),21/07/26 11:00:00,A,PC_GDP,S1313,B9,AT,2003,0.0,,
ESTAT:GOV_10A_MAIN(1.0),21/07/26 11:00:00,A,PC_GDP,S1313,B9,AT,2004,-0.1,,
ESTAT:GOV_10A_MAIN(1.0),21/07/26 11:00:00,A,PC_GDP,S1313,B9,AT,2005,0.0,,
ESTAT:GOV_10A_MAIN(1.0),21/07/26 11:00:00,A,PC_GDP,S1313,B9,AT,2006,0.0,,
ESTAT:GOV_10A_MAIN(1.0),21/07/26 11:00:00,A,PC_GDP,S1313,B9,AT,2007,0.0,,
ESTAT:GOV_10A_MAIN(1.0),21/07/26 11:00:00,A,PC_GDP,S1313,B9,AT,2008,-0.1,,
ESTAT:GOV_10A_MAIN(1.0),21/07/26 11:00:00,A,PC_GDP,S1313,B9,AT,2009,-0.5,,
ESTAT:GOV_10A_MAIN(1.0),21/07/26 11:00:00,A,PC_GDP,S1313,B9,AT,2010,-0.5,,
ESTAT:GOV_10A_MAIN(1.0),21/07/26 11:00:00,A,PC_GDP,S1313,B9,AT,2011,-0.2,,
ESTAT:GOV_10A_MAIN(1.0),21/07/26 11:00:00,A,PC_GDP,S1313,B9,AT,2012,-0.1,,
ESTAT:GOV_10A_MAIN(1.0),21/07/26 11:00:00,A,PC_GDP,S1313,B9,AT,2013,-0.1,,
ESTAT:GOV_10A_MAIN(1.0),21/07/26 11:00:00,A,PC_GDP,S1313,B9,AT,2014,0.0,,
ESTAT:GOV_10A_MAIN(1.0),21/07/26 11:00:00,A,PC_GDP,S1313,B9,AT,2015,0.0,,
ESTAT:GOV_10A_MAIN(1.0),21/07/26 11:00:00,A,PC_GDP,S1313,B9,AT,2016,-0.1,,
ESTAT:GOV_10A_MAIN(1.0),21/07/26 11:00:00,A,PC_GDP,S1313,B9,AT,2017,-0.1,,
ESTAT:GOV_10A_MAIN(1.0),21/07/26 11:00:00,A,PC_GDP,S1313,B9,AT,2018,0.0,,
ESTAT:GOV_10A_MAIN(1.0),21/07/26 11:00:00,A,PC_GDP,S1313,B9,AT,2019,0.0,,
ESTAT:GOV_10A_MAIN(1.0),21/07/26 11:00:00,A,PC_GDP,S1313,B9,AT,2020,-0.3,,
ESTAT:GOV_10A_MAIN(1.0),21/07/26 11:00:00,A,PC_GDP,S1313,B9,AT,2021,0.0,,
ESTAT:GOV_10A_MAIN(1.0),21/07/26 11:00:00,A,PC_GDP,S1313,B9,AT,2022,0.2,,
ESTAT:GOV_10A_MAIN(1.0),21/07/26 11:00:00,A,PC_GDP,S1313,B9,AT,2023,-0.5,,
ESTAT:GOV_10A_MAIN(1.0),21/07/26 11:00:00,A,PC_GDP,S1313,B9,AT,2024,-0.6,,
ESTAT:GOV_10A_MAIN(1.0),21/07/26 11:00:00,A,PC_GDP,S1313,B9,AT,2025,-0.7,,
ESTAT:GOV_10A_MAIN(1.0),21/07/26 11:00:00,A,PC_GDP,S1313,B9,BE,1995,0.2,,
ESTAT:GOV_10A_MAIN(1.0),21/07/26 11:00:00,A,PC_GDP,S1313,B9,BE,1996,0.1,,
ESTAT:GOV_10A_MAIN(1.0),21/07/26 11:00:00,A,PC_GDP,S1313,B9,BE,1997,0.1,,
ESTAT:GOV_10A_MAIN(1.0),21/07/26 11:00:00,A,PC_GDP,S1313,B9,BE,1998,0.1,,
ESTAT:GOV_10A_MAIN(1.0),21/07/26 11:00:00,A,PC_GDP,S1313,B9,BE,1999,0.0,,
ESTAT:GOV_10A_MAIN(1.0),21/07/26 11:00:00,A,PC_GDP,S1313,B9,BE,2000,-0.3,,
ESTAT:GOV_10A_MAIN(1.0),21/07/26 11:00:00,A,PC_GDP,S1313,B9,BE,2001,-0.1,,
ESTAT:GOV_10A_MAIN(1.0),21/07/26 11:00:00,A,PC_GDP,S1313,B9,BE,2002,-0.1,,
ESTAT:GOV_10A_MAIN(1.0),21/07/26 11:00:00,A,PC_GDP,S1313,B9,BE,2003,0.0,,
ESTAT:GOV_10A_MAIN(1.0),21/07/26 11:00:00,A,PC_GDP,S1313,B9,BE,2004,0.1,,
ESTAT:GOV_10A_MAIN(1.0),21/07/26 11:00:00,A,PC_GDP,S1313,B9,BE,2005,0.0,,
ESTAT:GOV_10A_MAIN(1.0),21/07/26 11:00:00,A,PC_GDP,S1313,B9,BE,2006,0.0,,
ESTAT:GOV_10A_MAIN(1.0),21/07/26 11:00:00,A,PC_GDP,S1313,B9,BE,2007,0.2,,
ESTAT:GOV_10A_MAIN(1.0),21/07/26 11:00:00,A,PC_GDP,S1313,B9,BE,2008,0.2,,
ESTAT:GOV_10A_MAIN(1.0),21/07/26 11:00:00,A,PC_GDP,S1313,B9,BE,2009,0.1,b,
ESTAT:GOV_10A_MAIN(1.0),21/07/26 11:00:00,A,PC_GDP,S1313,B9,BE,2010,-0.1,,
ESTAT:GOV_10A_MAIN(1.0),21/07/26 11:00:00,A,PC_GDP,S1313,B9,BE,2011,-0.1,,
ESTAT:GOV_10A_MAIN(1.0),21/07/26 11:00:00,A,PC_GDP,S1313,B9,BE,2012,-0.5,,
ESTAT:GOV_10A_MAIN(1.0),21/07/26 11:00:00,A,PC_GDP,S1313,B9,BE,2013,-0.2,,
ESTAT:GOV_10A_MAIN(1.0),21/07/26 11:00:00,A,PC_GDP,S1313,B9,BE,2014,-0.1,,
ESTAT:GOV_10A_MAIN(1.0),21/07/26 11:00:00,A,PC_GDP,S1313,B9,BE,2015,0.1,,
ESTAT:GOV_10A_MAIN(1.0),21/07/26 11:00:00,A,PC_GDP,S1313,B9,BE,2016,0.2,,
ESTAT:GOV_10A_MAIN(1.0),21/07/26 11:00:00,A,PC_GDP,S1313,B9,BE,2017,0.2,,
ESTAT:GOV_10A_MAIN(1.0),21/07/26 11:00:00,A,PC_GDP,S1313,B9,BE,2018,-0.2,,
ESTAT:GOV_10A_MAIN(1.0),21/07/26 11:00:00,A,PC_GDP,S1313,B9,BE,2019,-0.1,,
ESTAT:GOV_10A_MAIN(1.0),21/07/26 11:00:00,A,PC_GDP,S1313,B9,BE,2020,0.1,,
ESTAT:GOV_10A_MAIN(1.0),21/07/26 11:00:00,A,PC_GDP,S1313,B9,BE,2021,0.0,,
ESTAT:GOV_10A_MAIN(1.0),21/07/26 11:00:00,A,PC_GDP,S1313,B9,BE,2022,-0.1,,
ESTAT:GOV_10A_MAIN(1.0),21/07/26 11:00:00,A,PC_GDP,S1313,B9,BE,2023,0.0,,
ESTAT:GOV_10A_MAIN(1.0),21/07/26 11:00:00,A,PC_GDP,S1313,B9,BE,2024,-0.2,p,
ESTAT:GOV_10A_MAIN(1.0),21/07/26 11:00:00,A,PC_GDP,S1313,B9,BE,2025,-0.1,p,
ESTAT:GOV_10A_MAIN(1.0),21/07/26 11:00:00,A,PC_GDP,S1313,B9,BG,1995,-1.6,,
ESTAT:GOV_10A_MAIN(1.0),21/07/26 11:00:00,A,PC_GDP,S1313,B9,BG,1996,-1.4,,
ESTAT:GOV_10A_MAIN(1.0),21/07/26 11:00:00,A,PC_GDP,S1313,B9,BG,1997,0.1,,
ESTAT:GOV_10A_MAIN(1.0),21/07/26 11:00:00,A,PC_GDP,S1313,B9,BG,1998,-0.1,,
ESTAT:GOV_10A_MAIN(1.0),21/07/26 11:00:00,A,PC_GDP,S1313,B9,BG,1999,-0.2,,
ESTAT:GOV_10A_MAIN(1.0),21/07/26 11:00:00,A,PC_GDP,S1313,B9,BG,2000,-0.1,,
ESTAT:GOV_10A_MAIN(1.0),21/07/26 11:00:00,A,PC_GDP,S1313,B9,BG,2001,-0.1,,
ESTAT:GOV_10A_MAIN(1.0),21/07/26 11:00:00,A,PC_GDP,S1313,B9,BG,2002,0.1,,
ESTAT:GOV_10A_MAIN(1.0),21/07/26 11:00:00,A,PC_GDP,S1313,B9,BG,2003,-0.2,,
ESTAT:GOV_10A_MAIN(1.0),21/07/26 11:00:00,A,PC_GDP,S1313,B9,BG,2004,0.3,,
ESTAT:GOV_10A_MAIN(1.0),21/07/26 11:00:00,A,PC_GDP,S1313,B9,BG,2005,-0.4,,
ESTAT:GOV_10A_MAIN(1.0),21/07/26 11:00:00,A,PC_GDP,S1313,B9,BG,2006,0.2,,
ESTAT:GOV_10A_MAIN(1.0),21/07/26 11:00:00,A,PC_GDP,S1313,B9,BG,2007,-0.1,,
ESTAT:GOV_10A_MAIN(1.0),21/07/26 11:00:00,A,PC_GDP,S1313,B9,BG,2008,-0.4,,
ESTAT:GOV_10A_MAIN(1.0),21/07/26 11:00:00,A,PC_GDP,S1313,B9,BG,2009,-0.8,,
ESTAT:GOV_10A_MAIN(1.0),21/07/26 11:00:00,A,PC_GDP,S1313,B9,BG,2010,0.0,,
ESTAT:GOV_10A_MAIN(1.0),21/07/26 11:00:00,A,PC_GDP,S1313,B9,BG,2011,0.0,,
ESTAT:GOV_10A_MAIN(1.0),21/07/26 11:00:00,A,PC_GDP,S1313,B9,BG,2012,0.2,,
ESTAT:GOV_10A_MAIN(1.0),21/07/26 11:00:00,A,PC_GDP,S1313,B9,BG,2013,0.4,,
ESTAT:GOV_10A_MAIN(1.0),21/07/26 11:00:00,A,PC_GDP,S1313,B9,BG,2014,0.0,,
ESTAT:GOV_10A_MAIN(1.0),21/07/26 11:00:00,A,PC_GDP,S1313,B9,BG,2015,-0.9,,
ESTAT:GOV_10A_MAIN(1.0),21/07/26 11:00:00,A,PC_GDP,S1313,B9,BG,2016,0.1,,
ESTAT:GOV_10A_MAIN(1.0),21/07/26 11:00:00,A,PC_GDP,S1313,B9,BG,2017,0.2,,
ESTAT:GOV_10A_MAIN(1.0),21/07/26 11:00:00,A,PC_GDP,S1313,B9,BG,2018,0.1,,
ESTAT:GOV_10A_MAIN(1.0),21/07/26 11:00:00,A,PC_GDP,S1313,B9,BG,2019,-0.1,,
ESTAT:GOV_10A_MAIN(1.0),21/07/26 11:00:00,A,PC_GDP,S1313,B9,BG,2020,0.3,,
ESTAT:GOV_10A_MAIN(1.0),21/07/26 11:00:00,A,PC_GDP,S1313,B9,BG,2021,0.1,,
ESTAT:GOV_10A_MAIN(1.0),21/07/26 11:00:00,A,PC_GDP,S1313,B9,BG,2022,0.3,,
ESTAT:GOV_10A_MAIN(1.0),21/07/26 11:00:00,A,PC_GDP,S1313,B9,BG,2023,-0.1,,
ESTAT:GOV_10A_MAIN(1.0),21/07/26 11:00:00,A,PC_GDP,S1313,B9,BG,2024,-0.4,,
ESTAT:GOV_10A_MAIN(1.0),21/07/26 11:00:00,A,PC_GDP,S1313,B9,BG,2025,-0.2,,
ESTAT:GOV_10A_MAIN(1.0),21/07/26 11:00:00,A,PC_GDP,S1313,B9,CH,1995,-0.3,,
ESTAT:GOV_10A_MAIN(1.0),21/07/26 11:00:00,A,PC_GDP,S1313,B9,CH,1996,-0.1,,
ESTAT:GOV_10A_MAIN(1.0),21/07/26 11:00:00,A,PC_GDP,S1313,B9,CH,1997,-0.2,,
ESTAT:GOV_10A_MAIN(1.0),21/07/26 11:00:00,A,PC_GDP,S1313,B9,CH,1998,-0.2,,
ESTAT:GOV_10A_MAIN(1.0),21/07/26 11:00:00,A,PC_GDP,S1313,B9,CH,1999,0.1,,
ESTAT:GOV_10A_MAIN(1.0),21/07/26 11:00:00,A,PC_GDP,S1313,B9,CH,2000,0.2,,
ESTAT:GOV_10A_MAIN(1.0),21/07/26 11:00:00,A,PC_GDP,S1313,B9,CH,2001,0.2,,
ESTAT:GOV_10A_MAIN(1.0),21/07/26 11:00:00,A,PC_GDP,S1313,B9,CH,2002,0.2,,
ESTAT:GOV_10A_MAIN(1.0),21/07/26 11:00:00,A,PC_GDP,S1313,B9,CH,2003,-0.1,,
ESTAT:GOV_10A_MAIN(1.0),21/07/26 11:00:00,A,PC_GDP,S1313,B9,CH,2004,0.0,,
ESTAT:GOV_10A_MAIN(1.0),21/07/26 11:00:00,A,PC_GDP,S1313,B9,CH,2005,0.0,,
ESTAT:GOV_10A_MAIN(1.0),21/07/26 11:00:00,A,PC_GDP,S1313,B9,CH,2006,0.2,,
ESTAT:GOV_10A_MAIN(1.0),21/07/26 11:00:00,A,PC_GDP,S1313,B9,CH,2007,0.4,,
ESTAT:GOV_10A_MAIN(1.0),21/07/26 11:00:00,A,PC_GDP,S1313,B9,CH,2008,0.1,,
ESTAT:GOV_10A_MAIN(1.0),21/07/26 11:00:00,A,PC_GDP,S1313,B9,CH,2009,-0.1,,
ESTAT:GOV_10A_MAIN(1.0),21/07/26 11:00:00,A,PC_GDP,S1313,B9,CH,2010,-0.1,,
ESTAT:GOV_10A_MAIN(1.0),21/07/26 11:00:00,A,PC_GDP,S1313,B9,CH,2011,0.0,,
ESTAT:GOV_10A_MAIN(1.0),21/07/26 11:00:00,A,PC_GDP,S1313,B9,CH,2012,-0.1,,
ESTAT:GOV_10A_MAIN(1.0),21/07/26 11:00:00,A,PC_GDP,S1313,B9,CH,2013,-0.2,,
ESTAT:GOV_10A_MAIN(1.0),21/07/26 11:00:00,A,PC_GDP,S1313,B9,CH,2014,-0.2,,
ESTAT:GOV_10A_MAIN(1.0),21/07/26 11:00:00,A,PC_GDP,S1313,B9,CH,2015,-0.1,,
ESTAT:GOV_10A_MAIN(1.0),21/07/26 11:00:00,A,PC_GDP,S1313,B9,CH,2016,-0.1,,
ESTAT:GOV_10A_MAIN(1.0),21/07/26 11:00:00,A,PC_GDP,S1313,B9,CH,2017,-0.1,,
ESTAT:GOV_10A_MAIN(1.0),21/07/26 11:00:00,A,PC_GDP,S1313,B9,CH,2018,0.0,,
ESTAT:GOV_10A_MAIN(1.0),21/07/26 11:00:00,A,PC_GDP,S1313,B9,CH,2019,-0.1,,
ESTAT:GOV_10A_MAIN(1.0),21/07/26 11:00:00,A,PC_GDP,S1313,B9,CH,2020,-0.2,,
ESTAT:GOV_10A_MAIN(1.0),21/07/26 11:00:00,A,PC_GDP,S1313,B9,CH,2021,0.0,,
ESTAT:GOV_10A_MAIN(1.0),21/07/26 11:00:00,A,PC_GDP,S1313,B9,CH,2022,0.1,,
ESTAT:GOV_10A_MAIN(1.0),21/07/26 11:00:00,A,PC_GDP,S1313,B9,CH,2023,-0.1,,
ESTAT:GOV_10A_MAIN(1.0),21/07/26 11:00:00,A,PC_GDP,S1313,B9,CH,2024,0.0,,
ESTAT:GOV_10A_MAIN(1.0),21/07/26 11:00:00,A,PC_GDP,S1313,B9,CY,1995,0.3,,
ESTAT:GOV_10A_MAIN(1.0),21/07/26 11:00:00,A,PC_GDP,S1313,B9,CY,1996,0.3,,
ESTAT:GOV_10A_MAIN(1.0),21/07/26 11:00:00,A,PC_GDP,S1313,B9,CY,1997,0.3,,
ESTAT:GOV_10A_MAIN(1.0),21/07/26 11:00:00,A,PC_GDP,S1313,B9,CY,1998,0.3,,
ESTAT:GOV_10A_MAIN(1.0),21/07/26 11:00:00,A,PC_GDP,S1313,B9,CY,1999,0.3,,
ESTAT:GOV_10A_MAIN(1.0),21/07/26 11:00:00,A,PC_GDP,S1313,B9,CY,2000,0.3,,
ESTAT:GOV_10A_MAIN(1.0),21/07/26 11:00:00,A,PC_GDP,S1313,B9,CY,2001,0.2,,
ESTAT:GOV_10A_MAIN(1.0),21/07/26 11:00:00,A,PC_GDP,S1313,B9,CY,2002,0.2,,
ESTAT:GOV_10A_MAIN(1.0),21/07/26 11:00:00,A,PC_GDP,S1313,B9,CY,2003,0.0,,
ESTAT:GOV_10A_MAIN(1.0),21/07/26 11:00:00,A,PC_GDP,S1313,B9,CY,2004,0.0,,
ESTAT:GOV_10A_MAIN(1.0),21/07/26 11:00:00,A,PC_GDP,S1313,B9,CY,2005,0.0,,
ESTAT:GOV_10A_MAIN(1.0),21/07/26 11:00:00,A,PC_GDP,S1313,B9,CY,2006,-0.1,,
ESTAT:GOV_10A_MAIN(1.0),21/07/26 11:00:00,A,PC_GDP,S1313,B9,CY,2007,-0.2,,
ESTAT:GOV_10A_MAIN(1.0),21/07/26 11:00:00,A,PC_GDP,S1313,B9,CY,2008,-0.3,,
ESTAT:GOV_10A_MAIN(1.0),21/07/26 11:00:00,A,PC_GDP,S1313,B9,CY,2009,-0.3,,
ESTAT:GOV_10A_MAIN(1.0),21/07/26 11:00:00,A,PC_GDP,S1313,B9,CY,2010,-0.5,,
ESTAT:GOV_10A_MAIN(1.0),21/07/26 11:00:00,A,PC_GDP,S1313,B9,CY,2011,-0.4,,
ESTAT:GOV_10A_MAIN(1.0),21/07/26 11:00:00,A,PC_GDP,S1313,B9,CY,2012,-0.3,,
ESTAT:GOV_10A_MAIN(1.0),21/07/26 11:00:00,A,PC_GDP,S1313,B9,CY,2013,0.1,,
ESTAT:GOV_10A_MAIN(1.0),21/07/26 11:00:00,A,PC_GDP,S1313,B9,CY,2014,0.0,,
ESTAT:GOV_10A_MAIN(1.0),21/07/26 11:00:00,A,PC_GDP,S1313,B9,CY,2015,0.2,,
ESTAT:GOV_10A_MAIN(1.0),21/07/26 11:00:00,A,PC_GDP,S1313,B9,CY,2016,0.2,,
ESTAT:GOV_10A_MAIN(1.0),21/07/26 11:00:00,A,PC_GDP,S1313,B9,CY,2017,0.4,,
ESTAT:GOV_10A_MAIN(1.0),21/07/26 11:00:00,A,PC_GDP,S1313,B9,CY,2018,1.1,,
ESTAT:GOV_10A_MAIN(1.0),21/07/26 11:00:00,A,PC_GDP,S1313,B9,CY,2019,0.2,,
ESTAT:GOV_10A_MAIN(1.0),21/07/26 11:00:00,A,PC_GDP,S1313,B9,CY,2020,0.1,,
ESTAT:GOV_10A_MAIN(1.0),21/07/26 11:00:00,A,PC_GDP,S1313,B9,CY,2021,0.0,,
ESTAT:GOV_10A_MAIN(1.0),21/07/26 11:00:00,A,PC_GDP,S1313,B9,CY,2022,0.1,,
ESTAT:GOV_10A_MAIN(1.0),21/07/26 11:00:00,A,PC_GDP,S1313,B9,CY,2023,0.0,,
ESTAT:GOV_10A_MAIN(1.0),21/07/26 11:00:00,A,PC_GDP,S1313,B9,CY,2024,0.0,,
ESTAT:GOV_10A_MAIN(1.0),21/07/26 11:00:00,A,PC_GDP,S1313,B9,CY,2025,0.0,,
ESTAT:GOV_10A_MAIN(1.0),21/07/26 11:00:00,A,PC_GDP,S1313,B9,CZ,1995,1.9,,
ESTAT:GOV_10A_MAIN(1.0),21/07/26 11:00:00,A,PC_GDP,S1313,B9,CZ,1996,2.3,,
ESTAT:GOV_10A_MAIN(1.0),21/07/26 11:00:00,A,PC_GDP,S1313,B9,CZ,1997,-0.5,,
ESTAT:GOV_10A_MAIN(1.0),21/07/26 11:00:00,A,PC_GDP,S1313,B9,CZ,1998,0.5,,
ESTAT:GOV_10A_MAIN(1.0),21/07/26 11:00:00,A,PC_GDP,S1313,B9,CZ,1999,0.1,,
ESTAT:GOV_10A_MAIN(1.0),21/07/26 11:00:00,A,PC_GDP,S1313,B9,CZ,2000,-0.5,,
ESTAT:GOV_10A_MAIN(1.0),21/07/26 11:00:00,A,PC_GDP,S1313,B9,CZ,2001,-0.4,,
ESTAT:GOV_10A_MAIN(1.0),21/07/26 11:00:00,A,PC_GDP,S1313,B9,CZ,2002,-0.4,,
ESTAT:GOV_10A_MAIN(1.0),21/07/26 11:00:00,A,PC_GDP,S1313,B9,CZ,2003,-0.4,,
ESTAT:GOV_10A_MAIN(1.0),21/07/26 11:00:00,A,PC_GDP,S1313,B9,CZ,2004,0.0,,
ESTAT:GOV_10A_MAIN(1.0),21/07/26 11:00:00,A,PC_GDP,S1313,B9,CZ,2005,-0.1,,
ESTAT:GOV_10A_MAIN(1.0),21/07/26 11:00:00,A,PC_GDP,S1313,B9,CZ,2006,-0.3,,
ESTAT:GOV_10A_MAIN(1.0),21/07/26 11:00:00,A,PC_GDP,S1313,B9,CZ,2007,0.3,,
ESTAT:GOV_10A_MAIN(1.0),21/07/26 11:00:00,A,PC_GDP,S1313,B9,CZ,2008,-0.2,,
ESTAT:GOV_10A_MAIN(1.0),21/07/26 11:00:00,A,PC_GDP,S1313,B9,CZ,2009,-0.6,,
ESTAT:GOV_10A_MAIN(1.0),21/07/26 11:00:00,A,PC_GDP,S1313,B9,CZ,2010,-0.4,,
ESTAT:GOV_10A_MAIN(1.0),21/07/26 11:00:00,A,PC_GDP,S1313,B9,CZ,2011,-0.3,,
ESTAT:GOV_10A_MAIN(1.0),21/07/26 11:00:00,A,PC_GDP,S1313,B9,CZ,2012,-0.1,,
ESTAT:GOV_10A_MAIN(1.0),21/07/26 11:00:00,A,PC_GDP,S1313,B9,CZ,2013,0.3,,
ESTAT:GOV_10A_MAIN(1.0),21/07/26 11:00:00,A,PC_GDP,S1313,B9,CZ,2014,0.2,,
ESTAT:GOV_10A_MAIN(1.0),21/07/26 11:00:00,A,PC_GDP,S1313,B9,CZ,2015,0.6,,
ESTAT:GOV_10A_MAIN(1.0),21/07/26 11:00:00,A,PC_GDP,S1313,B9,CZ,2016,1.0,,
ESTAT:GOV_10A_MAIN(1.0),21/07/26 11:00:00,A,PC_GDP,S1313,B9,CZ,2017,0.8,,
ESTAT:GOV_10A_MAIN(1.0),21/07/26 11:00:00,A,PC_GDP,S1313,B9,CZ,2018,0.4,,
ESTAT:GOV_10A_MAIN(1.0),21/07/26 11:00:00,A,PC_GDP,S1313,B9,CZ,2019,0.6,,
ESTAT:GOV_10A_MAIN(1.0),21/07/26 11:00:00,A,PC_GDP,S1313,B9,CZ,2020,0.5,,
ESTAT:GOV_10A_MAIN(1.0),21/07/26 11:00:00,A,PC_GDP,S1313,B9,CZ,2021,0.9,,
ESTAT:GOV_10A_MAIN(1.0),21/07/26 11:00:00,A,PC_GDP,S1313,B9,CZ,2022,0.9,,
ESTAT:GOV_10A_MAIN(1.0),21/07/26 11:00:00,A,PC_GDP,S1313,B9,CZ,2023,0.8,,
ESTAT:GOV_10A_MAIN(1.0),21/07/26 11:00:00,A,PC_GDP,S1313,B9,CZ,2024,0.8,,
ESTAT:GOV_10A_MAIN(1.0),21/07/26 11:00:00,A,PC_GDP,S1313,B9,CZ,2025,0.3,,
ESTAT:GOV_10A_MAIN(1.0),21/07/26 11:00:00,A,PC_GDP,S1313,B9,DE,1995,-0.2,,
ESTAT:GOV_10A_MAIN(1.0),21/07/26 11:00:00,A,PC_GDP,S1313,B9,DE,1996,-0.2,,
ESTAT:GOV_10A_MAIN(1.0),21/07/26 11:00:00,A,PC_GDP,S1313,B9,DE,1997,-0.2,,
ESTAT:GOV_10A_MAIN(1.0),21/07/26 11:00:00,A,PC_GDP,S1313,B9,DE,1998,0.0,,
ESTAT:GOV_10A_MAIN(1.0),21/07/26 11:00:00,A,PC_GDP,S1313,B9,DE,1999,0.0,,
ESTAT:GOV_10A_MAIN(1.0),21/07/26 11:00:00,A,PC_GDP,S1313,B9,DE,2000,0.0,,
ESTAT:GOV_10A_MAIN(1.0),21/07/26 11:00:00,A,PC_GDP,S1313,B9,DE,2001,-0.3,,
ESTAT:GOV_10A_MAIN(1.0),21/07/26 11:00:00,A,PC_GDP,S1313,B9,DE,2002,-0.5,,
ESTAT:GOV_10A_MAIN(1.0),21/07/26 11:00:00,A,PC_GDP,S1313,B9,DE,2003,-0.6,,
ESTAT:GOV_10A_MAIN(1.0),21/07/26 11:00:00,A,PC_GDP,S1313,B9,DE,2004,-0.3,,
ESTAT:GOV_10A_MAIN(1.0),21/07/26 11:00:00,A,PC_GDP,S1313,B9,DE,2005,-0.2,,
ESTAT:GOV_10A_MAIN(1.0),21/07/26 11:00:00,A,PC_GDP,S1313,B9,DE,2006,-0.1,,
ESTAT:GOV_10A_MAIN(1.0),21/07/26 11:00:00,A,PC_GDP,S1313,B9,DE,2007,0.2,,
ESTAT:GOV_10A_MAIN(1.0),21/07/26 11:00:00,A,PC_GDP,S1313,B9,DE,2008,0.2,,
ESTAT:GOV_10A_MAIN(1.0),21/07/26 11:00:00,A,PC_GDP,S1313,B9,DE,2009,-0.3,,
ESTAT:GOV_10A_MAIN(1.0),21/07/26 11:00:00,A,PC_GDP,S1313,B9,DE,2010,-0.4,,
ESTAT:GOV_10A_MAIN(1.0),21/07/26 11:00:00,A,PC_GDP,S1313,B9,DE,2011,-0.1,,
ESTAT:GOV_10A_MAIN(1.0),21/07/26 11:00:00,A,PC_GDP,S1313,B9,DE,2012,0.1,,
ESTAT:GOV_10A_MAIN(1.0),21/07/26 11:00:00,A,PC_GDP,S1313,B9,DE,2013,0.0,,
ESTAT:GOV_10A_MAIN(1.0),21/07/26 11:00:00,A,PC_GDP,S1313,B9,DE,2014,0.0,,
ESTAT:GOV_10A_MAIN(1.0),21/07/26 11:00:00,A,PC_GDP,S1313,B9,DE,2015,0.1,,
ESTAT:GOV_10A_MAIN(1.0),21/07/26 11:00:00,A,PC_GDP,S1313,B9,DE,2016,0.2,,
ESTAT:GOV_10A_MAIN(1.0),21/07/26 11:00:00,A,PC_GDP,S1313,B9,DE,2017,0.3,,
ESTAT:GOV_10A_MAIN(1.0),21/07/26 11:00:00,A,PC_GDP,S1313,B9,DE,2018,0.5,,
ESTAT:GOV_10A_MAIN(1.0),21/07/26 11:00:00,A,PC_GDP,S1313,B9,DE,2019,0.2,,
ESTAT:GOV_10A_MAIN(1.0),21/07/26 11:00:00,A,PC_GDP,S1313,B9,DE,2020,0.2,,
ESTAT:GOV_10A_MAIN(1.0),21/07/26 11:00:00,A,PC_GDP,S1313,B9,DE,2021,0.2,,
ESTAT:GOV_10A_MAIN(1.0),21/07/26 11:00:00,A,PC_GDP,S1313,B9,DE,2022,0.2,,
ESTAT:GOV_10A_MAIN(1.0),21/07/26 11:00:00,A,PC_GDP,S1313,B9,DE,2023,-0.3,,
ESTAT:GOV_10A_MAIN(1.0),21/07/26 11:00:00,A,PC_GDP,S1313,B9,DE,2024,-0.5,,
ESTAT:GOV_10A_MAIN(1.0),21/07/26 11:00:00,A,PC_GDP,S1313,B9,DE,2025,-0.6,,
ESTAT:GOV_10A_MAIN(1.0),21/07/26 11:00:00,A,PC_GDP,S1313,B9,DK,1995,0.2,,
ESTAT:GOV_10A_MAIN(1.0),21/07/26 11:00:00,A,PC_GDP,S1313,B9,DK,1996,-0.3,,
ESTAT:GOV_10A_MAIN(1.0),21/07/26 11:00:00,A,PC_GDP,S1313,B9,DK,1997,-0.3,,
ESTAT:GOV_10A_MAIN(1.0),21/07/26 11:00:00,A,PC_GDP,S1313,B9,DK,1998,-0.2,,
ESTAT:GOV_10A_MAIN(1.0),21/07/26 11:00:00,A,PC_GDP,S1313,B9,DK,1999,0.2,,
ESTAT:GOV_10A_MAIN(1.0),21/07/26 11:00:00,A,PC_GDP,S1313,B9,DK,2000,-0.1,,
ESTAT:GOV_10A_MAIN(1.0),21/07/26 11:00:00,A,PC_GDP,S1313,B9,DK,2001,-0.1,,
ESTAT:GOV_10A_MAIN(1.0),21/07/26 11:00:00,A,PC_GDP,S1313,B9,DK,2002,-0.3,,
ESTAT:GOV_10A_MAIN(1.0),21/07/26 11:00:00,A,PC_GDP,S1313,B9,DK,2003,-0.6,,
ESTAT:GOV_10A_MAIN(1.0),21/07/26 11:00:00,A,PC_GDP,S1313,B9,DK,2004,0.1,,
ESTAT:GOV_10A_MAIN(1.0),21/07/26 11:00:00,A,PC_GDP,S1313,B9,DK,2005,-0.5,,
ESTAT:GOV_10A_MAIN(1.0),21/07/26 11:00:00,A,PC_GDP,S1313,B9,DK,2006,-0.2,,
ESTAT:GOV_10A_MAIN(1.0),21/07/26 11:00:00,A,PC_GDP,S1313,B9,DK,2007,-0.2,,
ESTAT:GOV_10A_MAIN(1.0),21/07/26 11:00:00,A,PC_GDP,S1313,B9,DK,2008,-0.4,,
ESTAT:GOV_10A_MAIN(1.0),21/07/26 11:00:00,A,PC_GDP,S1313,B9,DK,2009,-0.6,,
ESTAT:GOV_10A_MAIN(1.0),21/07/26 11:00:00,A,PC_GDP,S1313,B9,DK,2010,-0.1,,
ESTAT:GOV_10A_MAIN(1.0),21/07/26 11:00:00,A,PC_GDP,S1313,B9,DK,2011,0.1,,
ESTAT:GOV_10A_MAIN(1.0),21/07/26 11:00:00,A,PC_GDP,S1313,B9,DK,2012,0.1,,
ESTAT:GOV_10A_MAIN(1.0),21/07/26 11:00:00,A,PC_GDP,S1313,B9,DK,2013,0.2,,
ESTAT:GOV_10A_MAIN(1.0),21/07/26 11:00:00,A,PC_GDP,S1313,B9,DK,2014,0.2,,
ESTAT:GOV_10A_MAIN(1.0),21/07/26 11:00:00,A,PC_GDP,S1313,B9,DK,2015,0.2,,
ESTAT:GOV_10A_MAIN(1.0),21/07/26 11:00:00,A,PC_GDP,S1313,B9,DK,2016,0.4,,
ESTAT:GOV_10A_MAIN(1.0),21/07/26 11:00:00,A,PC_GDP,S1313,B9,DK,2017,0.2,,
ESTAT:GOV_10A_MAIN(1.0),21/07/26 11:00:00,A,PC_GDP,S1313,B9,DK,2018,0.0,,
ESTAT:GOV_10A_MAIN(1.0),21/07/26 11:00:00,A,PC_GDP,S1313,B9,DK,2019,0.2,,
ESTAT:GOV_10A_MAIN(1.0),21/07/26 11:00:00,A,PC_GDP,S1313,B9,DK,2020,0.3,,
ESTAT:GOV_10A_MAIN(1.0),21/07/26 11:00:00,A,PC_GDP,S1313,B9,DK,2021,0.2,,
ESTAT:GOV_10A_MAIN(1.0),21/07/26 11:00:00,A,PC_GDP,S1313,B9,DK,2022,0.1,,
ESTAT:GOV_10A_MAIN(1.0),21/07/26 11:00:00,A,PC_GDP,S1313,B9,DK,2023,0.2,,
ESTAT:GOV_10A_MAIN(1.0),21/07/26 11:00:00,A,PC_GDP,S1313,B9,DK,2024,0.4,,
ESTAT:GOV_10A_MAIN(1.0),21/07/26 11:00:00,A,PC_GDP,S1313,B9,DK,2025,0.0,,
ESTAT:GOV_10A_MAIN(1.0),21/07/26 11:00:00,A,PC_GDP,S1313,B9,EA19,1995,-0.1,,
ESTAT:GOV_10A_MAIN(1.0),21/07/26 11:00:00,A,PC_GDP,S1313,B9,EA19,1996,-0.1,,
ESTAT:GOV_10A_MAIN(1.0),21/07/26 11:00:00,A,PC_GDP,S1313,B9,EA19,1997,-0.1,,
ESTAT:GOV_10A_MAIN(1.0),21/07/26 11:00:00,A,PC_GDP,S1313,B9,EA19,1998,-0.1,,
ESTAT:GOV_10A_MAIN(1.0),21/07/26 11:00:00,A,PC_GDP,S1313,B9,EA19,1999,0.0,,
ESTAT:GOV_10A_MAIN(1.0),21/07/26 11:00:00,A,PC_GDP,S1313,B9,EA19,2000,0.0,,
ESTAT:GOV_10A_MAIN(1.0),21/07/26 11:00:00,A,PC_GDP,S1313,B9,EA19,2001,-0.2,,
ESTAT:GOV_10A_MAIN(1.0),21/07/26 11:00:00,A,PC_GDP,S1313,B9,EA19,2002,-0.3,,
ESTAT:GOV_10A_MAIN(1.0),21/07/26 11:00:00,A,PC_GDP,S1313,B9,EA19,2003,-0.3,,
ESTAT:GOV_10A_MAIN(1.0),21/07/26 11:00:00,A,PC_GDP,S1313,B9,EA19,2004,-0.3,,
ESTAT:GOV_10A_MAIN(1.0),21/07/26 11:00:00,A,PC_GDP,S1313,B9,EA19,2005,-0.3,,
ESTAT:GOV_10A_MAIN(1.0),21/07/26 11:00:00,A,PC_GDP,S1313,B9,EA19,2006,-0.2,,
ESTAT:GOV_10A_MAIN(1.0),21/07/26 11:00:00,A,PC_GDP,S1313,B9,EA19,2007,-0.1,,
ESTAT:GOV_10A_MAIN(1.0),21/07/26 11:00:00,A,PC_GDP,S1313,B9,EA19,2008,-0.2,,
ESTAT:GOV_10A_MAIN(1.0),21/07/26 11:00:00,A,PC_GDP,S1313,B9,EA19,2009,-0.4,,
ESTAT:GOV_10A_MAIN(1.0),21/07/26 11:00:00,A,PC_GDP,S1313,B9,EA19,2010,-0.4,,
ESTAT:GOV_10A_MAIN(1.0),21/07/26 11:00:00,A,PC_GDP,S1313,B9,EA19,2011,-0.2,,
ESTAT:GOV_10A_MAIN(1.0),21/07/26 11:00:00,A,PC_GDP,S1313,B9,EA19,2012,0.0,,
ESTAT:GOV_10A_MAIN(1.0),21/07/26 11:00:00,A,PC_GDP,S1313,B9,EA19,2013,-0.1,,
ESTAT:GOV_10A_MAIN(1.0),21/07/26 11:00:00,A,PC_GDP,S1313,B9,EA19,2014,0.0,,
ESTAT:GOV_10A_MAIN(1.0),21/07/26 11:00:00,A,PC_GDP,S1313,B9,EA19,2015,0.1,,
ESTAT:GOV_10A_MAIN(1.0),21/07/26 11:00:00,A,PC_GDP,S1313,B9,EA19,2016,0.2,,
ESTAT:GOV_10A_MAIN(1.0),21/07/26 11:00:00,A,PC_GDP,S1313,B9,EA19,2017,0.2,,
ESTAT:GOV_10A_MAIN(1.0),21/07/26 11:00:00,A,PC_GDP,S1313,B9,EA19,2018,0.2,,
ESTAT:GOV_10A_MAIN(1.0),21/07/26 11:00:00,A,PC_GDP,S1313,B9,EA19,2019,0.0,,
ESTAT:GOV_10A_MAIN(1.0),21/07/26 11:00:00,A,PC_GDP,S1313,B9,EA19,2020,0.0,,
ESTAT:GOV_10A_MAIN(1.0),21/07/26 11:00:00,A,PC_GDP,S1313,B9,EA19,2021,0.0,,
ESTAT:GOV_10A_MAIN(1.0),21/07/26 11:00:00,A,PC_GDP,S1313,B9,EA19,2022,0.0,,
ESTAT:GOV_10A_MAIN(1.0),21/07/26 11:00:00,A,PC_GDP,S1313,B9,EA19,2023,-0.2,,
ESTAT:GOV_10A_MAIN(1.0),21/07/26 11:00:00,A,PC_GDP,S1313,B9,EA19,2024,-0.3,,
ESTAT:GOV_10A_MAIN(1.0),21/07/26 11:00:00,A,PC_GDP,S1313,B9,EA19,2025,-0.3,,
ESTAT:GOV_10A_MAIN(1.0),21/07/26 11:00:00,A,PC_GDP,S1313,B9,EA20,1995,-0.1,,
ESTAT:GOV_10A_MAIN(1.0),21/07/26 11:00:00,A,PC_GDP,S1313,B9,EA20,1996,-0.1,,
ESTAT:GOV_10A_MAIN(1.0),21/07/26 11:00:00,A,PC_GDP,S1313,B9,EA20,1997,-0.1,,
ESTAT:GOV_10A_MAIN(1.0),21/07/26 11:00:00,A,PC_GDP,S1313,B9,EA20,1998,-0.1,,
ESTAT:GOV_10A_MAIN(1.0),21/07/26 11:00:00,A,PC_GDP,S1313,B9,EA20,1999,0.0,,
ESTAT:GOV_10A_MAIN(1.0),21/07/26 11:00:00,A,PC_GDP,S1313,B9,EA20,2000,0.0,,
ESTAT:GOV_10A_MAIN(1.0),21/07/26 11:00:00,A,PC_GDP,S1313,B9,EA20,2001,-0.2,,
ESTAT:GOV_10A_MAIN(1.0),21/07/26 11:00:00,A,PC_GDP,S1313,B9,EA20,2002,-0.3,,
ESTAT:GOV_10A_MAIN(1.0),21/07/26 11:00:00,A,PC_GDP,S1313,B9,EA20,2003,-0.3,,
ESTAT:GOV_10A_MAIN(1.0),21/07/26 11:00:00,A,PC_GDP,S1313,B9,EA20,2004,-0.3,,
ESTAT:GOV_10A_MAIN(1.0),21/07/26 11:00:00,A,PC_GDP,S1313,B9,EA20,2005,-0.3,,
ESTAT:GOV_10A_MAIN(1.0),21/07/26 11:00:00,A,PC_GDP,S1313,B9,EA20,2006,-0.2,,
ESTAT:GOV_10A_MAIN(1.0),21/07/26 11:00:00,A,PC_GDP,S1313,B9,EA20,2007,-0.1,,
ESTAT:GOV_10A_MAIN(1.0),21/07/26 11:00:00,A,PC_GDP,S1313,B9,EA20,2008,-0.2,,
ESTAT:GOV_10A_MAIN(1.0),21/07/26 11:00:00,A,PC_GDP,S1313,B9,EA20,2009,-0.4,,
ESTAT:GOV_10A_MAIN(1.0),21/07/26 11:00:00,A,PC_GDP,S1313,B9,EA20,2010,-0.4,,
ESTAT:GOV_10A_MAIN(1.0),21/07/26 11:00:00,A,PC_GDP,S1313,B9,EA20,2011,-0.2,,
ESTAT:GOV_10A_MAIN(1.0),21/07/26 11:00:00,A,PC_GDP,S1313,B9,EA20,2012,0.0,,
ESTAT:GOV_10A_MAIN(1.0),21/07/26 11:00:00,A,PC_GDP,S1313,B9,EA20,2013,-0.1,,
ESTAT:GOV_10A_MAIN(1.0),21/07/26 11:00:00,A,PC_GDP,S1313,B9,EA20,2014,0.0,,
ESTAT:GOV_10A_MAIN(1.0),21/07/26 11:00:00,A,PC_GDP,S1313,B9,EA20,2015,0.1,,
ESTAT:GOV_10A_MAIN(1.0),21/07/26 11:00:00,A,PC_GDP,S1313,B9,EA20,2016,0.2,,
ESTAT:GOV_10A_MAIN(1.0),21/07/26 11:00:00,A,PC_GDP,S1313,B9,EA20,2017,0.2,,
ESTAT:GOV_10A_MAIN(1.0),21/07/26 11:00:00,A,PC_GDP,S1313,B9,EA20,2018,0.2,,
ESTAT:GOV_10A_MAIN(1.0),21/07/26 11:00:00,A,PC_GDP,S1313,B9,EA20,2019,0.0,,
ESTAT:GOV_10A_MAIN(1.0),21/07/26 11:00:00,A,PC_GDP,S1313,B9,EA20,2020,0.0,,
ESTAT:GOV_10A_MAIN(1.0),21/07/26 11:00:00,A,PC_GDP,S1313,B9,EA20,2021,0.0,,
ESTAT:GOV_10A_MAIN(1.0),21/07/26 11:00:00,A,PC_GDP,S1313,B9,EA20,2022,0.0,,
ESTAT:GOV_10A_MAIN(1.0),21/07/26 11:00:00,A,PC_GDP,S1313,B9,EA20,2023,-0.2,,
ESTAT:GOV_10A_MAIN(1.0),21/07/26 11:00:00,A,PC_GDP,S1313,B9,EA20,2024,-0.3,,
ESTAT:GOV_10A_MAIN(1.0),21/07/26 11:00:00,A,PC_GDP,S1313,B9,EA20,2025,-0.3,,
ESTAT:GOV_10A_MAIN(1.0),21/07/26 11:00:00,A,PC_GDP,S1313,B9,EA21,1995,-0.1,,
ESTAT:GOV_10A_MAIN(1.0),21/07/26 11:00:00,A,PC_GDP,S1313,B9,EA21,1996,-0.1,,
ESTAT:GOV_10A_MAIN(1.0),21/07/26 11:00:00,A,PC_GDP,S1313,B9,EA21,1997,-0.1,,
ESTAT:GOV_10A_MAIN(1.0),21/07/26 11:00:00,A,PC_GDP,S1313,B9,EA21,1998,-0.1,,
ESTAT:GOV_10A_MAIN(1.0),21/07/26 11:00:00,A,PC_GDP,S1313,B9,EA21,1999,0.0,,
ESTAT:GOV_10A_MAIN(1.0),21/07/26 11:00:00,A,PC_GDP,S1313,B9,EA21,2000,0.0,,
ESTAT:GOV_10A_MAIN(1.0),21/07/26 11:00:00,A,PC_GDP,S1313,B9,EA21,2001,-0.2,,
ESTAT:GOV_10A_MAIN(1.0),21/07/26 11:00:00,A,PC_GDP,S1313,B9,EA21,2002,-0.3,,
ESTAT:GOV_10A_MAIN(1.0),21/07/26 11:00:00,A,PC_GDP,S1313,B9,EA21,2003,-0.3,,
ESTAT:GOV_10A_MAIN(1.0),21/07/26 11:00:00,A,PC_GDP,S1313,B9,EA21,2004,-0.3,,
ESTAT:GOV_10A_MAIN(1.0),21/07/26 11:00:00,A,PC_GDP,S1313,B9,EA21,2005,-0.3,,
ESTAT:GOV_10A_MAIN(1.0),21/07/26 11:00:00,A,PC_GDP,S1313,B9,EA21,2006,-0.2,,
ESTAT:GOV_10A_MAIN(1.0),21/07/26 11:00:00,A,PC_GDP,S1313,B9,EA21,2007,-0.1,,
ESTAT:GOV_10A_MAIN(1.0),21/07/26 11:00:00,A,PC_GDP,S1313,B9,EA21,2008,-0.2,,
ESTAT:GOV_10A_MAIN(1.0),21/07/26 11:00:00,A,PC_GDP,S1313,B9,EA21,2009,-0.4,,
ESTAT:GOV_10A_MAIN(1.0),21/07/26 11:00:00,A,PC_GDP,S1313,B9,EA21,2010,-0.4,,
ESTAT:GOV_10A_MAIN(1.0),21/07/26 11:00:00,A,PC_GDP,S1313,B9,EA21,2011,-0.2,,
ESTAT:GOV_10A_MAIN(1.0),21/07/26 11:00:00,A,PC_GDP,S1313,B9,EA21,2012,0.0,,
ESTAT:GOV_10A_MAIN(1.0),21/07/26 11:00:00,A,PC_GDP,S1313,B9,EA21,2013,-0.1,,
ESTAT:GOV_10A_MAIN(1.0),21/07/26 11:00:00,A,PC_GDP,S1313,B9,EA21,2014,0.0,,
ESTAT:GOV_10A_MAIN(1.0),21/07/26 11:00:00,A,PC_GDP,S1313,B9,EA21,2015,0.1,,
ESTAT:GOV_10A_MAIN(1.0),21/07/26 11:00:00,A,PC_GDP,S1313,B9,EA21,2016,0.2,,
ESTAT:GOV_10A_MAIN(1.0),21/07/26 11:00:00,A,PC_GDP,S1313,B9,EA21,2017,0.2,,
ESTAT:GOV_10A_MAIN(1.0),21/07/26 11:00:00,A,PC_GDP,S1313,B9,EA21,2018,0.2,,
ESTAT:GOV_10A_MAIN(1.0),21/07/26 11:00:00,A,PC_GDP,S1313,B9,EA21,2019,0.0,,
ESTAT:GOV_10A_MAIN(1.0),21/07/26 11:00:00,A,PC_GDP,S1313,B9,EA21,2020,0.0,,
ESTAT:GOV_10A_MAIN(1.0),21/07/26 11:00:00,A,PC_GDP,S1313,B9,EA21,2021,0.0,,
ESTAT:GOV_10A_MAIN(1.0),21/07/26 11:00:00,A,PC_GDP,S1313,B9,EA21,2022,0.0,,
ESTAT:GOV_10A_MAIN(1.0),21/07/26 11:00:00,A,PC_GDP,S1313,B9,EA21,2023,-0.2,,
ESTAT:GOV_10A_MAIN(1.0),21/07/26 11:00:00,A,PC_GDP,S1313,B9,EA21,2024,-0.3,,
ESTAT:GOV_10A_MAIN(1.0),21/07/26 11:00:00,A,PC_GDP,S1313,B9,EA21,2025,-0.3,,
ESTAT:GOV_10A_MAIN(1.0),21/07/26 11:00:00,A,PC_GDP,S1313,B9,EE,1995,-0.1,,
ESTAT:GOV_10A_MAIN(1.0),21/07/26 11:00:00,A,PC_GDP,S1313,B9,EE,1996,-0.5,,
ESTAT:GOV_10A_MAIN(1.0),21/07/26 11:00:00,A,PC_GDP,S1313,B9,EE,1997,0.0,,
ESTAT:GOV_10A_MAIN(1.0),21/07/26 11:00:00,A,PC_GDP,S1313,B9,EE,1998,-0.2,,
ESTAT:GOV_10A_MAIN(1.0),21/07/26 11:00:00,A,PC_GDP,S1313,B9,EE,1999,-0.3,,
ESTAT:GOV_10A_MAIN(1.0),21/07/26 11:00:00,A,PC_GDP,S1313,B9,EE,2000,-0.3,,
ESTAT:GOV_10A_MAIN(1.0),21/07/26 11:00:00,A,PC_GDP,S1313,B9,EE,2001,-0.4,,
ESTAT:GOV_10A_MAIN(1.0),21/07/26 11:00:00,A,PC_GDP,S1313,B9,EE,2002,-0.5,,
ESTAT:GOV_10A_MAIN(1.0),21/07/26 11:00:00,A,PC_GDP,S1313,B9,EE,2003,-0.3,,
ESTAT:GOV_10A_MAIN(1.0),21/07/26 11:00:00,A,PC_GDP,S1313,B9,EE,2004,-0.6,,
ESTAT:GOV_10A_MAIN(1.0),21/07/26 11:00:00,A,PC_GDP,S1313,B9,EE,2005,-0.3,,
ESTAT:GOV_10A_MAIN(1.0),21/07/26 11:00:00,A,PC_GDP,S1313,B9,EE,2006,-0.2,,
ESTAT:GOV_10A_MAIN(1.0),21/07/26 11:00:00,A,PC_GDP,S1313,B9,EE,2007,-0.5,,
ESTAT:GOV_10A_MAIN(1.0),21/07/26 11:00:00,A,PC_GDP,S1313,B9,EE,2008,-0.6,,
ESTAT:GOV_10A_MAIN(1.0),21/07/26 11:00:00,A,PC_GDP,S1313,B9,EE,2009,-0.5,,
ESTAT:GOV_10A_MAIN(1.0),21/07/26 11:00:00,A,PC_GDP,S1313,B9,EE,2010,0.2,,
ESTAT:GOV_10A_MAIN(1.0),21/07/26 11:00:00,A,PC_GDP,S1313,B9,EE,2011,0.1,,
ESTAT:GOV_10A_MAIN(1.0),21/07/26 11:00:00,A,PC_GDP,S1313,B9,EE,2012,-0.3,,
ESTAT:GOV_10A_MAIN(1.0),21/07/26 11:00:00,A,PC_GDP,S1313,B9,EE,2013,-0.5,,
ESTAT:GOV_10A_MAIN(1.0),21/07/26 11:00:00,A,PC_GDP,S1313,B9,EE,2014,-0.1,,
ESTAT:GOV_10A_MAIN(1.0),21/07/26 11:00:00,A,PC_GDP,S1313,B9,EE,2015,0.1,,
ESTAT:GOV_10A_MAIN(1.0),21/07/26 11:00:00,A,PC_GDP,S1313,B9,EE,2016,0.1,,
ESTAT:GOV_10A_MAIN(1.0),21/07/26 11:00:00,A,PC_GDP,S1313,B9,EE,2017,-0.3,,
ESTAT:GOV_10A_MAIN(1.0),21/07/26 11:00:00,A,PC_GDP,S1313,B9,EE,2018,0.2,,
ESTAT:GOV_10A_MAIN(1.0),21/07/26 11:00:00,A,PC_GDP,S1313,B9,EE,2019,-0.3,,
ESTAT:GOV_10A_MAIN(1.0),21/07/26 11:00:00,A,PC_GDP,S1313,B9,EE,2020,-0.1,,
ESTAT:GOV_10A_MAIN(1.0),21/07/26 11:00:00,A,PC_GDP,S1313,B9,EE,2021,-0.4,,
ESTAT:GOV_10A_MAIN(1.0),21/07/26 11:00:00,A,PC_GDP,S1313,B9,EE,2022,-0.3,,
ESTAT:GOV_10A_MAIN(1.0),21/07/26 11:00:00,A,PC_GDP,S1313,B9,EE,2023,-0.6,,
ESTAT:GOV_10A_MAIN(1.0),21/07/26 11:00:00,A,PC_GDP,S1313,B9,EE,2024,-0.4,,
ESTAT:GOV_10A_MAIN(1.0),21/07/26 11:00:00,A,PC_GDP,S1313,B9,EE,2025,-0.2,,
ESTAT:GOV_10A_MAIN(1.0),21/07/26 11:00:00,A,PC_GDP,S1313,B9,EL,1995,0.0,,
ESTAT:GOV_10A_MAIN(1.0),21/07/26 11:00:00,A,PC_GDP,S1313,B9,EL,1996,0.0,,
ESTAT:GOV_10A_MAIN(1.0),21/07/26 11:00:00,A,PC_GDP,S1313,B9,EL,1997,0.0,,
ESTAT:GOV_10A_MAIN(1.0),21/07/26 11:00:00,A,PC_GDP,S1313,B9,EL,1998,-0.1,,
ESTAT:GOV_10A_MAIN(1.0),21/07/26 11:00:00,A,PC_GDP,S1313,B9,EL,1999,0.1,,
ESTAT:GOV_10A_MAIN(1.0),21/07/26 11:00:00,A,PC_GDP,S1313,B9,EL,2000,0.0,,
ESTAT:GOV_10A_MAIN(1.0),21/07/26 11:00:00,A,PC_GDP,S1313,B9,EL,2001,0.2,,
ESTAT:GOV_10A_MAIN(1.0),21/07/26 11:00:00,A,PC_GDP,S1313,B9,EL,2002,0.0,,
ESTAT:GOV_10A_MAIN(1.0),21/07/26 11:00:00,A,PC_GDP,S1313,B9,EL,2003,0.1,,
ESTAT:GOV_10A_MAIN(1.0),21/07/26 11:00:00,A,PC_GDP,S1313,B9,EL,2004,-0.1,,
ESTAT:GOV_10A_MAIN(1.0),21/07/26 11:00:00,A,PC_GDP,S1313,B9,EL,2005,0.0,,
ESTAT:GOV_10A_MAIN(1.0),21/07/26 11:00:00,A,PC_GDP,S1313,B9,EL,2006,0.0,,
ESTAT:GOV_10A_MAIN(1.0),21/07/26 11:00:00,A,PC_GDP,S1313,B9,EL,2007,0.0,,
ESTAT:GOV_10A_MAIN(1.0),21/07/26 11:00:00,A,PC_GDP,S1313,B9,EL,2008,0.0,,
ESTAT:GOV_10A_MAIN(1.0),21/07/26 11:00:00,A,PC_GDP,S1313,B9,EL,2009,0.0,,
ESTAT:GOV_10A_MAIN(1.0),21/07/26 11:00:00,A,PC_GDP,S1313,B9,EL,2010,-0.3,,
ESTAT:GOV_10A_MAIN(1.0),21/07/26 11:00:00,A,PC_GDP,S1313,B9,EL,2011,0.2,,
ESTAT:GOV_10A_MAIN(1.0),21/07/26 11:00:00,A,PC_GDP,S1313,B9,EL,2012,0.3,,
ESTAT:GOV_10A_MAIN(1.0),21/07/26 11:00:00,A,PC_GDP,S1313,B9,EL,2013,0.4,,
ESTAT:GOV_10A_MAIN(1.0),21/07/26 11:00:00,A,PC_GDP,S1313,B9,EL,2014,0.3,,
ESTAT:GOV_10A_MAIN(1.0),21/07/26 11:00:00,A,PC_GDP,S1313,B9,EL,2015,0.3,,
ESTAT:GOV_10A_MAIN(1.0),21/07/26 11:00:00,A,PC_GDP,S1313,B9,EL,2016,0.3,,
ESTAT:GOV_10A_MAIN(1.0),21/07/26 11:00:00,A,PC_GDP,S1313,B9,EL,2017,0.4,,
ESTAT:GOV_10A_MAIN(1.0),21/07/26 11:00:00,A,PC_GDP,S1313,B9,EL,2018,0.4,,
ESTAT:GOV_10A_MAIN(1.0),21/07/26 11:00:00,A,PC_GDP,S1313,B9,EL,2019,0.0,,
ESTAT:GOV_10A_MAIN(1.0),21/07/26 11:00:00,A,PC_GDP,S1313,B9,EL,2020,0.0,,
ESTAT:GOV_10A_MAIN(1.0),21/07/26 11:00:00,A,PC_GDP,S1313,B9,EL,2021,-0.1,,
ESTAT:GOV_10A_MAIN(1.0),21/07/26 11:00:00,A,PC_GDP,S1313,B9,EL,2022,-0.2,,
ESTAT:GOV_10A_MAIN(1.0),21/07/26 11:00:00,A,PC_GDP,S1313,B9,EL,2023,-0.3,,
ESTAT:GOV_10A_MAIN(1.0),21/07/26 11:00:00,A,PC_GDP,S1313,B9,EL,2024,0.0,,
ESTAT:GOV_10A_MAIN(1.0),21/07/26 11:00:00,A,PC_GDP,S1313,B9,EL,2025,0.1,,
ESTAT:GOV_10A_MAIN(1.0),21/07/26 11:00:00,A,PC_GDP,S1313,B9,ES,1995,0.0,,
ESTAT:GOV_10A_MAIN(1.0),21/07/26 11:00:00,A,PC_GDP,S1313,B9,ES,1996,0.0,,
ESTAT:GOV_10A_MAIN(1.0),21/07/26 11:00:00,A,PC_GDP,S1313,B9,ES,1997,0.0,,
ESTAT:GOV_10A_MAIN(1.0),21/07/26 11:00:00,A,PC_GDP,S1313,B9,ES,1998,0.0,,
ESTAT:GOV_10A_MAIN(1.0),21/07/26 11:00:00,A,PC_GDP,S1313,B9,ES,1999,0.0,,
ESTAT:GOV_10A_MAIN(1.0),21/07/26 11:00:00,A,PC_GDP,S1313,B9,ES,2000,0.1,,
ESTAT:GOV_10A_MAIN(1.0),21/07/26 11:00:00,A,PC_GDP,S1313,B9,ES,2001,0.0,,
ESTAT:GOV_10A_MAIN(1.0),21/07/26 11:00:00,A,PC_GDP,S1313,B9,ES,2002,-0.1,,
ESTAT:GOV_10A_MAIN(1.0),21/07/26 11:00:00,A,PC_GDP,S1313,B9,ES,2003,-0.2,,
ESTAT:GOV_10A_MAIN(1.0),21/07/26 11:00:00,A,PC_GDP,S1313,B9,ES,2004,0.0,,
ESTAT:GOV_10A_MAIN(1.0),21/07/26 11:00:00,A,PC_GDP,S1313,B9,ES,2005,-0.1,,
ESTAT:GOV_10A_MAIN(1.0),21/07/26 11:00:00,A,PC_GDP,S1313,B9,ES,2006,0.1,,
ESTAT:GOV_10A_MAIN(1.0),21/07/26 11:00:00,A,PC_GDP,S1313,B9,ES,2007,-0.3,,
ESTAT:GOV_10A_MAIN(1.0),21/07/26 11:00:00,A,PC_GDP,S1313,B9,ES,2008,-0.5,,
ESTAT:GOV_10A_MAIN(1.0),21/07/26 11:00:00,A,PC_GDP,S1313,B9,ES,2009,-0.6,,
ESTAT:GOV_10A_MAIN(1.0),21/07/26 11:00:00,A,PC_GDP,S1313,B9,ES,2010,-0.7,,
ESTAT:GOV_10A_MAIN(1.0),21/07/26 11:00:00,A,PC_GDP,S1313,B9,ES,2011,-0.8,,
ESTAT:GOV_10A_MAIN(1.0),21/07/26 11:00:00,A,PC_GDP,S1313,B9,ES,2012,0.3,,
ESTAT:GOV_10A_MAIN(1.0),21/07/26 11:00:00,A,PC_GDP,S1313,B9,ES,2013,0.6,,
ESTAT:GOV_10A_MAIN(1.0),21/07/26 11:00:00,A,PC_GDP,S1313,B9,ES,2014,0.5,,
ESTAT:GOV_10A_MAIN(1.0),21/07/26 11:00:00,A,PC_GDP,S1313,B9,ES,2015,0.4,,
ESTAT:GOV_10A_MAIN(1.0),21/07/26 11:00:00,A,PC_GDP,S1313,B9,ES,2016,0.6,,
ESTAT:GOV_10A_MAIN(1.0),21/07/26 11:00:00,A,PC_GDP,S1313,B9,ES,2017,0.6,,
ESTAT:GOV_10A_MAIN(1.0),21/07/26 11:00:00,A,PC_GDP,S1313,B9,ES,2018,0.5,,
ESTAT:GOV_10A_MAIN(1.0),21/07/26 11:00:00,A,PC_GDP,S1313,B9,ES,2019,0.3,,
ESTAT:GOV_10A_MAIN(1.0),21/07/26 11:00:00,A,PC_GDP,S1313,B9,ES,2020,0.2,,
ESTAT:GOV_10A_MAIN(1.0),21/07/26 11:00:00,A,PC_GDP,S1313,B9,ES,2021,0.3,,
ESTAT:GOV_10A_MAIN(1.0),21/07/26 11:00:00,A,PC_GDP,S1313,B9,ES,2022,-0.1,,
ESTAT:GOV_10A_MAIN(1.0),21/07/26 11:00:00,A,PC_GDP,S1313,B9,ES,2023,0.0,,
ESTAT:GOV_10A_MAIN(1.0),21/07/26 11:00:00,A,PC_GDP,S1313,B9,ES,2024,0.4,,
ESTAT:GOV_10A_MAIN(1.0),21/07/26 11:00:00,A,PC_GDP,S1313,B9,ES,2025,0.3,,
ESTAT:GOV_10A_MAIN(1.0),21/07/26 11:00:00,A,PC_GDP,S1313,B9,EU27_2020,1995,-0.1,,
ESTAT:GOV_10A_MAIN(1.0),21/07/26 11:00:00,A,PC_GDP,S1313,B9,EU27_2020,1996,-0.1,,
ESTAT:GOV_10A_MAIN(1.0),21/07/26 11:00:00,A,PC_GDP,S1313,B9,EU27_2020,1997,-0.1,,
ESTAT:GOV_10A_MAIN(1.0),21/07/26 11:00:00,A,PC_GDP,S1313,B9,EU27_2020,1998,-0.1,,
ESTAT:GOV_10A_MAIN(1.0),21/07/26 11:00:00,A,PC_GDP,S1313,B9,EU27_2020,1999,0.0,,
ESTAT:GOV_10A_MAIN(1.0),21/07/26 11:00:00,A,PC_GDP,S1313,B9,EU27_2020,2000,-0.1,,
ESTAT:GOV_10A_MAIN(1.0),21/07/26 11:00:00,A,PC_GDP,S1313,B9,EU27_2020,2001,-0.2,,
ESTAT:GOV_10A_MAIN(1.0),21/07/26 11:00:00,A,PC_GDP,S1313,B9,EU27_2020,2002,-0.3,,
ESTAT:GOV_10A_MAIN(1.0),21/07/26 11:00:00,A,PC_GDP,S1313,B9,EU27_2020,2003,-0.3,,
ESTAT:GOV_10A_MAIN(1.0),21/07/26 11:00:00,A,PC_GDP,S1313,B9,EU27_2020,2004,-0.3,,
ESTAT:GOV_10A_MAIN(1.0),21/07/26 11:00:00,A,PC_GDP,S1313,B9,EU27_2020,2005,-0.3,,
ESTAT:GOV_10A_MAIN(1.0),21/07/26 11:00:00,A,PC_GDP,S1313,B9,EU27_2020,2006,-0.2,,
ESTAT:GOV_10A_MAIN(1.0),21/07/26 11:00:00,A,PC_GDP,S1313,B9,EU27_2020,2007,-0.1,,
ESTAT:GOV_10A_MAIN(1.0),21/07/26 11:00:00,A,PC_GDP,S1313,B9,EU27_2020,2008,-0.2,,
ESTAT:GOV_10A_MAIN(1.0),21/07/26 11:00:00,A,PC_GDP,S1313,B9,EU27_2020,2009,-0.4,,
ESTAT:GOV_10A_MAIN(1.0),21/07/26 11:00:00,A,PC_GDP,S1313,B9,EU27_2020,2010,-0.4,,
ESTAT:GOV_10A_MAIN(1.0),21/07/26 11:00:00,A,PC_GDP,S1313,B9,EU27_2020,2011,-0.3,,
ESTAT:GOV_10A_MAIN(1.0),21/07/26 11:00:00,A,PC_GDP,S1313,B9,EU27_2020,2012,0.0,,
ESTAT:GOV_10A_MAIN(1.0),21/07/26 11:00:00,A,PC_GDP,S1313,B9,EU27_2020,2013,0.0,,
ESTAT:GOV_10A_MAIN(1.0),21/07/26 11:00:00,A,PC_GDP,S1313,B9,EU27_2020,2014,0.0,,
ESTAT:GOV_10A_MAIN(1.0),21/07/26 11:00:00,A,PC_GDP,S1313,B9,EU27_2020,2015,0.1,,
ESTAT:GOV_10A_MAIN(1.0),21/07/26 11:00:00,A,PC_GDP,S1313,B9,EU27_2020,2016,0.2,,
ESTAT:GOV_10A_MAIN(1.0),21/07/26 11:00:00,A,PC_GDP,S1313,B9,EU27_2020,2017,0.2,,
ESTAT:GOV_10A_MAIN(1.0),21/07/26 11:00:00,A,PC_GDP,S1313,B9,EU27_2020,2018,0.1,,
ESTAT:GOV_10A_MAIN(1.0),21/07/26 11:00:00,A,PC_GDP,S1313,B9,EU27_2020,2019,0.0,,
ESTAT:GOV_10A_MAIN(1.0),21/07/26 11:00:00,A,PC_GDP,S1313,B9,EU27_2020,2020,0.0,,
ESTAT:GOV_10A_MAIN(1.0),21/07/26 11:00:00,A,PC_GDP,S1313,B9,EU27_2020,2021,0.1,,
ESTAT:GOV_10A_MAIN(1.0),21/07/26 11:00:00,A,PC_GDP,S1313,B9,EU27_2020,2022,0.0,,
ESTAT:GOV_10A_MAIN(1.0),21/07/26 11:00:00,A,PC_GDP,S1313,B9,EU27_2020,2023,-0.2,,
ESTAT:GOV_10A_MAIN(1.0),21/07/26 11:00:00,A,PC_GDP,S1313,B9,EU27_2020,2024,-0.2,,
ESTAT:GOV_10A_MAIN(1.0),21/07/26 11:00:00,A,PC_GDP,S1313,B9,EU27_2020,2025,-0.3,,
ESTAT:GOV_10A_MAIN(1.0),21/07/26 11:00:00,A,PC_GDP,S1313,B9,FI,1995,1.4,,
ESTAT:GOV_10A_MAIN(1.0),21/07/26 11:00:00,A,PC_GDP,S1313,B9,FI,1996,1.0,,
ESTAT:GOV_10A_MAIN(1.0),21/07/26 11:00:00,A,PC_GDP,S1313,B9,FI,1997,-0.5,,
ESTAT:GOV_10A_MAIN(1.0),21/07/26 11:00:00,A,PC_GDP,S1313,B9,FI,1998,-0.2,,
ESTAT:GOV_10A_MAIN(1.0),21/07/26 11:00:00,A,PC_GDP,S1313,B9,FI,1999,-0.2,,
ESTAT:GOV_10A_MAIN(1.0),21/07/26 11:00:00,A,PC_GDP,S1313,B9,FI,2000,0.2,,
ESTAT:GOV_10A_MAIN(1.0),21/07/26 11:00:00,A,PC_GDP,S1313,B9,FI,2001,-0.4,,
ESTAT:GOV_10A_MAIN(1.0),21/07/26 11:00:00,A,PC_GDP,S1313,B9,FI,2002,-0.4,,
ESTAT:GOV_10A_MAIN(1.0),21/07/26 11:00:00,A,PC_GDP,S1313,B9,FI,2003,-0.7,,
ESTAT:GOV_10A_MAIN(1.0),21/07/26 11:00:00,A,PC_GDP,S1313,B9,FI,2004,-0.8,,
ESTAT:GOV_10A_MAIN(1.0),21/07/26 11:00:00,A,PC_GDP,S1313,B9,FI,2005,-0.7,,
ESTAT:GOV_10A_MAIN(1.0),21/07/26 11:00:00,A,PC_GDP,S1313,B9,FI,2006,-0.3,,
ESTAT:GOV_10A_MAIN(1.0),21/07/26 11:00:00,A,PC_GDP,S1313,B9,FI,2007,-0.2,,
ESTAT:GOV_10A_MAIN(1.0),21/07/26 11:00:00,A,PC_GDP,S1313,B9,FI,2008,-0.4,,
ESTAT:GOV_10A_MAIN(1.0),21/07/26 11:00:00,A,PC_GDP,S1313,B9,FI,2009,-0.6,,
ESTAT:GOV_10A_MAIN(1.0),21/07/26 11:00:00,A,PC_GDP,S1313,B9,FI,2010,-0.2,,
ESTAT:GOV_10A_MAIN(1.0),21/07/26 11:00:00,A,PC_GDP,S1313,B9,FI,2011,-0.5,,
ESTAT:GOV_10A_MAIN(1.0),21/07/26 11:00:00,A,PC_GDP,S1313,B9,FI,2012,-1.0,,
ESTAT:GOV_10A_MAIN(1.0),21/07/26 11:00:00,A,PC_GDP,S1313,B9,FI,2013,-0.7,,
ESTAT:GOV_10A_MAIN(1.0),21/07/26 11:00:00,A,PC_GDP,S1313,B9,FI,2014,-0.7,,
ESTAT:GOV_10A_MAIN(1.0),21/07/26 11:00:00,A,PC_GDP,S1313,B9,FI,2015,-0.6,,
ESTAT:GOV_10A_MAIN(1.0),21/07/26 11:00:00,A,PC_GDP,S1313,B9,FI,2016,-0.4,,
ESTAT:GOV_10A_MAIN(1.0),21/07/26 11:00:00,A,PC_GDP,S1313,B9,FI,2017,-0.2,,
ESTAT:GOV_10A_MAIN(1.0),21/07/26 11:00:00,A,PC_GDP,S1313,B9,FI,2018,-0.9,,
ESTAT:GOV_10A_MAIN(1.0),21/07/26 11:00:00,A,PC_GDP,S1313,B9,FI,2019,-1.3,,
ESTAT:GOV_10A_MAIN(1.0),21/07/26 11:00:00,A,PC_GDP,S1313,B9,FI,2020,0.0,,
ESTAT:GOV_10A_MAIN(1.0),21/07/26 11:00:00,A,PC_GDP,S1313,B9,FI,2021,-0.3,,
ESTAT:GOV_10A_MAIN(1.0),21/07/26 11:00:00,A,PC_GDP,S1313,B9,FI,2022,-0.1,,
ESTAT:GOV_10A_MAIN(1.0),21/07/26 11:00:00,A,PC_GDP,S1313,B9,FI,2023,-1.0,,
ESTAT:GOV_10A_MAIN(1.0),21/07/26 11:00:00,A,PC_GDP,S1313,B9,FI,2024,-1.0,,
ESTAT:GOV_10A_MAIN(1.0),21/07/26 11:00:00,A,PC_GDP,S1313,B9,FI,2025,-0.3,,
ESTAT:GOV_10A_MAIN(1.0),21/07/26 11:00:00,A,PC_GDP,S1313,B9,FR,1995,-0.3,,
ESTAT:GOV_10A_MAIN(1.0),21/07/26 11:00:00,A,PC_GDP,S1313,B9,FR,1996,-0.1,,
ESTAT:GOV_10A_MAIN(1.0),21/07/26 11:00:00,A,PC_GDP,S1313,B9,FR,1997,0.1,,
ESTAT:GOV_10A_MAIN(1.0),21/07/26 11:00:00,A,PC_GDP,S1313,B9,FR,1998,0.2,,
ESTAT:GOV_10A_MAIN(1.0),21/07/26 11:00:00,A,PC_GDP,S1313,B9,FR,1999,0.2,,
ESTAT:GOV_10A_MAIN(1.0),21/07/26 11:00:00,A,PC_GDP,S1313,B9,FR,2000,0.1,,
ESTAT:GOV_10A_MAIN(1.0),21/07/26 11:00:00,A,PC_GDP,S1313,B9,FR,2001,0.1,,
ESTAT:GOV_10A_MAIN(1.0),21/07/26 11:00:00,A,PC_GDP,S1313,B9,FR,2002,0.1,,
ESTAT:GOV_10A_MAIN(1.0),21/07/26 11:00:00,A,PC_GDP,S1313,B9,FR,2003,0.0,,
ESTAT:GOV_10A_MAIN(1.0),21/07/26 11:00:00,A,PC_GDP,S1313,B9,FR,2004,-0.2,,
ESTAT:GOV_10A_MAIN(1.0),21/07/26 11:00:00,A,PC_GDP,S1313,B9,FR,2005,-0.2,,
ESTAT:GOV_10A_MAIN(1.0),21/07/26 11:00:00,A,PC_GDP,S1313,B9,FR,2006,-0.2,,
ESTAT:GOV_10A_MAIN(1.0),21/07/26 11:00:00,A,PC_GDP,S1313,B9,FR,2007,-0.4,,
ESTAT:GOV_10A_MAIN(1.0),21/07/26 11:00:00,A,PC_GDP,S1313,B9,FR,2008,-0.5,,
ESTAT:GOV_10A_MAIN(1.0),21/07/26 11:00:00,A,PC_GDP,S1313,B9,FR,2009,-0.3,,
ESTAT:GOV_10A_MAIN(1.0),21/07/26 11:00:00,A,PC_GDP,S1313,B9,FR,2010,-0.1,,
ESTAT:GOV_10A_MAIN(1.0),21/07/26 11:00:00,A,PC_GDP,S1313,B9,FR,2011,-0.1,,
ESTAT:GOV_10A_MAIN(1.0),21/07/26 11:00:00,A,PC_GDP,S1313,B9,FR,2012,-0.2,,
ESTAT:GOV_10A_MAIN(1.0),21/07/26 11:00:00,A,PC_GDP,S1313,B9,FR,2013,-0.4,,
ESTAT:GOV_10A_MAIN(1.0),21/07/26 11:00:00,A,PC_GDP,S1313,B9,FR,2014,-0.3,,
ESTAT:GOV_10A_MAIN(1.0),21/07/26 11:00:00,A,PC_GDP,S1313,B9,FR,2015,0.0,,
ESTAT:GOV_10A_MAIN(1.0),21/07/26 11:00:00,A,PC_GDP,S1313,B9,FR,2016,0.1,,
ESTAT:GOV_10A_MAIN(1.0),21/07/26 11:00:00,A,PC_GDP,S1313,B9,FR,2017,0.1,,
ESTAT:GOV_10A_MAIN(1.0),21/07/26 11:00:00,A,PC_GDP,S1313,B9,FR,2018,0.1,,
ESTAT:GOV_10A_MAIN(1.0),21/07/26 11:00:00,A,PC_GDP,S1313,B9,FR,2019,-0.1,,
ESTAT:GOV_10A_MAIN(1.0),21/07/26 11:00:00,A,PC_GDP,S1313,B9,FR,2020,-0.2,,
ESTAT:GOV_10A_MAIN(1.0),21/07/26 11:00:00,A,PC_GDP,S1313,B9,FR,2021,0.0,,
ESTAT:GOV_10A_MAIN(1.0),21/07/26 11:00:00,A,PC_GDP,S1313,B9,FR,2022,0.0,,
ESTAT:GOV_10A_MAIN(1.0),21/07/26 11:00:00,A,PC_GDP,S1313,B9,FR,2023,-0.4,,
ESTAT:GOV_10A_MAIN(1.0),21/07/26 11:00:00,A,PC_GDP,S1313,B9,FR,2024,-0.6,,
ESTAT:GOV_10A_MAIN(1.0),21/07/26 11:00:00,A,PC_GDP,S1313,B9,FR,2025,-0.5,,
ESTAT:GOV_10A_MAIN(1.0),21/07/26 11:00:00,A,PC_GDP,S1313,B9,HR,1995,-0.1,,
ESTAT:GOV_10A_MAIN(1.0),21/07/26 11:00:00,A,PC_GDP,S1313,B9,HR,1996,0.1,,
ESTAT:GOV_10A_MAIN(1.0),21/07/26 11:00:00,A,PC_GDP,S1313,B9,HR,1997,-0.1,,
ESTAT:GOV_10A_MAIN(1.0),21/07/26 11:00:00,A,PC_GDP,S1313,B9,HR,1998,-0.1,,
ESTAT:GOV_10A_MAIN(1.0),21/07/26 11:00:00,A,PC_GDP,S1313,B9,HR,1999,-0.4,,
ESTAT:GOV_10A_MAIN(1.0),21/07/26 11:00:00,A,PC_GDP,S1313,B9,HR,2000,0.0,,
ESTAT:GOV_10A_MAIN(1.0),21/07/26 11:00:00,A,PC_GDP,S1313,B9,HR,2001,0.1,,
ESTAT:GOV_10A_MAIN(1.0),21/07/26 11:00:00,A,PC_GDP,S1313,B9,HR,2002,0.4,,
ESTAT:GOV_10A_MAIN(1.0),21/07/26 11:00:00,A,PC_GDP,S1313,B9,HR,2003,-0.2,,
ESTAT:GOV_10A_MAIN(1.0),21/07/26 11:00:00,A,PC_GDP,S1313,B9,HR,2004,-0.3,,
ESTAT:GOV_10A_MAIN(1.0),21/07/26 11:00:00,A,PC_GDP,S1313,B9,HR,2005,-0.5,,
ESTAT:GOV_10A_MAIN(1.0),21/07/26 11:00:00,A,PC_GDP,S1313,B9,HR,2006,-0.2,,
ESTAT:GOV_10A_MAIN(1.0),21/07/26 11:00:00,A,PC_GDP,S1313,B9,HR,2007,-0.2,,
ESTAT:GOV_10A_MAIN(1.0),21/07/26 11:00:00,A,PC_GDP,S1313,B9,HR,2008,-0.2,,
ESTAT:GOV_10A_MAIN(1.0),21/07/26 11:00:00,A,PC_GDP,S1313,B9,HR,2009,-0.8,,
ESTAT:GOV_10A_MAIN(1.0),21/07/26 11:00:00,A,PC_GDP,S1313,B9,HR,2010,0.0,,
ESTAT:GOV_10A_MAIN(1.0),21/07/26 11:00:00,A,PC_GDP,S1313,B9,HR,2011,-0.1,,
ESTAT:GOV_10A_MAIN(1.0),21/07/26 11:00:00,A,PC_GDP,S1313,B9,HR,2012,0.1,,
ESTAT:GOV_10A_MAIN(1.0),21/07/26 11:00:00,A,PC_GDP,S1313,B9,HR,2013,0.0,,
ESTAT:GOV_10A_MAIN(1.0),21/07/26 11:00:00,A,PC_GDP,S1313,B9,HR,2014,0.1,,
ESTAT:GOV_10A_MAIN(1.0),21/07/26 11:00:00,A,PC_GDP,S1313,B9,HR,2015,0.1,,
ESTAT:GOV_10A_MAIN(1.0),21/07/26 11:00:00,A,PC_GDP,S1313,B9,HR,2016,0.0,,
ESTAT:GOV_10A_MAIN(1.0),21/07/26 11:00:00,A,PC_GDP,S1313,B9,HR,2017,0.0,,
ESTAT:GOV_10A_MAIN(1.0),21/07/26 11:00:00,A,PC_GDP,S1313,B9,HR,2018,-0.1,,
ESTAT:GOV_10A_MAIN(1.0),21/07/26 11:00:00,A,PC_GDP,S1313,B9,HR,2019,-0.4,,
ESTAT:GOV_10A_MAIN(1.0),21/07/26 11:00:00,A,PC_GDP,S1313,B9,HR,2020,-1.0,,
ESTAT:GOV_10A_MAIN(1.0),21/07/26 11:00:00,A,PC_GDP,S1313,B9,HR,2021,-0.3,,
ESTAT:GOV_10A_MAIN(1.0),21/07/26 11:00:00,A,PC_GDP,S1313,B9,HR,2022,0.6,,
ESTAT:GOV_10A_MAIN(1.0),21/07/26 11:00:00,A,PC_GDP,S1313,B9,HR,2023,0.6,,
ESTAT:GOV_10A_MAIN(1.0),21/07/26 11:00:00,A,PC_GDP,S1313,B9,HR,2024,0.3,,
ESTAT:GOV_10A_MAIN(1.0),21/07/26 11:00:00,A,PC_GDP,S1313,B9,HR,2025,-0.4,,
ESTAT:GOV_10A_MAIN(1.0),21/07/26 11:00:00,A,PC_GDP,S1313,B9,HU,1995,0.1,,
ESTAT:GOV_10A_MAIN(1.0),21/07/26 11:00:00,A,PC_GDP,S1313,B9,HU,1996,0.4,,
ESTAT:GOV_10A_MAIN(1.0),21/07/26 11:00:00,A,PC_GDP,S1313,B9,HU,1997,0.0,,
ESTAT:GOV_10A_MAIN(1.0),21/07/26 11:00:00,A,PC_GDP,S1313,B9,HU,1998,-0.3,,
ESTAT:GOV_10A_MAIN(1.0),21/07/26 11:00:00,A,PC_GDP,S1313,B9,HU,1999,0.0,,
ESTAT:GOV_10A_MAIN(1.0),21/07/26 11:00:00,A,PC_GDP,S1313,B9,HU,2000,-0.3,,
ESTAT:GOV_10A_MAIN(1.0),21/07/26 11:00:00,A,PC_GDP,S1313,B9,HU,2001,0.1,,
ESTAT:GOV_10A_MAIN(1.0),21/07/26 11:00:00,A,PC_GDP,S1313,B9,HU,2002,-0.9,,
ESTAT:GOV_10A_MAIN(1.0),21/07/26 11:00:00,A,PC_GDP,S1313,B9,HU,2003,-0.2,,
ESTAT:GOV_10A_MAIN(1.0),21/07/26 11:00:00,A,PC_GDP,S1313,B9,HU,2004,-0.3,,
ESTAT:GOV_10A_MAIN(1.0),21/07/26 11:00:00,A,PC_GDP,S1313,B9,HU,2005,-0.5,,
ESTAT:GOV_10A_MAIN(1.0),21/07/26 11:00:00,A,PC_GDP,S1313,B9,HU,2006,-0.8,,
ESTAT:GOV_10A_MAIN(1.0),21/07/26 11:00:00,A,PC_GDP,S1313,B9,HU,2007,-0.1,,
ESTAT:GOV_10A_MAIN(1.0),21/07/26 11:00:00,A,PC_GDP,S1313,B9,HU,2008,0.1,,
ESTAT:GOV_10A_MAIN(1.0),21/07/26 11:00:00,A,PC_GDP,S1313,B9,HU,2009,-0.4,,
ESTAT:GOV_10A_MAIN(1.0),21/07/26 11:00:00,A,PC_GDP,S1313,B9,HU,2010,-0.8,,
ESTAT:GOV_10A_MAIN(1.0),21/07/26 11:00:00,A,PC_GDP,S1313,B9,HU,2011,0.6,,
ESTAT:GOV_10A_MAIN(1.0),21/07/26 11:00:00,A,PC_GDP,S1313,B9,HU,2012,0.5,,
ESTAT:GOV_10A_MAIN(1.0),21/07/26 11:00:00,A,PC_GDP,S1313,B9,HU,2013,2.5,,
ESTAT:GOV_10A_MAIN(1.0),21/07/26 11:00:00,A,PC_GDP,S1313,B9,HU,2014,1.3,,
ESTAT:GOV_10A_MAIN(1.0),21/07/26 11:00:00,A,PC_GDP,S1313,B9,HU,2015,0.2,,
ESTAT:GOV_10A_MAIN(1.0),21/07/26 11:00:00,A,PC_GDP,S1313,B9,HU,2016,0.3,,
ESTAT:GOV_10A_MAIN(1.0),21/07/26 11:00:00,A,PC_GDP,S1313,B9,HU,2017,0.1,,
ESTAT:GOV_10A_MAIN(1.0),21/07/26 11:00:00,A,PC_GDP,S1313,B9,HU,2018,0.1,,
ESTAT:GOV_10A_MAIN(1.0),21/07/26 11:00:00,A,PC_GDP,S1313,B9,HU,2019,-0.1,,
ESTAT:GOV_10A_MAIN(1.0),21/07/26 11:00:00,A,PC_GDP,S1313,B9,HU,2020,0.1,,
ESTAT:GOV_10A_MAIN(1.0),21/07/26 11:00:00,A,PC_GDP,S1313,B9,HU,2021,0.2,,
ESTAT:GOV_10A_MAIN(1.0),21/07/26 11:00:00,A,PC_GDP,S1313,B9,HU,2022,-0.2,,
ESTAT:GOV_10A_MAIN(1.0),21/07/26 11:00:00,A,PC_GDP,S1313,B9,HU,2023,-0.3,,
ESTAT:GOV_10A_MAIN(1.0),21/07/26 11:00:00,A,PC_GDP,S1313,B9,HU,2024,-0.5,,
ESTAT:GOV_10A_MAIN(1.0),21/07/26 11:00:00,A,PC_GDP,S1313,B9,HU,2025,0.1,,
ESTAT:GOV_10A_MAIN(1.0),21/07/26 11:00:00,A,PC_GDP,S1313,B9,IE,1995,-0.1,,
ESTAT:GOV_10A_MAIN(1.0),21/07/26 11:00:00,A,PC_GDP,S1313,B9,IE,1996,-0.1,,
ESTAT:GOV_10A_MAIN(1.0),21/07/26 11:00:00,A,PC_GDP,S1313,B9,IE,1997,0.0,,
ESTAT:GOV_10A_MAIN(1.0),21/07/26 11:00:00,A,PC_GDP,S1313,B9,IE,1998,-0.2,,
ESTAT:GOV_10A_MAIN(1.0),21/07/26 11:00:00,A,PC_GDP,S1313,B9,IE,1999,-0.1,,
ESTAT:GOV_10A_MAIN(1.0),21/07/26 11:00:00,A,PC_GDP,S1313,B9,IE,2000,-0.1,,
ESTAT:GOV_10A_MAIN(1.0),21/07/26 11:00:00,A,PC_GDP,S1313,B9,IE,2001,-0.5,,
ESTAT:GOV_10A_MAIN(1.0),21/07/26 11:00:00,A,PC_GDP,S1313,B9,IE,2002,-0.3,,
ESTAT:GOV_10A_MAIN(1.0),21/07/26 11:00:00,A,PC_GDP,S1313,B9,IE,2003,0.3,,
ESTAT:GOV_10A_MAIN(1.0),21/07/26 11:00:00,A,PC_GDP,S1313,B9,IE,2004,0.1,,
ESTAT:GOV_10A_MAIN(1.0),21/07/26 11:00:00,A,PC_GDP,S1313,B9,IE,2005,0.2,,
ESTAT:GOV_10A_MAIN(1.0),21/07/26 11:00:00,A,PC_GDP,S1313,B9,IE,2006,0.2,,
ESTAT:GOV_10A_MAIN(1.0),21/07/26 11:00:00,A,PC_GDP,S1313,B9,IE,2007,-0.2,,
ESTAT:GOV_10A_MAIN(1.0),21/07/26 11:00:00,A,PC_GDP,S1313,B9,IE,2008,-0.4,,
ESTAT:GOV_10A_MAIN(1.0),21/07/26 11:00:00,A,PC_GDP,S1313,B9,IE,2009,-0.1,,
ESTAT:GOV_10A_MAIN(1.0),21/07/26 11:00:00,A,PC_GDP,S1313,B9,IE,2010,0.0,,
ESTAT:GOV_10A_MAIN(1.0),21/07/26 11:00:00,A,PC_GDP,S1313,B9,IE,2011,-0.1,,
ESTAT:GOV_10A_MAIN(1.0),21/07/26 11:00:00,A,PC_GDP,S1313,B9,IE,2012,-0.1,,
ESTAT:GOV_10A_MAIN(1.0),21/07/26 11:00:00,A,PC_GDP,S1313,B9,IE,2013,-0.1,,
ESTAT:GOV_10A_MAIN(1.0),21/07/26 11:00:00,A,PC_GDP,S1313,B9,IE,2014,0.1,,
ESTAT:GOV_10A_MAIN(1.0),21/07/26 11:00:00,A,PC_GDP,S1313,B9,IE,2015,0.1,,
ESTAT:GOV_10A_MAIN(1.0),21/07/26 11:00:00,A,PC_GDP,S1313,B9,IE,2016,0.1,,
ESTAT:GOV_10A_MAIN(1.0),21/07/26 11:00:00,A,PC_GDP,S1313,B9,IE,2017,0.0,,
ESTAT:GOV_10A_MAIN(1.0),21/07/26 11:00:00,A,PC_GDP,S1313,B9,IE,2018,0.0,,
ESTAT:GOV_10A_MAIN(1.0),21/07/26 11:00:00,A,PC_GDP,S1313,B9,IE,2019,-0.2,,
ESTAT:GOV_10A_MAIN(1.0),21/07/26 11:00:00,A,PC_GDP,S1313,B9,IE,2020,-0.1,,
ESTAT:GOV_10A_MAIN(1.0),21/07/26 11:00:00,A,PC_GDP,S1313,B9,IE,2021,-0.1,,
ESTAT:GOV_10A_MAIN(1.0),21/07/26 11:00:00,A,PC_GDP,S1313,B9,IE,2022,-0.1,,
ESTAT:GOV_10A_MAIN(1.0),21/07/26 11:00:00,A,PC_GDP,S1313,B9,IE,2023,-0.2,,
ESTAT:GOV_10A_MAIN(1.0),21/07/26 11:00:00,A,PC_GDP,S1313,B9,IE,2024,-0.3,,
ESTAT:GOV_10A_MAIN(1.0),21/07/26 11:00:00,A,PC_GDP,S1313,B9,IE,2025,-0.1,,
ESTAT:GOV_10A_MAIN(1.0),21/07/26 11:00:00,A,PC_GDP,S1313,B9,IS,1998,-1.0,,
ESTAT:GOV_10A_MAIN(1.0),21/07/26 11:00:00,A,PC_GDP,S1313,B9,IS,1999,-0.6,,
ESTAT:GOV_10A_MAIN(1.0),21/07/26 11:00:00,A,PC_GDP,S1313,B9,IS,2000,-0.4,,
ESTAT:GOV_10A_MAIN(1.0),21/07/26 11:00:00,A,PC_GDP,S1313,B9,IS,2001,-0.6,,
ESTAT:GOV_10A_MAIN(1.0),21/07/26 11:00:00,A,PC_GDP,S1313,B9,IS,2002,-1.2,,
ESTAT:GOV_10A_MAIN(1.0),21/07/26 11:00:00,A,PC_GDP,S1313,B9,IS,2003,-0.7,,
ESTAT:GOV_10A_MAIN(1.0),21/07/26 11:00:00,A,PC_GDP,S1313,B9,IS,2004,-0.7,,
ESTAT:GOV_10A_MAIN(1.0),21/07/26 11:00:00,A,PC_GDP,S1313,B9,IS,2005,0.1,,
ESTAT:GOV_10A_MAIN(1.0),21/07/26 11:00:00,A,PC_GDP,S1313,B9,IS,2006,0.3,,
ESTAT:GOV_10A_MAIN(1.0),21/07/26 11:00:00,A,PC_GDP,S1313,B9,IS,2007,0.6,,
ESTAT:GOV_10A_MAIN(1.0),21/07/26 11:00:00,A,PC_GDP,S1313,B9,IS,2008,-0.8,,
ESTAT:GOV_10A_MAIN(1.0),21/07/26 11:00:00,A,PC_GDP,S1313,B9,IS,2009,-0.9,,
ESTAT:GOV_10A_MAIN(1.0),21/07/26 11:00:00,A,PC_GDP,S1313,B9,IS,2010,-0.7,,
ESTAT:GOV_10A_MAIN(1.0),21/07/26 11:00:00,A,PC_GDP,S1313,B9,IS,2011,-0.2,,
ESTAT:GOV_10A_MAIN(1.0),21/07/26 11:00:00,A,PC_GDP,S1313,B9,IS,2012,-0.5,,
ESTAT:GOV_10A_MAIN(1.0),21/07/26 11:00:00,A,PC_GDP,S1313,B9,IS,2013,-0.1,,
ESTAT:GOV_10A_MAIN(1.0),21/07/26 11:00:00,A,PC_GDP,S1313,B9,IS,2014,-0.5,,
ESTAT:GOV_10A_MAIN(1.0),21/07/26 11:00:00,A,PC_GDP,S1313,B9,IS,2015,-0.4,,
ESTAT:GOV_10A_MAIN(1.0),21/07/26 11:00:00,A,PC_GDP,S1313,B9,IS,2016,0.3,,
ESTAT:GOV_10A_MAIN(1.0),21/07/26 11:00:00,A,PC_GDP,S1313,B9,IS,2017,-1.0,,
ESTAT:GOV_10A_MAIN(1.0),21/07/26 11:00:00,A,PC_GDP,S1313,B9,IS,2018,-0.5,,
ESTAT:GOV_10A_MAIN(1.0),21/07/26 11:00:00,A,PC_GDP,S1313,B9,IS,2019,-0.5,,
ESTAT:GOV_10A_MAIN(1.0),21/07/26 11:00:00,A,PC_GDP,S1313,B9,IS,2020,-1.1,,
ESTAT:GOV_10A_MAIN(1.0),21/07/26 11:00:00,A,PC_GDP,S1313,B9,IS,2021,-1.0,,
ESTAT:GOV_10A_MAIN(1.0),21/07/26 11:00:00,A,PC_GDP,S1313,B9,IS,2022,-1.3,,
ESTAT:GOV_10A_MAIN(1.0),21/07/26 11:00:00,A,PC_GDP,S1313,B9,IS,2023,-0.9,,
ESTAT:GOV_10A_MAIN(1.0),21/07/26 11:00:00,A,PC_GDP,S1313,B9,IS,2024,-0.5,,
ESTAT:GOV_10A_MAIN(1.0),21/07/26 11:00:00,A,PC_GDP,S1313,B9,IS,2025,-0.5,,
ESTAT:GOV_10A_MAIN(1.0),21/07/26 11:00:00,A,PC_GDP,S1313,B9,IT,1995,0.1,,
ESTAT:GOV_10A_MAIN(1.0),21/07/26 11:00:00,A,PC_GDP,S1313,B9,IT,1996,-0.2,,
ESTAT:GOV_10A_MAIN(1.0),21/07/26 11:00:00,A,PC_GDP,S1313,B9,IT,1997,-0.4,,
ESTAT:GOV_10A_MAIN(1.0),21/07/26 11:00:00,A,PC_GDP,S1313,B9,IT,1998,-0.7,,
ESTAT:GOV_10A_MAIN(1.0),21/07/26 11:00:00,A,PC_GDP,S1313,B9,IT,1999,-0.1,,
ESTAT:GOV_10A_MAIN(1.0),21/07/26 11:00:00,A,PC_GDP,S1313,B9,IT,2000,-0.3,,
ESTAT:GOV_10A_MAIN(1.0),21/07/26 11:00:00,A,PC_GDP,S1313,B9,IT,2001,-0.4,,
ESTAT:GOV_10A_MAIN(1.0),21/07/26 11:00:00,A,PC_GDP,S1313,B9,IT,2002,-0.8,,
ESTAT:GOV_10A_MAIN(1.0),21/07/26 11:00:00,A,PC_GDP,S1313,B9,IT,2003,-0.4,,
ESTAT:GOV_10A_MAIN(1.0),21/07/26 11:00:00,A,PC_GDP,S1313,B9,IT,2004,-0.9,,
ESTAT:GOV_10A_MAIN(1.0),21/07/26 11:00:00,A,PC_GDP,S1313,B9,IT,2005,-0.8,,
ESTAT:GOV_10A_MAIN(1.0),21/07/26 11:00:00,A,PC_GDP,S1313,B9,IT,2006,-0.9,,
ESTAT:GOV_10A_MAIN(1.0),21/07/26 11:00:00,A,PC_GDP,S1313,B9,IT,2007,0.0,,
ESTAT:GOV_10A_MAIN(1.0),21/07/26 11:00:00,A,PC_GDP,S1313,B9,IT,2008,-0.1,,
ESTAT:GOV_10A_MAIN(1.0),21/07/26 11:00:00,A,PC_GDP,S1313,B9,IT,2009,-0.2,,
ESTAT:GOV_10A_MAIN(1.0),21/07/26 11:00:00,A,PC_GDP,S1313,B9,IT,2010,-0.5,,
ESTAT:GOV_10A_MAIN(1.0),21/07/26 11:00:00,A,PC_GDP,S1313,B9,IT,2011,-0.3,,
ESTAT:GOV_10A_MAIN(1.0),21/07/26 11:00:00,A,PC_GDP,S1313,B9,IT,2012,0.3,,
ESTAT:GOV_10A_MAIN(1.0),21/07/26 11:00:00,A,PC_GDP,S1313,B9,IT,2013,0.1,,
ESTAT:GOV_10A_MAIN(1.0),21/07/26 11:00:00,A,PC_GDP,S1313,B9,IT,2014,0.2,,
ESTAT:GOV_10A_MAIN(1.0),21/07/26 11:00:00,A,PC_GDP,S1313,B9,IT,2015,0.3,,
ESTAT:GOV_10A_MAIN(1.0),21/07/26 11:00:00,A,PC_GDP,S1313,B9,IT,2016,0.2,,
ESTAT:GOV_10A_MAIN(1.0),21/07/26 11:00:00,A,PC_GDP,S1313,B9,IT,2017,0.1,,
ESTAT:GOV_10A_MAIN(1.0),21/07/26 11:00:00,A,PC_GDP,S1313,B9,IT,2018,0.2,,
ESTAT:GOV_10A_MAIN(1.0),21/07/26 11:00:00,A,PC_GDP,S1313,B9,IT,2019,0.1,,
ESTAT:GOV_10A_MAIN(1.0),21/07/26 11:00:00,A,PC_GDP,S1313,B9,IT,2020,-0.1,,
ESTAT:GOV_10A_MAIN(1.0),21/07/26 11:00:00,A,PC_GDP,S1313,B9,IT,2021,-0.2,,
ESTAT:GOV_10A_MAIN(1.0),21/07/26 11:00:00,A,PC_GDP,S1313,B9,IT,2022,-0.1,,
ESTAT:GOV_10A_MAIN(1.0),21/07/26 11:00:00,A,PC_GDP,S1313,B9,IT,2023,0.3,,
ESTAT:GOV_10A_MAIN(1.0),21/07/26 11:00:00,A,PC_GDP,S1313,B9,IT,2024,0.1,,
ESTAT:GOV_10A_MAIN(1.0),21/07/26 11:00:00,A,PC_GDP,S1313,B9,IT,2025,0.0,,
ESTAT:GOV_10A_MAIN(1.0),21/07/26 11:00:00,A,PC_GDP,S1313,B9,LT,1995,-0.3,,
ESTAT:GOV_10A_MAIN(1.0),21/07/26 11:00:00,A,PC_GDP,S1313,B9,LT,1996,-0.3,,
ESTAT:GOV_10A_MAIN(1.0),21/07/26 11:00:00,A,PC_GDP,S1313,B9,LT,1997,-0.2,,
ESTAT:GOV_10A_MAIN(1.0),21/07/26 11:00:00,A,PC_GDP,S1313,B9,LT,1998,0.9,,
ESTAT:GOV_10A_MAIN(1.0),21/07/26 11:00:00,A,PC_GDP,S1313,B9,LT,1999,-0.6,,
ESTAT:GOV_10A_MAIN(1.0),21/07/26 11:00:00,A,PC_GDP,S1313,B9,LT,2000,-0.1,,
ESTAT:GOV_10A_MAIN(1.0),21/07/26 11:00:00,A,PC_GDP,S1313,B9,LT,2001,-0.4,,
ESTAT:GOV_10A_MAIN(1.0),21/07/26 11:00:00,A,PC_GDP,S1313,B9,LT,2002,0.0,,
ESTAT:GOV_10A_MAIN(1.0),21/07/26 11:00:00,A,PC_GDP,S1313,B9,LT,2003,0.0,,
ESTAT:GOV_10A_MAIN(1.0),21/07/26 11:00:00,A,PC_GDP,S1313,B9,LT,2004,0.1,,
ESTAT:GOV_10A_MAIN(1.0),21/07/26 11:00:00,A,PC_GDP,S1313,B9,LT,2005,-0.1,,
ESTAT:GOV_10A_MAIN(1.0),21/07/26 11:00:00,A,PC_GDP,S1313,B9,LT,2006,-0.3,,
ESTAT:GOV_10A_MAIN(1.0),21/07/26 11:00:00,A,PC_GDP,S1313,B9,LT,2007,-0.3,,
ESTAT:GOV_10A_MAIN(1.0),21/07/26 11:00:00,A,PC_GDP,S1313,B9,LT,2008,-0.2,,
ESTAT:GOV_10A_MAIN(1.0),21/07/26 11:00:00,A,PC_GDP,S1313,B9,LT,2009,-0.4,,
ESTAT:GOV_10A_MAIN(1.0),21/07/26 11:00:00,A,PC_GDP,S1313,B9,LT,2010,0.1,,
ESTAT:GOV_10A_MAIN(1.0),21/07/26 11:00:00,A,PC_GDP,S1313,B9,LT,2011,-0.4,,
ESTAT:GOV_10A_MAIN(1.0),21/07/26 11:00:00,A,PC_GDP,S1313,B9,LT,2012,-0.3,,
ESTAT:GOV_10A_MAIN(1.0),21/07/26 11:00:00,A,PC_GDP,S1313,B9,LT,2013,-0.3,,
ESTAT:GOV_10A_MAIN(1.0),21/07/26 11:00:00,A,PC_GDP,S1313,B9,LT,2014,0.1,,
ESTAT:GOV_10A_MAIN(1.0),21/07/26 11:00:00,A,PC_GDP,S1313,B9,LT,2015,0.3,,
ESTAT:GOV_10A_MAIN(1.0),21/07/26 11:00:00,A,PC_GDP,S1313,B9,LT,2016,0.5,,
ESTAT:GOV_10A_MAIN(1.0),21/07/26 11:00:00,A,PC_GDP,S1313,B9,LT,2017,0.2,,
ESTAT:GOV_10A_MAIN(1.0),21/07/26 11:00:00,A,PC_GDP,S1313,B9,LT,2018,0.2,,
ESTAT:GOV_10A_MAIN(1.0),21/07/26 11:00:00,A,PC_GDP,S1313,B9,LT,2019,0.1,,
ESTAT:GOV_10A_MAIN(1.0),21/07/26 11:00:00,A,PC_GDP,S1313,B9,LT,2020,0.0,,
ESTAT:GOV_10A_MAIN(1.0),21/07/26 11:00:00,A,PC_GDP,S1313,B9,LT,2021,0.3,,
ESTAT:GOV_10A_MAIN(1.0),21/07/26 11:00:00,A,PC_GDP,S1313,B9,LT,2022,0.2,,
ESTAT:GOV_10A_MAIN(1.0),21/07/26 11:00:00,A,PC_GDP,S1313,B9,LT,2023,0.2,,
ESTAT:GOV_10A_MAIN(1.0),21/07/26 11:00:00,A,PC_GDP,S1313,B9,LT,2024,0.0,,
ESTAT:GOV_10A_MAIN(1.0),21/07/26 11:00:00,A,PC_GDP,S1313,B9,LT,2025,-0.1,,
ESTAT:GOV_10A_MAIN(1.0),21/07/26 11:00:00,A,PC_GDP,S1313,B9,LU,1995,0.4,,
ESTAT:GOV_10A_MAIN(1.0),21/07/26 11:00:00,A,PC_GDP,S1313,B9,LU,1996,0.4,,
ESTAT:GOV_10A_MAIN(1.0),21/07/26 11:00:00,A,PC_GDP,S1313,B9,LU,1997,0.4,,
ESTAT:GOV_10A_MAIN(1.0),21/07/26 11:00:00,A,PC_GDP,S1313,B9,LU,1998,0.3,,
ESTAT:GOV_10A_MAIN(1.0),21/07/26 11:00:00,A,PC_GDP,S1313,B9,LU,1999,0.2,,
ESTAT:GOV_10A_MAIN(1.0),21/07/26 11:00:00,A,PC_GDP,S1313,B9,LU,2000,0.5,,
ESTAT:GOV_10A_MAIN(1.0),21/07/26 11:00:00,A,PC_GDP,S1313,B9,LU,2001,0.1,,
ESTAT:GOV_10A_MAIN(1.0),21/07/26 11:00:00,A,PC_GDP,S1313,B9,LU,2002,0.1,,
ESTAT:GOV_10A_MAIN(1.0),21/07/26 11:00:00,A,PC_GDP,S1313,B9,LU,2003,0.0,,
ESTAT:GOV_10A_MAIN(1.0),21/07/26 11:00:00,A,PC_GDP,S1313,B9,LU,2004,-0.1,,
ESTAT:GOV_10A_MAIN(1.0),21/07/26 11:00:00,A,PC_GDP,S1313,B9,LU,2005,-0.3,,
ESTAT:GOV_10A_MAIN(1.0),21/07/26 11:00:00,A,PC_GDP,S1313,B9,LU,2006,0.2,,
ESTAT:GOV_10A_MAIN(1.0),21/07/26 11:00:00,A,PC_GDP,S1313,B9,LU,2007,0.4,,
ESTAT:GOV_10A_MAIN(1.0),21/07/26 11:00:00,A,PC_GDP,S1313,B9,LU,2008,0.4,,
ESTAT:GOV_10A_MAIN(1.0),21/07/26 11:00:00,A,PC_GDP,S1313,B9,LU,2009,-0.1,,
ESTAT:GOV_10A_MAIN(1.0),21/07/26 11:00:00,A,PC_GDP,S1313,B9,LU,2010,0.2,,
ESTAT:GOV_10A_MAIN(1.0),21/07/26 11:00:00,A,PC_GDP,S1313,B9,LU,2011,0.3,,
ESTAT:GOV_10A_MAIN(1.0),21/07/26 11:00:00,A,PC_GDP,S1313,B9,LU,2012,0.5,,
ESTAT:GOV_10A_MAIN(1.0),21/07/26 11:00:00,A,PC_GDP,S1313,B9,LU,2013,0.3,,
ESTAT:GOV_10A_MAIN(1.0),21/07/26 11:00:00,A,PC_GDP,S1313,B9,LU,2014,0.3,,
ESTAT:GOV_10A_MAIN(1.0),21/07/26 11:00:00,A,PC_GDP,S1313,B9,LU,2015,0.3,,
ESTAT:GOV_10A_MAIN(1.0),21/07/26 11:00:00,A,PC_GDP,S1313,B9,LU,2016,0.2,,
ESTAT:GOV_10A_MAIN(1.0),21/07/26 11:00:00,A,PC_GDP,S1313,B9,LU,2017,0.1,,
ESTAT:GOV_10A_MAIN(1.0),21/07/26 11:00:00,A,PC_GDP,S1313,B9,LU,2018,0.4,,
ESTAT:GOV_10A_MAIN(1.0),21/07/26 11:00:00,A,PC_GDP,S1313,B9,LU,2019,0.5,,
ESTAT:GOV_10A_MAIN(1.0),21/07/26 11:00:00,A,PC_GDP,S1313,B9,LU,2020,0.1,,
ESTAT:GOV_10A_MAIN(1.0),21/07/26 11:00:00,A,PC_GDP,S1313,B9,LU,2021,0.1,,
ESTAT:GOV_10A_MAIN(1.0),21/07/26 11:00:00,A,PC_GDP,S1313,B9,LU,2022,-0.2,,
ESTAT:GOV_10A_MAIN(1.0),21/07/26 11:00:00,A,PC_GDP,S1313,B9,LU,2023,-0.3,,
ESTAT:GOV_10A_MAIN(1.0),21/07/26 11:00:00,A,PC_GDP,S1313,B9,LU,2024,0.1,,
ESTAT:GOV_10A_MAIN(1.0),21/07/26 11:00:00,A,PC_GDP,S1313,B9,LU,2025,-0.1,,
ESTAT:GOV_10A_MAIN(1.0),21/07/26 11:00:00,A,PC_GDP,S1313,B9,LV,1995,-0.1,,
ESTAT:GOV_10A_MAIN(1.0),21/07/26 11:00:00,A,PC_GDP,S1313,B9,LV,1996,2.1,,
ESTAT:GOV_10A_MAIN(1.0),21/07/26 11:00:00,A,PC_GDP,S1313,B9,LV,1997,0.7,,
ESTAT:GOV_10A_MAIN(1.0),21/07/26 11:00:00,A,PC_GDP,S1313,B9,LV,1998,0.4,,
ESTAT:GOV_10A_MAIN(1.0),21/07/26 11:00:00,A,PC_GDP,S1313,B9,LV,1999,-0.6,,
ESTAT:GOV_10A_MAIN(1.0),21/07/26 11:00:00,A,PC_GDP,S1313,B9,LV,2000,-0.3,,
ESTAT:GOV_10A_MAIN(1.0),21/07/26 11:00:00,A,PC_GDP,S1313,B9,LV,2001,-0.7,,
ESTAT:GOV_10A_MAIN(1.0),21/07/26 11:00:00,A,PC_GDP,S1313,B9,LV,2002,-0.9,,
ESTAT:GOV_10A_MAIN(1.0),21/07/26 11:00:00,A,PC_GDP,S1313,B9,LV,2003,-0.2,,
ESTAT:GOV_10A_MAIN(1.0),21/07/26 11:00:00,A,PC_GDP,S1313,B9,LV,2004,-0.4,,
ESTAT:GOV_10A_MAIN(1.0),21/07/26 11:00:00,A,PC_GDP,S1313,B9,LV,2005,-0.2,,
ESTAT:GOV_10A_MAIN(1.0),21/07/26 11:00:00,A,PC_GDP,S1313,B9,LV,2006,-0.5,,
ESTAT:GOV_10A_MAIN(1.0),21/07/26 11:00:00,A,PC_GDP,S1313,B9,LV,2007,-0.7,,
ESTAT:GOV_10A_MAIN(1.0),21/07/26 11:00:00,A,PC_GDP,S1313,B9,LV,2008,-1.3,,
ESTAT:GOV_10A_MAIN(1.0),21/07/26 11:00:00,A,PC_GDP,S1313,B9,LV,2009,-1.8,,
ESTAT:GOV_10A_MAIN(1.0),21/07/26 11:00:00,A,PC_GDP,S1313,B9,LV,2010,-0.4,,
ESTAT:GOV_10A_MAIN(1.0),21/07/26 11:00:00,A,PC_GDP,S1313,B9,LV,2011,-0.6,,
ESTAT:GOV_10A_MAIN(1.0),21/07/26 11:00:00,A,PC_GDP,S1313,B9,LV,2012,-0.5,,
ESTAT:GOV_10A_MAIN(1.0),21/07/26 11:00:00,A,PC_GDP,S1313,B9,LV,2013,-0.5,,
ESTAT:GOV_10A_MAIN(1.0),21/07/26 11:00:00,A,PC_GDP,S1313,B9,LV,2014,-0.3,,
ESTAT:GOV_10A_MAIN(1.0),21/07/26 11:00:00,A,PC_GDP,S1313,B9,LV,2015,0.2,,
ESTAT:GOV_10A_MAIN(1.0),21/07/26 11:00:00,A,PC_GDP,S1313,B9,LV,2016,0.2,,
ESTAT:GOV_10A_MAIN(1.0),21/07/26 11:00:00,A,PC_GDP,S1313,B9,LV,2017,-0.3,,
ESTAT:GOV_10A_MAIN(1.0),21/07/26 11:00:00,A,PC_GDP,S1313,B9,LV,2018,-0.7,,
ESTAT:GOV_10A_MAIN(1.0),21/07/26 11:00:00,A,PC_GDP,S1313,B9,LV,2019,0.6,,
ESTAT:GOV_10A_MAIN(1.0),21/07/26 11:00:00,A,PC_GDP,S1313,B9,LV,2020,-0.2,,
ESTAT:GOV_10A_MAIN(1.0),21/07/26 11:00:00,A,PC_GDP,S1313,B9,LV,2021,-0.3,,
ESTAT:GOV_10A_MAIN(1.0),21/07/26 11:00:00,A,PC_GDP,S1313,B9,LV,2022,0.1,,
ESTAT:GOV_10A_MAIN(1.0),21/07/26 11:00:00,A,PC_GDP,S1313,B9,LV,2023,-0.4,,
ESTAT:GOV_10A_MAIN(1.0),21/07/26 11:00:00,A,PC_GDP,S1313,B9,LV,2024,0.2,,
ESTAT:GOV_10A_MAIN(1.0),21/07/26 11:00:00,A,PC_GDP,S1313,B9,LV,2025,-0.4,,
ESTAT:GOV_10A_MAIN(1.0),21/07/26 11:00:00,A,PC_GDP,S1313,B9,MT,1995,0.0,,
ESTAT:GOV_10A_MAIN(1.0),21/07/26 11:00:00,A,PC_GDP,S1313,B9,MT,1996,0.0,,
ESTAT:GOV_10A_MAIN(1.0),21/07/26 11:00:00,A,PC_GDP,S1313,B9,MT,1997,0.0,,
ESTAT:GOV_10A_MAIN(1.0),21/07/26 11:00:00,A,PC_GDP,S1313,B9,MT,1998,0.0,,
ESTAT:GOV_10A_MAIN(1.0),21/07/26 11:00:00,A,PC_GDP,S1313,B9,MT,1999,0.0,,
ESTAT:GOV_10A_MAIN(1.0),21/07/26 11:00:00,A,PC_GDP,S1313,B9,MT,2000,0.1,,
ESTAT:GOV_10A_MAIN(1.0),21/07/26 11:00:00,A,PC_GDP,S1313,B9,MT,2001,0.0,,
ESTAT:GOV_10A_MAIN(1.0),21/07/26 11:00:00,A,PC_GDP,S1313,B9,MT,2002,0.0,,
ESTAT:GOV_10A_MAIN(1.0),21/07/26 11:00:00,A,PC_GDP,S1313,B9,MT,2003,0.0,,
ESTAT:GOV_10A_MAIN(1.0),21/07/26 11:00:00,A,PC_GDP,S1313,B9,MT,2004,0.0,,
ESTAT:GOV_10A_MAIN(1.0),21/07/26 11:00:00,A,PC_GDP,S1313,B9,MT,2005,0.0,,
ESTAT:GOV_10A_MAIN(1.0),21/07/26 11:00:00,A,PC_GDP,S1313,B9,MT,2006,0.0,,
ESTAT:GOV_10A_MAIN(1.0),21/07/26 11:00:00,A,PC_GDP,S1313,B9,MT,2007,0.0,,
ESTAT:GOV_10A_MAIN(1.0),21/07/26 11:00:00,A,PC_GDP,S1313,B9,MT,2008,0.0,,
ESTAT:GOV_10A_MAIN(1.0),21/07/26 11:00:00,A,PC_GDP,S1313,B9,MT,2009,0.0,,
ESTAT:GOV_10A_MAIN(1.0),21/07/26 11:00:00,A,PC_GDP,S1313,B9,MT,2010,0.1,,
ESTAT:GOV_10A_MAIN(1.0),21/07/26 11:00:00,A,PC_GDP,S1313,B9,MT,2011,0.0,,
ESTAT:GOV_10A_MAIN(1.0),21/07/26 11:00:00,A,PC_GDP,S1313,B9,MT,2012,0.0,,
ESTAT:GOV_10A_MAIN(1.0),21/07/26 11:00:00,A,PC_GDP,S1313,B9,MT,2013,0.0,,
ESTAT:GOV_10A_MAIN(1.0),21/07/26 11:00:00,A,PC_GDP,S1313,B9,MT,2014,0.0,,
ESTAT:GOV_10A_MAIN(1.0),21/07/26 11:00:00,A,PC_GDP,S1313,B9,MT,2015,0.1,,
ESTAT:GOV_10A_MAIN(1.0),21/07/26 11:00:00,A,PC_GDP,S1313,B9,MT,2016,0.0,,
ESTAT:GOV_10A_MAIN(1.0),21/07/26 11:00:00,A,PC_GDP,S1313,B9,MT,2017,0.1,,
ESTAT:GOV_10A_MAIN(1.0),21/07/26 11:00:00,A,PC_GDP,S1313,B9,MT,2018,0.0,,
ESTAT:GOV_10A_MAIN(1.0),21/07/26 11:00:00,A,PC_GDP,S1313,B9,MT,2019,0.1,,
ESTAT:GOV_10A_MAIN(1.0),21/07/26 11:00:00,A,PC_GDP,S1313,B9,MT,2020,0.1,,
ESTAT:GOV_10A_MAIN(1.0),21/07/26 11:00:00,A,PC_GDP,S1313,B9,MT,2021,0.0,,
ESTAT:GOV_10A_MAIN(1.0),21/07/26 11:00:00,A,PC_GDP,S1313,B9,MT,2022,0.0,,
ESTAT:GOV_10A_MAIN(1.0),21/07/26 11:00:00,A,PC_GDP,S1313,B9,MT,2023,0.0,,
ESTAT:GOV_10A_MAIN(1.0),21/07/26 11:00:00,A,PC_GDP,S1313,B9,MT,2024,0.0,,
ESTAT:GOV_10A_MAIN(1.0),21/07/26 11:00:00,A,PC_GDP,S1313,B9,MT,2025,0.0,,
ESTAT:GOV_10A_MAIN(1.0),21/07/26 11:00:00,A,PC_GDP,S1313,B9,NL,1995,0.0,,
ESTAT:GOV_10A_MAIN(1.0),21/07/26 11:00:00,A,PC_GDP,S1313,B9,NL,1996,0.2,,
ESTAT:GOV_10A_MAIN(1.0),21/07/26 11:00:00,A,PC_GDP,S1313,B9,NL,1997,0.8,,
ESTAT:GOV_10A_MAIN(1.0),21/07/26 11:00:00,A,PC_GDP,S1313,B9,NL,1998,0.0,,
ESTAT:GOV_10A_MAIN(1.0),21/07/26 11:00:00,A,PC_GDP,S1313,B9,NL,1999,0.0,,
ESTAT:GOV_10A_MAIN(1.0),21/07/26 11:00:00,A,PC_GDP,S1313,B9,NL,2000,0.0,,
ESTAT:GOV_10A_MAIN(1.0),21/07/26 11:00:00,A,PC_GDP,S1313,B9,NL,2001,-0.2,,
ESTAT:GOV_10A_MAIN(1.0),21/07/26 11:00:00,A,PC_GDP,S1313,B9,NL,2002,-0.5,,
ESTAT:GOV_10A_MAIN(1.0),21/07/26 11:00:00,A,PC_GDP,S1313,B9,NL,2003,-0.5,,
ESTAT:GOV_10A_MAIN(1.0),21/07/26 11:00:00,A,PC_GDP,S1313,B9,NL,2004,-0.3,,
ESTAT:GOV_10A_MAIN(1.0),21/07/26 11:00:00,A,PC_GDP,S1313,B9,NL,2005,-0.3,,
ESTAT:GOV_10A_MAIN(1.0),21/07/26 11:00:00,A,PC_GDP,S1313,B9,NL,2006,-0.3,,
ESTAT:GOV_10A_MAIN(1.0),21/07/26 11:00:00,A,PC_GDP,S1313,B9,NL,2007,-0.3,,
ESTAT:GOV_10A_MAIN(1.0),21/07/26 11:00:00,A,PC_GDP,S1313,B9,NL,2008,-0.7,,
ESTAT:GOV_10A_MAIN(1.0),21/07/26 11:00:00,A,PC_GDP,S1313,B9,NL,2009,-0.9,,
ESTAT:GOV_10A_MAIN(1.0),21/07/26 11:00:00,A,PC_GDP,S1313,B9,NL,2010,-1.1,,
ESTAT:GOV_10A_MAIN(1.0),21/07/26 11:00:00,A,PC_GDP,S1313,B9,NL,2011,-0.6,,
ESTAT:GOV_10A_MAIN(1.0),21/07/26 11:00:00,A,PC_GDP,S1313,B9,NL,2012,-0.4,,
ESTAT:GOV_10A_MAIN(1.0),21/07/26 11:00:00,A,PC_GDP,S1313,B9,NL,2013,-0.4,,
ESTAT:GOV_10A_MAIN(1.0),21/07/26 11:00:00,A,PC_GDP,S1313,B9,NL,2014,-0.2,,
ESTAT:GOV_10A_MAIN(1.0),21/07/26 11:00:00,A,PC_GDP,S1313,B9,NL,2015,-0.2,,
ESTAT:GOV_10A_MAIN(1.0),21/07/26 11:00:00,A,PC_GDP,S1313,B9,NL,2016,0.1,,
ESTAT:GOV_10A_MAIN(1.0),21/07/26 11:00:00,A,PC_GDP,S1313,B9,NL,2017,-0.1,,
ESTAT:GOV_10A_MAIN(1.0),21/07/26 11:00:00,A,PC_GDP,S1313,B9,NL,2018,-0.2,,
ESTAT:GOV_10A_MAIN(1.0),21/07/26 11:00:00,A,PC_GDP,S1313,B9,NL,2019,-0.3,,
ESTAT:GOV_10A_MAIN(1.0),21/07/26 11:00:00,A,PC_GDP,S1313,B9,NL,2020,-0.2,,
ESTAT:GOV_10A_MAIN(1.0),21/07/26 11:00:00,A,PC_GDP,S1313,B9,NL,2021,0.2,,
ESTAT:GOV_10A_MAIN(1.0),21/07/26 11:00:00,A,PC_GDP,S1313,B9,NL,2022,0.3,,
ESTAT:GOV_10A_MAIN(1.0),21/07/26 11:00:00,A,PC_GDP,S1313,B9,NL,2023,-0.2,,
ESTAT:GOV_10A_MAIN(1.0),21/07/26 11:00:00,A,PC_GDP,S1313,B9,NL,2024,-0.2,,
ESTAT:GOV_10A_MAIN(1.0),21/07/26 11:00:00,A,PC_GDP,S1313,B9,NL,2025,-0.3,p,
ESTAT:GOV_10A_MAIN(1.0),21/07/26 11:00:00,A,PC_GDP,S1313,B9,NO,1995,0.0,,
ESTAT:GOV_10A_MAIN(1.0),21/07/26 11:00:00,A,PC_GDP,S1313,B9,NO,1996,-0.2,,
ESTAT:GOV_10A_MAIN(1.0),21/07/26 11:00:00,A,PC_GDP,S1313,B9,NO,1997,-0.1,,
ESTAT:GOV_10A_MAIN(1.0),21/07/26 11:00:00,A,PC_GDP,S1313,B9,NO,1998,-1.4,,
ESTAT:GOV_10A_MAIN(1.0),21/07/26 11:00:00,A,PC_GDP,S1313,B9,NO,1999,-0.8,,
ESTAT:GOV_10A_MAIN(1.0),21/07/26 11:00:00,A,PC_GDP,S1313,B9,NO,2000,-0.3,,
ESTAT:GOV_10A_MAIN(1.0),21/07/26 11:00:00,A,PC_GDP,S1313,B9,NO,2001,-0.7,,
ESTAT:GOV_10A_MAIN(1.0),21/07/26 11:00:00,A,PC_GDP,S1313,B9,NO,2002,0.1,,
ESTAT:GOV_10A_MAIN(1.0),21/07/26 11:00:00,A,PC_GDP,S1313,B9,NO,2003,-1.0,,
ESTAT:GOV_10A_MAIN(1.0),21/07/26 11:00:00,A,PC_GDP,S1313,B9,NO,2004,-0.6,,
ESTAT:GOV_10A_MAIN(1.0),21/07/26 11:00:00,A,PC_GDP,S1313,B9,NO,2005,0.0,,
ESTAT:GOV_10A_MAIN(1.0),21/07/26 11:00:00,A,PC_GDP,S1313,B9,NO,2006,-0.1,,
ESTAT:GOV_10A_MAIN(1.0),21/07/26 11:00:00,A,PC_GDP,S1313,B9,NO,2007,-0.4,,
ESTAT:GOV_10A_MAIN(1.0),21/07/26 11:00:00,A,PC_GDP,S1313,B9,NO,2008,-1.0,,
ESTAT:GOV_10A_MAIN(1.0),21/07/26 11:00:00,A,PC_GDP,S1313,B9,NO,2009,-1.0,,
ESTAT:GOV_10A_MAIN(1.0),21/07/26 11:00:00,A,PC_GDP,S1313,B9,NO,2010,-0.8,,
ESTAT:GOV_10A_MAIN(1.0),21/07/26 11:00:00,A,PC_GDP,S1313,B9,NO,2011,-0.7,,
ESTAT:GOV_10A_MAIN(1.0),21/07/26 11:00:00,A,PC_GDP,S1313,B9,NO,2012,-0.5,,
ESTAT:GOV_10A_MAIN(1.0),21/07/26 11:00:00,A,PC_GDP,S1313,B9,NO,2013,-0.8,,
ESTAT:GOV_10A_MAIN(1.0),21/07/26 11:00:00,A,PC_GDP,S1313,B9,NO,2014,-0.7,,
ESTAT:GOV_10A_MAIN(1.0),21/07/26 11:00:00,A,PC_GDP,S1313,B9,NO,2015,-0.3,,
ESTAT:GOV_10A_MAIN(1.0),21/07/26 11:00:00,A,PC_GDP,S1313,B9,NO,2016,-0.4,,
ESTAT:GOV_10A_MAIN(1.0),21/07/26 11:00:00,A,PC_GDP,S1313,B9,NO,2017,-0.4,,
ESTAT:GOV_10A_MAIN(1.0),21/07/26 11:00:00,A,PC_GDP,S1313,B9,NO,2018,-0.5,,
ESTAT:GOV_10A_MAIN(1.0),21/07/26 11:00:00,A,PC_GDP,S1313,B9,NO,2019,-0.9,,
ESTAT:GOV_10A_MAIN(1.0),21/07/26 11:00:00,A,PC_GDP,S1313,B9,NO,2020,-0.6,,
ESTAT:GOV_10A_MAIN(1.0),21/07/26 11:00:00,A,PC_GDP,S1313,B9,NO,2021,0.4,,
ESTAT:GOV_10A_MAIN(1.0),21/07/26 11:00:00,A,PC_GDP,S1313,B9,NO,2022,-0.8,,
ESTAT:GOV_10A_MAIN(1.0),21/07/26 11:00:00,A,PC_GDP,S1313,B9,NO,2023,-0.8,,
ESTAT:GOV_10A_MAIN(1.0),21/07/26 11:00:00,A,PC_GDP,S1313,B9,NO,2024,-0.9,,
ESTAT:GOV_10A_MAIN(1.0),21/07/26 11:00:00,A,PC_GDP,S1313,B9,NO,2025,-0.6,,
ESTAT:GOV_10A_MAIN(1.0),21/07/26 11:00:00,A,PC_GDP,S1313,B9,PL,1995,-2.2,,
ESTAT:GOV_10A_MAIN(1.0),21/07/26 11:00:00,A,PC_GDP,S1313,B9,PL,1996,-1.7,,
ESTAT:GOV_10A_MAIN(1.0),21/07/26 11:00:00,A,PC_GDP,S1313,B9,PL,1997,-1.5,,
ESTAT:GOV_10A_MAIN(1.0),21/07/26 11:00:00,A,PC_GDP,S1313,B9,PL,1998,-1.3,,
ESTAT:GOV_10A_MAIN(1.0),21/07/26 11:00:00,A,PC_GDP,S1313,B9,PL,1999,-0.8,,
ESTAT:GOV_10A_MAIN(1.0),21/07/26 11:00:00,A,PC_GDP,S1313,B9,PL,2000,-0.4,,
ESTAT:GOV_10A_MAIN(1.0),21/07/26 11:00:00,A,PC_GDP,S1313,B9,PL,2001,-0.1,,
ESTAT:GOV_10A_MAIN(1.0),21/07/26 11:00:00,A,PC_GDP,S1313,B9,PL,2002,-0.3,,
ESTAT:GOV_10A_MAIN(1.0),21/07/26 11:00:00,A,PC_GDP,S1313,B9,PL,2003,-0.4,,
ESTAT:GOV_10A_MAIN(1.0),21/07/26 11:00:00,A,PC_GDP,S1313,B9,PL,2004,0.2,,
ESTAT:GOV_10A_MAIN(1.0),21/07/26 11:00:00,A,PC_GDP,S1313,B9,PL,2005,-0.1,,
ESTAT:GOV_10A_MAIN(1.0),21/07/26 11:00:00,A,PC_GDP,S1313,B9,PL,2006,-0.3,,
ESTAT:GOV_10A_MAIN(1.0),21/07/26 11:00:00,A,PC_GDP,S1313,B9,PL,2007,0.0,,
ESTAT:GOV_10A_MAIN(1.0),21/07/26 11:00:00,A,PC_GDP,S1313,B9,PL,2008,-0.2,,
ESTAT:GOV_10A_MAIN(1.0),21/07/26 11:00:00,A,PC_GDP,S1313,B9,PL,2009,-1.1,,
ESTAT:GOV_10A_MAIN(1.0),21/07/26 11:00:00,A,PC_GDP,S1313,B9,PL,2010,-1.3,,
ESTAT:GOV_10A_MAIN(1.0),21/07/26 11:00:00,A,PC_GDP,S1313,B9,PL,2011,-0.9,,
ESTAT:GOV_10A_MAIN(1.0),21/07/26 11:00:00,A,PC_GDP,S1313,B9,PL,2012,-0.4,,
ESTAT:GOV_10A_MAIN(1.0),21/07/26 11:00:00,A,PC_GDP,S1313,B9,PL,2013,-0.2,,
ESTAT:GOV_10A_MAIN(1.0),21/07/26 11:00:00,A,PC_GDP,S1313,B9,PL,2014,-0.3,,
ESTAT:GOV_10A_MAIN(1.0),21/07/26 11:00:00,A,PC_GDP,S1313,B9,PL,2015,-0.1,,
ESTAT:GOV_10A_MAIN(1.0),21/07/26 11:00:00,A,PC_GDP,S1313,B9,PL,2016,0.3,,
ESTAT:GOV_10A_MAIN(1.0),21/07/26 11:00:00,A,PC_GDP,S1313,B9,PL,2017,0.1,,
ESTAT:GOV_10A_MAIN(1.0),21/07/26 11:00:00,A,PC_GDP,S1313,B9,PL,2018,-0.3,,
ESTAT:GOV_10A_MAIN(1.0),21/07/26 11:00:00,A,PC_GDP,S1313,B9,PL,2019,-0.2,,
ESTAT:GOV_10A_MAIN(1.0),21/07/26 11:00:00,A,PC_GDP,S1313,B9,PL,2020,0.2,,
ESTAT:GOV_10A_MAIN(1.0),21/07/26 11:00:00,A,PC_GDP,S1313,B9,PL,2021,0.6,,
ESTAT:GOV_10A_MAIN(1.0),21/07/26 11:00:00,A,PC_GDP,S1313,B9,PL,2022,-0.4,,
ESTAT:GOV_10A_MAIN(1.0),21/07/26 11:00:00,A,PC_GDP,S1313,B9,PL,2023,-0.7,,
ESTAT:GOV_10A_MAIN(1.0),21/07/26 11:00:00,A,PC_GDP,S1313,B9,PL,2024,0.4,,
ESTAT:GOV_10A_MAIN(1.0),21/07/26 11:00:00,A,PC_GDP,S1313,B9,PL,2025,0.0,,
ESTAT:GOV_10A_MAIN(1.0),21/07/26 11:00:00,A,PC_GDP,S1313,B9,PT,1995,0.1,,
ESTAT:GOV_10A_MAIN(1.0),21/07/26 11:00:00,A,PC_GDP,S1313,B9,PT,1996,-0.3,,
ESTAT:GOV_10A_MAIN(1.0),21/07/26 11:00:00,A,PC_GDP,S1313,B9,PT,1997,-0.4,,
ESTAT:GOV_10A_MAIN(1.0),21/07/26 11:00:00,A,PC_GDP,S1313,B9,PT,1998,0.4,,
ESTAT:GOV_10A_MAIN(1.0),21/07/26 11:00:00,A,PC_GDP,S1313,B9,PT,1999,0.2,,
ESTAT:GOV_10A_MAIN(1.0),21/07/26 11:00:00,A,PC_GDP,S1313,B9,PT,2000,-0.4,,
ESTAT:GOV_10A_MAIN(1.0),21/07/26 11:00:00,A,PC_GDP,S1313,B9,PT,2001,-0.4,,
ESTAT:GOV_10A_MAIN(1.0),21/07/26 11:00:00,A,PC_GDP,S1313,B9,PT,2002,-0.5,,
ESTAT:GOV_10A_MAIN(1.0),21/07/26 11:00:00,A,PC_GDP,S1313,B9,PT,2003,-0.5,,
ESTAT:GOV_10A_MAIN(1.0),21/07/26 11:00:00,A,PC_GDP,S1313,B9,PT,2004,-0.3,,
ESTAT:GOV_10A_MAIN(1.0),21/07/26 11:00:00,A,PC_GDP,S1313,B9,PT,2005,-0.4,,
ESTAT:GOV_10A_MAIN(1.0),21/07/26 11:00:00,A,PC_GDP,S1313,B9,PT,2006,-0.1,,
ESTAT:GOV_10A_MAIN(1.0),21/07/26 11:00:00,A,PC_GDP,S1313,B9,PT,2007,-0.3,,
ESTAT:GOV_10A_MAIN(1.0),21/07/26 11:00:00,A,PC_GDP,S1313,B9,PT,2008,-0.6,,
ESTAT:GOV_10A_MAIN(1.0),21/07/26 11:00:00,A,PC_GDP,S1313,B9,PT,2009,-0.8,,
ESTAT:GOV_10A_MAIN(1.0),21/07/26 11:00:00,A,PC_GDP,S1313,B9,PT,2010,-0.9,,
ESTAT:GOV_10A_MAIN(1.0),21/07/26 11:00:00,A,PC_GDP,S1313,B9,PT,2011,-0.1,,
ESTAT:GOV_10A_MAIN(1.0),21/07/26 11:00:00,A,PC_GDP,S1313,B9,PT,2012,0.5,,
ESTAT:GOV_10A_MAIN(1.0),21/07/26 11:00:00,A,PC_GDP,S1313,B9,PT,2013,0.2,,
ESTAT:GOV_10A_MAIN(1.0),21/07/26 11:00:00,A,PC_GDP,S1313,B9,PT,2014,0.4,,
ESTAT:GOV_10A_MAIN(1.0),21/07/26 11:00:00,A,PC_GDP,S1313,B9,PT,2015,0.4,,
ESTAT:GOV_10A_MAIN(1.0),21/07/26 11:00:00,A,PC_GDP,S1313,B9,PT,2016,0.5,,
ESTAT:GOV_10A_MAIN(1.0),21/07/26 11:00:00,A,PC_GDP,S1313,B9,PT,2017,0.2,,
ESTAT:GOV_10A_MAIN(1.0),21/07/26 11:00:00,A,PC_GDP,S1313,B9,PT,2018,0.2,,
ESTAT:GOV_10A_MAIN(1.0),21/07/26 11:00:00,A,PC_GDP,S1313,B9,PT,2019,0.3,,
ESTAT:GOV_10A_MAIN(1.0),21/07/26 11:00:00,A,PC_GDP,S1313,B9,PT,2020,-0.1,,
ESTAT:GOV_10A_MAIN(1.0),21/07/26 11:00:00,A,PC_GDP,S1313,B9,PT,2021,-0.3,,
ESTAT:GOV_10A_MAIN(1.0),21/07/26 11:00:00,A,PC_GDP,S1313,B9,PT,2022,0.0,,
ESTAT:GOV_10A_MAIN(1.0),21/07/26 11:00:00,A,PC_GDP,S1313,B9,PT,2023,-0.1,,
ESTAT:GOV_10A_MAIN(1.0),21/07/26 11:00:00,A,PC_GDP,S1313,B9,PT,2024,0.1,,
ESTAT:GOV_10A_MAIN(1.0),21/07/26 11:00:00,A,PC_GDP,S1313,B9,PT,2025,0.2,,
ESTAT:GOV_10A_MAIN(1.0),21/07/26 11:00:00,A,PC_GDP,S1313,B9,RO,1995,0.1,,
ESTAT:GOV_10A_MAIN(1.0),21/07/26 11:00:00,A,PC_GDP,S1313,B9,RO,1996,0.1,,
ESTAT:GOV_10A_MAIN(1.0),21/07/26 11:00:00,A,PC_GDP,S1313,B9,RO,1997,0.0,,
ESTAT:GOV_10A_MAIN(1.0),21/07/26 11:00:00,A,PC_GDP,S1313,B9,RO,1998,0.0,,
ESTAT:GOV_10A_MAIN(1.0),21/07/26 11:00:00,A,PC_GDP,S1313,B9,RO,1999,0.1,,
ESTAT:GOV_10A_MAIN(1.0),21/07/26 11:00:00,A,PC_GDP,S1313,B9,RO,2000,0.3,,
ESTAT:GOV_10A_MAIN(1.0),21/07/26 11:00:00,A,PC_GDP,S1313,B9,RO,2001,0.2,,
ESTAT:GOV_10A_MAIN(1.0),21/07/26 11:00:00,A,PC_GDP,S1313,B9,RO,2002,0.0,,
ESTAT:GOV_10A_MAIN(1.0),21/07/26 11:00:00,A,PC_GDP,S1313,B9,RO,2003,0.2,,
ESTAT:GOV_10A_MAIN(1.0),21/07/26 11:00:00,A,PC_GDP,S1313,B9,RO,2004,-0.2,,
ESTAT:GOV_10A_MAIN(1.0),21/07/26 11:00:00,A,PC_GDP,S1313,B9,RO,2005,0.0,,
ESTAT:GOV_10A_MAIN(1.0),21/07/26 11:00:00,A,PC_GDP,S1313,B9,RO,2006,0.0,,
ESTAT:GOV_10A_MAIN(1.0),21/07/26 11:00:00,A,PC_GDP,S1313,B9,RO,2007,-0.2,,
ESTAT:GOV_10A_MAIN(1.0),21/07/26 11:00:00,A,PC_GDP,S1313,B9,RO,2008,-1.0,,
ESTAT:GOV_10A_MAIN(1.0),21/07/26 11:00:00,A,PC_GDP,S1313,B9,RO,2009,-0.7,,
ESTAT:GOV_10A_MAIN(1.0),21/07/26 11:00:00,A,PC_GDP,S1313,B9,RO,2010,-0.1,,
ESTAT:GOV_10A_MAIN(1.0),21/07/26 11:00:00,A,PC_GDP,S1313,B9,RO,2011,-0.6,,
ESTAT:GOV_10A_MAIN(1.0),21/07/26 11:00:00,A,PC_GDP,S1313,B9,RO,2012,-0.4,,
ESTAT:GOV_10A_MAIN(1.0),21/07/26 11:00:00,A,PC_GDP,S1313,B9,RO,2013,0.1,,
ESTAT:GOV_10A_MAIN(1.0),21/07/26 11:00:00,A,PC_GDP,S1313,B9,RO,2014,0.5,,
ESTAT:GOV_10A_MAIN(1.0),21/07/26 11:00:00,A,PC_GDP,S1313,B9,RO,2015,0.7,,
ESTAT:GOV_10A_MAIN(1.0),21/07/26 11:00:00,A,PC_GDP,S1313,B9,RO,2016,0.2,,
ESTAT:GOV_10A_MAIN(1.0),21/07/26 11:00:00,A,PC_GDP,S1313,B9,RO,2017,0.2,,
ESTAT:GOV_10A_MAIN(1.0),21/07/26 11:00:00,A,PC_GDP,S1313,B9,RO,2018,-0.1,,
ESTAT:GOV_10A_MAIN(1.0),21/07/26 11:00:00,A,PC_GDP,S1313,B9,RO,2019,-0.2,,
ESTAT:GOV_10A_MAIN(1.0),21/07/26 11:00:00,A,PC_GDP,S1313,B9,RO,2020,-0.3,,
ESTAT:GOV_10A_MAIN(1.0),21/07/26 11:00:00,A,PC_GDP,S1313,B9,RO,2021,0.2,,
ESTAT:GOV_10A_MAIN(1.0),21/07/26 11:00:00,A,PC_GDP,S1313,B9,RO,2022,0.1,,
ESTAT:GOV_10A_MAIN(1.0),21/07/26 11:00:00,A,PC_GDP,S1313,B9,RO,2023,-0.2,,
ESTAT:GOV_10A_MAIN(1.0),21/07/26 11:00:00,A,PC_GDP,S1313,B9,RO,2024,-0.5,,
ESTAT:GOV_10A_MAIN(1.0),21/07/26 11:00:00,A,PC_GDP,S1313,B9,RO,2025,-0.2,,
ESTAT:GOV_10A_MAIN(1.0),21/07/26 11:00:00,A,PC_GDP,S1313,B9,SE,1995,-0.4,,
ESTAT:GOV_10A_MAIN(1.0),21/07/26 11:00:00,A,PC_GDP,S1313,B9,SE,1996,-0.3,,
ESTAT:GOV_10A_MAIN(1.0),21/07/26 11:00:00,A,PC_GDP,S1313,B9,SE,1997,-0.5,,
ESTAT:GOV_10A_MAIN(1.0),21/07/26 11:00:00,A,PC_GDP,S1313,B9,SE,1998,-0.2,,
ESTAT:GOV_10A_MAIN(1.0),21/07/26 11:00:00,A,PC_GDP,S1313,B9,SE,1999,-0.3,,
ESTAT:GOV_10A_MAIN(1.0),21/07/26 11:00:00,A,PC_GDP,S1313,B9,SE,2000,0.0,,
ESTAT:GOV_10A_MAIN(1.0),21/07/26 11:00:00,A,PC_GDP,S1313,B9,SE,2001,-0.2,,
ESTAT:GOV_10A_MAIN(1.0),21/07/26 11:00:00,A,PC_GDP,S1313,B9,SE,2002,-0.6,,
ESTAT:GOV_10A_MAIN(1.0),21/07/26 11:00:00,A,PC_GDP,S1313,B9,SE,2003,-0.3,,
ESTAT:GOV_10A_MAIN(1.0),21/07/26 11:00:00,A,PC_GDP,S1313,B9,SE,2004,0.0,,
ESTAT:GOV_10A_MAIN(1.0),21/07/26 11:00:00,A,PC_GDP,S1313,B9,SE,2005,0.3,,
ESTAT:GOV_10A_MAIN(1.0),21/07/26 11:00:00,A,PC_GDP,S1313,B9,SE,2006,0.1,,
ESTAT:GOV_10A_MAIN(1.0),21/07/26 11:00:00,A,PC_GDP,S1313,B9,SE,2007,0.0,,
ESTAT:GOV_10A_MAIN(1.0),21/07/26 11:00:00,A,PC_GDP,S1313,B9,SE,2008,-0.2,,
ESTAT:GOV_10A_MAIN(1.0),21/07/26 11:00:00,A,PC_GDP,S1313,B9,SE,2009,-0.3,,
ESTAT:GOV_10A_MAIN(1.0),21/07/26 11:00:00,A,PC_GDP,S1313,B9,SE,2010,0.1,,
ESTAT:GOV_10A_MAIN(1.0),21/07/26 11:00:00,A,PC_GDP,S1313,B9,SE,2011,-0.4,,
ESTAT:GOV_10A_MAIN(1.0),21/07/26 11:00:00,A,PC_GDP,S1313,B9,SE,2012,-0.3,,
ESTAT:GOV_10A_MAIN(1.0),21/07/26 11:00:00,A,PC_GDP,S1313,B9,SE,2013,-0.3,,
ESTAT:GOV_10A_MAIN(1.0),21/07/26 11:00:00,A,PC_GDP,S1313,B9,SE,2014,-0.7,,
ESTAT:GOV_10A_MAIN(1.0),21/07/26 11:00:00,A,PC_GDP,S1313,B9,SE,2015,-0.6,,
ESTAT:GOV_10A_MAIN(1.0),21/07/26 11:00:00,A,PC_GDP,S1313,B9,SE,2016,-0.7,,
ESTAT:GOV_10A_MAIN(1.0),21/07/26 11:00:00,A,PC_GDP,S1313,B9,SE,2017,-0.4,,
ESTAT:GOV_10A_MAIN(1.0),21/07/26 11:00:00,A,PC_GDP,S1313,B9,SE,2018,-0.8,,
ESTAT:GOV_10A_MAIN(1.0),21/07/26 11:00:00,A,PC_GDP,S1313,B9,SE,2019,-1.0,,
ESTAT:GOV_10A_MAIN(1.0),21/07/26 11:00:00,A,PC_GDP,S1313,B9,SE,2020,-0.2,,
ESTAT:GOV_10A_MAIN(1.0),21/07/26 11:00:00,A,PC_GDP,S1313,B9,SE,2021,0.5,,
ESTAT:GOV_10A_MAIN(1.0),21/07/26 11:00:00,A,PC_GDP,S1313,B9,SE,2022,0.3,,
ESTAT:GOV_10A_MAIN(1.0),21/07/26 11:00:00,A,PC_GDP,S1313,B9,SE,2023,-1.0,,
ESTAT:GOV_10A_MAIN(1.0),21/07/26 11:00:00,A,PC_GDP,S1313,B9,SE,2024,-0.9,,
ESTAT:GOV_10A_MAIN(1.0),21/07/26 11:00:00,A,PC_GDP,S1313,B9,SE,2025,-0.4,,
ESTAT:GOV_10A_MAIN(1.0),21/07/26 11:00:00,A,PC_GDP,S1313,B9,SI,1995,0.2,,
ESTAT:GOV_10A_MAIN(1.0),21/07/26 11:00:00,A,PC_GDP,S1313,B9,SI,1996,0.1,,
ESTAT:GOV_10A_MAIN(1.0),21/07/26 11:00:00,A,PC_GDP,S1313,B9,SI,1997,0.3,,
ESTAT:GOV_10A_MAIN(1.0),21/07/26 11:00:00,A,PC_GDP,S1313,B9,SI,1998,0.2,,
ESTAT:GOV_10A_MAIN(1.0),21/07/26 11:00:00,A,PC_GDP,S1313,B9,SI,1999,0.1,,
ESTAT:GOV_10A_MAIN(1.0),21/07/26 11:00:00,A,PC_GDP,S1313,B9,SI,2000,0.0,,
ESTAT:GOV_10A_MAIN(1.0),21/07/26 11:00:00,A,PC_GDP,S1313,B9,SI,2001,0.0,,
ESTAT:GOV_10A_MAIN(1.0),21/07/26 11:00:00,A,PC_GDP,S1313,B9,SI,2002,-0.2,,
ESTAT:GOV_10A_MAIN(1.0),21/07/26 11:00:00,A,PC_GDP,S1313,B9,SI,2003,-0.1,,
ESTAT:GOV_10A_MAIN(1.0),21/07/26 11:00:00,A,PC_GDP,S1313,B9,SI,2004,-0.1,,
ESTAT:GOV_10A_MAIN(1.0),21/07/26 11:00:00,A,PC_GDP,S1313,B9,SI,2005,0.0,,
ESTAT:GOV_10A_MAIN(1.0),21/07/26 11:00:00,A,PC_GDP,S1313,B9,SI,2006,-0.1,,
ESTAT:GOV_10A_MAIN(1.0),21/07/26 11:00:00,A,PC_GDP,S1313,B9,SI,2007,-0.1,,
ESTAT:GOV_10A_MAIN(1.0),21/07/26 11:00:00,A,PC_GDP,S1313,B9,SI,2008,-0.7,,
ESTAT:GOV_10A_MAIN(1.0),21/07/26 11:00:00,A,PC_GDP,S1313,B9,SI,2009,-0.5,,
ESTAT:GOV_10A_MAIN(1.0),21/07/26 11:00:00,A,PC_GDP,S1313,B9,SI,2010,-0.3,,
ESTAT:GOV_10A_MAIN(1.0),21/07/26 11:00:00,A,PC_GDP,S1313,B9,SI,2011,0.1,,
ESTAT:GOV_10A_MAIN(1.0),21/07/26 11:00:00,A,PC_GDP,S1313,B9,SI,2012,0.1,,
ESTAT:GOV_10A_MAIN(1.0),21/07/26 11:00:00,A,PC_GDP,S1313,B9,SI,2013,-0.1,,
ESTAT:GOV_10A_MAIN(1.0),21/07/26 11:00:00,A,PC_GDP,S1313,B9,SI,2014,-0.1,,
ESTAT:GOV_10A_MAIN(1.0),21/07/26 11:00:00,A,PC_GDP,S1313,B9,SI,2015,0.3,,
ESTAT:GOV_10A_MAIN(1.0),21/07/26 11:00:00,A,PC_GDP,S1313,B9,SI,2016,0.2,,
ESTAT:GOV_10A_MAIN(1.0),21/07/26 11:00:00,A,PC_GDP,S1313,B9,SI,2017,0.0,,
ESTAT:GOV_10A_MAIN(1.0),21/07/26 11:00:00,A,PC_GDP,S1313,B9,SI,2018,-0.2,,
ESTAT:GOV_10A_MAIN(1.0),21/07/26 11:00:00,A,PC_GDP,S1313,B9,SI,2019,-0.1,,
ESTAT:GOV_10A_MAIN(1.0),21/07/26 11:00:00,A,PC_GDP,S1313,B9,SI,2020,0.2,,
ESTAT:GOV_10A_MAIN(1.0),21/07/26 11:00:00,A,PC_GDP,S1313,B9,SI,2021,0.1,,
ESTAT:GOV_10A_MAIN(1.0),21/07/26 11:00:00,A,PC_GDP,S1313,B9,SI,2022,-0.2,,
ESTAT:GOV_10A_MAIN(1.0),21/07/26 11:00:00,A,PC_GDP,S1313,B9,SI,2023,0.1,,
ESTAT:GOV_10A_MAIN(1.0),21/07/26 11:00:00,A,PC_GDP,S1313,B9,SI,2024,-0.4,,
ESTAT:GOV_10A_MAIN(1.0),21/07/26 11:00:00,A,PC_GDP,S1313,B9,SI,2025,-0.1,,
ESTAT:GOV_10A_MAIN(1.0),21/07/26 11:00:00,A,PC_GDP,S1313,B9,SK,1995,-3.0,,
ESTAT:GOV_10A_MAIN(1.0),21/07/26 11:00:00,A,PC_GDP,S1313,B9,SK,1996,-2.0,,
ESTAT:GOV_10A_MAIN(1.0),21/07/26 11:00:00,A,PC_GDP,S1313,B9,SK,1997,-1.2,,
ESTAT:GOV_10A_MAIN(1.0),21/07/26 11:00:00,A,PC_GDP,S1313,B9,SK,1998,-0.9,,
ESTAT:GOV_10A_MAIN(1.0),21/07/26 11:00:00,A,PC_GDP,S1313,B9,SK,1999,-0.7,,
ESTAT:GOV_10A_MAIN(1.0),21/07/26 11:00:00,A,PC_GDP,S1313,B9,SK,2000,0.4,,
ESTAT:GOV_10A_MAIN(1.0),21/07/26 11:00:00,A,PC_GDP,S1313,B9,SK,2001,0.0,,
ESTAT:GOV_10A_MAIN(1.0),21/07/26 11:00:00,A,PC_GDP,S1313,B9,SK,2002,0.4,,
ESTAT:GOV_10A_MAIN(1.0),21/07/26 11:00:00,A,PC_GDP,S1313,B9,SK,2003,0.0,,
ESTAT:GOV_10A_MAIN(1.0),21/07/26 11:00:00,A,PC_GDP,S1313,B9,SK,2004,0.5,,
ESTAT:GOV_10A_MAIN(1.0),21/07/26 11:00:00,A,PC_GDP,S1313,B9,SK,2005,0.2,,
ESTAT:GOV_10A_MAIN(1.0),21/07/26 11:00:00,A,PC_GDP,S1313,B9,SK,2006,-0.1,,
ESTAT:GOV_10A_MAIN(1.0),21/07/26 11:00:00,A,PC_GDP,S1313,B9,SK,2007,0.1,,
ESTAT:GOV_10A_MAIN(1.0),21/07/26 11:00:00,A,PC_GDP,S1313,B9,SK,2008,0.1,,
ESTAT:GOV_10A_MAIN(1.0),21/07/26 11:00:00,A,PC_GDP,S1313,B9,SK,2009,-0.6,,
ESTAT:GOV_10A_MAIN(1.0),21/07/26 11:00:00,A,PC_GDP,S1313,B9,SK,2010,-0.8,,
ESTAT:GOV_10A_MAIN(1.0),21/07/26 11:00:00,A,PC_GDP,S1313,B9,SK,2011,0.0,,
ESTAT:GOV_10A_MAIN(1.0),21/07/26 11:00:00,A,PC_GDP,S1313,B9,SK,2012,0.3,,
ESTAT:GOV_10A_MAIN(1.0),21/07/26 11:00:00,A,PC_GDP,S1313,B9,SK,2013,0.3,,
ESTAT:GOV_10A_MAIN(1.0),21/07/26 11:00:00,A,PC_GDP,S1313,B9,SK,2014,-0.1,,
ESTAT:GOV_10A_MAIN(1.0),21/07/26 11:00:00,A,PC_GDP,S1313,B9,SK,2015,0.1,,
ESTAT:GOV_10A_MAIN(1.0),21/07/26 11:00:00,A,PC_GDP,S1313,B9,SK,2016,0.5,,
ESTAT:GOV_10A_MAIN(1.0),21/07/26 11:00:00,A,PC_GDP,S1313,B9,SK,2017,0.0,,
ESTAT:GOV_10A_MAIN(1.0),21/07/26 11:00:00,A,PC_GDP,S1313,B9,SK,2018,0.1,,
ESTAT:GOV_10A_MAIN(1.0),21/07/26 11:00:00,A,PC_GDP,S1313,B9,SK,2019,0.2,,
ESTAT:GOV_10A_MAIN(1.0),21/07/26 11:00:00,A,PC_GDP,S1313,B9,SK,2020,0.2,,
ESTAT:GOV_10A_MAIN(1.0),21/07/26 11:00:00,A,PC_GDP,S1313,B9,SK,2021,0.0,,
ESTAT:GOV_10A_MAIN(1.0),21/07/26 11:00:00,A,PC_GDP,S1313,B9,SK,2022,-0.4,,
ESTAT:GOV_10A_MAIN(1.0),21/07/26 11:00:00,A,PC_GDP,S1313,B9,SK,2023,0.1,,
ESTAT:GOV_10A_MAIN(1.0),21/07/26 11:00:00,A,PC_GDP,S1313,B9,SK,2024,-0.1,,
ESTAT:GOV_10A_MAIN(1.0),21/07/26 11:00:00,A,PC_GDP,S1313,B9,SK,2025,-0.1,,
ESTAT:GOV_10A_MAIN(1.0),21/07/26 11:00:00,A,PC_GDP,S1314,B9,AT,1995,-0.1,,
ESTAT:GOV_10A_MAIN(1.0),21/07/26 11:00:00,A,PC_GDP,S1314,B9,AT,1996,0.0,,
ESTAT:GOV_10A_MAIN(1.0),21/07/26 11:00:00,A,PC_GDP,S1314,B9,AT,1997,0.2,,
ESTAT:GOV_10A_MAIN(1.0),21/07/26 11:00:00,A,PC_GDP,S1314,B9,AT,1998,0.1,,
ESTAT:GOV_10A_MAIN(1.0),21/07/26 11:00:00,A,PC_GDP,S1314,B9,AT,1999,0.0,,
ESTAT:GOV_10A_MAIN(1.0),21/07/26 11:00:00,A,PC_GDP,S1314,B9,AT,2000,-0.1,,
ESTAT:GOV_10A_MAIN(1.0),21/07/26 11:00:00,A,PC_GDP,S1314,B9,AT,2001,0.0,,
ESTAT:GOV_10A_MAIN(1.0),21/07/26 11:00:00,A,PC_GDP,S1314,B9,AT,2002,0.0,,
ESTAT:GOV_10A_MAIN(1.0),21/07/26 11:00:00,A,PC_GDP,S1314,B9,AT,2003,-0.1,,
ESTAT:GOV_10A_MAIN(1.0),21/07/26 11:00:00,A,PC_GDP,S1314,B9,AT,2004,-0.1,,
ESTAT:GOV_10A_MAIN(1.0),21/07/26 11:00:00,A,PC_GDP,S1314,B9,AT,2005,0.0,,
ESTAT:GOV_10A_MAIN(1.0),21/07/26 11:00:00,A,PC_GDP,S1314,B9,AT,2006,0.0,,
ESTAT:GOV_10A_MAIN(1.0),21/07/26 11:00:00,A,PC_GDP,S1314,B9,AT,2007,-0.1,,
ESTAT:GOV_10A_MAIN(1.0),21/07/26 11:00:00,A,PC_GDP,S1314,B9,AT,2008,0.0,,
ESTAT:GOV_10A_MAIN(1.0),21/07/26 11:00:00,A,PC_GDP,S1314,B9,AT,2009,0.1,,
ESTAT:GOV_10A_MAIN(1.0),21/07/26 11:00:00,A,PC_GDP,S1314,B9,AT,2010,0.2,,
ESTAT:GOV_10A_MAIN(1.0),21/07/26 11:00:00,A,PC_GDP,S1314,B9,AT,2011,0.2,,
ESTAT:GOV_10A_MAIN(1.0),21/07/26 11:00:00,A,PC_GDP,S1314,B9,AT,2012,0.2,,
ESTAT:GOV_10A_MAIN(1.0),21/07/26 11:00:00,A,PC_GDP,S1314,B9,AT,2013,0.1,,
ESTAT:GOV_10A_MAIN(1.0),21/07/26 11:00:00,A,PC_GDP,S1314,B9,AT,2014,0.2,,
ESTAT:GOV_10A_MAIN(1.0),21/07/26 11:00:00,A,PC_GDP,S1314,B9,AT,2015,0.1,,
ESTAT:GOV_10A_MAIN(1.0),21/07/26 11:00:00,A,PC_GDP,S1314,B9,AT,2016,0.1,,
ESTAT:GOV_10A_MAIN(1.0),21/07/26 11:00:00,A,PC_GDP,S1314,B9,AT,2017,0.1,,
ESTAT:GOV_10A_MAIN(1.0),21/07/26 11:00:00,A,PC_GDP,S1314,B9,AT,2018,0.1,,
ESTAT:GOV_10A_MAIN(1.0),21/07/26 11:00:00,A,PC_GDP,S1314,B9,AT,2019,0.0,,
ESTAT:GOV_10A_MAIN(1.0),21/07/26 11:00:00,A,PC_GDP,S1314,B9,AT,2020,0.0,,
ESTAT:GOV_10A_MAIN(1.0),21/07/26 11:00:00,A,PC_GDP,S1314,B9,AT,2021,0.0,,
ESTAT:GOV_10A_MAIN(1.0),21/07/26 11:00:00,A,PC_GDP,S1314,B9,AT,2022,-0.1,,
ESTAT:GOV_10A_MAIN(1.0),21/07/26 11:00:00,A,PC_GDP,S1314,B9,AT,2023,-0.1,,
ESTAT:GOV_10A_MAIN(1.0),21/07/26 11:00:00,A,PC_GDP,S1314,B9,AT,2024,-0.2,,
ESTAT:GOV_10A_MAIN(1.0),21/07/26 11:00:00,A,PC_GDP,S1314,B9,AT,2025,-0.1,,
ESTAT:GOV_10A_MAIN(1.0),21/07/26 11:00:00,A,PC_GDP,S1314,B9,BE,1995,-0.1,,
ESTAT:GOV_10A_MAIN(1.0),21/07/26 11:00:00,A,PC_GDP,S1314,B9,BE,1996,-0.4,,
ESTAT:GOV_10A_MAIN(1.0),21/07/26 11:00:00,A,PC_GDP,S1314,B9,BE,1997,0.2,,
ESTAT:GOV_10A_MAIN(1.0),21/07/26 11:00:00,A,PC_GDP,S1314,B9,BE,1998,0.2,,
ESTAT:GOV_10A_MAIN(1.0),21/07/26 11:00:00,A,PC_GDP,S1314,B9,BE,1999,0.4,,
ESTAT:GOV_10A_MAIN(1.0),21/07/26 11:00:00,A,PC_GDP,S1314,B9,BE,2000,0.3,,
ESTAT:GOV_10A_MAIN(1.0),21/07/26 11:00:00,A,PC_GDP,S1314,B9,BE,2001,0.6,,
ESTAT:GOV_10A_MAIN(1.0),21/07/26 11:00:00,A,PC_GDP,S1314,B9,BE,2002,0.4,,
ESTAT:GOV_10A_MAIN(1.0),21/07/26 11:00:00,A,PC_GDP,S1314,B9,BE,2003,-0.4,,
ESTAT:GOV_10A_MAIN(1.0),21/07/26 11:00:00,A,PC_GDP,S1314,B9,BE,2004,-0.1,,
ESTAT:GOV_10A_MAIN(1.0),21/07/26 11:00:00,A,PC_GDP,S1314,B9,BE,2005,-0.1,,
ESTAT:GOV_10A_MAIN(1.0),21/07/26 11:00:00,A,PC_GDP,S1314,B9,BE,2006,0.2,,
ESTAT:GOV_10A_MAIN(1.0),21/07/26 11:00:00,A,PC_GDP,S1314,B9,BE,2007,0.4,,
ESTAT:GOV_10A_MAIN(1.0),21/07/26 11:00:00,A,PC_GDP,S1314,B9,BE,2008,0.3,,
ESTAT:GOV_10A_MAIN(1.0),21/07/26 11:00:00,A,PC_GDP,S1314,B9,BE,2009,-0.8,b,
ESTAT:GOV_10A_MAIN(1.0),21/07/26 11:00:00,A,PC_GDP,S1314,B9,BE,2010,-0.2,,
ESTAT:GOV_10A_MAIN(1.0),21/07/26 11:00:00,A,PC_GDP,S1314,B9,BE,2011,0.0,,
ESTAT:GOV_10A_MAIN(1.0),21/07/26 11:00:00,A,PC_GDP,S1314,B9,BE,2012,-0.1,,
ESTAT:GOV_10A_MAIN(1.0),21/07/26 11:00:00,A,PC_GDP,S1314,B9,BE,2013,-0.1,,
ESTAT:GOV_10A_MAIN(1.0),21/07/26 11:00:00,A,PC_GDP,S1314,B9,BE,2014,0.0,,
ESTAT:GOV_10A_MAIN(1.0),21/07/26 11:00:00,A,PC_GDP,S1314,B9,BE,2015,0.2,,
ESTAT:GOV_10A_MAIN(1.0),21/07/26 11:00:00,A,PC_GDP,S1314,B9,BE,2016,-0.1,,
ESTAT:GOV_10A_MAIN(1.0),21/07/26 11:00:00,A,PC_GDP,S1314,B9,BE,2017,0.2,,
ESTAT:GOV_10A_MAIN(1.0),21/07/26 11:00:00,A,PC_GDP,S1314,B9,BE,2018,-0.1,,
ESTAT:GOV_10A_MAIN(1.0),21/07/26 11:00:00,A,PC_GDP,S1314,B9,BE,2019,0.2,,
ESTAT:GOV_10A_MAIN(1.0),21/07/26 11:00:00,A,PC_GDP,S1314,B9,BE,2020,0.2,,
ESTAT:GOV_10A_MAIN(1.0),21/07/26 11:00:00,A,PC_GDP,S1314,B9,BE,2021,0.3,,
ESTAT:GOV_10A_MAIN(1.0),21/07/26 11:00:00,A,PC_GDP,S1314,B9,BE,2022,-0.1,,
ESTAT:GOV_10A_MAIN(1.0),21/07/26 11:00:00,A,PC_GDP,S1314,B9,BE,2023,0.3,,
ESTAT:GOV_10A_MAIN(1.0),21/07/26 11:00:00,A,PC_GDP,S1314,B9,BE,2024,0.0,p,
ESTAT:GOV_10A_MAIN(1.0),21/07/26 11:00:00,A,PC_GDP,S1314,B9,BE,2025,0.0,p,
ESTAT:GOV_10A_MAIN(1.0),21/07/26 11:00:00,A,PC_GDP,S1314,B9,BG,1995,1.1,,
ESTAT:GOV_10A_MAIN(1.0),21/07/26 11:00:00,A,PC_GDP,S1314,B9,BG,1996,0.8,,
ESTAT:GOV_10A_MAIN(1.0),21/07/26 11:00:00,A,PC_GDP,S1314,B9,BG,1997,0.2,,
ESTAT:GOV_10A_MAIN(1.0),21/07/26 11:00:00,A,PC_GDP,S1314,B9,BG,1998,-0.1,,
ESTAT:GOV_10A_MAIN(1.0),21/07/26 11:00:00,A,PC_GDP,S1314,B9,BG,1999,0.5,,
ESTAT:GOV_10A_MAIN(1.0),21/07/26 11:00:00,A,PC_GDP,S1314,B9,BG,2000,1.1,,
ESTAT:GOV_10A_MAIN(1.0),21/07/26 11:00:00,A,PC_GDP,S1314,B9,BG,2001,0.6,,
ESTAT:GOV_10A_MAIN(1.0),21/07/26 11:00:00,A,PC_GDP,S1314,B9,BG,2002,0.6,,
ESTAT:GOV_10A_MAIN(1.0),21/07/26 11:00:00,A,PC_GDP,S1314,B9,BG,2003,0.3,,
ESTAT:GOV_10A_MAIN(1.0),21/07/26 11:00:00,A,PC_GDP,S1314,B9,BG,2004,0.1,,
ESTAT:GOV_10A_MAIN(1.0),21/07/26 11:00:00,A,PC_GDP,S1314,B9,BG,2005,0.0,,
ESTAT:GOV_10A_MAIN(1.0),21/07/26 11:00:00,A,PC_GDP,S1314,B9,BG,2006,-0.5,,
ESTAT:GOV_10A_MAIN(1.0),21/07/26 11:00:00,A,PC_GDP,S1314,B9,BG,2007,0.1,,
ESTAT:GOV_10A_MAIN(1.0),21/07/26 11:00:00,A,PC_GDP,S1314,B9,BG,2008,0.3,,
ESTAT:GOV_10A_MAIN(1.0),21/07/26 11:00:00,A,PC_GDP,S1314,B9,BG,2009,0.3,,
ESTAT:GOV_10A_MAIN(1.0),21/07/26 11:00:00,A,PC_GDP,S1314,B9,BG,2010,-1.1,,
ESTAT:GOV_10A_MAIN(1.0),21/07/26 11:00:00,A,PC_GDP,S1314,B9,BG,2011,0.1,,
ESTAT:GOV_10A_MAIN(1.0),21/07/26 11:00:00,A,PC_GDP,S1314,B9,BG,2012,0.1,,
ESTAT:GOV_10A_MAIN(1.0),21/07/26 11:00:00,A,PC_GDP,S1314,B9,BG,2013,0.0,,
ESTAT:GOV_10A_MAIN(1.0),21/07/26 11:00:00,A,PC_GDP,S1314,B9,BG,2014,0.2,,
ESTAT:GOV_10A_MAIN(1.0),21/07/26 11:00:00,A,PC_GDP,S1314,B9,BG,2015,0.0,,
ESTAT:GOV_10A_MAIN(1.0),21/07/26 11:00:00,A,PC_GDP,S1314,B9,BG,2016,0.0,,
ESTAT:GOV_10A_MAIN(1.0),21/07/26 11:00:00,A,PC_GDP,S1314,B9,BG,2017,-0.1,,
ESTAT:GOV_10A_MAIN(1.0),21/07/26 11:00:00,A,PC_GDP,S1314,B9,BG,2018,0.1,,
ESTAT:GOV_10A_MAIN(1.0),21/07/26 11:00:00,A,PC_GDP,S1314,B9,BG,2019,0.2,,
ESTAT:GOV_10A_MAIN(1.0),21/07/26 11:00:00,A,PC_GDP,S1314,B9,BG,2020,0.1,,
ESTAT:GOV_10A_MAIN(1.0),21/07/26 11:00:00,A,PC_GDP,S1314,B9,BG,2021,0.6,,
ESTAT:GOV_10A_MAIN(1.0),21/07/26 11:00:00,A,PC_GDP,S1314,B9,BG,2022,-0.4,,
ESTAT:GOV_10A_MAIN(1.0),21/07/26 11:00:00,A,PC_GDP,S1314,B9,BG,2023,0.1,,
ESTAT:GOV_10A_MAIN(1.0),21/07/26 11:00:00,A,PC_GDP,S1314,B9,BG,2024,0.0,,
ESTAT:GOV_10A_MAIN(1.0),21/07/26 11:00:00,A,PC_GDP,S1314,B9,BG,2025,0.0,,
ESTAT:GOV_10A_MAIN(1.0),21/07/26 11:00:00,A,PC_GDP,S1314,B9,CH,1995,0.0,,
ESTAT:GOV_10A_MAIN(1.0),21/07/26 11:00:00,A,PC_GDP,S1314,B9,CH,1996,-0.1,,
ESTAT:GOV_10A_MAIN(1.0),21/07/26 11:00:00,A,PC_GDP,S1314,B9,CH,1997,-0.7,,
ESTAT:GOV_10A_MAIN(1.0),21/07/26 11:00:00,A,PC_GDP,S1314,B9,CH,1998,-0.5,,
ESTAT:GOV_10A_MAIN(1.0),21/07/26 11:00:00,A,PC_GDP,S1314,B9,CH,1999,0.1,,
ESTAT:GOV_10A_MAIN(1.0),21/07/26 11:00:00,A,PC_GDP,S1314,B9,CH,2000,0.7,,
ESTAT:GOV_10A_MAIN(1.0),21/07/26 11:00:00,A,PC_GDP,S1314,B9,CH,2001,0.7,,
ESTAT:GOV_10A_MAIN(1.0),21/07/26 11:00:00,A,PC_GDP,S1314,B9,CH,2002,0.5,,
ESTAT:GOV_10A_MAIN(1.0),21/07/26 11:00:00,A,PC_GDP,S1314,B9,CH,2003,-0.2,,
ESTAT:GOV_10A_MAIN(1.0),21/07/26 11:00:00,A,PC_GDP,S1314,B9,CH,2004,-0.5,,
ESTAT:GOV_10A_MAIN(1.0),21/07/26 11:00:00,A,PC_GDP,S1314,B9,CH,2005,-0.5,,
ESTAT:GOV_10A_MAIN(1.0),21/07/26 11:00:00,A,PC_GDP,S1314,B9,CH,2006,-0.2,,
ESTAT:GOV_10A_MAIN(1.0),21/07/26 11:00:00,A,PC_GDP,S1314,B9,CH,2007,1.2,,
ESTAT:GOV_10A_MAIN(1.0),21/07/26 11:00:00,A,PC_GDP,S1314,B9,CH,2008,0.3,,
ESTAT:GOV_10A_MAIN(1.0),21/07/26 11:00:00,A,PC_GDP,S1314,B9,CH,2009,-0.2,,
ESTAT:GOV_10A_MAIN(1.0),21/07/26 11:00:00,A,PC_GDP,S1314,B9,CH,2010,-0.3,,
ESTAT:GOV_10A_MAIN(1.0),21/07/26 11:00:00,A,PC_GDP,S1314,B9,CH,2011,0.5,,
ESTAT:GOV_10A_MAIN(1.0),21/07/26 11:00:00,A,PC_GDP,S1314,B9,CH,2012,0.5,,
ESTAT:GOV_10A_MAIN(1.0),21/07/26 11:00:00,A,PC_GDP,S1314,B9,CH,2013,0.3,,
ESTAT:GOV_10A_MAIN(1.0),21/07/26 11:00:00,A,PC_GDP,S1314,B9,CH,2014,0.3,,
ESTAT:GOV_10A_MAIN(1.0),21/07/26 11:00:00,A,PC_GDP,S1314,B9,CH,2015,0.3,,
ESTAT:GOV_10A_MAIN(1.0),21/07/26 11:00:00,A,PC_GDP,S1314,B9,CH,2016,0.1,,
ESTAT:GOV_10A_MAIN(1.0),21/07/26 11:00:00,A,PC_GDP,S1314,B9,CH,2017,0.1,,
ESTAT:GOV_10A_MAIN(1.0),21/07/26 11:00:00,A,PC_GDP,S1314,B9,CH,2018,0.1,,
ESTAT:GOV_10A_MAIN(1.0),21/07/26 11:00:00,A,PC_GDP,S1314,B9,CH,2019,0.1,,
ESTAT:GOV_10A_MAIN(1.0),21/07/26 11:00:00,A,PC_GDP,S1314,B9,CH,2020,0.2,,
ESTAT:GOV_10A_MAIN(1.0),21/07/26 11:00:00,A,PC_GDP,S1314,B9,CH,2021,0.1,,
ESTAT:GOV_10A_MAIN(1.0),21/07/26 11:00:00,A,PC_GDP,S1314,B9,CH,2022,0.7,,
ESTAT:GOV_10A_MAIN(1.0),21/07/26 11:00:00,A,PC_GDP,S1314,B9,CH,2023,0.6,,
ESTAT:GOV_10A_MAIN(1.0),21/07/26 11:00:00,A,PC_GDP,S1314,B9,CH,2024,0.6,,
ESTAT:GOV_10A_MAIN(1.0),21/07/26 11:00:00,A,PC_GDP,S1314,B9,CY,1995,3.3,,
ESTAT:GOV_10A_MAIN(1.0),21/07/26 11:00:00,A,PC_GDP,S1314,B9,CY,1996,3.3,,
ESTAT:GOV_10A_MAIN(1.0),21/07/26 11:00:00,A,PC_GDP,S1314,B9,CY,1997,3.3,,
ESTAT:GOV_10A_MAIN(1.0),21/07/26 11:00:00,A,PC_GDP,S1314,B9,CY,1998,3.4,,
ESTAT:GOV_10A_MAIN(1.0),21/07/26 11:00:00,A,PC_GDP,S1314,B9,CY,1999,3.3,,
ESTAT:GOV_10A_MAIN(1.0),21/07/26 11:00:00,A,PC_GDP,S1314,B9,CY,2000,3.0,,
ESTAT:GOV_10A_MAIN(1.0),21/07/26 11:00:00,A,PC_GDP,S1314,B9,CY,2001,3.3,,
ESTAT:GOV_10A_MAIN(1.0),21/07/26 11:00:00,A,PC_GDP,S1314,B9,CY,2002,2.6,,
ESTAT:GOV_10A_MAIN(1.0),21/07/26 11:00:00,A,PC_GDP,S1314,B9,CY,2003,2.4,,
ESTAT:GOV_10A_MAIN(1.0),21/07/26 11:00:00,A,PC_GDP,S1314,B9,CY,2004,2.9,,
ESTAT:GOV_10A_MAIN(1.0),21/07/26 11:00:00,A,PC_GDP,S1314,B9,CY,2005,2.7,,
ESTAT:GOV_10A_MAIN(1.0),21/07/26 11:00:00,A,PC_GDP,S1314,B9,CY,2006,2.3,,
ESTAT:GOV_10A_MAIN(1.0),21/07/26 11:00:00,A,PC_GDP,S1314,B9,CY,2007,2.7,,
ESTAT:GOV_10A_MAIN(1.0),21/07/26 11:00:00,A,PC_GDP,S1314,B9,CY,2008,3.2,,
ESTAT:GOV_10A_MAIN(1.0),21/07/26 11:00:00,A,PC_GDP,S1314,B9,CY,2009,2.5,,
ESTAT:GOV_10A_MAIN(1.0),21/07/26 11:00:00,A,PC_GDP,S1314,B9,CY,2010,2.3,,
ESTAT:GOV_10A_MAIN(1.0),21/07/26 11:00:00,A,PC_GDP,S1314,B9,CY,2011,1.9,,
ESTAT:GOV_10A_MAIN(1.0),21/07/26 11:00:00,A,PC_GDP,S1314,B9,CY,2012,0.9,,
ESTAT:GOV_10A_MAIN(1.0),21/07/26 11:00:00,A,PC_GDP,S1314,B9,CY,2013,-0.5,,
ESTAT:GOV_10A_MAIN(1.0),21/07/26 11:00:00,A,PC_GDP,S1314,B9,CY,2014,-0.2,,
ESTAT:GOV_10A_MAIN(1.0),21/07/26 11:00:00,A,PC_GDP,S1314,B9,CY,2015,0.1,,
ESTAT:GOV_10A_MAIN(1.0),21/07/26 11:00:00,A,PC_GDP,S1314,B9,CY,2016,0.1,,
ESTAT:GOV_10A_MAIN(1.0),21/07/26 11:00:00,A,PC_GDP,S1314,B9,CY,2017,0.8,,
ESTAT:GOV_10A_MAIN(1.0),21/07/26 11:00:00,A,PC_GDP,S1314,B9,CY,2018,1.2,,
ESTAT:GOV_10A_MAIN(1.0),21/07/26 11:00:00,A,PC_GDP,S1314,B9,CY,2019,2.8,,
ESTAT:GOV_10A_MAIN(1.0),21/07/26 11:00:00,A,PC_GDP,S1314,B9,CY,2020,1.5,,
ESTAT:GOV_10A_MAIN(1.0),21/07/26 11:00:00,A,PC_GDP,S1314,B9,CY,2021,1.1,,
ESTAT:GOV_10A_MAIN(1.0),21/07/26 11:00:00,A,PC_GDP,S1314,B9,CY,2022,1.8,,
ESTAT:GOV_10A_MAIN(1.0),21/07/26 11:00:00,A,PC_GDP,S1314,B9,CY,2023,3.6,,
ESTAT:GOV_10A_MAIN(1.0),21/07/26 11:00:00,A,PC_GDP,S1314,B9,CY,2024,4.1,,
ESTAT:GOV_10A_MAIN(1.0),21/07/26 11:00:00,A,PC_GDP,S1314,B9,CY,2025,3.4,,
ESTAT:GOV_10A_MAIN(1.0),21/07/26 11:00:00,A,PC_GDP,S1314,B9,CZ,1995,-0.3,,
ESTAT:GOV_10A_MAIN(1.0),21/07/26 11:00:00,A,PC_GDP,S1314,B9,CZ,1996,-0.2,,
ESTAT:GOV_10A_MAIN(1.0),21/07/26 11:00:00,A,PC_GDP,S1314,B9,CZ,1997,-0.1,,
ESTAT:GOV_10A_MAIN(1.0),21/07/26 11:00:00,A,PC_GDP,S1314,B9,CZ,1998,-0.1,,
ESTAT:GOV_10A_MAIN(1.0),21/07/26 11:00:00,A,PC_GDP,S1314,B9,CZ,1999,0.0,,
ESTAT:GOV_10A_MAIN(1.0),21/07/26 11:00:00,A,PC_GDP,S1314,B9,CZ,2000,0.2,,
ESTAT:GOV_10A_MAIN(1.0),21/07/26 11:00:00,A,PC_GDP,S1314,B9,CZ,2001,-0.1,,
ESTAT:GOV_10A_MAIN(1.0),21/07/26 11:00:00,A,PC_GDP,S1314,B9,CZ,2002,-0.2,,
ESTAT:GOV_10A_MAIN(1.0),21/07/26 11:00:00,A,PC_GDP,S1314,B9,CZ,2003,-0.2,,
ESTAT:GOV_10A_MAIN(1.0),21/07/26 11:00:00,A,PC_GDP,S1314,B9,CZ,2004,-0.1,,
ESTAT:GOV_10A_MAIN(1.0),21/07/26 11:00:00,A,PC_GDP,S1314,B9,CZ,2005,0.0,,
ESTAT:GOV_10A_MAIN(1.0),21/07/26 11:00:00,A,PC_GDP,S1314,B9,CZ,2006,0.3,,
ESTAT:GOV_10A_MAIN(1.0),21/07/26 11:00:00,A,PC_GDP,S1314,B9,CZ,2007,0.4,,
ESTAT:GOV_10A_MAIN(1.0),21/07/26 11:00:00,A,PC_GDP,S1314,B9,CZ,2008,0.2,,
ESTAT:GOV_10A_MAIN(1.0),21/07/26 11:00:00,A,PC_GDP,S1314,B9,CZ,2009,-0.3,,
ESTAT:GOV_10A_MAIN(1.0),21/07/26 11:00:00,A,PC_GDP,S1314,B9,CZ,2010,-0.2,,
ESTAT:GOV_10A_MAIN(1.0),21/07/26 11:00:00,A,PC_GDP,S1314,B9,CZ,2011,-0.2,,
ESTAT:GOV_10A_MAIN(1.0),21/07/26 11:00:00,A,PC_GDP,S1314,B9,CZ,2012,-0.2,,
ESTAT:GOV_10A_MAIN(1.0),21/07/26 11:00:00,A,PC_GDP,S1314,B9,CZ,2013,0.0,,
ESTAT:GOV_10A_MAIN(1.0),21/07/26 11:00:00,A,PC_GDP,S1314,B9,CZ,2014,-0.1,,
ESTAT:GOV_10A_MAIN(1.0),21/07/26 11:00:00,A,PC_GDP,S1314,B9,CZ,2015,0.0,,
ESTAT:GOV_10A_MAIN(1.0),21/07/26 11:00:00,A,PC_GDP,S1314,B9,CZ,2016,0.1,,
ESTAT:GOV_10A_MAIN(1.0),21/07/26 11:00:00,A,PC_GDP,S1314,B9,CZ,2017,0.2,,
ESTAT:GOV_10A_MAIN(1.0),21/07/26 11:00:00,A,PC_GDP,S1314,B9,CZ,2018,0.3,,
ESTAT:GOV_10A_MAIN(1.0),21/07/26 11:00:00,A,PC_GDP,S1314,B9,CZ,2019,0.2,,
ESTAT:GOV_10A_MAIN(1.0),21/07/26 11:00:00,A,PC_GDP,S1314,B9,CZ,2020,-0.2,,
ESTAT:GOV_10A_MAIN(1.0),21/07/26 11:00:00,A,PC_GDP,S1314,B9,CZ,2021,-0.1,,
ESTAT:GOV_10A_MAIN(1.0),21/07/26 11:00:00,A,PC_GDP,S1314,B9,CZ,2022,0.0,,
ESTAT:GOV_10A_MAIN(1.0),21/07/26 11:00:00,A,PC_GDP,S1314,B9,CZ,2023,-0.1,,
ESTAT:GOV_10A_MAIN(1.0),21/07/26 11:00:00,A,PC_GDP,S1314,B9,CZ,2024,-0.2,,
ESTAT:GOV_10A_MAIN(1.0),21/07/26 11:00:00,A,PC_GDP,S1314,B9,CZ,2025,-0.2,,
ESTAT:GOV_10A_MAIN(1.0),21/07/26 11:00:00,A,PC_GDP,S1314,B9,DE,1995,-0.4,,
ESTAT:GOV_10A_MAIN(1.0),21/07/26 11:00:00,A,PC_GDP,S1314,B9,DE,1996,-0.4,,
ESTAT:GOV_10A_MAIN(1.0),21/07/26 11:00:00,A,PC_GDP,S1314,B9,DE,1997,0.0,,
ESTAT:GOV_10A_MAIN(1.0),21/07/26 11:00:00,A,PC_GDP,S1314,B9,DE,1998,0.1,,
ESTAT:GOV_10A_MAIN(1.0),21/07/26 11:00:00,A,PC_GDP,S1314,B9,DE,1999,0.2,,
ESTAT:GOV_10A_MAIN(1.0),21/07/26 11:00:00,A,PC_GDP,S1314,B9,DE,2000,0.0,,
ESTAT:GOV_10A_MAIN(1.0),21/07/26 11:00:00,A,PC_GDP,S1314,B9,DE,2001,-0.2,,
ESTAT:GOV_10A_MAIN(1.0),21/07/26 11:00:00,A,PC_GDP,S1314,B9,DE,2002,-0.3,,
ESTAT:GOV_10A_MAIN(1.0),21/07/26 11:00:00,A,PC_GDP,S1314,B9,DE,2003,-0.3,,
ESTAT:GOV_10A_MAIN(1.0),21/07/26 11:00:00,A,PC_GDP,S1314,B9,DE,2004,0.0,,
ESTAT:GOV_10A_MAIN(1.0),21/07/26 11:00:00,A,PC_GDP,S1314,B9,DE,2005,-0.2,,
ESTAT:GOV_10A_MAIN(1.0),21/07/26 11:00:00,A,PC_GDP,S1314,B9,DE,2006,0.2,,
ESTAT:GOV_10A_MAIN(1.0),21/07/26 11:00:00,A,PC_GDP,S1314,B9,DE,2007,0.4,,
ESTAT:GOV_10A_MAIN(1.0),21/07/26 11:00:00,A,PC_GDP,S1314,B9,DE,2008,0.3,,
ESTAT:GOV_10A_MAIN(1.0),21/07/26 11:00:00,A,PC_GDP,S1314,B9,DE,2009,-0.6,,
ESTAT:GOV_10A_MAIN(1.0),21/07/26 11:00:00,A,PC_GDP,S1314,B9,DE,2010,0.1,,
ESTAT:GOV_10A_MAIN(1.0),21/07/26 11:00:00,A,PC_GDP,S1314,B9,DE,2011,0.6,,
ESTAT:GOV_10A_MAIN(1.0),21/07/26 11:00:00,A,PC_GDP,S1314,B9,DE,2012,0.7,,
ESTAT:GOV_10A_MAIN(1.0),21/07/26 11:00:00,A,PC_GDP,S1314,B9,DE,2013,0.2,,
ESTAT:GOV_10A_MAIN(1.0),21/07/26 11:00:00,A,PC_GDP,S1314,B9,DE,2014,0.1,,
ESTAT:GOV_10A_MAIN(1.0),21/07/26 11:00:00,A,PC_GDP,S1314,B9,DE,2015,0.1,,
ESTAT:GOV_10A_MAIN(1.0),21/07/26 11:00:00,A,PC_GDP,S1314,B9,DE,2016,0.3,,
ESTAT:GOV_10A_MAIN(1.0),21/07/26 11:00:00,A,PC_GDP,S1314,B9,DE,2017,0.3,,
ESTAT:GOV_10A_MAIN(1.0),21/07/26 11:00:00,A,PC_GDP,S1314,B9,DE,2018,0.5,,
ESTAT:GOV_10A_MAIN(1.0),21/07/26 11:00:00,A,PC_GDP,S1314,B9,DE,2019,0.3,,
ESTAT:GOV_10A_MAIN(1.0),21/07/26 11:00:00,A,PC_GDP,S1314,B9,DE,2020,-1.0,,
ESTAT:GOV_10A_MAIN(1.0),21/07/26 11:00:00,A,PC_GDP,S1314,B9,DE,2021,0.1,,
ESTAT:GOV_10A_MAIN(1.0),21/07/26 11:00:00,A,PC_GDP,S1314,B9,DE,2022,0.2,,
ESTAT:GOV_10A_MAIN(1.0),21/07/26 11:00:00,A,PC_GDP,S1314,B9,DE,2023,0.2,,
ESTAT:GOV_10A_MAIN(1.0),21/07/26 11:00:00,A,PC_GDP,S1314,B9,DE,2024,-0.3,,
ESTAT:GOV_10A_MAIN(1.0),21/07/26 11:00:00,A,PC_GDP,S1314,B9,DE,2025,0.0,,
ESTAT:GOV_10A_MAIN(1.0),21/07/26 11:00:00,A,PC_GDP,S1314,B9,DK,1995,0.0,,
ESTAT:GOV_10A_MAIN(1.0),21/07/26 11:00:00,A,PC_GDP,S1314,B9,DK,1996,0.0,,
ESTAT:GOV_10A_MAIN(1.0),21/07/26 11:00:00,A,PC_GDP,S1314,B9,DK,1997,0.0,,
ESTAT:GOV_10A_MAIN(1.0),21/07/26 11:00:00,A,PC_GDP,S1314,B9,DK,1998,0.0,,
ESTAT:GOV_10A_MAIN(1.0),21/07/26 11:00:00,A,PC_GDP,S1314,B9,DK,1999,0.5,,
ESTAT:GOV_10A_MAIN(1.0),21/07/26 11:00:00,A,PC_GDP,S1314,B9,DK,2000,0.6,,
ESTAT:GOV_10A_MAIN(1.0),21/07/26 11:00:00,A,PC_GDP,S1314,B9,DK,2001,0.6,,
ESTAT:GOV_10A_MAIN(1.0),21/07/26 11:00:00,A,PC_GDP,S1314,B9,DK,2002,0.0,,
ESTAT:GOV_10A_MAIN(1.0),21/07/26 11:00:00,A,PC_GDP,S1314,B9,DK,2003,0.0,,
ESTAT:GOV_10A_MAIN(1.0),21/07/26 11:00:00,A,PC_GDP,S1314,B9,DK,2004,0.0,,
ESTAT:GOV_10A_MAIN(1.0),21/07/26 11:00:00,A,PC_GDP,S1314,B9,DK,2005,0.0,,
ESTAT:GOV_10A_MAIN(1.0),21/07/26 11:00:00,A,PC_GDP,S1314,B9,DK,2006,0.0,,
ESTAT:GOV_10A_MAIN(1.0),21/07/26 11:00:00,A,PC_GDP,S1314,B9,DK,2007,0.0,,
ESTAT:GOV_10A_MAIN(1.0),21/07/26 11:00:00,A,PC_GDP,S1314,B9,DK,2008,0.0,,
ESTAT:GOV_10A_MAIN(1.0),21/07/26 11:00:00,A,PC_GDP,S1314,B9,DK,2009,-0.1,,
ESTAT:GOV_10A_MAIN(1.0),21/07/26 11:00:00,A,PC_GDP,S1314,B9,DK,2010,0.0,,
ESTAT:GOV_10A_MAIN(1.0),21/07/26 11:00:00,A,PC_GDP,S1314,B9,DK,2011,0.0,,
ESTAT:GOV_10A_MAIN(1.0),21/07/26 11:00:00,A,PC_GDP,S1314,B9,DK,2012,0.0,,
ESTAT:GOV_10A_MAIN(1.0),21/07/26 11:00:00,A,PC_GDP,S1314,B9,DK,2013,0.0,,
ESTAT:GOV_10A_MAIN(1.0),21/07/26 11:00:00,A,PC_GDP,S1314,B9,DK,2014,0.0,,
ESTAT:GOV_10A_MAIN(1.0),21/07/26 11:00:00,A,PC_GDP,S1314,B9,DK,2015,0.0,,
ESTAT:GOV_10A_MAIN(1.0),21/07/26 11:00:00,A,PC_GDP,S1314,B9,DK,2016,0.0,,
ESTAT:GOV_10A_MAIN(1.0),21/07/26 11:00:00,A,PC_GDP,S1314,B9,DK,2017,0.0,,
ESTAT:GOV_10A_MAIN(1.0),21/07/26 11:00:00,A,PC_GDP,S1314,B9,DK,2018,0.0,,
ESTAT:GOV_10A_MAIN(1.0),21/07/26 11:00:00,A,PC_GDP,S1314,B9,DK,2019,0.0,,
ESTAT:GOV_10A_MAIN(1.0),21/07/26 11:00:00,A,PC_GDP,S1314,B9,DK,2020,0.0,,
ESTAT:GOV_10A_MAIN(1.0),21/07/26 11:00:00,A,PC_GDP,S1314,B9,DK,2021,0.0,,
ESTAT:GOV_10A_MAIN(1.0),21/07/26 11:00:00,A,PC_GDP,S1314,B9,DK,2022,0.0,,
ESTAT:GOV_10A_MAIN(1.0),21/07/26 11:00:00,A,PC_GDP,S1314,B9,DK,2023,0.0,,
ESTAT:GOV_10A_MAIN(1.0),21/07/26 11:00:00,A,PC_GDP,S1314,B9,DK,2024,0.0,,
ESTAT:GOV_10A_MAIN(1.0),21/07/26 11:00:00,A,PC_GDP,S1314,B9,DK,2025,0.0,,
ESTAT:GOV_10A_MAIN(1.0),21/07/26 11:00:00,A,PC_GDP,S1314,B9,EA19,1995,-0.3,,
ESTAT:GOV_10A_MAIN(1.0),21/07/26 11:00:00,A,PC_GDP,S1314,B9,EA19,1996,-0.2,,
ESTAT:GOV_10A_MAIN(1.0),21/07/26 11:00:00,A,PC_GDP,S1314,B9,EA19,1997,0.0,,
ESTAT:GOV_10A_MAIN(1.0),21/07/26 11:00:00,A,PC_GDP,S1314,B9,EA19,1998,0.1,,
ESTAT:GOV_10A_MAIN(1.0),21/07/26 11:00:00,A,PC_GDP,S1314,B9,EA19,1999,0.4,,
ESTAT:GOV_10A_MAIN(1.0),21/07/26 11:00:00,A,PC_GDP,S1314,B9,EA19,2000,0.4,,
ESTAT:GOV_10A_MAIN(1.0),21/07/26 11:00:00,A,PC_GDP,S1314,B9,EA19,2001,0.3,,
ESTAT:GOV_10A_MAIN(1.0),21/07/26 11:00:00,A,PC_GDP,S1314,B9,EA19,2002,0.3,,
ESTAT:GOV_10A_MAIN(1.0),21/07/26 11:00:00,A,PC_GDP,S1314,B9,EA19,2003,0.1,,
ESTAT:GOV_10A_MAIN(1.0),21/07/26 11:00:00,A,PC_GDP,S1314,B9,EA19,2004,0.2,,
ESTAT:GOV_10A_MAIN(1.0),21/07/26 11:00:00,A,PC_GDP,S1314,B9,EA19,2005,0.1,,
ESTAT:GOV_10A_MAIN(1.0),21/07/26 11:00:00,A,PC_GDP,S1314,B9,EA19,2006,0.4,,
ESTAT:GOV_10A_MAIN(1.0),21/07/26 11:00:00,A,PC_GDP,S1314,B9,EA19,2007,0.5,,
ESTAT:GOV_10A_MAIN(1.0),21/07/26 11:00:00,A,PC_GDP,S1314,B9,EA19,2008,0.5,,
ESTAT:GOV_10A_MAIN(1.0),21/07/26 11:00:00,A,PC_GDP,S1314,B9,EA19,2009,-0.4,,
ESTAT:GOV_10A_MAIN(1.0),21/07/26 11:00:00,A,PC_GDP,S1314,B9,EA19,2010,-0.2,,
ESTAT:GOV_10A_MAIN(1.0),21/07/26 11:00:00,A,PC_GDP,S1314,B9,EA19,2011,0.0,,
ESTAT:GOV_10A_MAIN(1.0),21/07/26 11:00:00,A,PC_GDP,S1314,B9,EA19,2012,0.0,,
ESTAT:GOV_10A_MAIN(1.0),21/07/26 11:00:00,A,PC_GDP,S1314,B9,EA19,2013,-0.1,,
ESTAT:GOV_10A_MAIN(1.0),21/07/26 11:00:00,A,PC_GDP,S1314,B9,EA19,2014,-0.2,,
ESTAT:GOV_10A_MAIN(1.0),21/07/26 11:00:00,A,PC_GDP,S1314,B9,EA19,2015,-0.1,,
ESTAT:GOV_10A_MAIN(1.0),21/07/26 11:00:00,A,PC_GDP,S1314,B9,EA19,2016,0.0,,
ESTAT:GOV_10A_MAIN(1.0),21/07/26 11:00:00,A,PC_GDP,S1314,B9,EA19,2017,0.1,,
ESTAT:GOV_10A_MAIN(1.0),21/07/26 11:00:00,A,PC_GDP,S1314,B9,EA19,2018,0.3,,
ESTAT:GOV_10A_MAIN(1.0),21/07/26 11:00:00,A,PC_GDP,S1314,B9,EA19,2019,0.2,,
ESTAT:GOV_10A_MAIN(1.0),21/07/26 11:00:00,A,PC_GDP,S1314,B9,EA19,2020,-0.9,,
ESTAT:GOV_10A_MAIN(1.0),21/07/26 11:00:00,A,PC_GDP,S1314,B9,EA19,2021,0.0,,
ESTAT:GOV_10A_MAIN(1.0),21/07/26 11:00:00,A,PC_GDP,S1314,B9,EA19,2022,0.3,,
ESTAT:GOV_10A_MAIN(1.0),21/07/26 11:00:00,A,PC_GDP,S1314,B9,EA19,2023,0.4,,
ESTAT:GOV_10A_MAIN(1.0),21/07/26 11:00:00,A,PC_GDP,S1314,B9,EA19,2024,0.1,,
ESTAT:GOV_10A_MAIN(1.0),21/07/26 11:00:00,A,PC_GDP,S1314,B9,EA19,2025,0.2,,
ESTAT:GOV_10A_MAIN(1.0),21/07/26 11:00:00,A,PC_GDP,S1314,B9,EA20,1995,-0.3,,
ESTAT:GOV_10A_MAIN(1.0),21/07/26 11:00:00,A,PC_GDP,S1314,B9,EA20,1996,-0.2,,
ESTAT:GOV_10A_MAIN(1.0),21/07/26 11:00:00,A,PC_GDP,S1314,B9,EA20,1997,0.0,,
ESTAT:GOV_10A_MAIN(1.0),21/07/26 11:00:00,A,PC_GDP,S1314,B9,EA20,1998,0.1,,
ESTAT:GOV_10A_MAIN(1.0),21/07/26 11:00:00,A,PC_GDP,S1314,B9,EA20,1999,0.4,,
ESTAT:GOV_10A_MAIN(1.0),21/07/26 11:00:00,A,PC_GDP,S1314,B9,EA20,2000,0.4,,
ESTAT:GOV_10A_MAIN(1.0),21/07/26 11:00:00,A,PC_GDP,S1314,B9,EA20,2001,0.3,,
ESTAT:GOV_10A_MAIN(1.0),21/07/26 11:00:00,A,PC_GDP,S1314,B9,EA20,2002,0.3,,
ESTAT:GOV_10A_MAIN(1.0),21/07/26 11:00:00,A,PC_GDP,S1314,B9,EA20,2003,0.1,,
ESTAT:GOV_10A_MAIN(1.0),21/07/26 11:00:00,A,PC_GDP,S1314,B9,EA20,2004,0.2,,
ESTAT:GOV_10A_MAIN(1.0),21/07/26 11:00:00,A,PC_GDP,S1314,B9,EA20,2005,0.1,,
ESTAT:GOV_10A_MAIN(1.0),21/07/26 11:00:00,A,PC_GDP,S1314,B9,EA20,2006,0.4,,
ESTAT:GOV_10A_MAIN(1.0),21/07/26 11:00:00,A,PC_GDP,S1314,B9,EA20,2007,0.5,,
ESTAT:GOV_10A_MAIN(1.0),21/07/26 11:00:00,A,PC_GDP,S1314,B9,EA20,2008,0.5,,
ESTAT:GOV_10A_MAIN(1.0),21/07/26 11:00:00,A,PC_GDP,S1314,B9,EA20,2009,-0.4,,
ESTAT:GOV_10A_MAIN(1.0),21/07/26 11:00:00,A,PC_GDP,S1314,B9,EA20,2010,-0.2,,
ESTAT:GOV_10A_MAIN(1.0),21/07/26 11:00:00,A,PC_GDP,S1314,B9,EA20,2011,0.0,,
ESTAT:GOV_10A_MAIN(1.0),21/07/26 11:00:00,A,PC_GDP,S1314,B9,EA20,2012,0.0,,
ESTAT:GOV_10A_MAIN(1.0),21/07/26 11:00:00,A,PC_GDP,S1314,B9,EA20,2013,-0.1,,
ESTAT:GOV_10A_MAIN(1.0),21/07/26 11:00:00,A,PC_GDP,S1314,B9,EA20,2014,-0.2,,
ESTAT:GOV_10A_MAIN(1.0),21/07/26 11:00:00,A,PC_GDP,S1314,B9,EA20,2015,-0.1,,
ESTAT:GOV_10A_MAIN(1.0),21/07/26 11:00:00,A,PC_GDP,S1314,B9,EA20,2016,0.0,,
ESTAT:GOV_10A_MAIN(1.0),21/07/26 11:00:00,A,PC_GDP,S1314,B9,EA20,2017,0.1,,
ESTAT:GOV_10A_MAIN(1.0),21/07/26 11:00:00,A,PC_GDP,S1314,B9,EA20,2018,0.3,,
ESTAT:GOV_10A_MAIN(1.0),21/07/26 11:00:00,A,PC_GDP,S1314,B9,EA20,2019,0.2,,
ESTAT:GOV_10A_MAIN(1.0),21/07/26 11:00:00,A,PC_GDP,S1314,B9,EA20,2020,-0.9,,
ESTAT:GOV_10A_MAIN(1.0),21/07/26 11:00:00,A,PC_GDP,S1314,B9,EA20,2021,0.0,,
ESTAT:GOV_10A_MAIN(1.0),21/07/26 11:00:00,A,PC_GDP,S1314,B9,EA20,2022,0.3,,
ESTAT:GOV_10A_MAIN(1.0),21/07/26 11:00:00,A,PC_GDP,S1314,B9,EA20,2023,0.4,,
ESTAT:GOV_10A_MAIN(1.0),21/07/26 11:00:00,A,PC_GDP,S1314,B9,EA20,2024,0.1,,
ESTAT:GOV_10A_MAIN(1.0),21/07/26 11:00:00,A,PC_GDP,S1314,B9,EA20,2025,0.2,,
ESTAT:GOV_10A_MAIN(1.0),21/07/26 11:00:00,A,PC_GDP,S1314,B9,EA21,1995,-0.3,,
ESTAT:GOV_10A_MAIN(1.0),21/07/26 11:00:00,A,PC_GDP,S1314,B9,EA21,1996,-0.2,,
ESTAT:GOV_10A_MAIN(1.0),21/07/26 11:00:00,A,PC_GDP,S1314,B9,EA21,1997,0.0,,
ESTAT:GOV_10A_MAIN(1.0),21/07/26 11:00:00,A,PC_GDP,S1314,B9,EA21,1998,0.1,,
ESTAT:GOV_10A_MAIN(1.0),21/07/26 11:00:00,A,PC_GDP,S1314,B9,EA21,1999,0.4,,
ESTAT:GOV_10A_MAIN(1.0),21/07/26 11:00:00,A,PC_GDP,S1314,B9,EA21,2000,0.4,,
ESTAT:GOV_10A_MAIN(1.0),21/07/26 11:00:00,A,PC_GDP,S1314,B9,EA21,2001,0.3,,
ESTAT:GOV_10A_MAIN(1.0),21/07/26 11:00:00,A,PC_GDP,S1314,B9,EA21,2002,0.3,,
ESTAT:GOV_10A_MAIN(1.0),21/07/26 11:00:00,A,PC_GDP,S1314,B9,EA21,2003,0.1,,
ESTAT:GOV_10A_MAIN(1.0),21/07/26 11:00:00,A,PC_GDP,S1314,B9,EA21,2004,0.2,,
ESTAT:GOV_10A_MAIN(1.0),21/07/26 11:00:00,A,PC_GDP,S1314,B9,EA21,2005,0.1,,
ESTAT:GOV_10A_MAIN(1.0),21/07/26 11:00:00,A,PC_GDP,S1314,B9,EA21,2006,0.4,,
ESTAT:GOV_10A_MAIN(1.0),21/07/26 11:00:00,A,PC_GDP,S1314,B9,EA21,2007,0.5,,
ESTAT:GOV_10A_MAIN(1.0),21/07/26 11:00:00,A,PC_GDP,S1314,B9,EA21,2008,0.5,,
ESTAT:GOV_10A_MAIN(1.0),21/07/26 11:00:00,A,PC_GDP,S1314,B9,EA21,2009,-0.4,,
ESTAT:GOV_10A_MAIN(1.0),21/07/26 11:00:00,A,PC_GDP,S1314,B9,EA21,2010,-0.2,,
ESTAT:GOV_10A_MAIN(1.0),21/07/26 11:00:00,A,PC_GDP,S1314,B9,EA21,2011,0.0,,
ESTAT:GOV_10A_MAIN(1.0),21/07/26 11:00:00,A,PC_GDP,S1314,B9,EA21,2012,0.0,,
ESTAT:GOV_10A_MAIN(1.0),21/07/26 11:00:00,A,PC_GDP,S1314,B9,EA21,2013,-0.1,,
ESTAT:GOV_10A_MAIN(1.0),21/07/26 11:00:00,A,PC_GDP,S1314,B9,EA21,2014,-0.2,,
ESTAT:GOV_10A_MAIN(1.0),21/07/26 11:00:00,A,PC_GDP,S1314,B9,EA21,2015,-0.1,,
ESTAT:GOV_10A_MAIN(1.0),21/07/26 11:00:00,A,PC_GDP,S1314,B9,EA21,2016,0.0,,
ESTAT:GOV_10A_MAIN(1.0),21/07/26 11:00:00,A,PC_GDP,S1314,B9,EA21,2017,0.1,,
ESTAT:GOV_10A_MAIN(1.0),21/07/26 11:00:00,A,PC_GDP,S1314,B9,EA21,2018,0.3,,
ESTAT:GOV_10A_MAIN(1.0),21/07/26 11:00:00,A,PC_GDP,S1314,B9,EA21,2019,0.2,,
ESTAT:GOV_10A_MAIN(1.0),21/07/26 11:00:00,A,PC_GDP,S1314,B9,EA21,2020,-0.9,,
ESTAT:GOV_10A_MAIN(1.0),21/07/26 11:00:00,A,PC_GDP,S1314,B9,EA21,2021,0.0,,
ESTAT:GOV_10A_MAIN(1.0),21/07/26 11:00:00,A,PC_GDP,S1314,B9,EA21,2022,0.3,,
ESTAT:GOV_10A_MAIN(1.0),21/07/26 11:00:00,A,PC_GDP,S1314,B9,EA21,2023,0.4,,
ESTAT:GOV_10A_MAIN(1.0),21/07/26 11:00:00,A,PC_GDP,S1314,B9,EA21,2024,0.1,,
ESTAT:GOV_10A_MAIN(1.0),21/07/26 11:00:00,A,PC_GDP,S1314,B9,EA21,2025,0.2,,
ESTAT:GOV_10A_MAIN(1.0),21/07/26 11:00:00,A,PC_GDP,S1314,B9,EE,1995,0.7,,
ESTAT:GOV_10A_MAIN(1.0),21/07/26 11:00:00,A,PC_GDP,S1314,B9,EE,1996,0.3,,
ESTAT:GOV_10A_MAIN(1.0),21/07/26 11:00:00,A,PC_GDP,S1314,B9,EE,1997,0.4,,
ESTAT:GOV_10A_MAIN(1.0),21/07/26 11:00:00,A,PC_GDP,S1314,B9,EE,1998,-0.1,,
ESTAT:GOV_10A_MAIN(1.0),21/07/26 11:00:00,A,PC_GDP,S1314,B9,EE,1999,-0.3,,
ESTAT:GOV_10A_MAIN(1.0),21/07/26 11:00:00,A,PC_GDP,S1314,B9,EE,2000,0.0,,
ESTAT:GOV_10A_MAIN(1.0),21/07/26 11:00:00,A,PC_GDP,S1314,B9,EE,2001,0.2,,
ESTAT:GOV_10A_MAIN(1.0),21/07/26 11:00:00,A,PC_GDP,S1314,B9,EE,2002,0.7,,
ESTAT:GOV_10A_MAIN(1.0),21/07/26 11:00:00,A,PC_GDP,S1314,B9,EE,2003,0.5,,
ESTAT:GOV_10A_MAIN(1.0),21/07/26 11:00:00,A,PC_GDP,S1314,B9,EE,2004,0.3,,
ESTAT:GOV_10A_MAIN(1.0),21/07/26 11:00:00,A,PC_GDP,S1314,B9,EE,2005,0.5,,
ESTAT:GOV_10A_MAIN(1.0),21/07/26 11:00:00,A,PC_GDP,S1314,B9,EE,2006,0.6,,
ESTAT:GOV_10A_MAIN(1.0),21/07/26 11:00:00,A,PC_GDP,S1314,B9,EE,2007,0.6,,
ESTAT:GOV_10A_MAIN(1.0),21/07/26 11:00:00,A,PC_GDP,S1314,B9,EE,2008,0.2,,
ESTAT:GOV_10A_MAIN(1.0),21/07/26 11:00:00,A,PC_GDP,S1314,B9,EE,2009,-0.7,,
ESTAT:GOV_10A_MAIN(1.0),21/07/26 11:00:00,A,PC_GDP,S1314,B9,EE,2010,0.6,,
ESTAT:GOV_10A_MAIN(1.0),21/07/26 11:00:00,A,PC_GDP,S1314,B9,EE,2011,0.9,,
ESTAT:GOV_10A_MAIN(1.0),21/07/26 11:00:00,A,PC_GDP,S1314,B9,EE,2012,0.7,,
ESTAT:GOV_10A_MAIN(1.0),21/07/26 11:00:00,A,PC_GDP,S1314,B9,EE,2013,0.3,,
ESTAT:GOV_10A_MAIN(1.0),21/07/26 11:00:00,A,PC_GDP,S1314,B9,EE,2014,0.3,,
ESTAT:GOV_10A_MAIN(1.0),21/07/26 11:00:00,A,PC_GDP,S1314,B9,EE,2015,0.1,,
ESTAT:GOV_10A_MAIN(1.0),21/07/26 11:00:00,A,PC_GDP,S1314,B9,EE,2016,0.0,,
ESTAT:GOV_10A_MAIN(1.0),21/07/26 11:00:00,A,PC_GDP,S1314,B9,EE,2017,0.2,,
ESTAT:GOV_10A_MAIN(1.0),21/07/26 11:00:00,A,PC_GDP,S1314,B9,EE,2018,0.3,,
ESTAT:GOV_10A_MAIN(1.0),21/07/26 11:00:00,A,PC_GDP,S1314,B9,EE,2019,0.3,,
ESTAT:GOV_10A_MAIN(1.0),21/07/26 11:00:00,A,PC_GDP,S1314,B9,EE,2020,-1.1,,
ESTAT:GOV_10A_MAIN(1.0),21/07/26 11:00:00,A,PC_GDP,S1314,B9,EE,2021,0.4,,
ESTAT:GOV_10A_MAIN(1.0),21/07/26 11:00:00,A,PC_GDP,S1314,B9,EE,2022,0.5,,
ESTAT:GOV_10A_MAIN(1.0),21/07/26 11:00:00,A,PC_GDP,S1314,B9,EE,2023,0.5,,
ESTAT:GOV_10A_MAIN(1.0),21/07/26 11:00:00,A,PC_GDP,S1314,B9,EE,2024,0.1,,
ESTAT:GOV_10A_MAIN(1.0),21/07/26 11:00:00,A,PC_GDP,S1314,B9,EE,2025,-0.2,,
ESTAT:GOV_10A_MAIN(1.0),21/07/26 11:00:00,A,PC_GDP,S1314,B9,EL,1995,1.8,,
ESTAT:GOV_10A_MAIN(1.0),21/07/26 11:00:00,A,PC_GDP,S1314,B9,EL,1996,2.1,,
ESTAT:GOV_10A_MAIN(1.0),21/07/26 11:00:00,A,PC_GDP,S1314,B9,EL,1997,1.9,,
ESTAT:GOV_10A_MAIN(1.0),21/07/26 11:00:00,A,PC_GDP,S1314,B9,EL,1998,1.7,,
ESTAT:GOV_10A_MAIN(1.0),21/07/26 11:00:00,A,PC_GDP,S1314,B9,EL,1999,1.6,,
ESTAT:GOV_10A_MAIN(1.0),21/07/26 11:00:00,A,PC_GDP,S1314,B9,EL,2000,1.9,,
ESTAT:GOV_10A_MAIN(1.0),21/07/26 11:00:00,A,PC_GDP,S1314,B9,EL,2001,1.5,,
ESTAT:GOV_10A_MAIN(1.0),21/07/26 11:00:00,A,PC_GDP,S1314,B9,EL,2002,2.2,,
ESTAT:GOV_10A_MAIN(1.0),21/07/26 11:00:00,A,PC_GDP,S1314,B9,EL,2003,2.1,,
ESTAT:GOV_10A_MAIN(1.0),21/07/26 11:00:00,A,PC_GDP,S1314,B9,EL,2004,1.9,,
ESTAT:GOV_10A_MAIN(1.0),21/07/26 11:00:00,A,PC_GDP,S1314,B9,EL,2005,1.0,,
ESTAT:GOV_10A_MAIN(1.0),21/07/26 11:00:00,A,PC_GDP,S1314,B9,EL,2006,0.7,,
ESTAT:GOV_10A_MAIN(1.0),21/07/26 11:00:00,A,PC_GDP,S1314,B9,EL,2007,0.6,,
ESTAT:GOV_10A_MAIN(1.0),21/07/26 11:00:00,A,PC_GDP,S1314,B9,EL,2008,0.9,,
ESTAT:GOV_10A_MAIN(1.0),21/07/26 11:00:00,A,PC_GDP,S1314,B9,EL,2009,0.0,,
ESTAT:GOV_10A_MAIN(1.0),21/07/26 11:00:00,A,PC_GDP,S1314,B9,EL,2010,-0.2,,
ESTAT:GOV_10A_MAIN(1.0),21/07/26 11:00:00,A,PC_GDP,S1314,B9,EL,2011,-1.2,,
ESTAT:GOV_10A_MAIN(1.0),21/07/26 11:00:00,A,PC_GDP,S1314,B9,EL,2012,-0.9,,
ESTAT:GOV_10A_MAIN(1.0),21/07/26 11:00:00,A,PC_GDP,S1314,B9,EL,2013,1.7,,
ESTAT:GOV_10A_MAIN(1.0),21/07/26 11:00:00,A,PC_GDP,S1314,B9,EL,2014,0.4,,
ESTAT:GOV_10A_MAIN(1.0),21/07/26 11:00:00,A,PC_GDP,S1314,B9,EL,2015,-0.5,,
ESTAT:GOV_10A_MAIN(1.0),21/07/26 11:00:00,A,PC_GDP,S1314,B9,EL,2016,0.9,,
ESTAT:GOV_10A_MAIN(1.0),21/07/26 11:00:00,A,PC_GDP,S1314,B9,EL,2017,1.5,,
ESTAT:GOV_10A_MAIN(1.0),21/07/26 11:00:00,A,PC_GDP,S1314,B9,EL,2018,1.8,,
ESTAT:GOV_10A_MAIN(1.0),21/07/26 11:00:00,A,PC_GDP,S1314,B9,EL,2019,0.7,,
ESTAT:GOV_10A_MAIN(1.0),21/07/26 11:00:00,A,PC_GDP,S1314,B9,EL,2020,0.3,,
ESTAT:GOV_10A_MAIN(1.0),21/07/26 11:00:00,A,PC_GDP,S1314,B9,EL,2021,0.9,,
ESTAT:GOV_10A_MAIN(1.0),21/07/26 11:00:00,A,PC_GDP,S1314,B9,EL,2022,1.3,,
ESTAT:GOV_10A_MAIN(1.0),21/07/26 11:00:00,A,PC_GDP,S1314,B9,EL,2023,0.4,,
ESTAT:GOV_10A_MAIN(1.0),21/07/26 11:00:00,A,PC_GDP,S1314,B9,EL,2024,0.5,,
ESTAT:GOV_10A_MAIN(1.0),21/07/26 11:00:00,A,PC_GDP,S1314,B9,EL,2025,0.7,,
ESTAT:GOV_10A_MAIN(1.0),21/07/26 11:00:00,A,PC_GDP,S1314,B9,ES,1995,-0.6,,
ESTAT:GOV_10A_MAIN(1.0),21/07/26 11:00:00,A,PC_GDP,S1314,B9,ES,1996,-1.0,,
ESTAT:GOV_10A_MAIN(1.0),21/07/26 11:00:00,A,PC_GDP,S1314,B9,ES,1997,-0.6,,
ESTAT:GOV_10A_MAIN(1.0),21/07/26 11:00:00,A,PC_GDP,S1314,B9,ES,1998,-0.3,,
ESTAT:GOV_10A_MAIN(1.0),21/07/26 11:00:00,A,PC_GDP,S1314,B9,ES,1999,0.2,,
ESTAT:GOV_10A_MAIN(1.0),21/07/26 11:00:00,A,PC_GDP,S1314,B9,ES,2000,0.5,,
ESTAT:GOV_10A_MAIN(1.0),21/07/26 11:00:00,A,PC_GDP,S1314,B9,ES,2001,0.8,,
ESTAT:GOV_10A_MAIN(1.0),21/07/26 11:00:00,A,PC_GDP,S1314,B9,ES,2002,0.8,,
ESTAT:GOV_10A_MAIN(1.0),21/07/26 11:00:00,A,PC_GDP,S1314,B9,ES,2003,1.0,,
ESTAT:GOV_10A_MAIN(1.0),21/07/26 11:00:00,A,PC_GDP,S1314,B9,ES,2004,1.0,,
ESTAT:GOV_10A_MAIN(1.0),21/07/26 11:00:00,A,PC_GDP,S1314,B9,ES,2005,1.1,,
ESTAT:GOV_10A_MAIN(1.0),21/07/26 11:00:00,A,PC_GDP,S1314,B9,ES,2006,1.3,,
ESTAT:GOV_10A_MAIN(1.0),21/07/26 11:00:00,A,PC_GDP,S1314,B9,ES,2007,1.3,,
ESTAT:GOV_10A_MAIN(1.0),21/07/26 11:00:00,A,PC_GDP,S1314,B9,ES,2008,0.7,,
ESTAT:GOV_10A_MAIN(1.0),21/07/26 11:00:00,A,PC_GDP,S1314,B9,ES,2009,0.7,,
ESTAT:GOV_10A_MAIN(1.0),21/07/26 11:00:00,A,PC_GDP,S1314,B9,ES,2010,-0.2,,
ESTAT:GOV_10A_MAIN(1.0),21/07/26 11:00:00,A,PC_GDP,S1314,B9,ES,2011,-0.1,,
ESTAT:GOV_10A_MAIN(1.0),21/07/26 11:00:00,A,PC_GDP,S1314,B9,ES,2012,-1.0,,
ESTAT:GOV_10A_MAIN(1.0),21/07/26 11:00:00,A,PC_GDP,S1314,B9,ES,2013,-1.1,,
ESTAT:GOV_10A_MAIN(1.0),21/07/26 11:00:00,A,PC_GDP,S1314,B9,ES,2014,-1.0,,
ESTAT:GOV_10A_MAIN(1.0),21/07/26 11:00:00,A,PC_GDP,S1314,B9,ES,2015,-1.2,,
ESTAT:GOV_10A_MAIN(1.0),21/07/26 11:00:00,A,PC_GDP,S1314,B9,ES,2016,-1.5,,
ESTAT:GOV_10A_MAIN(1.0),21/07/26 11:00:00,A,PC_GDP,S1314,B9,ES,2017,-1.4,,
ESTAT:GOV_10A_MAIN(1.0),21/07/26 11:00:00,A,PC_GDP,S1314,B9,ES,2018,-1.4,,
ESTAT:GOV_10A_MAIN(1.0),21/07/26 11:00:00,A,PC_GDP,S1314,B9,ES,2019,-1.3,,
ESTAT:GOV_10A_MAIN(1.0),21/07/26 11:00:00,A,PC_GDP,S1314,B9,ES,2020,-2.4,,
ESTAT:GOV_10A_MAIN(1.0),21/07/26 11:00:00,A,PC_GDP,S1314,B9,ES,2021,-0.9,,
ESTAT:GOV_10A_MAIN(1.0),21/07/26 11:00:00,A,PC_GDP,S1314,B9,ES,2022,-0.4,,
ESTAT:GOV_10A_MAIN(1.0),21/07/26 11:00:00,A,PC_GDP,S1314,B9,ES,2023,-0.6,,
ESTAT:GOV_10A_MAIN(1.0),21/07/26 11:00:00,A,PC_GDP,S1314,B9,ES,2024,-0.5,,
ESTAT:GOV_10A_MAIN(1.0),21/07/26 11:00:00,A,PC_GDP,S1314,B9,ES,2025,-0.3,,
ESTAT:GOV_10A_MAIN(1.0),21/07/26 11:00:00,A,PC_GDP,S1314,B9,EU27_2020,1995,-0.2,,
ESTAT:GOV_10A_MAIN(1.0),21/07/26 11:00:00,A,PC_GDP,S1314,B9,EU27_2020,1996,-0.1,,
ESTAT:GOV_10A_MAIN(1.0),21/07/26 11:00:00,A,PC_GDP,S1314,B9,EU27_2020,1997,0.1,,
ESTAT:GOV_10A_MAIN(1.0),21/07/26 11:00:00,A,PC_GDP,S1314,B9,EU27_2020,1998,0.1,,
ESTAT:GOV_10A_MAIN(1.0),21/07/26 11:00:00,A,PC_GDP,S1314,B9,EU27_2020,1999,0.3,,
ESTAT:GOV_10A_MAIN(1.0),21/07/26 11:00:00,A,PC_GDP,S1314,B9,EU27_2020,2000,0.4,,
ESTAT:GOV_10A_MAIN(1.0),21/07/26 11:00:00,A,PC_GDP,S1314,B9,EU27_2020,2001,0.1,,
ESTAT:GOV_10A_MAIN(1.0),21/07/26 11:00:00,A,PC_GDP,S1314,B9,EU27_2020,2002,0.3,,
ESTAT:GOV_10A_MAIN(1.0),21/07/26 11:00:00,A,PC_GDP,S1314,B9,EU27_2020,2003,0.1,,
ESTAT:GOV_10A_MAIN(1.0),21/07/26 11:00:00,A,PC_GDP,S1314,B9,EU27_2020,2004,0.2,,
ESTAT:GOV_10A_MAIN(1.0),21/07/26 11:00:00,A,PC_GDP,S1314,B9,EU27_2020,2005,0.1,,
ESTAT:GOV_10A_MAIN(1.0),21/07/26 11:00:00,A,PC_GDP,S1314,B9,EU27_2020,2006,0.4,,
ESTAT:GOV_10A_MAIN(1.0),21/07/26 11:00:00,A,PC_GDP,S1314,B9,EU27_2020,2007,0.5,,
ESTAT:GOV_10A_MAIN(1.0),21/07/26 11:00:00,A,PC_GDP,S1314,B9,EU27_2020,2008,0.5,,
ESTAT:GOV_10A_MAIN(1.0),21/07/26 11:00:00,A,PC_GDP,S1314,B9,EU27_2020,2009,-0.4,,
ESTAT:GOV_10A_MAIN(1.0),21/07/26 11:00:00,A,PC_GDP,S1314,B9,EU27_2020,2010,-0.2,,
ESTAT:GOV_10A_MAIN(1.0),21/07/26 11:00:00,A,PC_GDP,S1314,B9,EU27_2020,2011,0.0,,
ESTAT:GOV_10A_MAIN(1.0),21/07/26 11:00:00,A,PC_GDP,S1314,B9,EU27_2020,2012,0.0,,
ESTAT:GOV_10A_MAIN(1.0),21/07/26 11:00:00,A,PC_GDP,S1314,B9,EU27_2020,2013,-0.1,,
ESTAT:GOV_10A_MAIN(1.0),21/07/26 11:00:00,A,PC_GDP,S1314,B9,EU27_2020,2014,-0.2,,
ESTAT:GOV_10A_MAIN(1.0),21/07/26 11:00:00,A,PC_GDP,S1314,B9,EU27_2020,2015,-0.1,,
ESTAT:GOV_10A_MAIN(1.0),21/07/26 11:00:00,A,PC_GDP,S1314,B9,EU27_2020,2016,0.0,,
ESTAT:GOV_10A_MAIN(1.0),21/07/26 11:00:00,A,PC_GDP,S1314,B9,EU27_2020,2017,0.2,,
ESTAT:GOV_10A_MAIN(1.0),21/07/26 11:00:00,A,PC_GDP,S1314,B9,EU27_2020,2018,0.3,,
ESTAT:GOV_10A_MAIN(1.0),21/07/26 11:00:00,A,PC_GDP,S1314,B9,EU27_2020,2019,0.2,,
ESTAT:GOV_10A_MAIN(1.0),21/07/26 11:00:00,A,PC_GDP,S1314,B9,EU27_2020,2020,-0.7,,
ESTAT:GOV_10A_MAIN(1.0),21/07/26 11:00:00,A,PC_GDP,S1314,B9,EU27_2020,2021,0.0,,
ESTAT:GOV_10A_MAIN(1.0),21/07/26 11:00:00,A,PC_GDP,S1314,B9,EU27_2020,2022,0.3,,
ESTAT:GOV_10A_MAIN(1.0),21/07/26 11:00:00,A,PC_GDP,S1314,B9,EU27_2020,2023,0.3,,
ESTAT:GOV_10A_MAIN(1.0),21/07/26 11:00:00,A,PC_GDP,S1314,B9,EU27_2020,2024,0.1,,
ESTAT:GOV_10A_MAIN(1.0),21/07/26 11:00:00,A,PC_GDP,S1314,B9,EU27_2020,2025,0.1,,
ESTAT:GOV_10A_MAIN(1.0),21/07/26 11:00:00,A,PC_GDP,S1314,B9,FI,1995,3.8,,
ESTAT:GOV_10A_MAIN(1.0),21/07/26 11:00:00,A,PC_GDP,S1314,B9,FI,1996,3.3,,
ESTAT:GOV_10A_MAIN(1.0),21/07/26 11:00:00,A,PC_GDP,S1314,B9,FI,1997,2.9,,
ESTAT:GOV_10A_MAIN(1.0),21/07/26 11:00:00,A,PC_GDP,S1314,B9,FI,1998,3.3,,
ESTAT:GOV_10A_MAIN(1.0),21/07/26 11:00:00,A,PC_GDP,S1314,B9,FI,1999,3.0,,
ESTAT:GOV_10A_MAIN(1.0),21/07/26 11:00:00,A,PC_GDP,S1314,B9,FI,2000,4.1,,
ESTAT:GOV_10A_MAIN(1.0),21/07/26 11:00:00,A,PC_GDP,S1314,B9,FI,2001,4.0,,
ESTAT:GOV_10A_MAIN(1.0),21/07/26 11:00:00,A,PC_GDP,S1314,B9,FI,2002,3.5,,
ESTAT:GOV_10A_MAIN(1.0),21/07/26 11:00:00,A,PC_GDP,S1314,B9,FI,2003,3.0,,
ESTAT:GOV_10A_MAIN(1.0),21/07/26 11:00:00,A,PC_GDP,S1314,B9,FI,2004,3.1,,
ESTAT:GOV_10A_MAIN(1.0),21/07/26 11:00:00,A,PC_GDP,S1314,B9,FI,2005,3.3,,
ESTAT:GOV_10A_MAIN(1.0),21/07/26 11:00:00,A,PC_GDP,S1314,B9,FI,2006,4.5,,
ESTAT:GOV_10A_MAIN(1.0),21/07/26 11:00:00,A,PC_GDP,S1314,B9,FI,2007,4.4,,
ESTAT:GOV_10A_MAIN(1.0),21/07/26 11:00:00,A,PC_GDP,S1314,B9,FI,2008,4.1,,
ESTAT:GOV_10A_MAIN(1.0),21/07/26 11:00:00,A,PC_GDP,S1314,B9,FI,2009,2.7,,
ESTAT:GOV_10A_MAIN(1.0),21/07/26 11:00:00,A,PC_GDP,S1314,B9,FI,2010,3.0,,
ESTAT:GOV_10A_MAIN(1.0),21/07/26 11:00:00,A,PC_GDP,S1314,B9,FI,2011,2.7,,
ESTAT:GOV_10A_MAIN(1.0),21/07/26 11:00:00,A,PC_GDP,S1314,B9,FI,2012,2.6,,
ESTAT:GOV_10A_MAIN(1.0),21/07/26 11:00:00,A,PC_GDP,S1314,B9,FI,2013,1.9,,
ESTAT:GOV_10A_MAIN(1.0),21/07/26 11:00:00,A,PC_GDP,S1314,B9,FI,2014,1.5,,
ESTAT:GOV_10A_MAIN(1.0),21/07/26 11:00:00,A,PC_GDP,S1314,B9,FI,2015,1.2,,
ESTAT:GOV_10A_MAIN(1.0),21/07/26 11:00:00,A,PC_GDP,S1314,B9,FI,2016,1.3,,
ESTAT:GOV_10A_MAIN(1.0),21/07/26 11:00:00,A,PC_GDP,S1314,B9,FI,2017,1.3,,
ESTAT:GOV_10A_MAIN(1.0),21/07/26 11:00:00,A,PC_GDP,S1314,B9,FI,2018,1.3,,
ESTAT:GOV_10A_MAIN(1.0),21/07/26 11:00:00,A,PC_GDP,S1314,B9,FI,2019,1.4,,
ESTAT:GOV_10A_MAIN(1.0),21/07/26 11:00:00,A,PC_GDP,S1314,B9,FI,2020,0.0,,
ESTAT:GOV_10A_MAIN(1.0),21/07/26 11:00:00,A,PC_GDP,S1314,B9,FI,2021,1.0,,
ESTAT:GOV_10A_MAIN(1.0),21/07/26 11:00:00,A,PC_GDP,S1314,B9,FI,2022,1.3,,
ESTAT:GOV_10A_MAIN(1.0),21/07/26 11:00:00,A,PC_GDP,S1314,B9,FI,2023,1.5,,
ESTAT:GOV_10A_MAIN(1.0),21/07/26 11:00:00,A,PC_GDP,S1314,B9,FI,2024,0.3,,
ESTAT:GOV_10A_MAIN(1.0),21/07/26 11:00:00,A,PC_GDP,S1314,B9,FI,2025,0.6,,
ESTAT:GOV_10A_MAIN(1.0),21/07/26 11:00:00,A,PC_GDP,S1314,B9,FR,1995,-0.7,,
ESTAT:GOV_10A_MAIN(1.0),21/07/26 11:00:00,A,PC_GDP,S1314,B9,FR,1996,-0.4,,
ESTAT:GOV_10A_MAIN(1.0),21/07/26 11:00:00,A,PC_GDP,S1314,B9,FR,1997,-0.2,,
ESTAT:GOV_10A_MAIN(1.0),21/07/26 11:00:00,A,PC_GDP,S1314,B9,FR,1998,0.0,,
ESTAT:GOV_10A_MAIN(1.0),21/07/26 11:00:00,A,PC_GDP,S1314,B9,FR,1999,0.4,,
ESTAT:GOV_10A_MAIN(1.0),21/07/26 11:00:00,A,PC_GDP,S1314,B9,FR,2000,0.8,,
ESTAT:GOV_10A_MAIN(1.0),21/07/26 11:00:00,A,PC_GDP,S1314,B9,FR,2001,0.7,,
ESTAT:GOV_10A_MAIN(1.0),21/07/26 11:00:00,A,PC_GDP,S1314,B9,FR,2002,0.2,,
ESTAT:GOV_10A_MAIN(1.0),21/07/26 11:00:00,A,PC_GDP,S1314,B9,FR,2003,-0.3,,
ESTAT:GOV_10A_MAIN(1.0),21/07/26 11:00:00,A,PC_GDP,S1314,B9,FR,2004,-0.7,,
ESTAT:GOV_10A_MAIN(1.0),21/07/26 11:00:00,A,PC_GDP,S1314,B9,FR,2005,-0.5,,
ESTAT:GOV_10A_MAIN(1.0),21/07/26 11:00:00,A,PC_GDP,S1314,B9,FR,2006,0.1,,
ESTAT:GOV_10A_MAIN(1.0),21/07/26 11:00:00,A,PC_GDP,S1314,B9,FR,2007,0.1,,
ESTAT:GOV_10A_MAIN(1.0),21/07/26 11:00:00,A,PC_GDP,S1314,B9,FR,2008,0.6,,
ESTAT:GOV_10A_MAIN(1.0),21/07/26 11:00:00,A,PC_GDP,S1314,B9,FR,2009,-0.9,,
ESTAT:GOV_10A_MAIN(1.0),21/07/26 11:00:00,A,PC_GDP,S1314,B9,FR,2010,-1.3,,
ESTAT:GOV_10A_MAIN(1.0),21/07/26 11:00:00,A,PC_GDP,S1314,B9,FR,2011,-0.7,,
ESTAT:GOV_10A_MAIN(1.0),21/07/26 11:00:00,A,PC_GDP,S1314,B9,FR,2012,-0.7,,
ESTAT:GOV_10A_MAIN(1.0),21/07/26 11:00:00,A,PC_GDP,S1314,B9,FR,2013,-0.5,,
ESTAT:GOV_10A_MAIN(1.0),21/07/26 11:00:00,A,PC_GDP,S1314,B9,FR,2014,-0.4,,
ESTAT:GOV_10A_MAIN(1.0),21/07/26 11:00:00,A,PC_GDP,S1314,B9,FR,2015,-0.3,,
ESTAT:GOV_10A_MAIN(1.0),21/07/26 11:00:00,A,PC_GDP,S1314,B9,FR,2016,-0.2,,
ESTAT:GOV_10A_MAIN(1.0),21/07/26 11:00:00,A,PC_GDP,S1314,B9,FR,2017,0.1,,
ESTAT:GOV_10A_MAIN(1.0),21/07/26 11:00:00,A,PC_GDP,S1314,B9,FR,2018,0.4,,
ESTAT:GOV_10A_MAIN(1.0),21/07/26 11:00:00,A,PC_GDP,S1314,B9,FR,2019,0.5,,
ESTAT:GOV_10A_MAIN(1.0),21/07/26 11:00:00,A,PC_GDP,S1314,B9,FR,2020,-2.1,,
ESTAT:GOV_10A_MAIN(1.0),21/07/26 11:00:00,A,PC_GDP,S1314,B9,FR,2021,-0.8,,
ESTAT:GOV_10A_MAIN(1.0),21/07/26 11:00:00,A,PC_GDP,S1314,B9,FR,2022,0.3,,
ESTAT:GOV_10A_MAIN(1.0),21/07/26 11:00:00,A,PC_GDP,S1314,B9,FR,2023,0.4,,
ESTAT:GOV_10A_MAIN(1.0),21/07/26 11:00:00,A,PC_GDP,S1314,B9,FR,2024,0.0,,
ESTAT:GOV_10A_MAIN(1.0),21/07/26 11:00:00,A,PC_GDP,S1314,B9,FR,2025,-0.2,,
ESTAT:GOV_10A_MAIN(1.0),21/07/26 11:00:00,A,PC_GDP,S1314,B9,HR,1995,0.3,,
ESTAT:GOV_10A_MAIN(1.0),21/07/26 11:00:00,A,PC_GDP,S1314,B9,HR,1996,-0.1,,
ESTAT:GOV_10A_MAIN(1.0),21/07/26 11:00:00,A,PC_GDP,S1314,B9,HR,1997,0.6,,
ESTAT:GOV_10A_MAIN(1.0),21/07/26 11:00:00,A,PC_GDP,S1314,B9,HR,1998,0.3,,
ESTAT:GOV_10A_MAIN(1.0),21/07/26 11:00:00,A,PC_GDP,S1314,B9,HR,1999,-1.7,,
ESTAT:GOV_10A_MAIN(1.0),21/07/26 11:00:00,A,PC_GDP,S1314,B9,HR,2000,-0.9,,
ESTAT:GOV_10A_MAIN(1.0),21/07/26 11:00:00,A,PC_GDP,S1314,B9,HR,2001,0.1,,
ESTAT:GOV_10A_MAIN(1.0),21/07/26 11:00:00,A,PC_GDP,S1314,B9,HR,2002,-1.6,,
ESTAT:GOV_10A_MAIN(1.0),21/07/26 11:00:00,A,PC_GDP,S1314,B9,HR,2003,-0.2,,
ESTAT:GOV_10A_MAIN(1.0),21/07/26 11:00:00,A,PC_GDP,S1314,B9,HR,2004,-0.4,,
ESTAT:GOV_10A_MAIN(1.0),21/07/26 11:00:00,A,PC_GDP,S1314,B9,HR,2005,-0.1,,
ESTAT:GOV_10A_MAIN(1.0),21/07/26 11:00:00,A,PC_GDP,S1314,B9,HR,2006,0.0,,
ESTAT:GOV_10A_MAIN(1.0),21/07/26 11:00:00,A,PC_GDP,S1314,B9,HR,2007,0.3,,
ESTAT:GOV_10A_MAIN(1.0),21/07/26 11:00:00,A,PC_GDP,S1314,B9,HR,2008,0.0,,
ESTAT:GOV_10A_MAIN(1.0),21/07/26 11:00:00,A,PC_GDP,S1314,B9,HR,2009,0.0,,
ESTAT:GOV_10A_MAIN(1.0),21/07/26 11:00:00,A,PC_GDP,S1314,B9,HR,2010,0.0,,
ESTAT:GOV_10A_MAIN(1.0),21/07/26 11:00:00,A,PC_GDP,S1314,B9,HR,2011,-0.1,,
ESTAT:GOV_10A_MAIN(1.0),21/07/26 11:00:00,A,PC_GDP,S1314,B9,HR,2012,-0.4,,
ESTAT:GOV_10A_MAIN(1.0),21/07/26 11:00:00,A,PC_GDP,S1314,B9,HR,2013,0.5,,
ESTAT:GOV_10A_MAIN(1.0),21/07/26 11:00:00,A,PC_GDP,S1314,B9,HR,2014,-0.4,,
ESTAT:GOV_10A_MAIN(1.0),21/07/26 11:00:00,A,PC_GDP,S1314,B9,HR,2015,-0.6,,
ESTAT:GOV_10A_MAIN(1.0),21/07/26 11:00:00,A,PC_GDP,S1314,B9,HR,2016,0.2,,
ESTAT:GOV_10A_MAIN(1.0),21/07/26 11:00:00,A,PC_GDP,S1314,B9,HR,2017,0.1,,
ESTAT:GOV_10A_MAIN(1.0),21/07/26 11:00:00,A,PC_GDP,S1314,B9,HR,2018,0.0,,
ESTAT:GOV_10A_MAIN(1.0),21/07/26 11:00:00,A,PC_GDP,S1314,B9,HR,2019,0.1,,
ESTAT:GOV_10A_MAIN(1.0),21/07/26 11:00:00,A,PC_GDP,S1314,B9,HR,2020,-0.1,,
ESTAT:GOV_10A_MAIN(1.0),21/07/26 11:00:00,A,PC_GDP,S1314,B9,HR,2021,0.4,,
ESTAT:GOV_10A_MAIN(1.0),21/07/26 11:00:00,A,PC_GDP,S1314,B9,HR,2022,0.1,,
ESTAT:GOV_10A_MAIN(1.0),21/07/26 11:00:00,A,PC_GDP,S1314,B9,HR,2023,-0.1,,
ESTAT:GOV_10A_MAIN(1.0),21/07/26 11:00:00,A,PC_GDP,S1314,B9,HR,2024,0.0,,
ESTAT:GOV_10A_MAIN(1.0),21/07/26 11:00:00,A,PC_GDP,S1314,B9,HR,2025,-0.1,,
ESTAT:GOV_10A_MAIN(1.0),21/07/26 11:00:00,A,PC_GDP,S1314,B9,HU,1995,0.0,,
ESTAT:GOV_10A_MAIN(1.0),21/07/26 11:00:00,A,PC_GDP,S1314,B9,HU,1996,0.6,,
ESTAT:GOV_10A_MAIN(1.0),21/07/26 11:00:00,A,PC_GDP,S1314,B9,HU,1997,0.1,,
ESTAT:GOV_10A_MAIN(1.0),21/07/26 11:00:00,A,PC_GDP,S1314,B9,HU,1998,-0.3,,
ESTAT:GOV_10A_MAIN(1.0),21/07/26 11:00:00,A,PC_GDP,S1314,B9,HU,1999,-0.2,,
ESTAT:GOV_10A_MAIN(1.0),21/07/26 11:00:00,A,PC_GDP,S1314,B9,HU,2000,-0.1,,
ESTAT:GOV_10A_MAIN(1.0),21/07/26 11:00:00,A,PC_GDP,S1314,B9,HU,2001,0.5,,
ESTAT:GOV_10A_MAIN(1.0),21/07/26 11:00:00,A,PC_GDP,S1314,B9,HU,2002,-0.3,,
ESTAT:GOV_10A_MAIN(1.0),21/07/26 11:00:00,A,PC_GDP,S1314,B9,HU,2003,-1.3,,
ESTAT:GOV_10A_MAIN(1.0),21/07/26 11:00:00,A,PC_GDP,S1314,B9,HU,2004,-0.3,,
ESTAT:GOV_10A_MAIN(1.0),21/07/26 11:00:00,A,PC_GDP,S1314,B9,HU,2005,-0.2,,
ESTAT:GOV_10A_MAIN(1.0),21/07/26 11:00:00,A,PC_GDP,S1314,B9,HU,2006,1.5,,
ESTAT:GOV_10A_MAIN(1.0),21/07/26 11:00:00,A,PC_GDP,S1314,B9,HU,2007,0.7,,
ESTAT:GOV_10A_MAIN(1.0),21/07/26 11:00:00,A,PC_GDP,S1314,B9,HU,2008,-0.3,,
ESTAT:GOV_10A_MAIN(1.0),21/07/26 11:00:00,A,PC_GDP,S1314,B9,HU,2009,-0.4,,
ESTAT:GOV_10A_MAIN(1.0),21/07/26 11:00:00,A,PC_GDP,S1314,B9,HU,2010,0.2,,
ESTAT:GOV_10A_MAIN(1.0),21/07/26 11:00:00,A,PC_GDP,S1314,B9,HU,2011,0.0,,
ESTAT:GOV_10A_MAIN(1.0),21/07/26 11:00:00,A,PC_GDP,S1314,B9,HU,2012,0.0,,
ESTAT:GOV_10A_MAIN(1.0),21/07/26 11:00:00,A,PC_GDP,S1314,B9,HU,2013,0.5,,
ESTAT:GOV_10A_MAIN(1.0),21/07/26 11:00:00,A,PC_GDP,S1314,B9,HU,2014,0.1,,
ESTAT:GOV_10A_MAIN(1.0),21/07/26 11:00:00,A,PC_GDP,S1314,B9,HU,2015,0.0,,
ESTAT:GOV_10A_MAIN(1.0),21/07/26 11:00:00,A,PC_GDP,S1314,B9,HU,2016,-0.1,,
ESTAT:GOV_10A_MAIN(1.0),21/07/26 11:00:00,A,PC_GDP,S1314,B9,HU,2017,-0.1,,
ESTAT:GOV_10A_MAIN(1.0),21/07/26 11:00:00,A,PC_GDP,S1314,B9,HU,2018,0.2,,
ESTAT:GOV_10A_MAIN(1.0),21/07/26 11:00:00,A,PC_GDP,S1314,B9,HU,2019,-0.3,,
ESTAT:GOV_10A_MAIN(1.0),21/07/26 11:00:00,A,PC_GDP,S1314,B9,HU,2020,-0.9,,
ESTAT:GOV_10A_MAIN(1.0),21/07/26 11:00:00,A,PC_GDP,S1314,B9,HU,2021,0.5,,
ESTAT:GOV_10A_MAIN(1.0),21/07/26 11:00:00,A,PC_GDP,S1314,B9,HU,2022,0.1,,
ESTAT:GOV_10A_MAIN(1.0),21/07/26 11:00:00,A,PC_GDP,S1314,B9,HU,2023,0.1,,
ESTAT:GOV_10A_MAIN(1.0),21/07/26 11:00:00,A,PC_GDP,S1314,B9,HU,2024,0.3,,
ESTAT:GOV_10A_MAIN(1.0),21/07/26 11:00:00,A,PC_GDP,S1314,B9,HU,2025,0.1,,
ESTAT:GOV_10A_MAIN(1.0),21/07/26 11:00:00,A,PC_GDP,S1314,B9,IE,1995,0.0,,
ESTAT:GOV_10A_MAIN(1.0),21/07/26 11:00:00,A,PC_GDP,S1314,B9,IE,1996,0.0,,
ESTAT:GOV_10A_MAIN(1.0),21/07/26 11:00:00,A,PC_GDP,S1314,B9,IE,1997,0.0,,
ESTAT:GOV_10A_MAIN(1.0),21/07/26 11:00:00,A,PC_GDP,S1314,B9,IE,1998,0.1,,
ESTAT:GOV_10A_MAIN(1.0),21/07/26 11:00:00,A,PC_GDP,S1314,B9,IE,1999,0.3,,
ESTAT:GOV_10A_MAIN(1.0),21/07/26 11:00:00,A,PC_GDP,S1314,B9,IE,2000,0.6,,
ESTAT:GOV_10A_MAIN(1.0),21/07/26 11:00:00,A,PC_GDP,S1314,B9,IE,2001,0.6,,
ESTAT:GOV_10A_MAIN(1.0),21/07/26 11:00:00,A,PC_GDP,S1314,B9,IE,2002,-0.2,,
ESTAT:GOV_10A_MAIN(1.0),21/07/26 11:00:00,A,PC_GDP,S1314,B9,IE,2003,0.2,,
ESTAT:GOV_10A_MAIN(1.0),21/07/26 11:00:00,A,PC_GDP,S1314,B9,IE,2004,0.2,,
ESTAT:GOV_10A_MAIN(1.0),21/07/26 11:00:00,A,PC_GDP,S1314,B9,IE,2005,0.3,,
ESTAT:GOV_10A_MAIN(1.0),21/07/26 11:00:00,A,PC_GDP,S1314,B9,IE,2006,0.3,,
ESTAT:GOV_10A_MAIN(1.0),21/07/26 11:00:00,A,PC_GDP,S1314,B9,IE,2007,0.3,,
ESTAT:GOV_10A_MAIN(1.0),21/07/26 11:00:00,A,PC_GDP,S1314,B9,IE,2008,-0.2,,
ESTAT:GOV_10A_MAIN(1.0),21/07/26 11:00:00,A,PC_GDP,S1314,B9,IE,2009,-1.4,,
ESTAT:GOV_10A_MAIN(1.0),21/07/26 11:00:00,A,PC_GDP,S1314,B9,IE,2010,-0.6,,
ESTAT:GOV_10A_MAIN(1.0),21/07/26 11:00:00,A,PC_GDP,S1314,B9,IE,2011,-0.2,,
ESTAT:GOV_10A_MAIN(1.0),21/07/26 11:00:00,A,PC_GDP,S1314,B9,IE,2012,0.0,,
ESTAT:GOV_10A_MAIN(1.0),21/07/26 11:00:00,A,PC_GDP,S1314,B9,IE,2013,0.0,,
ESTAT:GOV_10A_MAIN(1.0),21/07/26 11:00:00,A,PC_GDP,S1314,B9,IE,2014,0.0,,
ESTAT:GOV_10A_MAIN(1.0),21/07/26 11:00:00,A,PC_GDP,S1314,B9,IE,2015,0.0,,
ESTAT:GOV_10A_MAIN(1.0),21/07/26 11:00:00,A,PC_GDP,S1314,B9,IE,2016,0.2,,
ESTAT:GOV_10A_MAIN(1.0),21/07/26 11:00:00,A,PC_GDP,S1314,B9,IE,2017,0.2,,
ESTAT:GOV_10A_MAIN(1.0),21/07/26 11:00:00,A,PC_GDP,S1314,B9,IE,2018,0.3,,
ESTAT:GOV_10A_MAIN(1.0),21/07/26 11:00:00,A,PC_GDP,S1314,B9,IE,2019,0.4,,
ESTAT:GOV_10A_MAIN(1.0),21/07/26 11:00:00,A,PC_GDP,S1314,B9,IE,2020,-0.9,,
ESTAT:GOV_10A_MAIN(1.0),21/07/26 11:00:00,A,PC_GDP,S1314,B9,IE,2021,0.0,,
ESTAT:GOV_10A_MAIN(1.0),21/07/26 11:00:00,A,PC_GDP,S1314,B9,IE,2022,0.4,,
ESTAT:GOV_10A_MAIN(1.0),21/07/26 11:00:00,A,PC_GDP,S1314,B9,IE,2023,0.6,,
ESTAT:GOV_10A_MAIN(1.0),21/07/26 11:00:00,A,PC_GDP,S1314,B9,IE,2024,0.7,,
ESTAT:GOV_10A_MAIN(1.0),21/07/26 11:00:00,A,PC_GDP,S1314,B9,IE,2025,0.7,,
ESTAT:GOV_10A_MAIN(1.0),21/07/26 11:00:00,A,PC_GDP,S1314,B9,IS,1998,0.2,,
ESTAT:GOV_10A_MAIN(1.0),21/07/26 11:00:00,A,PC_GDP,S1314,B9,IS,1999,0.3,,
ESTAT:GOV_10A_MAIN(1.0),21/07/26 11:00:00,A,PC_GDP,S1314,B9,IS,2000,0.3,,
ESTAT:GOV_10A_MAIN(1.0),21/07/26 11:00:00,A,PC_GDP,S1314,B9,IS,2001,0.4,,
ESTAT:GOV_10A_MAIN(1.0),21/07/26 11:00:00,A,PC_GDP,S1314,B9,IS,2002,0.0,,
ESTAT:GOV_10A_MAIN(1.0),21/07/26 11:00:00,A,PC_GDP,S1314,B9,IS,2003,-0.2,,
ESTAT:GOV_10A_MAIN(1.0),21/07/26 11:00:00,A,PC_GDP,S1314,B9,IS,2004,-0.2,,
ESTAT:GOV_10A_MAIN(1.0),21/07/26 11:00:00,A,PC_GDP,S1314,B9,IS,2005,0.3,,
ESTAT:GOV_10A_MAIN(1.0),21/07/26 11:00:00,A,PC_GDP,S1314,B9,IS,2006,0.7,,
ESTAT:GOV_10A_MAIN(1.0),21/07/26 11:00:00,A,PC_GDP,S1314,B9,IS,2007,0.8,,
ESTAT:GOV_10A_MAIN(1.0),21/07/26 11:00:00,A,PC_GDP,S1314,B9,IS,2008,0.3,,
ESTAT:GOV_10A_MAIN(1.0),21/07/26 11:00:00,A,PC_GDP,S1314,B9,IS,2009,-0.6,,
ESTAT:GOV_10A_MAIN(1.0),21/07/26 11:00:00,A,PC_GDP,S1314,B9,IS,2010,0.1,,
ESTAT:GOV_10A_MAIN(1.0),21/07/26 11:00:00,A,PC_GDP,S1314,B9,IS,2011,0.4,,
ESTAT:GOV_10A_MAIN(1.0),21/07/26 11:00:00,A,PC_GDP,S1314,B9,IS,2012,0.0,,
ESTAT:GOV_10A_MAIN(1.0),21/07/26 11:00:00,A,PC_GDP,S1314,B9,IS,2013,0.3,,
ESTAT:GOV_10A_MAIN(1.0),21/07/26 11:00:00,A,PC_GDP,S1314,B9,IS,2014,-0.1,,
ESTAT:GOV_10A_MAIN(1.0),21/07/26 11:00:00,A,PC_GDP,S1314,B9,IS,2015,0.0,,
ESTAT:GOV_10A_MAIN(1.0),21/07/26 11:00:00,A,PC_GDP,S1314,B9,IS,2016,0.2,,
ESTAT:GOV_10A_MAIN(1.0),21/07/26 11:00:00,A,PC_GDP,S1314,B9,IS,2017,0.1,,
ESTAT:GOV_10A_MAIN(1.0),21/07/26 11:00:00,A,PC_GDP,S1314,B9,IS,2018,0.2,,
ESTAT:GOV_10A_MAIN(1.0),21/07/26 11:00:00,A,PC_GDP,S1314,B9,IS,2019,0.1,,
ESTAT:GOV_10A_MAIN(1.0),21/07/26 11:00:00,A,PC_GDP,S1314,B9,IS,2020,0.3,,
ESTAT:GOV_10A_MAIN(1.0),21/07/26 11:00:00,A,PC_GDP,S1314,B9,IS,2021,0.3,,
ESTAT:GOV_10A_MAIN(1.0),21/07/26 11:00:00,A,PC_GDP,S1314,B9,IS,2022,0.4,,
ESTAT:GOV_10A_MAIN(1.0),21/07/26 11:00:00,A,PC_GDP,S1314,B9,IS,2023,0.1,,
ESTAT:GOV_10A_MAIN(1.0),21/07/26 11:00:00,A,PC_GDP,S1314,B9,IS,2024,-0.1,,
ESTAT:GOV_10A_MAIN(1.0),21/07/26 11:00:00,A,PC_GDP,S1314,B9,IS,2025,0.0,,
ESTAT:GOV_10A_MAIN(1.0),21/07/26 11:00:00,A,PC_GDP,S1314,B9,IT,1995,0.0,,
ESTAT:GOV_10A_MAIN(1.0),21/07/26 11:00:00,A,PC_GDP,S1314,B9,IT,1996,0.2,,
ESTAT:GOV_10A_MAIN(1.0),21/07/26 11:00:00,A,PC_GDP,S1314,B9,IT,1997,0.0,,
ESTAT:GOV_10A_MAIN(1.0),21/07/26 11:00:00,A,PC_GDP,S1314,B9,IT,1998,-0.3,,
ESTAT:GOV_10A_MAIN(1.0),21/07/26 11:00:00,A,PC_GDP,S1314,B9,IT,1999,0.3,,
ESTAT:GOV_10A_MAIN(1.0),21/07/26 11:00:00,A,PC_GDP,S1314,B9,IT,2000,0.1,,
ESTAT:GOV_10A_MAIN(1.0),21/07/26 11:00:00,A,PC_GDP,S1314,B9,IT,2001,0.1,,
ESTAT:GOV_10A_MAIN(1.0),21/07/26 11:00:00,A,PC_GDP,S1314,B9,IT,2002,0.8,,
ESTAT:GOV_10A_MAIN(1.0),21/07/26 11:00:00,A,PC_GDP,S1314,B9,IT,2003,-0.1,,
ESTAT:GOV_10A_MAIN(1.0),21/07/26 11:00:00,A,PC_GDP,S1314,B9,IT,2004,0.4,,
ESTAT:GOV_10A_MAIN(1.0),21/07/26 11:00:00,A,PC_GDP,S1314,B9,IT,2005,0.3,,
ESTAT:GOV_10A_MAIN(1.0),21/07/26 11:00:00,A,PC_GDP,S1314,B9,IT,2006,0.1,,
ESTAT:GOV_10A_MAIN(1.0),21/07/26 11:00:00,A,PC_GDP,S1314,B9,IT,2007,0.5,,
ESTAT:GOV_10A_MAIN(1.0),21/07/26 11:00:00,A,PC_GDP,S1314,B9,IT,2008,0.1,,
ESTAT:GOV_10A_MAIN(1.0),21/07/26 11:00:00,A,PC_GDP,S1314,B9,IT,2009,-0.3,,
ESTAT:GOV_10A_MAIN(1.0),21/07/26 11:00:00,A,PC_GDP,S1314,B9,IT,2010,0.3,,
ESTAT:GOV_10A_MAIN(1.0),21/07/26 11:00:00,A,PC_GDP,S1314,B9,IT,2011,0.2,,
ESTAT:GOV_10A_MAIN(1.0),21/07/26 11:00:00,A,PC_GDP,S1314,B9,IT,2012,0.2,,
ESTAT:GOV_10A_MAIN(1.0),21/07/26 11:00:00,A,PC_GDP,S1314,B9,IT,2013,0.2,,
ESTAT:GOV_10A_MAIN(1.0),21/07/26 11:00:00,A,PC_GDP,S1314,B9,IT,2014,0.1,,
ESTAT:GOV_10A_MAIN(1.0),21/07/26 11:00:00,A,PC_GDP,S1314,B9,IT,2015,0.2,,
ESTAT:GOV_10A_MAIN(1.0),21/07/26 11:00:00,A,PC_GDP,S1314,B9,IT,2016,0.2,,
ESTAT:GOV_10A_MAIN(1.0),21/07/26 11:00:00,A,PC_GDP,S1314,B9,IT,2017,0.2,,
ESTAT:GOV_10A_MAIN(1.0),21/07/26 11:00:00,A,PC_GDP,S1314,B9,IT,2018,0.2,,
ESTAT:GOV_10A_MAIN(1.0),21/07/26 11:00:00,A,PC_GDP,S1314,B9,IT,2019,0.2,,
ESTAT:GOV_10A_MAIN(1.0),21/07/26 11:00:00,A,PC_GDP,S1314,B9,IT,2020,0.1,,
ESTAT:GOV_10A_MAIN(1.0),21/07/26 11:00:00,A,PC_GDP,S1314,B9,IT,2021,0.3,,
ESTAT:GOV_10A_MAIN(1.0),21/07/26 11:00:00,A,PC_GDP,S1314,B9,IT,2022,0.1,,
ESTAT:GOV_10A_MAIN(1.0),21/07/26 11:00:00,A,PC_GDP,S1314,B9,IT,2023,0.2,,
ESTAT:GOV_10A_MAIN(1.0),21/07/26 11:00:00,A,PC_GDP,S1314,B9,IT,2024,0.4,,
ESTAT:GOV_10A_MAIN(1.0),21/07/26 11:00:00,A,PC_GDP,S1314,B9,IT,2025,0.4,,
ESTAT:GOV_10A_MAIN(1.0),21/07/26 11:00:00,A,PC_GDP,S1314,B9,LT,1995,1.3,,
ESTAT:GOV_10A_MAIN(1.0),21/07/26 11:00:00,A,PC_GDP,S1314,B9,LT,1996,0.6,,
ESTAT:GOV_10A_MAIN(1.0),21/07/26 11:00:00,A,PC_GDP,S1314,B9,LT,1997,0.5,,
ESTAT:GOV_10A_MAIN(1.0),21/07/26 11:00:00,A,PC_GDP,S1314,B9,LT,1998,-0.5,,
ESTAT:GOV_10A_MAIN(1.0),21/07/26 11:00:00,A,PC_GDP,S1314,B9,LT,1999,-0.4,,
ESTAT:GOV_10A_MAIN(1.0),21/07/26 11:00:00,A,PC_GDP,S1314,B9,LT,2000,-0.5,,
ESTAT:GOV_10A_MAIN(1.0),21/07/26 11:00:00,A,PC_GDP,S1314,B9,LT,2001,-0.5,,
ESTAT:GOV_10A_MAIN(1.0),21/07/26 11:00:00,A,PC_GDP,S1314,B9,LT,2002,0.3,,
ESTAT:GOV_10A_MAIN(1.0),21/07/26 11:00:00,A,PC_GDP,S1314,B9,LT,2003,0.5,,
ESTAT:GOV_10A_MAIN(1.0),21/07/26 11:00:00,A,PC_GDP,S1314,B9,LT,2004,0.7,,
ESTAT:GOV_10A_MAIN(1.0),21/07/26 11:00:00,A,PC_GDP,S1314,B9,LT,2005,0.6,,
ESTAT:GOV_10A_MAIN(1.0),21/07/26 11:00:00,A,PC_GDP,S1314,B9,LT,2006,0.7,,
ESTAT:GOV_10A_MAIN(1.0),21/07/26 11:00:00,A,PC_GDP,S1314,B9,LT,2007,-0.1,,
ESTAT:GOV_10A_MAIN(1.0),21/07/26 11:00:00,A,PC_GDP,S1314,B9,LT,2008,-1.0,,
ESTAT:GOV_10A_MAIN(1.0),21/07/26 11:00:00,A,PC_GDP,S1314,B9,LT,2009,-3.2,,
ESTAT:GOV_10A_MAIN(1.0),21/07/26 11:00:00,A,PC_GDP,S1314,B9,LT,2010,-2.6,,
ESTAT:GOV_10A_MAIN(1.0),21/07/26 11:00:00,A,PC_GDP,S1314,B9,LT,2011,-1.8,,
ESTAT:GOV_10A_MAIN(1.0),21/07/26 11:00:00,A,PC_GDP,S1314,B9,LT,2012,-1.7,,
ESTAT:GOV_10A_MAIN(1.0),21/07/26 11:00:00,A,PC_GDP,S1314,B9,LT,2013,-1.0,,
ESTAT:GOV_10A_MAIN(1.0),21/07/26 11:00:00,A,PC_GDP,S1314,B9,LT,2014,-1.2,,
ESTAT:GOV_10A_MAIN(1.0),21/07/26 11:00:00,A,PC_GDP,S1314,B9,LT,2015,0.0,,
ESTAT:GOV_10A_MAIN(1.0),21/07/26 11:00:00,A,PC_GDP,S1314,B9,LT,2016,0.0,,
ESTAT:GOV_10A_MAIN(1.0),21/07/26 11:00:00,A,PC_GDP,S1314,B9,LT,2017,0.4,,
ESTAT:GOV_10A_MAIN(1.0),21/07/26 11:00:00,A,PC_GDP,S1314,B9,LT,2018,8.7,,
ESTAT:GOV_10A_MAIN(1.0),21/07/26 11:00:00,A,PC_GDP,S1314,B9,LT,2019,0.7,,
ESTAT:GOV_10A_MAIN(1.0),21/07/26 11:00:00,A,PC_GDP,S1314,B9,LT,2020,0.6,,
ESTAT:GOV_10A_MAIN(1.0),21/07/26 11:00:00,A,PC_GDP,S1314,B9,LT,2021,1.4,,
ESTAT:GOV_10A_MAIN(1.0),21/07/26 11:00:00,A,PC_GDP,S1314,B9,LT,2022,1.5,,
ESTAT:GOV_10A_MAIN(1.0),21/07/26 11:00:00,A,PC_GDP,S1314,B9,LT,2023,1.3,,
ESTAT:GOV_10A_MAIN(1.0),21/07/26 11:00:00,A,PC_GDP,S1314,B9,LT,2024,1.3,,
ESTAT:GOV_10A_MAIN(1.0),21/07/26 11:00:00,A,PC_GDP,S1314,B9,LT,2025,1.1,,
ESTAT:GOV_10A_MAIN(1.0),21/07/26 11:00:00,A,PC_GDP,S1314,B9,LU,1995,1.5,,
ESTAT:GOV_10A_MAIN(1.0),21/07/26 11:00:00,A,PC_GDP,S1314,B9,LU,1996,1.2,,
ESTAT:GOV_10A_MAIN(1.0),21/07/26 11:00:00,A,PC_GDP,S1314,B9,LU,1997,0.9,,
ESTAT:GOV_10A_MAIN(1.0),21/07/26 11:00:00,A,PC_GDP,S1314,B9,LU,1998,1.4,,
ESTAT:GOV_10A_MAIN(1.0),21/07/26 11:00:00,A,PC_GDP,S1314,B9,LU,1999,1.4,,
ESTAT:GOV_10A_MAIN(1.0),21/07/26 11:00:00,A,PC_GDP,S1314,B9,LU,2000,2.4,,
ESTAT:GOV_10A_MAIN(1.0),21/07/26 11:00:00,A,PC_GDP,S1314,B9,LU,2001,2.8,,
ESTAT:GOV_10A_MAIN(1.0),21/07/26 11:00:00,A,PC_GDP,S1314,B9,LU,2002,2.2,,
ESTAT:GOV_10A_MAIN(1.0),21/07/26 11:00:00,A,PC_GDP,S1314,B9,LU,2003,1.7,,
ESTAT:GOV_10A_MAIN(1.0),21/07/26 11:00:00,A,PC_GDP,S1314,B9,LU,2004,1.4,,
ESTAT:GOV_10A_MAIN(1.0),21/07/26 11:00:00,A,PC_GDP,S1314,B9,LU,2005,1.6,,
ESTAT:GOV_10A_MAIN(1.0),21/07/26 11:00:00,A,PC_GDP,S1314,B9,LU,2006,1.8,,
ESTAT:GOV_10A_MAIN(1.0),21/07/26 11:00:00,A,PC_GDP,S1314,B9,LU,2007,2.4,,
ESTAT:GOV_10A_MAIN(1.0),21/07/26 11:00:00,A,PC_GDP,S1314,B9,LU,2008,2.7,,
ESTAT:GOV_10A_MAIN(1.0),21/07/26 11:00:00,A,PC_GDP,S1314,B9,LU,2009,1.9,,
ESTAT:GOV_10A_MAIN(1.0),21/07/26 11:00:00,A,PC_GDP,S1314,B9,LU,2010,1.6,,
ESTAT:GOV_10A_MAIN(1.0),21/07/26 11:00:00,A,PC_GDP,S1314,B9,LU,2011,1.8,,
ESTAT:GOV_10A_MAIN(1.0),21/07/26 11:00:00,A,PC_GDP,S1314,B9,LU,2012,1.8,,
ESTAT:GOV_10A_MAIN(1.0),21/07/26 11:00:00,A,PC_GDP,S1314,B9,LU,2013,1.5,,
ESTAT:GOV_10A_MAIN(1.0),21/07/26 11:00:00,A,PC_GDP,S1314,B9,LU,2014,1.3,,
ESTAT:GOV_10A_MAIN(1.0),21/07/26 11:00:00,A,PC_GDP,S1314,B9,LU,2015,1.4,,
ESTAT:GOV_10A_MAIN(1.0),21/07/26 11:00:00,A,PC_GDP,S1314,B9,LU,2016,1.7,,
ESTAT:GOV_10A_MAIN(1.0),21/07/26 11:00:00,A,PC_GDP,S1314,B9,LU,2017,1.7,,
ESTAT:GOV_10A_MAIN(1.0),21/07/26 11:00:00,A,PC_GDP,S1314,B9,LU,2018,1.8,,
ESTAT:GOV_10A_MAIN(1.0),21/07/26 11:00:00,A,PC_GDP,S1314,B9,LU,2019,2.0,,
ESTAT:GOV_10A_MAIN(1.0),21/07/26 11:00:00,A,PC_GDP,S1314,B9,LU,2020,1.3,,
ESTAT:GOV_10A_MAIN(1.0),21/07/26 11:00:00,A,PC_GDP,S1314,B9,LU,2021,1.3,,
ESTAT:GOV_10A_MAIN(1.0),21/07/26 11:00:00,A,PC_GDP,S1314,B9,LU,2022,1.3,,
ESTAT:GOV_10A_MAIN(1.0),21/07/26 11:00:00,A,PC_GDP,S1314,B9,LU,2023,1.4,,
ESTAT:GOV_10A_MAIN(1.0),21/07/26 11:00:00,A,PC_GDP,S1314,B9,LU,2024,1.1,,
ESTAT:GOV_10A_MAIN(1.0),21/07/26 11:00:00,A,PC_GDP,S1314,B9,LU,2025,0.8,,
ESTAT:GOV_10A_MAIN(1.0),21/07/26 11:00:00,A,PC_GDP,S1314,B9,LV,1995,1.5,,
ESTAT:GOV_10A_MAIN(1.0),21/07/26 11:00:00,A,PC_GDP,S1314,B9,LV,1996,0.4,,
ESTAT:GOV_10A_MAIN(1.0),21/07/26 11:00:00,A,PC_GDP,S1314,B9,LV,1997,0.7,,
ESTAT:GOV_10A_MAIN(1.0),21/07/26 11:00:00,A,PC_GDP,S1314,B9,LV,1998,-0.3,,
ESTAT:GOV_10A_MAIN(1.0),21/07/26 11:00:00,A,PC_GDP,S1314,B9,LV,1999,-1.4,,
ESTAT:GOV_10A_MAIN(1.0),21/07/26 11:00:00,A,PC_GDP,S1314,B9,LV,2000,-0.5,,
ESTAT:GOV_10A_MAIN(1.0),21/07/26 11:00:00,A,PC_GDP,S1314,B9,LV,2001,-0.2,,
ESTAT:GOV_10A_MAIN(1.0),21/07/26 11:00:00,A,PC_GDP,S1314,B9,LV,2002,0.3,,
ESTAT:GOV_10A_MAIN(1.0),21/07/26 11:00:00,A,PC_GDP,S1314,B9,LV,2003,0.7,,
ESTAT:GOV_10A_MAIN(1.0),21/07/26 11:00:00,A,PC_GDP,S1314,B9,LV,2004,1.0,,
ESTAT:GOV_10A_MAIN(1.0),21/07/26 11:00:00,A,PC_GDP,S1314,B9,LV,2005,1.3,,
ESTAT:GOV_10A_MAIN(1.0),21/07/26 11:00:00,A,PC_GDP,S1314,B9,LV,2006,1.9,,
ESTAT:GOV_10A_MAIN(1.0),21/07/26 11:00:00,A,PC_GDP,S1314,B9,LV,2007,2.5,,
ESTAT:GOV_10A_MAIN(1.0),21/07/26 11:00:00,A,PC_GDP,S1314,B9,LV,2008,1.4,,
ESTAT:GOV_10A_MAIN(1.0),21/07/26 11:00:00,A,PC_GDP,S1314,B9,LV,2009,-1.8,,
ESTAT:GOV_10A_MAIN(1.0),21/07/26 11:00:00,A,PC_GDP,S1314,B9,LV,2010,-2.6,,
ESTAT:GOV_10A_MAIN(1.0),21/07/26 11:00:00,A,PC_GDP,S1314,B9,LV,2011,-0.9,,
ESTAT:GOV_10A_MAIN(1.0),21/07/26 11:00:00,A,PC_GDP,S1314,B9,LV,2012,-0.2,,
ESTAT:GOV_10A_MAIN(1.0),21/07/26 11:00:00,A,PC_GDP,S1314,B9,LV,2013,-0.4,,
ESTAT:GOV_10A_MAIN(1.0),21/07/26 11:00:00,A,PC_GDP,S1314,B9,LV,2014,0.4,,
ESTAT:GOV_10A_MAIN(1.0),21/07/26 11:00:00,A,PC_GDP,S1314,B9,LV,2015,0.2,,
ESTAT:GOV_10A_MAIN(1.0),21/07/26 11:00:00,A,PC_GDP,S1314,B9,LV,2016,-0.1,,
ESTAT:GOV_10A_MAIN(1.0),21/07/26 11:00:00,A,PC_GDP,S1314,B9,LV,2017,0.4,,
ESTAT:GOV_10A_MAIN(1.0),21/07/26 11:00:00,A,PC_GDP,S1314,B9,LV,2018,0.9,,
ESTAT:GOV_10A_MAIN(1.0),21/07/26 11:00:00,A,PC_GDP,S1314,B9,LV,2019,1.0,,
ESTAT:GOV_10A_MAIN(1.0),21/07/26 11:00:00,A,PC_GDP,S1314,B9,LV,2020,0.6,,
ESTAT:GOV_10A_MAIN(1.0),21/07/26 11:00:00,A,PC_GDP,S1314,B9,LV,2021,0.7,,
ESTAT:GOV_10A_MAIN(1.0),21/07/26 11:00:00,A,PC_GDP,S1314,B9,LV,2022,0.6,,
ESTAT:GOV_10A_MAIN(1.0),21/07/26 11:00:00,A,PC_GDP,S1314,B9,LV,2023,0.7,,
ESTAT:GOV_10A_MAIN(1.0),21/07/26 11:00:00,A,PC_GDP,S1314,B9,LV,2024,0.8,,
ESTAT:GOV_10A_MAIN(1.0),21/07/26 11:00:00,A,PC_GDP,S1314,B9,LV,2025,1.1,,
ESTAT:GOV_10A_MAIN(1.0),21/07/26 11:00:00,A,PC_GDP,S1314,B9,MT,1995,,m,
ESTAT:GOV_10A_MAIN(1.0),21/07/26 11:00:00,A,PC_GDP,S1314,B9,MT,1996,,m,
ESTAT:GOV_10A_MAIN(1.0),21/07/26 11:00:00,A,PC_GDP,S1314,B9,MT,1997,,m,
ESTAT:GOV_10A_MAIN(1.0),21/07/26 11:00:00,A,PC_GDP,S1314,B9,MT,1998,,m,
ESTAT:GOV_10A_MAIN(1.0),21/07/26 11:00:00,A,PC_GDP,S1314,B9,MT,1999,,m,
ESTAT:GOV_10A_MAIN(1.0),21/07/26 11:00:00,A,PC_GDP,S1314,B9,MT,2000,,m,
ESTAT:GOV_10A_MAIN(1.0),21/07/26 11:00:00,A,PC_GDP,S1314,B9,MT,2001,,m,
ESTAT:GOV_10A_MAIN(1.0),21/07/26 11:00:00,A,PC_GDP,S1314,B9,MT,2002,,m,
ESTAT:GOV_10A_MAIN(1.0),21/07/26 11:00:00,A,PC_GDP,S1314,B9,MT,2003,,m,
ESTAT:GOV_10A_MAIN(1.0),21/07/26 11:00:00,A,PC_GDP,S1314,B9,MT,2004,,m,
ESTAT:GOV_10A_MAIN(1.0),21/07/26 11:00:00,A,PC_GDP,S1314,B9,MT,2005,,m,
ESTAT:GOV_10A_MAIN(1.0),21/07/26 11:00:00,A,PC_GDP,S1314,B9,MT,2006,,m,
ESTAT:GOV_10A_MAIN(1.0),21/07/26 11:00:00,A,PC_GDP,S1314,B9,MT,2007,,m,
ESTAT:GOV_10A_MAIN(1.0),21/07/26 11:00:00,A,PC_GDP,S1314,B9,MT,2008,,m,
ESTAT:GOV_10A_MAIN(1.0),21/07/26 11:00:00,A,PC_GDP,S1314,B9,MT,2009,,m,
ESTAT:GOV_10A_MAIN(1.0),21/07/26 11:00:00,A,PC_GDP,S1314,B9,MT,2010,,m,
ESTAT:GOV_10A_MAIN(1.0),21/07/26 11:00:00,A,PC_GDP,S1314,B9,MT,2011,,m,
ESTAT:GOV_10A_MAIN(1.0),21/07/26 11:00:00,A,PC_GDP,S1314,B9,MT,2012,,m,
ESTAT:GOV_10A_MAIN(1.0),21/07/26 11:00:00,A,PC_GDP,S1314,B9,MT,2013,,m,
ESTAT:GOV_10A_MAIN(1.0),21/07/26 11:00:00,A,PC_GDP,S1314,B9,MT,2014,,m,
ESTAT:GOV_10A_MAIN(1.0),21/07/26 11:00:00,A,PC_GDP,S1314,B9,MT,2015,,m,
ESTAT:GOV_10A_MAIN(1.0),21/07/26 11:00:00,A,PC_GDP,S1314,B9,MT,2016,,m,
ESTAT:GOV_10A_MAIN(1.0),21/07/26 11:00:00,A,PC_GDP,S1314,B9,MT,2017,,m,
ESTAT:GOV_10A_MAIN(1.0),21/07/26 11:00:00,A,PC_GDP,S1314,B9,MT,2018,,m,
ESTAT:GOV_10A_MAIN(1.0),21/07/26 11:00:00,A,PC_GDP,S1314,B9,MT,2019,,m,
ESTAT:GOV_10A_MAIN(1.0),21/07/26 11:00:00,A,PC_GDP,S1314,B9,MT,2020,,m,
ESTAT:GOV_10A_MAIN(1.0),21/07/26 11:00:00,A,PC_GDP,S1314,B9,MT,2021,,m,
ESTAT:GOV_10A_MAIN(1.0),21/07/26 11:00:00,A,PC_GDP,S1314,B9,MT,2022,,m,
ESTAT:GOV_10A_MAIN(1.0),21/07/26 11:00:00,A,PC_GDP,S1314,B9,MT,2023,,m,
ESTAT:GOV_10A_MAIN(1.0),21/07/26 11:00:00,A,PC_GDP,S1314,B9,MT,2024,,m,
ESTAT:GOV_10A_MAIN(1.0),21/07/26 11:00:00,A,PC_GDP,S1314,B9,MT,2025,,m,
ESTAT:GOV_10A_MAIN(1.0),21/07/26 11:00:00,A,PC_GDP,S1314,B9,NL,1995,-0.7,,
ESTAT:GOV_10A_MAIN(1.0),21/07/26 11:00:00,A,PC_GDP,S1314,B9,NL,1996,-0.5,,
ESTAT:GOV_10A_MAIN(1.0),21/07/26 11:00:00,A,PC_GDP,S1314,B9,NL,1997,0.0,,
ESTAT:GOV_10A_MAIN(1.0),21/07/26 11:00:00,A,PC_GDP,S1314,B9,NL,1998,0.3,,
ESTAT:GOV_10A_MAIN(1.0),21/07/26 11:00:00,A,PC_GDP,S1314,B9,NL,1999,1.1,,
ESTAT:GOV_10A_MAIN(1.0),21/07/26 11:00:00,A,PC_GDP,S1314,B9,NL,2000,1.4,,
ESTAT:GOV_10A_MAIN(1.0),21/07/26 11:00:00,A,PC_GDP,S1314,B9,NL,2001,0.0,,
ESTAT:GOV_10A_MAIN(1.0),21/07/26 11:00:00,A,PC_GDP,S1314,B9,NL,2002,-0.4,,
ESTAT:GOV_10A_MAIN(1.0),21/07/26 11:00:00,A,PC_GDP,S1314,B9,NL,2003,0.0,,
ESTAT:GOV_10A_MAIN(1.0),21/07/26 11:00:00,A,PC_GDP,S1314,B9,NL,2004,0.1,,
ESTAT:GOV_10A_MAIN(1.0),21/07/26 11:00:00,A,PC_GDP,S1314,B9,NL,2005,-0.1,,
ESTAT:GOV_10A_MAIN(1.0),21/07/26 11:00:00,A,PC_GDP,S1314,B9,NL,2006,-0.3,,
ESTAT:GOV_10A_MAIN(1.0),21/07/26 11:00:00,A,PC_GDP,S1314,B9,NL,2007,-0.1,,
ESTAT:GOV_10A_MAIN(1.0),21/07/26 11:00:00,A,PC_GDP,S1314,B9,NL,2008,0.5,,
ESTAT:GOV_10A_MAIN(1.0),21/07/26 11:00:00,A,PC_GDP,S1314,B9,NL,2009,-1.2,,
ESTAT:GOV_10A_MAIN(1.0),21/07/26 11:00:00,A,PC_GDP,S1314,B9,NL,2010,-0.3,,
ESTAT:GOV_10A_MAIN(1.0),21/07/26 11:00:00,A,PC_GDP,S1314,B9,NL,2011,-1.1,,
ESTAT:GOV_10A_MAIN(1.0),21/07/26 11:00:00,A,PC_GDP,S1314,B9,NL,2012,-0.5,,
ESTAT:GOV_10A_MAIN(1.0),21/07/26 11:00:00,A,PC_GDP,S1314,B9,NL,2013,-1.3,,
ESTAT:GOV_10A_MAIN(1.0),21/07/26 11:00:00,A,PC_GDP,S1314,B9,NL,2014,-1.0,,
ESTAT:GOV_10A_MAIN(1.0),21/07/26 11:00:00,A,PC_GDP,S1314,B9,NL,2015,0.0,,
ESTAT:GOV_10A_MAIN(1.0),21/07/26 11:00:00,A,PC_GDP,S1314,B9,NL,2016,1.1,,
ESTAT:GOV_10A_MAIN(1.0),21/07/26 11:00:00,A,PC_GDP,S1314,B9,NL,2017,0.3,,
ESTAT:GOV_10A_MAIN(1.0),21/07/26 11:00:00,A,PC_GDP,S1314,B9,NL,2018,0.8,,
ESTAT:GOV_10A_MAIN(1.0),21/07/26 11:00:00,A,PC_GDP,S1314,B9,NL,2019,0.8,,
ESTAT:GOV_10A_MAIN(1.0),21/07/26 11:00:00,A,PC_GDP,S1314,B9,NL,2020,0.5,,
ESTAT:GOV_10A_MAIN(1.0),21/07/26 11:00:00,A,PC_GDP,S1314,B9,NL,2021,0.9,,
ESTAT:GOV_10A_MAIN(1.0),21/07/26 11:00:00,A,PC_GDP,S1314,B9,NL,2022,1.1,,
ESTAT:GOV_10A_MAIN(1.0),21/07/26 11:00:00,A,PC_GDP,S1314,B9,NL,2023,1.9,,
ESTAT:GOV_10A_MAIN(1.0),21/07/26 11:00:00,A,PC_GDP,S1314,B9,NL,2024,1.3,,
ESTAT:GOV_10A_MAIN(1.0),21/07/26 11:00:00,A,PC_GDP,S1314,B9,NL,2025,0.8,p,
ESTAT:GOV_10A_MAIN(1.0),21/07/26 11:00:00,A,PC_GDP,S1314,B9,NO,1995,,m,
ESTAT:GOV_10A_MAIN(1.0),21/07/26 11:00:00,A,PC_GDP,S1314,B9,NO,1996,,m,
ESTAT:GOV_10A_MAIN(1.0),21/07/26 11:00:00,A,PC_GDP,S1314,B9,NO,1997,,m,
ESTAT:GOV_10A_MAIN(1.0),21/07/26 11:00:00,A,PC_GDP,S1314,B9,NO,1998,,m,
ESTAT:GOV_10A_MAIN(1.0),21/07/26 11:00:00,A,PC_GDP,S1314,B9,NO,1999,,m,
ESTAT:GOV_10A_MAIN(1.0),21/07/26 11:00:00,A,PC_GDP,S1314,B9,NO,2000,,m,
ESTAT:GOV_10A_MAIN(1.0),21/07/26 11:00:00,A,PC_GDP,S1314,B9,NO,2001,,m,
ESTAT:GOV_10A_MAIN(1.0),21/07/26 11:00:00,A,PC_GDP,S1314,B9,NO,2002,,m,
ESTAT:GOV_10A_MAIN(1.0),21/07/26 11:00:00,A,PC_GDP,S1314,B9,NO,2003,,m,
ESTAT:GOV_10A_MAIN(1.0),21/07/26 11:00:00,A,PC_GDP,S1314,B9,NO,2004,,m,
ESTAT:GOV_10A_MAIN(1.0),21/07/26 11:00:00,A,PC_GDP,S1314,B9,NO,2005,,m,
ESTAT:GOV_10A_MAIN(1.0),21/07/26 11:00:00,A,PC_GDP,S1314,B9,NO,2006,,m,
ESTAT:GOV_10A_MAIN(1.0),21/07/26 11:00:00,A,PC_GDP,S1314,B9,NO,2007,,m,
ESTAT:GOV_10A_MAIN(1.0),21/07/26 11:00:00,A,PC_GDP,S1314,B9,NO,2008,,m,
ESTAT:GOV_10A_MAIN(1.0),21/07/26 11:00:00,A,PC_GDP,S1314,B9,NO,2009,,m,
ESTAT:GOV_10A_MAIN(1.0),21/07/26 11:00:00,A,PC_GDP,S1314,B9,NO,2010,,m,
ESTAT:GOV_10A_MAIN(1.0),21/07/26 11:00:00,A,PC_GDP,S1314,B9,NO,2011,,m,
ESTAT:GOV_10A_MAIN(1.0),21/07/26 11:00:00,A,PC_GDP,S1314,B9,NO,2012,,m,
ESTAT:GOV_10A_MAIN(1.0),21/07/26 11:00:00,A,PC_GDP,S1314,B9,NO,2013,,m,
ESTAT:GOV_10A_MAIN(1.0),21/07/26 11:00:00,A,PC_GDP,S1314,B9,NO,2014,,m,
ESTAT:GOV_10A_MAIN(1.0),21/07/26 11:00:00,A,PC_GDP,S1314,B9,NO,2015,,m,
ESTAT:GOV_10A_MAIN(1.0),21/07/26 11:00:00,A,PC_GDP,S1314,B9,NO,2016,,m,
ESTAT:GOV_10A_MAIN(1.0),21/07/26 11:00:00,A,PC_GDP,S1314,B9,NO,2017,,m,
ESTAT:GOV_10A_MAIN(1.0),21/07/26 11:00:00,A,PC_GDP,S1314,B9,NO,2018,,m,
ESTAT:GOV_10A_MAIN(1.0),21/07/26 11:00:00,A,PC_GDP,S1314,B9,NO,2019,,m,
ESTAT:GOV_10A_MAIN(1.0),21/07/26 11:00:00,A,PC_GDP,S1314,B9,NO,2020,,m,
ESTAT:GOV_10A_MAIN(1.0),21/07/26 11:00:00,A,PC_GDP,S1314,B9,NO,2021,,m,
ESTAT:GOV_10A_MAIN(1.0),21/07/26 11:00:00,A,PC_GDP,S1314,B9,NO,2022,,m,
ESTAT:GOV_10A_MAIN(1.0),21/07/26 11:00:00,A,PC_GDP,S1314,B9,NO,2023,,m,
ESTAT:GOV_10A_MAIN(1.0),21/07/26 11:00:00,A,PC_GDP,S1314,B9,NO,2024,,m,
ESTAT:GOV_10A_MAIN(1.0),21/07/26 11:00:00,A,PC_GDP,S1314,B9,NO,2025,,m,
ESTAT:GOV_10A_MAIN(1.0),21/07/26 11:00:00,A,PC_GDP,S1314,B9,PL,1995,1.8,,
ESTAT:GOV_10A_MAIN(1.0),21/07/26 11:00:00,A,PC_GDP,S1314,B9,PL,1996,2.0,,
ESTAT:GOV_10A_MAIN(1.0),21/07/26 11:00:00,A,PC_GDP,S1314,B9,PL,1997,2.0,,
ESTAT:GOV_10A_MAIN(1.0),21/07/26 11:00:00,A,PC_GDP,S1314,B9,PL,1998,1.5,,
ESTAT:GOV_10A_MAIN(1.0),21/07/26 11:00:00,A,PC_GDP,S1314,B9,PL,1999,0.0,,
ESTAT:GOV_10A_MAIN(1.0),21/07/26 11:00:00,A,PC_GDP,S1314,B9,PL,2000,-0.9,,
ESTAT:GOV_10A_MAIN(1.0),21/07/26 11:00:00,A,PC_GDP,S1314,B9,PL,2001,-0.3,,
ESTAT:GOV_10A_MAIN(1.0),21/07/26 11:00:00,A,PC_GDP,S1314,B9,PL,2002,-0.4,,
ESTAT:GOV_10A_MAIN(1.0),21/07/26 11:00:00,A,PC_GDP,S1314,B9,PL,2003,-0.3,,
ESTAT:GOV_10A_MAIN(1.0),21/07/26 11:00:00,A,PC_GDP,S1314,B9,PL,2004,-0.3,,
ESTAT:GOV_10A_MAIN(1.0),21/07/26 11:00:00,A,PC_GDP,S1314,B9,PL,2005,0.2,,
ESTAT:GOV_10A_MAIN(1.0),21/07/26 11:00:00,A,PC_GDP,S1314,B9,PL,2006,0.7,,
ESTAT:GOV_10A_MAIN(1.0),21/07/26 11:00:00,A,PC_GDP,S1314,B9,PL,2007,1.1,,
ESTAT:GOV_10A_MAIN(1.0),21/07/26 11:00:00,A,PC_GDP,S1314,B9,PL,2008,0.4,,
ESTAT:GOV_10A_MAIN(1.0),21/07/26 11:00:00,A,PC_GDP,S1314,B9,PL,2009,-0.9,,
ESTAT:GOV_10A_MAIN(1.0),21/07/26 11:00:00,A,PC_GDP,S1314,B9,PL,2010,-0.2,,
ESTAT:GOV_10A_MAIN(1.0),21/07/26 11:00:00,A,PC_GDP,S1314,B9,PL,2011,-0.1,,
ESTAT:GOV_10A_MAIN(1.0),21/07/26 11:00:00,A,PC_GDP,S1314,B9,PL,2012,0.2,,
ESTAT:GOV_10A_MAIN(1.0),21/07/26 11:00:00,A,PC_GDP,S1314,B9,PL,2013,-0.3,,
ESTAT:GOV_10A_MAIN(1.0),21/07/26 11:00:00,A,PC_GDP,S1314,B9,PL,2014,-1.1,,
ESTAT:GOV_10A_MAIN(1.0),21/07/26 11:00:00,A,PC_GDP,S1314,B9,PL,2015,-0.4,,
ESTAT:GOV_10A_MAIN(1.0),21/07/26 11:00:00,A,PC_GDP,S1314,B9,PL,2016,-0.1,,
ESTAT:GOV_10A_MAIN(1.0),21/07/26 11:00:00,A,PC_GDP,S1314,B9,PL,2017,2.1,,
ESTAT:GOV_10A_MAIN(1.0),21/07/26 11:00:00,A,PC_GDP,S1314,B9,PL,2018,0.6,,
ESTAT:GOV_10A_MAIN(1.0),21/07/26 11:00:00,A,PC_GDP,S1314,B9,PL,2019,0.6,,
ESTAT:GOV_10A_MAIN(1.0),21/07/26 11:00:00,A,PC_GDP,S1314,B9,PL,2020,0.7,,
ESTAT:GOV_10A_MAIN(1.0),21/07/26 11:00:00,A,PC_GDP,S1314,B9,PL,2021,-0.5,,
ESTAT:GOV_10A_MAIN(1.0),21/07/26 11:00:00,A,PC_GDP,S1314,B9,PL,2022,0.0,,
ESTAT:GOV_10A_MAIN(1.0),21/07/26 11:00:00,A,PC_GDP,S1314,B9,PL,2023,-0.4,,
ESTAT:GOV_10A_MAIN(1.0),21/07/26 11:00:00,A,PC_GDP,S1314,B9,PL,2024,-0.2,,
ESTAT:GOV_10A_MAIN(1.0),21/07/26 11:00:00,A,PC_GDP,S1314,B9,PL,2025,-0.1,,
ESTAT:GOV_10A_MAIN(1.0),21/07/26 11:00:00,A,PC_GDP,S1314,B9,PT,1995,-0.5,,
ESTAT:GOV_10A_MAIN(1.0),21/07/26 11:00:00,A,PC_GDP,S1314,B9,PT,1996,0.9,,
ESTAT:GOV_10A_MAIN(1.0),21/07/26 11:00:00,A,PC_GDP,S1314,B9,PT,1997,0.6,,
ESTAT:GOV_10A_MAIN(1.0),21/07/26 11:00:00,A,PC_GDP,S1314,B9,PT,1998,0.1,,
ESTAT:GOV_10A_MAIN(1.0),21/07/26 11:00:00,A,PC_GDP,S1314,B9,PT,1999,0.1,,
ESTAT:GOV_10A_MAIN(1.0),21/07/26 11:00:00,A,PC_GDP,S1314,B9,PT,2000,0.1,,
ESTAT:GOV_10A_MAIN(1.0),21/07/26 11:00:00,A,PC_GDP,S1314,B9,PT,2001,-0.2,,
ESTAT:GOV_10A_MAIN(1.0),21/07/26 11:00:00,A,PC_GDP,S1314,B9,PT,2002,0.7,,
ESTAT:GOV_10A_MAIN(1.0),21/07/26 11:00:00,A,PC_GDP,S1314,B9,PT,2003,0.3,,
ESTAT:GOV_10A_MAIN(1.0),21/07/26 11:00:00,A,PC_GDP,S1314,B9,PT,2004,0.2,,
ESTAT:GOV_10A_MAIN(1.0),21/07/26 11:00:00,A,PC_GDP,S1314,B9,PT,2005,0.3,,
ESTAT:GOV_10A_MAIN(1.0),21/07/26 11:00:00,A,PC_GDP,S1314,B9,PT,2006,0.5,,
ESTAT:GOV_10A_MAIN(1.0),21/07/26 11:00:00,A,PC_GDP,S1314,B9,PT,2007,0.8,,
ESTAT:GOV_10A_MAIN(1.0),21/07/26 11:00:00,A,PC_GDP,S1314,B9,PT,2008,0.9,,
ESTAT:GOV_10A_MAIN(1.0),21/07/26 11:00:00,A,PC_GDP,S1314,B9,PT,2009,0.2,,
ESTAT:GOV_10A_MAIN(1.0),21/07/26 11:00:00,A,PC_GDP,S1314,B9,PT,2010,0.4,,
ESTAT:GOV_10A_MAIN(1.0),21/07/26 11:00:00,A,PC_GDP,S1314,B9,PT,2011,0.2,,
ESTAT:GOV_10A_MAIN(1.0),21/07/26 11:00:00,A,PC_GDP,S1314,B9,PT,2012,0.2,,
ESTAT:GOV_10A_MAIN(1.0),21/07/26 11:00:00,A,PC_GDP,S1314,B9,PT,2013,0.2,,
ESTAT:GOV_10A_MAIN(1.0),21/07/26 11:00:00,A,PC_GDP,S1314,B9,PT,2014,0.5,,
ESTAT:GOV_10A_MAIN(1.0),21/07/26 11:00:00,A,PC_GDP,S1314,B9,PT,2015,0.6,,
ESTAT:GOV_10A_MAIN(1.0),21/07/26 11:00:00,A,PC_GDP,S1314,B9,PT,2016,0.8,,
ESTAT:GOV_10A_MAIN(1.0),21/07/26 11:00:00,A,PC_GDP,S1314,B9,PT,2017,1.1,,
ESTAT:GOV_10A_MAIN(1.0),21/07/26 11:00:00,A,PC_GDP,S1314,B9,PT,2018,1.0,,
ESTAT:GOV_10A_MAIN(1.0),21/07/26 11:00:00,A,PC_GDP,S1314,B9,PT,2019,1.4,,
ESTAT:GOV_10A_MAIN(1.0),21/07/26 11:00:00,A,PC_GDP,S1314,B9,PT,2020,1.1,,
ESTAT:GOV_10A_MAIN(1.0),21/07/26 11:00:00,A,PC_GDP,S1314,B9,PT,2021,1.1,,
ESTAT:GOV_10A_MAIN(1.0),21/07/26 11:00:00,A,PC_GDP,S1314,B9,PT,2022,1.8,,
ESTAT:GOV_10A_MAIN(1.0),21/07/26 11:00:00,A,PC_GDP,S1314,B9,PT,2023,2.1,,
ESTAT:GOV_10A_MAIN(1.0),21/07/26 11:00:00,A,PC_GDP,S1314,B9,PT,2024,2.1,,
ESTAT:GOV_10A_MAIN(1.0),21/07/26 11:00:00,A,PC_GDP,S1314,B9,PT,2025,2.3,,
ESTAT:GOV_10A_MAIN(1.0),21/07/26 11:00:00,A,PC_GDP,S1314,B9,RO,1995,0.9,,
ESTAT:GOV_10A_MAIN(1.0),21/07/26 11:00:00,A,PC_GDP,S1314,B9,RO,1996,0.6,,
ESTAT:GOV_10A_MAIN(1.0),21/07/26 11:00:00,A,PC_GDP,S1314,B9,RO,1997,0.2,,
ESTAT:GOV_10A_MAIN(1.0),21/07/26 11:00:00,A,PC_GDP,S1314,B9,RO,1998,-0.7,,
ESTAT:GOV_10A_MAIN(1.0),21/07/26 11:00:00,A,PC_GDP,S1314,B9,RO,1999,0.3,,
ESTAT:GOV_10A_MAIN(1.0),21/07/26 11:00:00,A,PC_GDP,S1314,B9,RO,2000,0.2,,
ESTAT:GOV_10A_MAIN(1.0),21/07/26 11:00:00,A,PC_GDP,S1314,B9,RO,2001,0.4,,
ESTAT:GOV_10A_MAIN(1.0),21/07/26 11:00:00,A,PC_GDP,S1314,B9,RO,2002,0.2,,
ESTAT:GOV_10A_MAIN(1.0),21/07/26 11:00:00,A,PC_GDP,S1314,B9,RO,2003,0.2,,
ESTAT:GOV_10A_MAIN(1.0),21/07/26 11:00:00,A,PC_GDP,S1314,B9,RO,2004,0.1,,
ESTAT:GOV_10A_MAIN(1.0),21/07/26 11:00:00,A,PC_GDP,S1314,B9,RO,2005,0.1,,
ESTAT:GOV_10A_MAIN(1.0),21/07/26 11:00:00,A,PC_GDP,S1314,B9,RO,2006,1.1,,
ESTAT:GOV_10A_MAIN(1.0),21/07/26 11:00:00,A,PC_GDP,S1314,B9,RO,2007,1.0,,
ESTAT:GOV_10A_MAIN(1.0),21/07/26 11:00:00,A,PC_GDP,S1314,B9,RO,2008,-0.1,,
ESTAT:GOV_10A_MAIN(1.0),21/07/26 11:00:00,A,PC_GDP,S1314,B9,RO,2009,-1.1,,
ESTAT:GOV_10A_MAIN(1.0),21/07/26 11:00:00,A,PC_GDP,S1314,B9,RO,2010,-0.7,,
ESTAT:GOV_10A_MAIN(1.0),21/07/26 11:00:00,A,PC_GDP,S1314,B9,RO,2011,-0.2,,
ESTAT:GOV_10A_MAIN(1.0),21/07/26 11:00:00,A,PC_GDP,S1314,B9,RO,2012,-0.1,,
ESTAT:GOV_10A_MAIN(1.0),21/07/26 11:00:00,A,PC_GDP,S1314,B9,RO,2013,0.5,,
ESTAT:GOV_10A_MAIN(1.0),21/07/26 11:00:00,A,PC_GDP,S1314,B9,RO,2014,0.2,,
ESTAT:GOV_10A_MAIN(1.0),21/07/26 11:00:00,A,PC_GDP,S1314,B9,RO,2015,0.2,,
ESTAT:GOV_10A_MAIN(1.0),21/07/26 11:00:00,A,PC_GDP,S1314,B9,RO,2016,0.1,,
ESTAT:GOV_10A_MAIN(1.0),21/07/26 11:00:00,A,PC_GDP,S1314,B9,RO,2017,0.1,,
ESTAT:GOV_10A_MAIN(1.0),21/07/26 11:00:00,A,PC_GDP,S1314,B9,RO,2018,0.4,,
ESTAT:GOV_10A_MAIN(1.0),21/07/26 11:00:00,A,PC_GDP,S1314,B9,RO,2019,0.1,,
ESTAT:GOV_10A_MAIN(1.0),21/07/26 11:00:00,A,PC_GDP,S1314,B9,RO,2020,0.2,,
ESTAT:GOV_10A_MAIN(1.0),21/07/26 11:00:00,A,PC_GDP,S1314,B9,RO,2021,-0.2,,
ESTAT:GOV_10A_MAIN(1.0),21/07/26 11:00:00,A,PC_GDP,S1314,B9,RO,2022,-0.1,,
ESTAT:GOV_10A_MAIN(1.0),21/07/26 11:00:00,A,PC_GDP,S1314,B9,RO,2023,0.1,,
ESTAT:GOV_10A_MAIN(1.0),21/07/26 11:00:00,A,PC_GDP,S1314,B9,RO,2024,-0.2,,
ESTAT:GOV_10A_MAIN(1.0),21/07/26 11:00:00,A,PC_GDP,S1314,B9,RO,2025,0.1,,
ESTAT:GOV_10A_MAIN(1.0),21/07/26 11:00:00,A,PC_GDP,S1314,B9,SE,1995,0.8,,
ESTAT:GOV_10A_MAIN(1.0),21/07/26 11:00:00,A,PC_GDP,S1314,B9,SE,1996,0.6,,
ESTAT:GOV_10A_MAIN(1.0),21/07/26 11:00:00,A,PC_GDP,S1314,B9,SE,1997,0.5,,
ESTAT:GOV_10A_MAIN(1.0),21/07/26 11:00:00,A,PC_GDP,S1314,B9,SE,1998,1.2,,
ESTAT:GOV_10A_MAIN(1.0),21/07/26 11:00:00,A,PC_GDP,S1314,B9,SE,1999,-1.8,,
ESTAT:GOV_10A_MAIN(1.0),21/07/26 11:00:00,A,PC_GDP,S1314,B9,SE,2000,-0.4,,
ESTAT:GOV_10A_MAIN(1.0),21/07/26 11:00:00,A,PC_GDP,S1314,B9,SE,2001,-4.9,,
ESTAT:GOV_10A_MAIN(1.0),21/07/26 11:00:00,A,PC_GDP,S1314,B9,SE,2002,0.9,,
ESTAT:GOV_10A_MAIN(1.0),21/07/26 11:00:00,A,PC_GDP,S1314,B9,SE,2003,0.9,,
ESTAT:GOV_10A_MAIN(1.0),21/07/26 11:00:00,A,PC_GDP,S1314,B9,SE,2004,0.9,,
ESTAT:GOV_10A_MAIN(1.0),21/07/26 11:00:00,A,PC_GDP,S1314,B9,SE,2005,1.0,,
ESTAT:GOV_10A_MAIN(1.0),21/07/26 11:00:00,A,PC_GDP,S1314,B9,SE,2006,0.9,,
ESTAT:GOV_10A_MAIN(1.0),21/07/26 11:00:00,A,PC_GDP,S1314,B9,SE,2007,1.0,,
ESTAT:GOV_10A_MAIN(1.0),21/07/26 11:00:00,A,PC_GDP,S1314,B9,SE,2008,1.0,,
ESTAT:GOV_10A_MAIN(1.0),21/07/26 11:00:00,A,PC_GDP,S1314,B9,SE,2009,0.2,,
ESTAT:GOV_10A_MAIN(1.0),21/07/26 11:00:00,A,PC_GDP,S1314,B9,SE,2010,0.1,,
ESTAT:GOV_10A_MAIN(1.0),21/07/26 11:00:00,A,PC_GDP,S1314,B9,SE,2011,0.5,,
ESTAT:GOV_10A_MAIN(1.0),21/07/26 11:00:00,A,PC_GDP,S1314,B9,SE,2012,0.3,,
ESTAT:GOV_10A_MAIN(1.0),21/07/26 11:00:00,A,PC_GDP,S1314,B9,SE,2013,-0.1,,
ESTAT:GOV_10A_MAIN(1.0),21/07/26 11:00:00,A,PC_GDP,S1314,B9,SE,2014,0.2,,
ESTAT:GOV_10A_MAIN(1.0),21/07/26 11:00:00,A,PC_GDP,S1314,B9,SE,2015,0.2,,
ESTAT:GOV_10A_MAIN(1.0),21/07/26 11:00:00,A,PC_GDP,S1314,B9,SE,2016,0.1,,
ESTAT:GOV_10A_MAIN(1.0),21/07/26 11:00:00,A,PC_GDP,S1314,B9,SE,2017,0.0,,
ESTAT:GOV_10A_MAIN(1.0),21/07/26 11:00:00,A,PC_GDP,S1314,B9,SE,2018,0.1,,
ESTAT:GOV_10A_MAIN(1.0),21/07/26 11:00:00,A,PC_GDP,S1314,B9,SE,2019,0.2,,
ESTAT:GOV_10A_MAIN(1.0),21/07/26 11:00:00,A,PC_GDP,S1314,B9,SE,2020,-0.2,,
ESTAT:GOV_10A_MAIN(1.0),21/07/26 11:00:00,A,PC_GDP,S1314,B9,SE,2021,0.0,,
ESTAT:GOV_10A_MAIN(1.0),21/07/26 11:00:00,A,PC_GDP,S1314,B9,SE,2022,0.4,,
ESTAT:GOV_10A_MAIN(1.0),21/07/26 11:00:00,A,PC_GDP,S1314,B9,SE,2023,0.3,,
ESTAT:GOV_10A_MAIN(1.0),21/07/26 11:00:00,A,PC_GDP,S1314,B9,SE,2024,0.5,,
ESTAT:GOV_10A_MAIN(1.0),21/07/26 11:00:00,A,PC_GDP,S1314,B9,SE,2025,0.4,,
ESTAT:GOV_10A_MAIN(1.0),21/07/26 11:00:00,A,PC_GDP,S1314,B9,SI,1995,-0.7,,
ESTAT:GOV_10A_MAIN(1.0),21/07/26 11:00:00,A,PC_GDP,S1314,B9,SI,1996,-0.5,,
ESTAT:GOV_10A_MAIN(1.0),21/07/26 11:00:00,A,PC_GDP,S1314,B9,SI,1997,0.0,,
ESTAT:GOV_10A_MAIN(1.0),21/07/26 11:00:00,A,PC_GDP,S1314,B9,SI,1998,0.2,,
ESTAT:GOV_10A_MAIN(1.0),21/07/26 11:00:00,A,PC_GDP,S1314,B9,SI,1999,0.0,,
ESTAT:GOV_10A_MAIN(1.0),21/07/26 11:00:00,A,PC_GDP,S1314,B9,SI,2000,-0.5,,
ESTAT:GOV_10A_MAIN(1.0),21/07/26 11:00:00,A,PC_GDP,S1314,B9,SI,2001,-0.2,,
ESTAT:GOV_10A_MAIN(1.0),21/07/26 11:00:00,A,PC_GDP,S1314,B9,SI,2002,-0.1,,
ESTAT:GOV_10A_MAIN(1.0),21/07/26 11:00:00,A,PC_GDP,S1314,B9,SI,2003,-0.1,,
ESTAT:GOV_10A_MAIN(1.0),21/07/26 11:00:00,A,PC_GDP,S1314,B9,SI,2004,-0.1,,
ESTAT:GOV_10A_MAIN(1.0),21/07/26 11:00:00,A,PC_GDP,S1314,B9,SI,2005,0.7,,
ESTAT:GOV_10A_MAIN(1.0),21/07/26 11:00:00,A,PC_GDP,S1314,B9,SI,2006,0.1,,
ESTAT:GOV_10A_MAIN(1.0),21/07/26 11:00:00,A,PC_GDP,S1314,B9,SI,2007,0.2,,
ESTAT:GOV_10A_MAIN(1.0),21/07/26 11:00:00,A,PC_GDP,S1314,B9,SI,2008,-0.1,,
ESTAT:GOV_10A_MAIN(1.0),21/07/26 11:00:00,A,PC_GDP,S1314,B9,SI,2009,-0.4,,
ESTAT:GOV_10A_MAIN(1.0),21/07/26 11:00:00,A,PC_GDP,S1314,B9,SI,2010,-0.4,,
ESTAT:GOV_10A_MAIN(1.0),21/07/26 11:00:00,A,PC_GDP,S1314,B9,SI,2011,0.0,,
ESTAT:GOV_10A_MAIN(1.0),21/07/26 11:00:00,A,PC_GDP,S1314,B9,SI,2012,-0.3,,
ESTAT:GOV_10A_MAIN(1.0),21/07/26 11:00:00,A,PC_GDP,S1314,B9,SI,2013,0.2,,
ESTAT:GOV_10A_MAIN(1.0),21/07/26 11:00:00,A,PC_GDP,S1314,B9,SI,2014,0.2,,
ESTAT:GOV_10A_MAIN(1.0),21/07/26 11:00:00,A,PC_GDP,S1314,B9,SI,2015,0.1,,
ESTAT:GOV_10A_MAIN(1.0),21/07/26 11:00:00,A,PC_GDP,S1314,B9,SI,2016,-0.2,,
ESTAT:GOV_10A_MAIN(1.0),21/07/26 11:00:00,A,PC_GDP,S1314,B9,SI,2017,0.1,,
ESTAT:GOV_10A_MAIN(1.0),21/07/26 11:00:00,A,PC_GDP,S1314,B9,SI,2018,0.0,,
ESTAT:GOV_10A_MAIN(1.0),21/07/26 11:00:00,A,PC_GDP,S1314,B9,SI,2019,0.0,,
ESTAT:GOV_10A_MAIN(1.0),21/07/26 11:00:00,A,PC_GDP,S1314,B9,SI,2020,0.0,,
ESTAT:GOV_10A_MAIN(1.0),21/07/26 11:00:00,A,PC_GDP,S1314,B9,SI,2021,0.3,,
ESTAT:GOV_10A_MAIN(1.0),21/07/26 11:00:00,A,PC_GDP,S1314,B9,SI,2022,-0.2,,
ESTAT:GOV_10A_MAIN(1.0),21/07/26 11:00:00,A,PC_GDP,S1314,B9,SI,2023,0.0,,
ESTAT:GOV_10A_MAIN(1.0),21/07/26 11:00:00,A,PC_GDP,S1314,B9,SI,2024,0.2,,
ESTAT:GOV_10A_MAIN(1.0),21/07/26 11:00:00,A,PC_GDP,S1314,B9,SI,2025,0.0,,
ESTAT:GOV_10A_MAIN(1.0),21/07/26 11:00:00,A,PC_GDP,S1314,B9,SK,1995,5.0,,
ESTAT:GOV_10A_MAIN(1.0),21/07/26 11:00:00,A,PC_GDP,S1314,B9,SK,1996,3.3,,
ESTAT:GOV_10A_MAIN(1.0),21/07/26 11:00:00,A,PC_GDP,S1314,B9,SK,1997,0.0,,
ESTAT:GOV_10A_MAIN(1.0),21/07/26 11:00:00,A,PC_GDP,S1314,B9,SK,1998,0.2,,
ESTAT:GOV_10A_MAIN(1.0),21/07/26 11:00:00,A,PC_GDP,S1314,B9,SK,1999,-0.3,,
ESTAT:GOV_10A_MAIN(1.0),21/07/26 11:00:00,A,PC_GDP,S1314,B9,SK,2000,0.4,,
ESTAT:GOV_10A_MAIN(1.0),21/07/26 11:00:00,A,PC_GDP,S1314,B9,SK,2001,0.8,,
ESTAT:GOV_10A_MAIN(1.0),21/07/26 11:00:00,A,PC_GDP,S1314,B9,SK,2002,0.4,,
ESTAT:GOV_10A_MAIN(1.0),21/07/26 11:00:00,A,PC_GDP,S1314,B9,SK,2003,0.9,,
ESTAT:GOV_10A_MAIN(1.0),21/07/26 11:00:00,A,PC_GDP,S1314,B9,SK,2004,0.4,,
ESTAT:GOV_10A_MAIN(1.0),21/07/26 11:00:00,A,PC_GDP,S1314,B9,SK,2005,-0.5,,
ESTAT:GOV_10A_MAIN(1.0),21/07/26 11:00:00,A,PC_GDP,S1314,B9,SK,2006,0.1,,
ESTAT:GOV_10A_MAIN(1.0),21/07/26 11:00:00,A,PC_GDP,S1314,B9,SK,2007,0.1,,
ESTAT:GOV_10A_MAIN(1.0),21/07/26 11:00:00,A,PC_GDP,S1314,B9,SK,2008,0.3,,
ESTAT:GOV_10A_MAIN(1.0),21/07/26 11:00:00,A,PC_GDP,S1314,B9,SK,2009,-0.7,,
ESTAT:GOV_10A_MAIN(1.0),21/07/26 11:00:00,A,PC_GDP,S1314,B9,SK,2010,0.0,,
ESTAT:GOV_10A_MAIN(1.0),21/07/26 11:00:00,A,PC_GDP,S1314,B9,SK,2011,0.4,,
ESTAT:GOV_10A_MAIN(1.0),21/07/26 11:00:00,A,PC_GDP,S1314,B9,SK,2012,0.3,,
ESTAT:GOV_10A_MAIN(1.0),21/07/26 11:00:00,A,PC_GDP,S1314,B9,SK,2013,-0.2,,
ESTAT:GOV_10A_MAIN(1.0),21/07/26 11:00:00,A,PC_GDP,S1314,B9,SK,2014,-0.1,,
ESTAT:GOV_10A_MAIN(1.0),21/07/26 11:00:00,A,PC_GDP,S1314,B9,SK,2015,-0.2,,
ESTAT:GOV_10A_MAIN(1.0),21/07/26 11:00:00,A,PC_GDP,S1314,B9,SK,2016,-0.3,,
ESTAT:GOV_10A_MAIN(1.0),21/07/26 11:00:00,A,PC_GDP,S1314,B9,SK,2017,0.4,,
ESTAT:GOV_10A_MAIN(1.0),21/07/26 11:00:00,A,PC_GDP,S1314,B9,SK,2018,0.0,,
ESTAT:GOV_10A_MAIN(1.0),21/07/26 11:00:00,A,PC_GDP,S1314,B9,SK,2019,0.2,,
ESTAT:GOV_10A_MAIN(1.0),21/07/26 11:00:00,A,PC_GDP,S1314,B9,SK,2020,0.3,,
ESTAT:GOV_10A_MAIN(1.0),21/07/26 11:00:00,A,PC_GDP,S1314,B9,SK,2021,0.3,,
ESTAT:GOV_10A_MAIN(1.0),21/07/26 11:00:00,A,PC_GDP,S1314,B9,SK,2022,0.2,,
ESTAT:GOV_10A_MAIN(1.0),21/07/26 11:00:00,A,PC_GDP,S1314,B9,SK,2023,0.2,,
ESTAT:GOV_10A_MAIN(1.0),21/07/26 11:00:00,A,PC_GDP,S1314,B9,SK,2024,0.3,,
ESTAT:GOV_10A_MAIN(1.0),21/07/26 11:00:00,A,PC_GDP,S1314,B9,SK,2025,0.7,,
